sn_block,rows,uids,RA,DEC,zHD,surveys
DES:1246275,1,D0310,54.647026,-26.401205,0.24605,10
DES:1246281,1,D0496,53.725414,-27.622061,0.33549,10
DES:1246314,1,D0648,54.836567,-26.640186,0.38337,10
DES:1246334,1,D1293,54.711472,-27.71468,0.60861,10
DES:1246527,1,D0449,36.018959,-5.016278,0.32078,10
DES:1246529,1,D0953,36.113865,-4.944012,0.49677,10
DES:1246626,1,D0670,37.30658,-4.333969,0.39282,10
DES:1246650,1,D1771,35.910469,-5.107677,0.90888,10
DES:1246758,1,D1051,36.618942,-5.53918,0.53127,10
DES:1246791,1,D1722,36.319378,-4.575553,0.83066,10
DES:1246796,1,D1129,36.509102,-4.45498,0.55502,10
DES:1247022,1,D0574,9.673174,-44.390999,0.35763,10
DES:1247420,1,D0218,34.056496,-4.197978,0.15026,10
DES:1247537,1,D0845,34.025147,-5.010933,0.45565,10
DES:1247570,1,D1206,33.701939,-4.508135,0.57927,10
DES:1248039,1,D0279,34.858139,-6.177352,0.22566,10
DES:1248084,1,D0365,36.337151,-5.321758,0.28063,10
DES:1248243,1,D0454,42.39146,-0.417734,0.32394,10
DES:1248677,1,D0554,53.646217,-28.127001,0.35016,10
DES:1248925,1,D0526,7.489678,-42.731381,0.34307,10
DES:1248936,1,D1183,8.16152,-43.461304,0.57093,10
DES:1248962,1,D0917,7.808602,-43.090942,0.48342,10
DES:1249090,1,D0654,8.479995,-42.31237,0.3862,10
DES:1249137,1,D0275,8.135224,-42.493057,0.22305,10
DES:1249178,1,D1644,6.957144,-43.08107,0.76517,10
DES:1249182,1,D1147,6.82,-42.573868,0.56017,10
DES:1249209,1,D0916,6.962916,-42.385231,0.48312,10
DES:1249245,1,D0617,8.421629,-44.601704,0.36834,10
DES:1249264,1,D1106,8.183639,-43.873089,0.54968,10
DES:1249304,1,D1389,40.629578,-1.440712,0.63681,10
DES:1249308,1,D0281,40.863659,-1.601682,0.22806,10
DES:1249342,1,D1429,41.799267,-0.257793,0.65098,10
DES:1249371,1,D0816,41.362919,-0.253625,0.45085,10
DES:1249395,1,D1130,41.475582,-1.550186,0.55513,10
DES:1249416,1,D0477,40.912281,-1.748792,0.33169,10
DES:1249483,1,D0368,40.632134,-0.842623,0.28303,10
DES:1249805,1,D0522,54.046745,-29.787649,0.34273,10
DES:1249851,1,D0257,55.218029,-29.399984,0.21511,10
DES:1249956,1,D0803,6.984844,-42.44376,0.44628,10
DES:1249970,1,D0339,10.491207,-43.734085,0.26775,10
DES:1250017,1,D0230,43.193733,-0.127481,0.18216,10
DES:1250034,1,D0223,43.029656,-0.415255,0.16085,10
DES:1250120,1,D1539,42.918236,-0.236987,0.69088,10
DES:1250275,1,D0646,41.613308,-1.613983,0.38323,10
DES:1250279,1,D0353,41.090176,-1.465227,0.27382,10
DES:1250357,1,D0577,41.880974,-0.61663,0.35843,10
DES:1250397,1,D1400,33.92968,-5.449767,0.64304,10
DES:1250435,1,D0939,33.790329,-4.626687,0.49292,10
DES:1250454,1,D1674,35.299789,-4.53557,0.78734,10
DES:1250532,1,D1037,35.564694,-6.959802,0.5277,10
DES:1250665,1,D0392,36.71315,-4.498711,0.29461,10
DES:1250803,1,D1791,52.946167,-27.847559,0.96329,10
DES:1250823,1,D1479,52.689018,-27.5611,0.66487,10
DES:1250852,1,D1664,52.148945,-28.639742,0.77725,10
DES:1250858,1,D1741,53.266316,-28.243347,0.85707,10
DES:1250882,1,D1623,52.342468,-27.73279,0.74658,10
DES:1250896,1,D1757,37.018997,-4.910972,0.87971,10
DES:1250912,1,D0267,36.689526,-3.992602,0.21898,10
DES:1250916,1,D1487,37.153248,-4.299087,0.66948,10
DES:1250925,1,D1114,37.094894,-4.009557,0.55146,10
DES:1250950,1,D1563,36.955776,-4.624587,0.70099,10
DES:1250980,1,D1712,35.794376,-4.459983,0.81967,10
DES:1251022,1,D1523,54.067162,-28.060537,0.68428,10
DES:1251114,1,D1362,53.801479,-28.814411,0.62632,10
DES:1251126,1,D1262,54.466965,-29.334354,0.59788,10
DES:1251225,1,D0764,8.748535,-44.666557,0.43172,10
DES:1251381,1,D0828,41.070629,-0.842135,0.45305,10
DES:1251390,1,D0772,40.859295,-1.746916,0.43398,10
DES:1251409,1,D1628,40.954784,-0.887192,0.74963,10
DES:1251436,1,D1188,41.620407,-0.263056,0.57349,10
DES:1251536,1,D1036,34.97192,-6.933254,0.52727,10
DES:1251552,1,D0569,36.367436,-6.00684,0.35484,10
DES:1251600,1,D1138,35.695145,-4.22814,0.5576,10
DES:1251603,1,D1376,35.795975,-4.214051,0.63033,10
DES:1251618,1,D1715,36.348541,-4.165977,0.82172,10
DES:1251645,1,D1649,36.637634,-4.341052,0.76679,10
DES:1251652,1,D1653,36.853241,-5.378987,0.77155,10
DES:1251975,1,D0805,35.061047,-5.824066,0.44647,10
DES:1252142,1,D1119,53.499386,-29.53405,0.55288,10
DES:1252183,1,D1795,52.745983,-28.221069,0.97242,10
DES:1252199,1,D1280,53.223419,-27.416075,0.60498,10
DES:1252225,1,D1010,53.215588,-28.177155,0.51956,10
DES:1252237,1,D1764,52.26918,-28.083105,0.8858,10
DES:1252313,1,D1259,8.332176,-43.889019,0.59692,10
DES:1252364,1,D1077,7.277269,-42.313549,0.54134,10
DES:1252513,1,D0901,54.586571,-27.557074,0.47767,10
DES:1252521,1,D0769,54.140781,-26.568392,0.43322,10
DES:1252595,1,D1704,53.05949,-27.715036,0.8133,10
DES:1252620,1,D1786,37.267574,-4.127431,0.95299,10
DES:1252665,1,D1796,52.551495,-28.045853,0.97489,10
DES:1252671,1,D1800,52.32399,-28.787512,0.98536,10
DES:1252751,1,D1148,41.392765,-1.509742,0.56059,10
DES:1252810,1,D1210,41.878887,-1.60164,0.58026,10
DES:1252822,1,D1612,35.047436,-4.510122,0.73927,10
DES:1252829,1,D0821,34.339848,-5.662609,0.45168,10
DES:1252917,1,D1547,37.300167,-4.718976,0.69277,10
DES:1252918,1,D1725,37.299671,-5.070037,0.83583,10
DES:1252926,1,D1779,36.346783,-4.232304,0.92427,10
DES:1252939,1,D1481,36.183205,-4.845101,0.66666,10
DES:1252970,1,D0863,54.600784,-28.779387,0.46198,10
DES:1253046,1,D0960,53.643997,-26.873615,0.50134,10
DES:1253101,1,D0830,7.465117,-43.137768,0.45332,10
DES:1253119,1,D0444,9.183609,-44.232952,0.31915,10
DES:1253131,1,D0690,10.159466,-44.371948,0.40349,10
DES:1253148,1,D0789,10.54467,-43.468792,0.43868,10
DES:1253180,1,D0860,52.867516,-28.937798,0.46154,10
DES:1253243,1,D1198,42.204128,-0.523807,0.57729,10
DES:1253406,1,D0592,41.88628,-0.629973,0.36131,10
DES:1253474,1,D0806,34.528904,-5.711419,0.4467,10
DES:1253475,1,D0839,34.614033,-5.639099,0.45412,10
DES:1253761,1,D1765,35.51598,-4.724908,0.89441,10
DES:1253816,1,D1770,36.952843,-4.989201,0.90824,10
DES:1253857,1,D1739,36.788124,-4.370526,0.85652,10
DES:1253871,1,D1737,35.732998,-5.012414,0.8478,10
DES:1253895,1,D0938,54.488648,-27.30871,0.49276,10
DES:1253920,1,D0238,54.629311,-27.04277,0.19555,10
DES:1253972,1,D1733,53.201866,-27.90443,0.84019,10
DES:1253997,1,D1245,55.035343,-29.436558,0.59079,10
DES:1254000,1,D1061,53.674316,-29.56455,0.533,10
DES:1254002,1,D1067,54.683685,-30.014547,0.53591,10
DES:1254070,1,D0935,54.677429,-28.224115,0.49252,10
DES:1254108,1,D1793,53.434582,-27.813009,0.96689,10
DES:1254150,1,D1566,53.052013,-27.550348,0.70417,10
DES:1254299,1,D0944,34.452263,-4.535881,0.495,10
DES:1254356,1,D0559,35.395763,-7.22091,0.35129,10
DES:1254566,1,D1679,37.117878,-5.225364,0.79118,10
DES:1254670,1,D0971,54.212891,-27.824284,0.50495,10
DES:1254671,1,D0885,54.306751,-27.421778,0.47065,10
DES:1254762,1,D0681,55.135277,-29.220913,0.39827,10
DES:1254889,1,D1282,53.054306,-27.711176,0.60551,10
DES:1255008,1,D0798,7.37426,-42.466538,0.4438,10
DES:1255130,1,D1354,9.548176,-43.568249,0.62411,10
DES:1255139,1,D1423,52.31905,-29.002453,0.64989,10
DES:1255142,1,D1195,9.056157,-43.54142,0.57675,10
DES:1255169,1,D1813,52.359085,-27.170658,1.0468,10
DES:1255312,1,D0570,42.452225,0.592531,0.35561,10
DES:1255382,1,D1213,41.216629,-0.965901,0.58055,10
DES:1255399,1,D0640,40.819565,-1.867107,0.38137,10
DES:1255412,1,D0627,41.137352,-1.56517,0.37202,10
DES:1255423,1,D1482,41.982647,-1.019759,0.66681,10
DES:1255426,1,D0880,41.911018,-1.289041,0.46781,10
DES:1255470,1,D0881,35.054485,-5.448795,0.46877,10
DES:1255487,1,D0815,34.843529,-5.667872,0.45012,10
DES:1255501,1,D1677,34.813858,-5.21613,0.78956,10
DES:1255523,1,D1132,34.504883,-4.966108,0.55536,10
DES:1255545,1,D1274,35.21925,-4.341946,0.60182,10
DES:1255576,1,D0364,36.108929,-7.297556,0.2801,10
DES:1255657,1,D1238,35.013001,-6.03887,0.58881,10
DES:1255730,1,D1540,36.651787,-4.540757,0.69107,10
DES:1255735,1,D0601,36.338856,-4.395294,0.36463,10
DES:1255737,1,D1776,36.613785,-4.357957,0.91896,10
DES:1255798,1,D1798,53.256165,-27.695168,0.98024,10
DES:1255824,1,D1710,35.777954,-4.511268,0.81852,10
DES:1256028,1,D1787,52.945858,-28.816963,0.95521,10
DES:1256332,1,D0904,37.245853,-4.734875,0.47803,10
DES:1256335,1,D1337,35.884377,-4.883153,0.61939,10
DES:1256432,1,D0991,54.723019,-29.35157,0.5113,10
DES:1256505,1,D1135,41.995304,-0.642309,0.55626,10
DES:1256570,1,D0538,52.585506,-27.807055,0.34548,10
DES:1256596,1,D1512,52.929066,-27.730841,0.68138,10
DES:1256680,1,D0391,33.899632,-5.664751,0.29438,10
DES:1256701,1,D0783,34.007591,-4.72897,0.43629,10
DES:1256764,1,D1137,36.224007,-5.729933,0.55649,10
DES:1256765,1,D0563,35.418308,-6.483863,0.35267,10
DES:1256807,1,D1338,35.787895,-4.840578,0.61943,10
DES:1256817,1,D0911,36.803791,-4.634374,0.47982,10
DES:1256819,1,D1229,37.317406,-4.137487,0.58576,10
DES:1256823,1,D0793,36.531845,-4.617309,0.44084,10
DES:1256933,1,D0564,54.899605,-27.616728,0.35284,10
DES:1257016,1,D0503,8.211005,-43.777165,0.33743,10
DES:1257022,1,D0656,7.705597,-43.297237,0.38683,10
DES:1257040,1,D0561,8.276361,-42.806156,0.35177,10
DES:1257102,1,D0892,10.057633,-44.561985,0.4733,10
DES:1257129,1,D1234,9.21262,-43.740456,0.58817,10
DES:1257144,1,D1027,8.647255,-43.891594,0.52559,10
DES:1257216,1,D1445,40.5373,-1.421909,0.65434,10
DES:1257228,1,D1807,51.953709,-28.739286,1.02433,10
DES:1257256,1,D0730,52.746044,-28.737824,0.42235,10
DES:1257335,1,D0918,54.79567,-27.395338,0.4841,10
DES:1257356,1,D0481,54.377518,-26.515305,0.33257,10
DES:1257366,1,D0252,53.899559,-26.969273,0.21136,10
DES:1257419,1,D0692,53.678158,-29.52577,0.40361,10
DES:1257587,1,D1819,52.884262,-28.170683,1.14418,10
DES:1257602,1,D1014,52.94643,-27.546074,0.52211,10
DES:1257605,1,D1621,52.44627,-27.333342,0.74535,10
DES:1257609,1,D0486,53.019367,-28.62269,0.33389,10
DES:1257646,1,D1734,51.994709,-27.733734,0.84094,10
DES:1257695,1,D0231,7.601611,-42.298237,0.18383,10
DES:1257775,1,D0899,53.005711,-29.02096,0.47598,10
DES:1257839,1,D1404,8.841945,-44.728416,0.64421,10
DES:1257905,1,D1324,42.168072,-0.618253,0.61393,10
DES:1257934,1,D0397,42.89386,-0.59269,0.29648,10
DES:1257973,1,D1496,43.573593,0.595103,0.67746,10
DES:1258061,1,D0855,40.702087,-1.084045,0.45831,10
DES:1258090,1,D0608,41.002483,-0.262177,0.36656,10
DES:1258118,1,D1358,40.81284,-1.437293,0.62518,10
DES:1258249,1,D1344,35.265404,-4.731048,0.62104,10
DES:1258289,1,D0972,36.144314,-6.688757,0.50509,10
DES:1258330,1,D1022,36.064381,-6.127089,0.52473,10
DES:1258400,1,D1207,35.111744,-5.825645,0.57963,10
DES:1258422,1,D1013,36.190952,-4.982606,0.52105,10
DES:1258433,1,D1326,37.153702,-4.783768,0.61445,10
DES:1258500,1,D0941,36.695393,-5.042541,0.49383,10
DES:1258529,1,D1716,35.700447,-4.658157,0.82394,10
DES:1258591,1,D1261,35.551521,-4.722195,0.5975,10
DES:1258802,1,D1105,6.636295,-42.985119,0.54947,10
DES:1258906,1,D0553,10.262011,-44.394093,0.34918,10
DES:1258940,1,D0746,42.714821,-0.525112,0.42593,10
DES:1259006,1,D1040,35.595543,-7.000962,0.5279,10
DES:1259241,1,D0202,54.516609,-28.858675,0.10543,10
DES:1259246,1,D0274,53.372887,-29.134419,0.22284,10
DES:1259330,1,D1275,10.2878,-44.204475,0.60243,10
DES:1259352,1,D0270,52.776962,-27.869553,0.21986,10
DES:1259412,1,D0410,36.345383,-5.3241,0.30477,10
DES:1259500,1,D1150,35.729378,-4.971348,0.56161,10
DES:1259511,1,D0462,36.733383,-3.742845,0.3271,10
DES:1259538,1,D0995,37.174919,-4.714173,0.51244,10
DES:1259561,1,D1173,34.392376,-4.257224,0.56751,10
DES:1259585,1,D1160,34.682331,-5.682012,0.56401,10
DES:1259589,1,D1657,34.783726,-4.396378,0.77327,10
DES:1259615,1,D0446,35.216274,-4.591526,0.32008,10
DES:1259667,1,D1460,52.068932,-27.355461,0.65871,10
DES:1259771,1,D1057,42.351051,-0.748021,0.53232,10
DES:1260000,1,D1109,41.899532,-1.376351,0.5506,10
DES:1260030,1,D0854,41.496124,-0.085865,0.45811,10
DES:1260050,1,D0350,41.24564,-0.387622,0.27278,10
DES:1260058,1,D0662,41.02618,-1.884754,0.38948,10
DES:1260105,1,D1554,34.811836,-4.987957,0.6941,10
DES:1260107,1,D0757,34.653984,-4.86486,0.42982,10
DES:1260113,1,D0568,33.601856,-5.247008,0.35469,10
DES:1260159,1,D0759,34.788174,-4.037089,0.43034,10
DES:1260241,1,D0482,36.660049,-5.357839,0.33336,10
DES:1260427,1,D1708,36.541428,-5.124958,0.8175,10
DES:1260459,1,D1740,35.911957,-5.029144,0.85674,10
DES:1260461,1,D1743,35.972065,-5.01508,0.85855,10
DES:1260463,1,D1341,36.070816,-4.969504,0.62023,10
DES:1260522,1,D1617,35.941273,-3.844081,0.74133,10
DES:1260551,1,D1117,54.713745,-27.431032,0.55236,10
DES:1260556,1,D0354,53.319641,-27.018248,0.27437,10
DES:1260568,1,D1074,53.648098,-27.417101,0.53805,10
DES:1260605,1,D1131,53.349716,-27.229445,0.55534,10
DES:1260639,1,D1246,54.999687,-29.678026,0.59141,10
DES:1260645,1,D1490,55.096279,-29.632965,0.67405,10
DES:1260889,1,D1042,9.01558,-44.719231,0.52885,10
DES:1260949,1,D0719,10.16028,-43.429455,0.41568,10
DES:1260954,1,D1559,9.858578,-44.263458,0.69873,10
DES:1261144,1,D1307,55.054031,-27.361082,0.61069,10
DES:1261163,1,D1333,53.244747,-27.250668,0.61854,10
DES:1261173,1,D0894,54.807583,-26.827669,0.47377,10
DES:1261191,1,D1469,53.317921,-26.684483,0.66147,10
DES:1261193,1,D0236,53.34824,-26.694504,0.19246,10
DES:1261233,1,D1053,52.883198,-28.800205,0.53166,10
DES:1261236,1,D1263,53.167114,-28.705193,0.59789,10
DES:1261259,1,D1035,51.558544,-28.134834,0.52723,10
DES:1261456,1,D1346,34.098518,-4.503251,0.62162,10
DES:1261503,1,D0562,34.953003,-6.781866,0.35211,10
DES:1261579,1,D0451,36.119595,-4.967311,0.32214,10
DES:1261587,1,D1442,51.65797,-28.311569,0.65387,10
DES:1261784,1,D0334,53.494923,-26.862579,0.26523,10
DES:1261963,1,D0363,43.223835,0.553741,0.27963,10
DES:1262016,1,D0876,36.069782,-4.863308,0.46694,10
DES:1262055,1,D1215,54.695255,-26.844133,0.58072,10
DES:1262084,1,D0834,53.772686,-26.35306,0.4536,10
DES:1262131,1,D0510,53.521301,-28.807665,0.33802,10
DES:1262135,1,D0647,54.139084,-28.613939,0.38328,10
DES:1262163,1,D0495,55.221043,-29.451878,0.3352,10
DES:1262201,1,D0289,54.56258,-29.186472,0.23279,10
DES:1262231,1,D1760,53.330566,-28.457361,0.88314,10
DES:1262232,1,D0328,53.225521,-28.239893,0.26103,10
DES:1262252,1,D0827,7.171587,-43.748993,0.45294,10
DES:1262267,1,D1154,8.216197,-42.391068,0.56215,10
DES:1262550,1,D0386,40.8507,-1.887019,0.29209,10
DES:1262573,1,D0301,41.56247,-1.521462,0.23747,10
DES:1262588,1,D0701,34.910835,-6.29401,0.40644,10
DES:1262726,1,D0318,36.832886,-4.541695,0.25378,10
DES:1262736,1,D1043,36.951256,-5.187086,0.52929,10
DES:1262746,1,D0286,37.156941,-5.163252,0.23079,10
DES:1262782,1,D1785,35.992092,-3.717034,0.94444,10
DES:1262803,1,D1321,37.15242,-4.733003,0.61343,10
DES:1262895,1,D1570,52.514633,-28.742975,0.70548,10
DES:1262899,1,D1663,53.59507,-27.713654,0.77692,10
DES:1263039,1,D1448,35.075684,-5.031662,0.65514,10
DES:1263062,1,D0983,35.109436,-5.350055,0.50827,10
DES:1263090,1,D1434,35.326634,-4.995274,0.65206,10
DES:1263125,1,D1809,52.814957,-27.656624,1.02868,10
DES:1263130,1,D1507,52.374332,-28.327791,0.68017,10
DES:1263139,1,D1595,53.936279,-28.025551,0.72737,10
DES:1263197,1,D0507,54.324539,-28.489845,0.33778,10
DES:1263244,1,D0853,10.094375,-44.421852,0.45799,10
DES:1263291,1,D0672,8.622437,-43.491337,0.39362,10
DES:1263369,1,D0429,43.229519,-0.541823,0.31251,10
DES:1263579,1,D1151,6.953402,-43.374413,0.56161,10
DES:1263580,1,D1222,8.518337,-42.807938,0.58276,10
DES:1263715,1,D0383,41.609894,-1.579935,0.29185,10
DES:1263785,1,D1815,53.367607,-28.693276,1.0642,10
DES:1263788,1,D1638,53.077515,-28.667841,0.75729,10
DES:1263829,1,D0959,53.262592,-27.34733,0.5007,10
DES:1263852,1,D1468,54.290184,-27.414892,0.66083,10
DES:1263930,1,D0780,53.448395,-29.441078,0.43578,10
DES:1263936,1,D0946,54.626995,-30.046352,0.49523,10
DES:1264038,1,D1473,53.542812,-28.406399,0.66362,10
DES:1264039,1,D0741,52.154156,-28.383852,0.4246,10
DES:1264049,1,D1090,42.421757,0.269428,0.54397,10
DES:1264068,1,D0474,43.424431,-0.523148,0.33054,10
DES:1264077,1,D1166,41.938252,-0.055709,0.56459,10
DES:1264083,1,D1254,43.19738,0.039417,0.5939,10
DES:1264106,1,D0750,42.870274,-0.601974,0.42749,10
DES:1264375,1,D0948,36.976303,-5.410493,0.49572,10
DES:1264434,1,D0424,36.716152,-4.355249,0.31075,10
DES:1264499,1,D0811,35.491589,-6.136707,0.44841,10
DES:1264512,1,D0586,36.07991,-6.381326,0.36027,10
DES:1264606,1,D1509,52.726551,-27.894114,0.6811,10
DES:1264631,1,D1121,36.218338,-5.003543,0.55299,10
DES:1264689,1,D1601,35.443981,-4.695913,0.73162,10
DES:1264948,1,D0966,9.786904,-43.940548,0.50394,10
DES:1264963,1,D1115,9.098549,-44.278935,0.55214,10
DES:1265011,1,D0544,42.213223,-1.109302,0.34689,10
DES:1265040,1,D0756,33.968079,-5.738859,0.42981,10
DES:1265089,1,D0801,36.229099,-5.621836,0.44472,10
DES:1265134,1,D0890,52.432266,-28.790819,0.47304,10
DES:1265165,1,D0441,42.984779,0.088168,0.31752,10
DES:1265260,1,D1277,35.899445,-5.123511,0.60311,10
DES:1265281,1,D0583,35.896248,-4.571387,0.36021,10
DES:1265349,1,D1689,36.214405,-4.228483,0.79939,10
DES:1265426,1,D0721,54.577404,-28.502773,0.42029,10
DES:1265578,1,D1431,53.979065,-27.168205,0.65135,10
DES:1265623,1,D1575,53.102936,-27.024719,0.70978,10
DES:1265644,1,D1603,53.492764,-28.644297,0.73469,10
DES:1265832,1,D0683,9.549342,-43.431038,0.39876,10
DES:1265990,1,D1228,41.155544,-0.641988,0.58574,10
DES:1266015,1,D0593,41.465859,-1.039278,0.3616,10
DES:1266255,1,D0389,36.697941,-4.45014,0.29358,10
DES:1266634,1,D0957,42.452862,-0.702169,0.4982,10
DES:1266808,1,D0468,34.983646,-4.672359,0.3293,10
DES:1266830,1,D1182,34.263008,-4.850282,0.57039,10
DES:1267094,1,D1350,53.759216,-27.361477,0.62318,10
DES:1271436,1,D1685,52.201614,-28.021826,0.79511,10
DES:1273127,1,D0234,8.556322,-43.275948,0.18937,10
DES:1275873,1,D0687,9.600972,-44.416794,0.40188,10
DES:1275946,1,D0288,10.403968,-43.637779,0.23212,10
DES:1276528,1,D0311,41.485169,-1.637951,0.24618,10
DES:1276546,1,D0566,41.615925,-0.296348,0.35329,10
DES:1277173,1,D0217,34.878902,-4.508716,0.1494,10
DES:1277710,1,D1515,52.448898,-28.976278,0.68179,10
DES:1277715,1,D0543,52.283291,-28.462946,0.34601,10
DES:1277716,1,D1550,53.549919,-28.179991,0.69313,10
DES:1277945,1,D0771,52.630508,-28.180815,0.43369,10
DES:1277995,1,D1588,53.256615,-28.226488,0.72199,10
DES:1278493,1,D0347,35.487362,-6.829755,0.27237,10
DES:1278602,1,D0548,42.406109,0.709029,0.34799,10
DES:1278820,1,D1052,34.932098,-6.890423,0.53127,10
DES:1279420,1,D0321,55.084965,-27.652428,0.25691,10
DES:1279488,1,D0942,36.253857,-4.733925,0.49412,10
DES:1279500,1,D0293,36.925739,-4.314926,0.2347,10
DES:1279501,1,D1168,35.565773,-4.56689,0.56527,10
DES:1279714,1,D1562,36.509407,-4.627503,0.69938,10
DES:1280039,1,D0745,55.222866,-26.756773,0.42569,10
DES:1280113,1,D1699,8.865812,-43.206112,0.8086,10
DES:1280135,1,D1651,53.49221,-27.400271,0.77082,10
DES:1280332,1,D0930,35.584427,-4.873266,0.49219,10
DES:1280762,1,D1360,52.046021,-28.49474,0.62617,10
DES:1280790,1,D1378,51.480709,-28.215164,0.63211,10
DES:1280807,1,D1611,53.59988,-27.712381,0.73899,10
DES:1281119,1,D0243,53.364552,-29.188067,0.19902,10
DES:1281135,1,D1433,54.483952,-29.118559,0.65195,10
DES:1281668,1,D0416,9.41053,-43.920338,0.30697,10
DES:1281691,1,D1201,9.790791,-43.715645,0.57821,10
DES:1281879,1,D0973,41.396969,-1.216635,0.50547,10
DES:1281886,1,D0651,41.725182,-1.009943,0.38393,10
DES:1282018,1,D0735,41.519283,-0.134907,0.42376,10
DES:1282114,1,D0260,35.115902,-4.533217,0.21781,10
DES:1282463,1,D1414,42.090416,0.176069,0.64685,10
DES:1282736,1,D0634,35.809322,-6.268094,0.37797,10
DES:1282966,1,D1208,53.293503,-28.855946,0.58012,10
DES:1283272,1,D0649,54.395069,-26.357578,0.38353,10
DES:1283373,1,D0248,54.946724,-26.730389,0.20753,10
DES:1283855,1,D1169,7.503141,-43.714291,0.56536,10
DES:1283878,1,D0433,37.133164,-4.041299,0.31286,10
DES:1283923,1,D0212,9.115505,-43.267853,0.14631,10
DES:1283936,1,D0619,8.877557,-44.371326,0.36862,10
DES:1284567,1,D1447,9.86345,-43.767025,0.65483,10
DES:1284601,1,D0696,53.992722,-29.505579,0.40512,10
DES:1285317,1,D1164,9.472534,-43.314522,0.56441,10
DES:1285539,1,D0919,54.733101,-29.097719,0.48417,10
DES:1286337,1,D1472,7.156732,-42.362232,0.66296,10
DES:1286881,1,D1017,54.2645,-29.354,0.5228,10
DES:1287437,1,D0500,55.153248,-28.954432,0.33681,10
DES:1287883,1,D1455,7.164401,-43.032948,0.65718,10
DES:1288083,1,D0284,35.58334,-6.613781,0.23048,10
DES:1289288,1,D0377,10.178906,-43.948338,0.29001,10
DES:1289346,1,D0824,10.228325,-44.595161,0.45198,10
DES:1289366,1,D0633,8.236758,-43.743782,0.37769,10
DES:1289470,1,D1315,53.47377,-27.984755,0.61207,10
DES:1289555,1,D1152,40.733051,-1.392923,0.56173,10
DES:1289600,1,D0720,52.047657,-27.862852,0.41962,10
DES:1289664,1,D0325,40.896774,-1.129924,0.25907,10
DES:1289714,1,D1066,54.518154,-27.567593,0.53582,10
DES:1289812,1,D1573,37.300285,-4.700118,0.70875,10
DES:1289913,1,D0653,7.260602,-43.297806,0.38495,10
DES:1289982,1,D0205,53.069809,-27.550407,0.11621,10
DES:1290007,1,D0761,52.025013,-28.404818,0.43112,10
DES:1290043,1,D1605,53.040909,-27.713324,0.73488,10
DES:1290127,1,D0826,6.690845,-43.43401,0.45222,10
DES:1290176,1,D1686,52.03558,-28.064798,0.7953,10
DES:1290191,1,D1255,52.97329,-28.748177,0.59506,10
DES:1290323,1,D1265,53.853111,-28.123365,0.59909,10
DES:1290394,1,D1185,8.204175,-42.305821,0.57153,10
DES:1290593,1,D1491,52.669548,-27.690344,0.67528,10
DES:1290812,1,D1386,53.554241,-27.040655,0.63503,10
DES:1290816,1,D0263,54.172512,-27.84,0.21847,10
DES:1290967,1,D0366,54.056568,-26.969482,0.2811,10
DES:1290995,1,D1088,54.029472,-26.593786,0.54351,10
DES:1291090,1,D0385,9.463052,-43.721462,0.29199,10
DES:1291143,1,D0905,36.056412,-7.366598,0.47819,10
DES:1291149,1,D0285,35.334217,-7.2576,0.23057,10
DES:1291155,1,D0989,34.822487,-6.12875,0.51089,10
DES:1291159,1,D1076,34.919987,-6.725581,0.53976,10
DES:1291222,1,D1184,10.309033,-44.783207,0.57106,10
DES:1291242,1,D0362,35.999111,-6.289883,0.27905,10
DES:1291254,1,D0555,10.235841,-44.621086,0.35021,10
DES:1291346,1,D0399,35.23383,-5.434015,0.2977,10
DES:1291408,1,D0545,9.866796,-43.877441,0.34721,10
DES:1291511,1,D0628,9.433405,-44.809784,0.37228,10
DES:1291733,1,D1099,9.754608,-44.082146,0.54784,10
DES:1291783,1,D0680,8.856014,-43.791721,0.39821,10
DES:1291788,1,D0652,53.768215,-29.662418,0.384,10
DES:1291794,1,D0677,55.169327,-28.711853,0.39512,10
DES:1291842,1,D1139,53.471634,-29.379313,0.55763,10
DES:1291957,1,D0624,7.200018,-43.562267,0.37143,10
DES:1292033,1,D0455,43.268463,0.069686,0.32472,10
DES:1292145,1,D0934,53.630531,-29.648947,0.49245,10
DES:1292227,1,D0384,41.603012,-1.844187,0.29185,10
DES:1292316,1,D1393,40.604176,-1.443223,0.63883,10
DES:1292332,1,D0349,41.143486,-1.285123,0.27265,10
DES:1292336,1,D0291,40.998829,-0.906124,0.23355,10
DES:1292560,1,D0278,35.055779,-5.361129,0.22482,10
DES:1292767,1,D0419,37.096813,-4.54283,0.30893,10
DES:1292800,1,D1272,36.789101,-3.663167,0.60097,10
DES:1292805,1,D0255,35.72332,-4.49139,0.21415,10
DES:1292823,1,D0540,36.623581,-4.401216,0.34565,10
DES:1292997,1,D0717,35.598572,-4.87292,0.41447,10
DES:1293006,1,D0968,33.76149,-5.317365,0.50436,10
DES:1293028,1,D1635,35.78133,-3.970404,0.75366,10
DES:1293046,1,D1291,37.167393,-4.732077,0.60736,10
DES:1293275,1,D0403,36.095104,-6.315112,0.30179,10
DES:1293319,1,D0398,36.002407,-6.497732,0.29686,10
DES:1293366,1,D0447,36.23521,-6.036393,0.3204,10
DES:1293465,1,D0956,36.421776,-6.316606,0.49801,10
DES:1293758,1,D0215,8.483875,-43.349716,0.14812,10
DES:1293783,1,D0466,52.130669,-28.779482,0.32874,10
DES:1293789,1,D0753,52.168682,-28.185522,0.42857,10
DES:1293832,1,D1703,52.388741,-27.570766,0.81325,10
DES:1293921,1,D0970,52.318111,-27.868938,0.50492,10
DES:1294014,1,D0596,42.803536,-0.669095,0.36271,10
DES:1294137,1,D0886,42.648834,0.937952,0.47085,10
DES:1294340,1,D0589,41.643936,-1.295734,0.36087,10
DES:1294341,1,D0615,41.784325,-1.216823,0.36798,10
DES:1294351,1,D0512,41.592354,-0.417758,0.33828,10
DES:1294436,1,D0227,42.03912,-0.603886,0.178,10
DES:1294667,1,D1370,35.869144,-4.982107,0.62818,10
DES:1294743,1,D0430,36.102535,-4.674933,0.31257,10
DES:1294806,1,D1025,55.059059,-28.908781,0.52535,10
DES:1294948,1,D0405,55.08955,-29.048574,0.30246,10
DES:1294971,1,D1235,54.956329,-29.642572,0.58822,10
DES:1295024,1,D0485,35.051903,-7.049936,0.33386,10
DES:1295027,1,D0744,35.432739,-6.940557,0.42561,10
DES:1295062,1,D0262,35.482353,-5.598122,0.21839,10
DES:1295249,1,D1058,53.692104,-27.077173,0.53251,10
DES:1295285,1,D1024,36.886341,-4.364003,0.52513,10
DES:1295291,1,D1744,36.05827,-4.349054,0.86179,10
DES:1295315,1,D0552,55.076344,-27.631439,0.34886,10
DES:1295417,1,D1369,36.28331,-3.85077,0.62753,10
DES:1295436,1,D0396,36.773224,-4.990017,0.29584,10
DES:1295509,1,D1521,52.941841,-28.29143,0.68363,10
DES:1295527,1,D1763,51.799862,-27.99334,0.88491,10
DES:1295550,1,D1752,52.003124,-28.844362,0.8727,10
DES:1295592,1,D0571,52.805687,-28.313438,0.35631,10
DES:1295685,1,D1143,7.336062,-42.859375,0.55929,10
DES:1295794,1,D1488,52.681576,-27.389782,0.67098,10
DES:1295800,1,D1624,52.383202,-28.78282,0.74855,10
DES:1295844,1,D0235,10.044781,-44.030212,0.19209,10
DES:1296161,1,D1746,35.836498,-4.017581,0.86243,10
DES:1296173,1,D1456,35.747959,-4.177312,0.65763,10
DES:1296321,1,D0232,40.916874,-0.761946,0.18444,10
DES:1296657,1,D0211,36.255188,-6.278562,0.14624,10
DES:1296671,1,D1421,35.407623,-6.115394,0.64852,10
DES:1296781,1,D1323,36.029057,-4.564841,0.61378,10
DES:1296793,1,D1403,35.009457,-6.524715,0.64392,10
DES:1296802,1,D1618,35.631126,-4.987166,0.74392,10
DES:1296919,1,D1494,36.812332,-3.759846,0.67698,10
DES:1296963,1,D0924,43.114273,-0.456215,0.48813,10
DES:1297026,1,D0323,35.820992,-5.182148,0.25854,10
DES:1297061,1,D1062,53.668201,-27.391729,0.53387,10
DES:1297063,1,D0778,53.751694,-27.299524,0.43516,10
DES:1297064,1,D1425,53.489235,-26.466818,0.65045,10
DES:1297070,1,D1599,53.470223,-27.484638,0.73069,10
DES:1297157,1,D1103,54.004135,-26.429258,0.54888,10
DES:1297318,1,D0492,53.74073,-28.626982,0.33479,10
DES:1297353,1,D1091,54.054771,-28.395136,0.54402,10
DES:1297365,1,D0528,54.320938,-28.519957,0.34316,10
DES:1297377,1,D1303,52.657703,-28.738693,0.60981,10
DES:1297465,1,D0361,51.795311,-27.822104,0.27784,10
DES:1297490,1,D1607,53.260059,-28.290663,0.73677,10
DES:1297501,1,D0256,51.838791,-28.125025,0.21492,10
DES:1297532,1,D1747,53.222633,-28.768408,0.86461,10
DES:1297580,1,D1387,52.221073,-28.735945,0.63561,10
DES:1297742,1,D0864,8.609741,-43.095085,0.46256,10
DES:1297927,1,D0370,9.876768,-44.063129,0.28513,10
DES:1298079,1,D0327,43.202988,-0.589503,0.26048,10
DES:1298246,1,D1299,43.304363,-0.460698,0.60946,10
DES:1298266,1,D0925,41.767643,-1.058564,0.4893,10
DES:1298763,1,D1301,35.083477,-4.168476,0.6096,10
DES:1298893,1,D0239,35.724033,-6.256828,0.19616,10
DES:1299033,1,D1544,35.487579,-5.893085,0.69226,10
DES:1299090,1,D1520,36.000717,-6.527874,0.68339,10
DES:1299190,1,D1557,35.787472,-4.655588,0.69836,10
DES:1299258,1,D1692,36.103451,-4.007724,0.80109,10
DES:1299266,1,D1774,37.003159,-5.043743,0.91289,10
DES:1299327,1,D1799,36.817402,-3.96269,0.98158,10
DES:1299439,1,D1249,10.600772,-44.221916,0.59158,10
DES:1299503,1,D0394,36.583641,-4.034917,0.29498,10
DES:1299643,1,D0631,55.102634,-26.72208,0.37678,10
DES:1299712,1,D1598,53.5527,-28.897236,0.73064,10
DES:1299746,1,D0605,53.939545,-28.975147,0.36571,10
DES:1299758,1,D0888,54.467705,-29.132677,0.47241,10
DES:1299775,1,D0221,53.438889,-29.676743,0.16008,10
DES:1299785,1,D0639,53.911511,-28.319296,0.38131,10
DES:1300025,1,D0716,41.858223,-0.131752,0.41357,10
DES:1300084,1,D1332,42.631306,0.604085,0.61843,10
DES:1300160,1,D0710,40.907589,-1.575324,0.40925,10
DES:1300179,1,D0440,41.479092,-0.965503,0.31722,10
DES:1300390,1,D0337,8.028375,-42.329327,0.26765,10
DES:1300441,1,D0921,10.2664,-44.180996,0.48485,10
DES:1300470,1,D1000,9.232756,-44.844143,0.51413,10
DES:1300516,1,D0422,34.546364,-5.010114,0.31042,10
DES:1300517,1,D0685,10.034175,-43.620003,0.40031,10
DES:1300531,1,D1226,10.212345,-43.975925,0.58454,10
DES:1300590,1,D1453,34.871422,-4.747283,0.65633,10
DES:1300703,1,D0395,36.640385,-5.476332,0.29571,10
DES:1300777,1,D1707,36.327133,-3.822918,0.81684,10
DES:1300912,1,D0508,52.037891,-27.532908,0.3378,10
DES:1301142,1,D1576,40.46814,-1.416064,0.71139,10
DES:1301332,1,D0877,41.271008,-1.558829,0.46754,10
DES:1301397,1,D1300,40.252228,-1.020301,0.60955,10
DES:1301915,1,D1342,53.842831,-27.549709,0.62043,10
DES:1301922,1,D1031,53.308128,-26.700489,0.52616,10
DES:1301933,1,D0469,36.663719,-4.970757,0.32959,10
DES:1301936,1,D0524,54.948563,-28.880789,0.34304,10
DES:1301963,1,D0718,54.885647,-28.48295,0.41527,10
DES:1302027,1,D1627,55.160553,-29.382549,0.74899,10
DES:1302055,1,D1086,54.594791,-28.156172,0.54327,10
DES:1302073,1,D1237,54.865692,-29.240126,0.58845,10
DES:1302110,1,D0831,7.324174,-43.248089,0.45351,10
DES:1302117,1,D0931,8.349338,-42.571308,0.49238,10
DES:1302123,1,D0382,52.453339,-28.578219,0.29156,10
DES:1302185,1,D1608,53.147728,-28.521929,0.73717,10
DES:1302187,1,D0269,52.161892,-27.142117,0.21942,10
DES:1302199,1,D1751,52.618851,-27.356852,0.87001,10
DES:1302346,1,D1048,10.543033,-43.697811,0.53042,10
DES:1302353,1,D1187,10.275324,-44.231728,0.57193,10
DES:1302359,1,D0317,52.210117,-28.7138,0.25308,10
DES:1302399,1,D1643,52.858009,-27.140434,0.76495,10
DES:1302418,1,D0902,9.380938,-44.55122,0.4778,10
DES:1302523,1,D0736,36.317585,-4.659808,0.42391,10
DES:1302550,1,D1632,35.90712,-4.796024,0.75249,10
DES:1302564,1,D1034,35.601662,-4.458018,0.52716,10
DES:1302572,1,D1232,8.425838,-42.896225,0.5874,10
DES:1302648,1,D0287,10.00261,-44.054123,0.23171,10
DES:1302705,1,D1681,10.175434,-43.575825,0.79229,10
DES:1302719,1,D1410,10.071714,-44.040039,0.64527,10
DES:1302738,1,D1500,10.061046,-44.952156,0.67783,10
DES:1302901,1,D1361,41.108486,-1.405177,0.62618,10
DES:1302915,1,D0578,40.837498,-0.573562,0.35921,10
DES:1303118,1,D1236,35.289028,-6.432251,0.58838,10
DES:1303140,1,D0949,33.935436,-4.370296,0.49592,10
DES:1303197,1,D1028,37.205124,-4.308754,0.52562,10
DES:1303215,1,D0464,55.127876,-26.844175,0.32869,10
DES:1303257,1,D1654,36.304268,-4.966209,0.77159,10
DES:1303279,1,D0225,54.906788,-27.813025,0.17273,10
DES:1303314,1,D1279,36.328106,-4.754427,0.60491,10
DES:1303317,1,D0895,36.964356,-5.405714,0.47429,10
DES:1303496,1,D0228,53.848209,-29.591787,0.17978,10
DES:1303658,1,D1483,8.524889,-42.873451,0.66788,10
DES:1303699,1,D1687,51.65831,-27.89559,0.79547,10
DES:1303722,1,D1808,52.971146,-27.572849,1.02468,10
DES:1303753,1,D1436,8.085657,-43.381184,0.65242,10
DES:1303881,1,D1650,9.507357,-44.080322,0.77004,10
DES:1303883,1,D0324,8.863275,-44.917099,0.25904,10
DES:1303910,1,D1525,9.101762,-43.936409,0.68456,10
DES:1303952,1,D1156,35.871758,-6.921939,0.56262,10
DES:1304145,1,D0511,10.177904,-43.78471,0.33811,10
DES:1304183,1,D1385,9.763758,-44.235523,0.63502,10
DES:1304193,1,D0833,9.8797,-44.843594,0.45354,10
DES:1304362,1,D1641,9.364746,-44.240326,0.76177,10
DES:1304442,1,D0259,52.163063,-28.108288,0.21711,10
DES:1304456,1,D0758,41.531277,-1.074909,0.42989,10
DES:1304501,1,D1008,41.909706,-1.27158,0.51882,10
DES:1304503,1,D1044,53.092903,-27.954512,0.52971,10
DES:1304506,1,D1636,53.164429,-28.657108,0.75421,10
DES:1304652,1,D1219,42.09343,-1.062483,0.58126,10
DES:1304678,1,D0265,54.870091,-27.643946,0.21883,10
DES:1304777,1,D0695,53.544529,-29.374083,0.40476,10
DES:1304779,1,D1146,53.524139,-29.544495,0.55993,10
DES:1304841,1,D1616,10.004416,-44.418682,0.74126,10
DES:1304991,1,D1459,42.52718,-0.848796,0.65866,10
DES:1305051,1,D0401,42.559826,-0.034187,0.29887,10
DES:1305219,1,D1330,42.504555,0.052604,0.61633,10
DES:1305276,1,D0316,34.147736,-5.271104,0.25286,10
DES:1305308,1,D1535,34.507683,-5.548003,0.68972,10
DES:1305350,1,D0936,35.931988,-7.177485,0.49263,10
DES:1305387,1,D0742,36.351292,-5.991455,0.42467,10
DES:1305409,1,D1336,35.23764,-6.930228,0.61935,10
DES:1305486,1,D1769,36.366768,-5.072262,0.89888,10
DES:1305504,1,D0947,36.058437,-5.164576,0.49559,10
DES:1305541,1,D1724,36.642719,-5.560069,0.83293,10
DES:1305626,1,D0458,35.654617,-4.133254,0.32572,10
DES:1305687,1,D1368,41.293858,-0.700321,0.6274,10
DES:1305756,1,D0357,53.49535,-26.872685,0.27589,10
DES:1305785,1,D0891,9.893359,-44.83342,0.47327,10
DES:1305807,1,D1180,9.613655,-43.922909,0.56997,10
DES:1305873,1,D1271,53.60075,-27.665558,0.60092,10
DES:1305946,1,D1413,34.408314,-5.219437,0.64663,10
DES:1306059,1,D1287,36.378788,-4.75279,0.60631,10
DES:1306067,1,D1590,55.089386,-28.779875,0.7222,10
DES:1306073,1,D0463,36.850643,-3.749355,0.32858,10
DES:1306110,1,D1294,36.22152,-3.822196,0.60864,10
DES:1306141,1,D0480,54.897774,-28.910761,0.33239,10
DES:1306360,1,D0842,53.676712,-26.486982,0.45478,10
DES:1306366,1,D0219,42.248135,-0.5031,0.15062,10
DES:1306378,1,D0590,43.755081,-0.032459,0.36101,10
DES:1306390,1,D0709,43.316361,-0.030057,0.40911,10
DES:1306423,1,D0804,43.18811,-0.886169,0.44638,10
DES:1306578,1,D0722,6.868335,-43.11655,0.42044,10
DES:1306626,1,D0725,54.877281,-27.238987,0.42089,10
DES:1306736,1,D1113,54.920952,-27.748051,0.55145,10
DES:1306980,1,D1096,7.036068,-43.291557,0.54674,10
DES:1306991,1,D0728,8.468144,-42.094757,0.42199,10
DES:1307073,1,D1659,7.700682,-43.781536,0.77464,10
DES:1307261,1,D1565,36.624493,-4.003188,0.70351,10
DES:1307277,1,D0713,41.738815,-0.235549,0.41113,10
DES:1307783,1,D1614,52.687191,-27.469523,0.74061,10
DES:1307830,1,D0580,53.294464,-27.957768,0.35948,10
DES:1307843,1,D1777,52.784645,-28.720318,0.92146,10
DES:1307953,1,D0665,52.967396,-28.252647,0.39146,10
DES:1308314,1,D0702,53.415611,-28.940748,0.40647,10
DES:1308326,1,D0459,42.270138,0.582344,0.32622,10
DES:1308357,1,D0518,41.335754,-1.191918,0.34157,10
DES:1308453,1,D1637,36.880295,-3.961907,0.75572,10
DES:1308529,1,D1589,35.844116,-3.992856,0.72212,10
DES:1308568,1,D1401,33.873203,-5.052549,0.64304,10
DES:1308582,1,D0610,37.137245,-4.372774,0.36704,10
DES:1308589,1,D1528,52.369988,-28.462507,0.68576,10
DES:1308916,1,D0786,55.022717,-27.152811,0.43769,10
DES:1309013,1,D0253,35.46611,-7.339985,0.2126,10
DES:1309051,1,D1258,36.498627,-6.211551,0.59629,10
DES:1309215,1,D1660,51.672638,-28.323961,0.77464,10
DES:1309227,1,D1781,53.180794,-28.452227,0.92576,10
DES:1309288,1,D0340,54.644871,-29.194429,0.26793,10
DES:1309293,1,D0491,53.945625,-28.4842,0.33472,10
DES:1309323,1,D0915,54.588749,-28.808949,0.48309,10
DES:1309330,1,D0536,54.249947,-28.739609,0.34472,10
DES:1309376,1,D1613,54.044079,-28.000813,0.74009,10
DES:1309492,1,D0483,53.30085,-28.024872,0.33352,10
DES:1309509,1,D1790,52.968662,-27.248074,0.96296,10
DES:1309551,1,D1432,6.474001,-42.907005,0.65135,10
DES:1309694,1,D0832,10.949914,-44.054592,0.45353,10
DES:1309696,1,D1700,9.208918,-43.436115,0.80954,10
DES:1309870,1,D1804,53.223663,-28.214186,1.01382,10
DES:1309874,1,D0343,10.337526,-43.967869,0.27001,10
DES:1310073,1,D1365,42.482502,-0.870355,0.62703,10
DES:1310178,1,D1656,42.059067,-1.328594,0.77262,10
DES:1310182,1,D0950,41.571674,-0.728,0.49611,10
DES:1310236,1,D1538,40.617313,-0.716034,0.69085,10
DES:1310294,1,D0791,33.549397,-4.695845,0.43967,10
DES:1310304,1,D1485,34.108864,-5.040257,0.66881,10
DES:1310367,1,D0290,34.742241,-6.718639,0.23332,10
DES:1310396,1,D0452,35.060249,-6.052929,0.3225,10
DES:1310432,1,D0393,36.299637,-6.359507,0.29471,10
DES:1310475,1,D1474,35.053261,-6.472534,0.66375,10
DES:1310485,1,D0768,35.259174,-6.395768,0.43313,10
DES:1310916,1,D1502,54.773846,-28.236921,0.67923,10
DES:1310963,1,D0856,54.152069,-29.405451,0.45919,10
DES:1310964,1,D1631,54.153732,-29.384672,0.75147,10
DES:1311001,1,D1377,52.423546,-28.055479,0.63094,10
DES:1311113,1,D1328,52.737068,-28.15786,0.61533,10
DES:1311151,1,D1499,53.16959,-27.660196,0.67765,10
DES:1311247,1,D0796,8.020238,-43.909603,0.44183,10
DES:1311394,1,D0523,9.57238,-43.26154,0.34291,10
DES:1311496,1,D1536,41.871059,-0.689306,0.69066,10
DES:1311590,1,D1142,34.435017,-4.415624,0.5591,10
DES:1311631,1,D1396,34.010941,-4.718192,0.64039,10
DES:1311632,1,D0737,34.689858,-5.072332,0.4242,10
DES:1311755,1,D0887,35.604141,-4.257723,0.471,10
DES:1311884,1,D1511,36.810276,-5.181068,0.68136,10
DES:1311903,1,D1583,36.761498,-4.012285,0.71912,10
DES:1311921,1,D1812,36.541004,-4.254859,1.04436,10
DES:1312164,1,D1018,9.05475,-43.600414,0.52327,10
DES:1312171,1,D0958,9.662512,-43.906895,0.50043,10
DES:1312213,1,D0704,42.488152,0.097255,0.40697,10
DES:1312274,1,D0740,42.610977,-0.361718,0.4245,10
DES:1312818,1,D1591,54.390797,-27.473509,0.72292,10
DES:1312897,1,D0371,35.710095,-4.423516,0.28578,10
DES:1313026,1,D1070,54.246273,-28.631817,0.53696,10
DES:1313057,1,D0505,51.647163,-28.021414,0.33754,10
DES:1313177,1,D1384,7.632814,-42.948551,0.63498,10
DES:1313230,1,D0261,8.482974,-42.698265,0.21792,10
DES:1313434,1,D1537,9.894674,-43.140526,0.69071,10
DES:1313594,1,D0374,34.832935,-5.789424,0.28834,10
DES:1313698,1,D0782,34.80579,-4.187763,0.43619,10
DES:1314067,1,D0770,36.691063,-4.824906,0.43365,10
DES:1314071,1,D0461,36.619381,-4.036044,0.32707,10
DES:1314162,1,D1220,36.859489,-4.183014,0.58141,10
DES:1314289,1,D1380,53.293774,-26.826185,0.63264,10
DES:1314296,1,D1567,36.887184,-5.107933,0.70426,10
DES:1314369,1,D1475,36.16666,-4.515375,0.66386,10
DES:1314554,1,D0560,43.578911,0.298071,0.35159,10
DES:1314709,1,D1466,54.872791,-26.824076,0.65988,10
DES:1314847,1,D1012,37.032578,-4.63398,0.52053,10
DES:1314897,1,D0499,36.606628,-4.15516,0.33662,10
DES:1315191,1,D1224,42.135696,0.282034,0.58357,10
DES:1315192,1,D0280,42.985901,-0.523071,0.22714,10
DES:1315197,1,D0249,42.266838,0.116706,0.20823,10
DES:1315259,1,D0282,40.864075,-1.603645,0.22806,10
DES:1315296,1,D0715,40.301579,-0.764383,0.41257,10
DES:1315570,1,D1317,53.304596,-28.793222,0.61273,10
DES:1315795,1,D0635,55.123661,-27.53853,0.37813,10
DES:1315818,1,D1116,54.610172,-27.541802,0.55218,10
DES:1315832,1,D1372,54.635643,-28.21982,0.6291,10
DES:1315890,1,D1171,8.336865,-42.88525,0.56699,10
DES:1315910,1,D0673,8.21452,-43.092964,0.39365,10
DES:1315947,1,D1609,52.611511,-28.142117,0.73781,10
DES:1315950,1,D0581,53.294762,-27.957275,0.35948,10
DES:1315974,1,D1701,52.041798,-28.777035,0.81174,10
DES:1316385,1,D0213,53.525982,-27.632116,0.1474,10
DES:1316461,1,D1304,52.5812,-28.748646,0.60984,10
DES:1316465,1,D0467,52.797485,-27.959307,0.32909,10
DES:1316487,1,D1661,53.016926,-28.068274,0.77627,10
DES:1316626,1,D1329,51.751804,-28.53587,0.61601,10
DES:1316701,1,D0591,42.271179,-0.307162,0.36115,10
DES:1316831,1,D0788,35.06509,-4.223419,0.43848,10
DES:1316853,1,D1548,34.174473,-5.504423,0.69304,10
DES:1316989,1,D1124,33.797825,-4.744645,0.55343,10
DES:1317164,1,D0220,34.285484,-4.298173,0.15459,10
DES:1317277,1,D0298,35.903149,-5.481456,0.2371,10
DES:1317372,1,D1619,35.43557,-4.616712,0.74393,10
DES:1317496,1,D1405,7.306658,-42.116722,0.64429,10
DES:1317526,1,D0763,35.957142,-3.998674,0.4316,10
DES:1317612,1,D0201,6.856408,-42.850411,0.10442,10
DES:1317666,1,D0210,36.771053,-5.003092,0.14136,10
DES:1317724,1,D0879,37.337296,-4.721333,0.46775,10
DES:1317783,1,D0674,43.108246,0.702585,0.39436,10
DES:1317956,1,D1750,36.107071,-4.745373,0.86917,10
DES:1318052,1,D0913,52.429531,-28.082205,0.48068,10
DES:1318126,1,D0629,8.34096,-44.36068,0.37298,10
DES:1318158,1,D1673,10.231592,-43.545994,0.78604,10
DES:1318235,1,D0582,41.573536,-0.517377,0.36002,10
DES:1318266,1,D0700,8.878596,-44.726379,0.40626,10
DES:1318304,1,D0679,40.449429,-0.408047,0.39764,10
DES:1318460,1,D0606,41.573971,-0.670669,0.36604,10
DES:1318659,1,D0734,55.06517,-29.327721,0.42354,10
DES:1318661,1,D0534,55.129459,-28.489935,0.34451,10
DES:1318689,1,D0940,53.997543,-29.956009,0.49338,10
DES:1318737,1,D0188,42.241001,-0.760682,0.07374,10
DES:1318847,1,D1467,43.538132,-0.611697,0.65992,10
DES:1319058,1,D1484,33.944771,-4.610791,0.66811,10
DES:1319066,1,D0487,54.948837,-28.900408,0.33403,10
DES:1319366,1,D0295,41.495522,-1.088128,0.23482,10
DES:1319539,1,D0625,41.114441,-1.589903,0.37176,10
DES:1319614,1,D0515,53.330345,-26.903748,0.3392,10
DES:1319653,1,D1256,53.468807,-27.335157,0.59552,10
DES:1319667,1,D1498,54.432255,-26.69668,0.67756,10
DES:1319711,1,D0306,36.472687,-4.849677,0.24171,10
DES:1319776,1,D1465,54.931976,-26.508509,0.6598,10
DES:1319821,1,D0418,53.357853,-29.471891,0.3088,10
DES:1319840,1,D0926,53.651352,-28.86657,0.4897,10
DES:1319870,1,D0338,54.921398,-28.315712,0.26767,10
DES:1319898,1,D1597,53.264488,-28.849997,0.7286,10
DES:1319926,1,D1158,53.365944,-28.932509,0.56341,10
DES:1320009,1,D1541,53.018108,-28.651634,0.69164,10
DES:1320030,1,D1513,52.557316,-28.333704,0.68141,10
DES:1320066,1,D1009,8.400382,-42.039509,0.5192,10
DES:1320126,1,D1032,10.244742,-43.78294,0.52685,10
DES:1320278,1,D1190,41.94183,-0.525763,0.57508,10
DES:1320367,1,D0686,41.410343,-0.268056,0.40109,10
DES:1320447,1,D1204,40.854694,-0.381976,0.57892,10
DES:1320474,1,D1675,53.999931,-28.078095,0.78842,10
DES:1320501,1,D0501,41.003906,-0.913965,0.33683,10
DES:1320704,1,D0342,42.341641,0.361471,0.26996,10
DES:1320762,1,D0997,43.318802,-0.271146,0.51339,10
DES:1320843,1,D1295,42.314587,0.360748,0.60874,10
DES:1321006,1,D0404,36.445351,-5.943707,0.30244,10
DES:1321116,1,D1364,35.867333,-4.256789,0.62684,10
DES:1321166,1,D0777,37.248833,-4.361691,0.4351,10
DES:1321261,1,D1242,34.11924,-5.076728,0.58936,10
DES:1321276,1,D0476,37.034222,-4.090873,0.33121,10
DES:1321338,1,D0423,35.940319,-6.521554,0.31048,10
DES:1321365,1,D0432,36.341328,-6.006536,0.3127,10
DES:1321450,1,D0322,8.225006,-42.229878,0.25833,10
DES:1321492,1,D1128,8.179398,-42.666996,0.55467,10
DES:1321973,1,D0621,34.41375,-4.215769,0.37043,10
DES:1322229,1,D1030,35.926357,-4.018886,0.52612,10
DES:1322819,1,D0506,54.478329,-28.444315,0.33759,10
DES:1322954,1,D1087,53.659271,-28.155306,0.54327,10
DES:1322975,1,D1736,52.880024,-28.727432,0.84634,10
DES:1323016,1,D0493,10.056409,-43.452343,0.33485,10
DES:1323106,1,D0532,34.085434,-5.013814,0.34417,10
DES:1323349,1,D0969,37.200703,-4.247733,0.50491,10
DES:1323600,1,D0622,41.010361,-1.831778,0.37044,10
DES:1323740,1,D1652,52.49036,-28.548483,0.77137,10
DES:1323777,1,D1060,53.455006,-28.234989,0.5329,10
DES:1323831,1,D0425,52.853745,-27.137775,0.31079,10
DES:1323988,1,D0982,42.45063,-0.24247,0.50816,10
DES:1324062,1,D1564,53.323368,-27.906645,0.70325,10
DES:1324509,1,D0250,54.563225,-28.812569,0.21062,10
DES:1324536,1,D1241,54.476437,-29.947796,0.58899,10
DES:1324542,1,D1079,53.895199,-29.047989,0.54154,10
DES:1324544,1,D1045,54.369358,-29.302443,0.52973,10
DES:1324562,1,D0565,53.795391,-28.448479,0.35299,10
DES:1324582,1,D0641,53.309258,-29.190933,0.38185,10
DES:1324685,1,D1080,52.068111,-28.828848,0.54183,10
DES:1324790,1,D0573,53.612099,-27.337799,0.35723,10
DES:1324938,1,D0242,42.446652,-0.596722,0.19847,10
DES:1325191,1,D1688,52.25911,-27.324074,0.7981,10
DES:1326216,1,D0551,54.537075,-26.976971,0.34832,10
DES:1326273,1,D1179,52.117321,-27.785505,0.56949,10
DES:1326299,1,D1489,52.642696,-27.520714,0.67382,10
DES:1326367,1,D1140,53.73613,-27.140719,0.55797,10
DES:1327978,1,D0247,8.279955,-44.140156,0.20699,10
DES:1328016,1,D0558,10.347795,-44.268295,0.35071,10
DES:1328089,1,D1176,6.994421,-43.390152,0.56864,10
DES:1328103,1,D1189,7.202621,-43.288788,0.57472,10
DES:1328105,1,D0795,8.187062,-43.576935,0.44153,10
DES:1329168,1,D1492,52.65675,-27.635353,0.67651,10
DES:1329198,1,D0678,35.820923,-3.959409,0.39521,10
DES:1329312,1,D0537,36.263298,-5.541797,0.34478,10
DES:1329365,1,D1309,36.528843,-4.653905,0.61101,10
DES:1329615,1,D0691,35.442699,-5.639848,0.4036,10
DES:1329622,1,D0922,35.499458,-6.228539,0.48607,10
DES:1329663,1,D0981,52.24012,-27.451952,0.50765,10
DES:1329795,1,D1026,41.792191,-0.012864,0.52558,10
DES:1330031,1,D0203,9.140839,-43.487255,0.10563,10
DES:1330339,1,D1205,55.219448,-29.516827,0.57914,10
DES:1330350,1,D1642,52.063938,-27.787806,0.76303,10
DES:1330403,1,D1662,54.519131,-29.132799,0.7765,10
DES:1330530,1,D0498,54.110844,-27.915379,0.33633,10
DES:1330533,1,D0599,53.947941,-27.633751,0.36444,10
DES:1330559,1,D1510,54.030827,-27.08321,0.68131,10
DES:1330599,1,D1711,35.71796,-5.048312,0.81932,10
DES:1330642,1,D1382,37.040554,-4.047055,0.63391,10
DES:1330817,1,D0344,41.108952,-1.447716,0.27051,10
DES:1330828,1,D0611,40.827564,-0.145322,0.36705,10
DES:1330903,1,D1162,41.116287,-0.645018,0.56429,10
DES:1330964,1,D0817,53.912453,-27.409948,0.45085,10
DES:1330970,1,D1698,54.085556,-27.49177,0.80669,10
DES:1330995,1,D1581,35.646164,-6.961792,0.71827,10
DES:1331123,1,D0272,8.036339,-42.554184,0.22157,10
DES:1331130,1,D0667,8.05313,-43.207363,0.39189,10
DES:1331344,1,D1107,34.27129,-5.076359,0.54993,10
DES:1331513,1,D0698,41.409588,-0.239845,0.40572,10
DES:1331700,1,D0585,9.172572,-44.025627,0.36025,10
DES:1331707,1,D1443,8.412318,-43.710297,0.65395,10
DES:1331719,1,D1231,8.706694,-44.577705,0.58627,10
DES:1331836,1,D0572,35.063015,-5.170101,0.35667,10
DES:1331883,1,D1335,36.733212,-5.246315,0.61882,10
DES:1331887,1,D1671,36.783711,-5.468542,0.78398,10
DES:1331925,1,D1327,35.535694,-4.20036,0.61496,10
DES:1331976,1,D1144,36.830399,-5.18772,0.55939,10
DES:1331993,1,D1585,35.971802,-4.459333,0.71961,10
DES:1332008,1,D1313,41.853058,-1.547622,0.61156,10
DES:1332392,1,D0992,35.978176,-5.898362,0.51197,10
DES:1332594,1,D1319,52.712025,-28.613079,0.61302,10
DES:1332614,1,D1006,52.131775,-28.403044,0.51856,10
DES:1332632,1,D1351,52.663742,-28.479296,0.6232,10
DES:1332689,1,D0923,53.268879,-26.706299,0.48766,10
DES:1332701,1,D1680,54.545445,-27.805193,0.79167,10
DES:1332709,1,D1552,55.129715,-27.696453,0.69371,10
DES:1332721,1,D0729,55.302475,-27.368549,0.42224,10
DES:1332747,1,D0525,53.140884,-27.796587,0.34305,10
DES:1332795,1,D1504,54.081608,-26.713064,0.67984,10
DES:1332819,1,D0520,51.964768,-28.707645,0.3418,10
DES:1333246,1,D0787,41.383972,-0.061614,0.43774,10
DES:1333248,1,D1553,41.47596,-0.840537,0.69395,10
DES:1333291,1,D0600,36.347591,-4.368912,0.3646,10
DES:1333442,1,D1543,36.550358,-4.417606,0.69209,10
DES:1333489,1,D1516,52.939652,-28.331986,0.68179,10
DES:1333576,1,D1239,40.547951,-0.998149,0.58893,10
DES:1333949,1,D1463,9.689554,-43.753761,0.65927,10
DES:1334084,1,D0208,41.734005,-0.690615,0.13349,10
DES:1334087,1,D0336,41.008358,-0.467395,0.26628,10
DES:1334253,1,D1343,54.847382,-26.903158,0.62076,10
DES:1334257,1,D1505,54.055016,-27.664705,0.68005,10
DES:1334265,1,D1230,53.828198,-27.346083,0.58586,10
DES:1334302,1,D0841,7.367349,-43.388157,0.45463,10
DES:1334321,1,D1696,8.715216,-44.801804,0.80326,10
DES:1334423,1,D0575,42.213657,-0.152201,0.35791,10
DES:1334581,1,D1719,35.560623,-4.371332,0.82736,10
DES:1334597,1,D0376,35.831272,-4.06785,0.28895,10
DES:1334614,1,D0790,36.220573,-5.810386,0.43941,10
DES:1334620,1,D0240,35.752945,-6.264184,0.19624,10
DES:1334644,1,D0373,35.107216,-5.772545,0.28805,10
DES:1334645,1,D0312,36.379593,-5.878989,0.24701,10
DES:1334654,1,D0407,35.196068,-5.966431,0.30259,10
DES:1334686,1,D1462,35.01152,-6.300655,0.65904,10
DES:1334707,1,D1422,51.776356,-28.627846,0.64922,10
DES:1334742,1,D1041,42.384743,0.699897,0.52809,10
DES:1334858,1,D1367,53.131512,-27.577599,0.62737,10
DES:1335259,1,D1594,54.51461,-27.69791,0.72701,10
DES:1335305,1,D0488,41.159859,-0.405977,0.33403,10
DES:1335323,1,D0244,40.31609,-1.0875,0.19991,10
DES:1335387,1,D1285,53.34206,-29.124971,0.60582,10
DES:1335432,1,D0748,51.549858,-28.163319,0.42692,10
DES:1335472,1,D0977,9.555312,-44.049526,0.50597,10
DES:1335564,1,D1286,35.128132,-6.446471,0.60619,10
DES:1335585,1,D1283,35.114647,-7.111384,0.60557,10
DES:1335671,1,D1019,55.145126,-28.628086,0.52427,10
DES:1335675,1,D1290,54.840099,-28.879179,0.60735,10
DES:1335717,1,D0411,52.859905,-28.353096,0.30477,10
DES:1335756,1,D0814,42.006908,-0.300437,0.44933,10
DES:1335818,1,D1348,52.58305,-28.470995,0.62253,10
DES:1335854,1,D1202,54.311703,-27.683096,0.57869,10
DES:1335885,1,D0684,54.911984,-27.222214,0.39932,10
DES:1336002,1,D0676,7.769961,-43.090694,0.39496,10
DES:1336008,1,D0785,10.321224,-43.886227,0.43764,10
DES:1336009,1,D0519,8.916194,-44.893734,0.34175,10
DES:1336150,1,D0549,9.791852,-44.561386,0.3481,10
DES:1336359,1,D0752,35.238964,-5.289856,0.42821,10
DES:1336384,1,D1223,34.094822,-4.51545,0.58306,10
DES:1336453,1,D0233,40.96975,-1.229276,0.18492,10
DES:1336454,1,D0387,41.563213,-1.890973,0.29256,10
DES:1336464,1,D0657,41.255539,-0.749423,0.38732,10
DES:1336480,1,D0320,41.724587,-1.164557,0.25604,10
DES:1336558,1,D0878,42.511463,0.133087,0.4676,10
DES:1336599,1,D1497,52.838635,-27.9827,0.67747,10
DES:1336687,1,D0292,35.605808,-6.149859,0.2338,10
DES:1336693,1,D1418,35.410259,-5.765585,0.64795,10
DES:1336925,1,D1424,54.912396,-27.523815,0.64997,10
DES:1336953,1,D1269,36.745876,-3.767034,0.60013,10
DES:1336957,1,D1720,53.080479,-28.460852,0.82961,10
DES:1336975,1,D0204,54.81863,-27.155611,0.11048,10
DES:1337228,1,D1199,7.524775,-43.03413,0.57741,10
DES:1337267,1,D0829,34.171314,-4.797009,0.45318,10
DES:1337272,1,D0962,34.128422,-5.680552,0.50275,10
DES:1337311,1,D0726,34.41449,-4.167667,0.42131,10
DES:1337321,1,D1155,33.922161,-4.377943,0.56258,10
DES:1337541,1,D1814,52.050034,-28.56514,1.05479,10
DES:1337549,1,D1626,54.52808,-29.439695,0.74877,10
DES:1337649,1,D0329,43.404419,0.510183,0.2615,10
DES:1337687,1,D0465,55.047089,-26.975626,0.32869,10
DES:1337703,1,D1056,54.883587,-26.724333,0.53225,10
DES:1337838,1,D0428,35.49601,-6.498196,0.31194,10
DES:1337971,1,D0711,10.439484,-44.372238,0.41066,10
DES:1338128,1,D0426,8.083662,-43.740833,0.31184,10
DES:1338170,1,D0655,6.669886,-42.964066,0.38676,10
DES:1338223,1,D1266,7.760626,-42.630089,0.59952,10
DES:1338233,1,D1273,35.122704,-5.529291,0.60148,10
DES:1338266,1,D1420,34.905033,-5.869125,0.64845,10
DES:1338278,1,D1163,34.429966,-4.976041,0.5643,10
DES:1338324,1,D0747,34.960075,-5.129517,0.42602,10
DES:1338430,1,D1004,40.63932,-1.254658,0.51717,10
DES:1338471,1,D1050,41.291645,-1.564907,0.53116,10
DES:1338485,1,D1227,41.080334,-1.517876,0.58466,10
DES:1338649,1,D1320,42.16539,-0.421733,0.61327,10
DES:1338665,1,D1586,36.61676,-5.137959,0.72062,10
DES:1338675,1,D0473,36.743656,-4.967741,0.33047,10
DES:1338718,1,D1602,42.673164,-0.319852,0.73306,10
DES:1338749,1,D1742,36.048813,-4.086864,0.85806,10
DES:1338762,1,D0723,53.937035,-27.153151,0.42054,10
DES:1338849,1,D1340,53.704571,-26.361382,0.62002,10
DES:1338940,1,D1658,52.552921,-27.858482,0.77334,10
DES:1338959,1,D0861,36.407951,-6.462457,0.46167,10
DES:1339002,1,D0406,35.830547,-6.526311,0.30251,10
DES:1339102,1,D1419,35.408806,-5.76562,0.64795,10
DES:1339149,1,D0882,35.555027,-5.871708,0.46879,10
DES:1339176,1,D1780,52.728462,-27.909498,0.92537,10
DES:1339217,1,D0479,51.791409,-27.910799,0.33191,10
DES:1339220,1,D1267,53.665455,-28.183355,0.59992,10
DES:1339227,1,D1714,52.73233,-28.125382,0.82081,10
DES:1339232,1,D1794,52.908131,-27.227524,0.96859,10
DES:1339246,1,D1789,52.980213,-27.713514,0.95791,10
DES:1339276,1,D1792,36.668465,-5.113027,0.96363,10
DES:1339291,1,D1709,9.067094,-43.109821,0.8179,10
DES:1339327,1,D1655,10.015751,-43.458355,0.7725,10
DES:1339392,1,D0229,54.124462,-28.569849,0.18148,10
DES:1339402,1,D0602,54.005188,-29.790676,0.36538,10
DES:1339425,1,D1065,54.573879,-29.55625,0.53579,10
DES:1339609,1,D1817,53.32391,-28.724577,1.12132,10
DES:1339703,1,D0937,8.428344,-42.578842,0.49272,10
DES:1339716,1,D0848,6.855922,-43.05608,0.45682,10
DES:1339756,1,D0355,8.079682,-43.238422,0.27539,10
DES:1339875,1,D0857,35.215756,-4.754442,0.45944,10
DES:1340125,1,D1430,41.877514,0.147411,0.65134,10
DES:1340132,1,D1298,43.711739,-0.224807,0.60943,10
DES:1340141,1,D1444,42.731384,0.741831,0.65405,10
DES:1340253,1,D1546,43.035103,0.081144,0.69261,10
DES:1340460,1,D1391,53.346462,-26.758844,0.63779,10
DES:1340470,1,D1214,34.974419,-4.80181,0.58057,10
DES:1340493,1,D1579,54.051067,-26.164375,0.71719,10
DES:1340521,1,D1441,55.116093,-27.372778,0.65356,10
DES:1340539,1,D0809,54.401768,-26.540396,0.44766,10
DES:1340700,1,D0457,36.162502,-4.681664,0.3255,10
DES:1340706,1,D0388,37.057922,-5.316442,0.29323,10
DES:1340728,1,D1083,36.788647,-3.893513,0.54277,10
DES:1340751,1,D1478,36.155048,-5.371427,0.6648,10
DES:1340954,1,D0413,53.186806,-29.027645,0.30517,10
DES:1341000,1,D1081,53.953114,-29.337652,0.54203,10
DES:1341227,1,D1721,52.908604,-27.622465,0.83036,10
DES:1341271,1,D1717,52.639504,-27.962948,0.82584,10
DES:1341370,1,D0708,8.963905,-44.676697,0.409,10
DES:1341423,1,D1260,8.342222,-44.206165,0.5971,10
DES:1341426,1,D1123,9.38089,-44.346478,0.55321,10
DES:1341459,1,D1016,35.725346,-6.307511,0.52219,10
DES:1341502,1,D0988,35.771557,-6.787463,0.51064,10
DES:1341556,1,D1578,35.919296,-6.983731,0.71584,10
DES:1341743,1,D1522,53.072014,-28.158413,0.68422,10
DES:1341857,1,D0964,53.118179,-26.979706,0.50314,10
DES:1341894,1,D0434,35.302509,-4.65022,0.31293,10
DES:1342255,1,D0266,40.743481,-0.267406,0.21885,10
DES:1342580,1,D1755,36.688202,-3.974147,0.87472,10
DES:1342647,1,D1002,10.653182,-44.470635,0.51618,10
DES:1342707,1,D1437,36.165497,-6.810126,0.65243,10
DES:1342778,1,D0693,9.218061,-44.677235,0.40457,10
DES:1342906,1,D0955,53.542625,-27.589018,0.49743,10
DES:1343208,1,D0945,52.846481,-28.544226,0.495,10
DES:1343337,1,D0514,54.559166,-28.709869,0.33899,10
DES:1343401,1,D0645,34.572121,-5.654875,0.38283,10
DES:1343533,1,D0618,7.358388,-42.267349,0.36843,10
DES:1343542,1,D1672,8.07313,-43.210918,0.78512,10
DES:1343759,1,D0978,51.978981,-28.564434,0.50617,10
DES:1343871,1,D1392,43.502541,-0.370269,0.63786,10
DES:1344303,1,D0200,40.528839,-1.360585,0.09394,10
DES:1344347,1,D0333,41.637959,-0.409479,0.26361,10
DES:1344355,1,D0308,40.956406,-0.935593,0.24448,10
DES:1344639,1,D0609,9.385376,-44.20084,0.36672,10
DES:1345458,1,D1177,53.130634,-28.877844,0.56872,10
DES:1345553,1,D0442,35.344692,-4.667977,0.31794,10
DES:1346137,1,D0597,53.259174,-26.85409,0.36326,10
DES:1346139,1,D0965,54.010819,-27.905289,0.50323,10
DES:1346612,1,D1778,52.908257,-28.702555,0.92274,10
DES:1346627,1,D1517,53.300304,-28.336485,0.68193,10
DES:1346628,1,D1055,51.978485,-28.053095,0.53191,10
DES:1346758,1,D0951,36.063824,-5.167993,0.4965,10
DES:1346956,1,D0484,54.343502,-28.826429,0.33352,10
DES:1346966,1,D0494,55.340694,-29.14934,0.33513,10
DES:1347112,1,D1682,52.841625,-27.223948,0.79318,10
DES:1366187,1,D0866,36.73172,-5.20983,0.4629,10
DES:1366195,1,D1122,35.912453,-4.867131,0.55313,10
DES:1366436,1,D0304,53.637379,-29.51112,0.23954,10
DES:1366475,1,D0844,54.9692,-29.526581,0.45546,10
DES:1366482,1,D0450,52.570999,-28.321495,0.32154,10
DES:1366690,1,D0345,35.613281,-4.166674,0.27119,10
DES:1367180,1,D1697,35.538487,-4.669028,0.80342,10
DES:1367234,1,D0315,34.128471,-4.631078,0.25173,10
DES:1367331,1,D0807,7.026346,-42.454613,0.44684,10
DES:1367408,1,D1085,53.485539,-26.816944,0.54306,10
DES:1367556,1,D0819,34.670208,-4.671115,0.45115,10
DES:1367571,1,D0767,35.384438,-5.32584,0.43311,10
DES:1368111,1,D1111,10.142037,-44.454319,0.55095,10
DES:1368131,1,D0415,35.74556,-4.125039,0.30694,10
DES:1368133,1,D0358,36.74358,-3.868923,0.27618,10
DES:1368143,1,D0733,35.940445,-5.160483,0.42348,10
DES:1368188,1,D0305,53.097221,-28.794487,0.24003,10
DES:1368482,1,D0984,36.430649,-6.145141,0.50847,10
DES:1368530,1,D0521,34.284973,-5.275543,0.34224,10
DES:1370113,1,D1450,7.949914,-43.696564,0.65553,10
DES:1370135,1,D1001,8.880093,-44.296211,0.51615,10
DES:1370181,1,D1549,36.487938,-4.066946,0.6931,10
DES:1370247,1,D1486,33.958874,-4.63977,0.66882,10
DES:1370308,1,D1371,52.942154,-27.495218,0.62863,10
DES:1370320,1,D0475,9.974955,-44.086151,0.3307,10
DES:1370391,1,D1454,54.945488,-29.807819,0.65692,10
DES:1370402,1,D1417,52.218323,-27.574387,0.64766,10
DES:1370441,1,D1784,53.389828,-28.383074,0.93733,10
DES:1370806,1,D1240,54.567539,-29.99032,0.58895,10
DES:1370898,1,D1426,8.078572,-42.5453,0.65069,10
DES:1370944,1,D0985,10.066408,-43.307297,0.50947,10
DES:1371022,1,D0379,8.062297,-42.818237,0.29082,10
DES:1371046,1,D0187,10.458238,-43.375191,0.07334,10
DES:1371048,1,D0530,9.635918,-43.595867,0.34392,10
DES:1371111,1,D1761,37.188751,-5.151207,0.88352,10
DES:1371126,1,D0258,52.936005,-28.254307,0.21601,10
DES:1371206,1,D1038,52.917744,-27.30333,0.52779,10
DES:1372115,1,D1768,53.024254,-27.918802,0.89842,10
DES:1373028,1,D0319,36.374882,-5.976836,0.25517,10
DES:1373040,1,D0330,36.98336,-3.992235,0.26162,10
DES:1373042,1,D0299,36.188419,-4.16372,0.2372,10
DES:1373123,1,D1560,34.433979,-4.694845,0.69879,10
DES:1375087,1,D1375,52.23122,-29.034729,0.62952,10
DES:1376168,1,D0932,8.088785,-43.846073,0.49239,10
DES:1380034,1,D1374,36.818745,-3.674386,0.62935,10
DES:1380167,1,D1633,52.879147,-28.70973,0.75331,10
DES:1385052,1,D1691,36.642826,-4.748247,0.80106,10
DES:1385187,1,D1015,43.139782,-0.089558,0.52212,10
DES:1386047,1,D0929,36.73523,-4.419295,0.49181,10
DES:1387101,1,D0914,41.601223,-1.22528,0.48092,10
DES:1387162,1,D1331,54.512081,-27.711649,0.6175,10
DES:1387174,1,D1558,54.836937,-29.843739,0.69842,10
DES:1389074,1,D0963,43.083443,-0.911167,0.50285,10
DES:1389177,1,D0813,55.066708,-28.799547,0.44895,10
DES:1389210,1,D1101,54.382717,-28.796007,0.54865,10
DES:1390164,1,D0818,54.298798,-28.942001,0.45102,10
DES:1390173,1,D1461,53.543018,-27.570578,0.65875,10
DES:1390345,1,D1726,35.657501,-4.281232,0.83592,10
DES:1391191,1,D1427,55.19046,-29.148699,0.65069,10
DES:1392329,1,D1363,40.743046,-1.129224,0.62654,10
DES:1392367,1,D1253,42.444828,0.437807,0.59349,10
DES:1392400,1,D0825,54.931809,-26.412487,0.45205,10
DES:1395159,1,D1788,37.148346,-4.051857,0.9569,10
DES:1397029,1,D0579,54.639954,-27.672735,0.35942,10
DES:1402076,1,D1767,36.740185,-4.144922,0.89611,10
DES:1403033,1,D0896,10.065434,-44.450253,0.47435,10
DES:1408024,1,D0689,9.682738,-43.486713,0.40228,10
DES:1408068,1,D0749,36.392426,-4.371384,0.42713,10
DES:1409129,1,D1684,52.385895,-27.472719,0.79364,10
DES:1411114,1,D1727,53.37405,-27.686787,0.83706,10
DES:1413048,1,D1310,52.632256,-28.807838,0.61122,10
DES:1420185,1,D1406,52.39428,-27.508322,0.64453,10
DES:1430116,1,D1806,52.938736,-28.139298,1.02144,10
DES:1430136,1,D0714,41.931824,0.342824,0.41235,10
DES:1430255,1,D1458,36.291946,-5.774556,0.65806,10
DES:1431064,1,D0675,9.061986,-43.184773,0.39494,10
DES:1431072,1,D0731,8.047522,-42.668808,0.42267,10
DES:1431096,1,D0900,9.161865,-43.948441,0.4768,10
DES:1431108,1,D1306,52.966393,-28.016733,0.61052,10
DES:1431118,1,D1356,53.23114,-27.580593,0.62468,10
DES:1431163,1,D0612,40.820599,-0.062145,0.36711,10
DES:1432017,1,D0542,55.070763,-27.628599,0.34579,10
DES:1432027,1,D0557,54.698093,-27.293657,0.35039,10
DES:1432102,1,D1580,10.465083,-43.93647,0.71803,10
DES:1432141,1,D1167,10.038949,-44.250629,0.56489,10
DES:1433040,1,D1584,53.648651,-29.713785,0.71949,10
DES:1433108,1,D1519,8.968922,-44.307228,0.68283,10
DES:1433114,1,D1524,51.889477,-28.011202,0.68438,10
DES:1433226,1,D1257,35.024582,-4.36598,0.59618,10
DES:1434201,1,D0332,33.97369,-4.228354,0.26317,10
DES:1434203,1,D0630,34.861927,-4.879717,0.37567,10
DES:1434248,1,D0300,35.7398,-4.312728,0.23734,10
DES:1434258,1,D1471,52.984047,-27.694552,0.66195,10
DES:1434262,1,D1678,36.663078,-5.117581,0.78964,10
DES:1435033,1,D1211,54.91816,-28.451902,0.5804,10
DES:1435067,1,D0664,8.632078,-44.575523,0.39136,10
DES:1435094,1,D1805,52.884792,-28.862623,1.017,10
DES:1439028,1,D1126,36.03923,-3.913589,0.55424,10
DES:1440057,1,D0994,34.911926,-5.799697,0.51228,10
DES:1442085,1,D1381,41.011128,-0.765274,0.63355,10
DES:1443078,1,D1308,40.987976,-1.377496,0.61096,10
DES:1444028,1,D1125,8.950706,-44.084934,0.55372,10
DES:1446080,1,D1818,53.120216,-27.63674,1.13057,10
DES:1447133,1,D0603,53.181614,-27.514706,0.3654,10
DES:1447146,1,D1803,52.081745,-28.358774,1.00009,10
DES:1448122,1,D1196,52.127201,-27.348057,0.57688,10
DES:1449074,1,D0478,54.907246,-26.499651,0.33186,10
DES:1449102,1,D1556,52.779148,-28.679045,0.6983,10
DES:1450026,1,D0576,43.393452,0.151253,0.35831,10
DES:1450127,1,D1268,35.541851,-4.46977,0.60009,10
DES:1450148,1,D0808,7.791373,-42.266014,0.44736,10
DES:1452059,1,D1161,34.452351,-5.653027,0.5642,10
DES:1452065,1,D1409,34.412399,-5.450818,0.64509,10
DES:1456020,1,D1759,36.452423,-4.558056,0.88189,10
DES:1457045,1,D0375,33.866928,-4.531366,0.28848,10
DES:1466032,1,D1191,10.053222,-44.519089,0.57606,10
DES:1469040,1,D0460,42.855026,-0.341719,0.3267,10
DES:1470063,1,D1064,54.089008,-26.589735,0.53547,10
DES:1472020,1,D1049,54.184563,-27.616118,0.53112,10
DES:1473025,1,D1412,53.765209,-29.644449,0.64649,10
DES:1473027,1,D0975,55.320023,-29.310583,0.50566,10
DES:1474020,1,D1078,51.749641,-28.163183,0.54148,10
DES:1479069,1,D0224,8.957246,-43.393559,0.17267,10
DES:1479130,1,D1745,36.016983,-4.789397,0.8624,10
DES:1480038,1,D0489,35.78344,-6.791725,0.33423,10
DES:1484053,1,D0868,10.577676,-43.729729,0.46322,10
DES:1487043,1,D1545,35.876556,-4.564573,0.69226,10
DES:1487055,1,D1221,43.073681,0.784598,0.58196,10
DES:1488029,1,D0906,8.658472,-44.771503,0.47833,10
DES:1488098,1,D1630,36.081322,-4.422522,0.75076,10
DES:1490034,1,D1046,54.876534,-26.649111,0.53002,10
DES:1495047,1,D0712,52.594212,-28.819742,0.41097,10
DES:1498017,1,D1345,7.230369,-43.783501,0.62127,10
DES:1500031,1,D0607,9.203524,-44.139755,0.36606,10
DES:1500076,1,D1264,34.96373,-4.614352,0.59892,10
DES:1500086,1,D1397,34.372517,-5.312849,0.64129,10
DES:1501075,1,D0650,41.564819,-1.428545,0.38373,10
DES:1501097,1,D0781,34.206169,-4.218249,0.43587,10
DES:1501158,1,D1212,8.871173,-44.334114,0.58049,10
DES:1502029,1,D1005,35.138985,-5.626582,0.51797,10
DES:1502065,1,D0352,43.130131,-0.864789,0.27316,10
DES:1502132,1,D1693,36.148766,-4.151669,0.80181,10
DES:1503024,1,D0360,35.107853,-6.385452,0.27694,10
DES:1504096,1,D0976,33.627407,-5.044291,0.50582,10
DES:1504139,1,D1136,51.805798,-27.488939,0.55644,10
DES:1508029,1,D1738,53.325958,-27.864143,0.85279,10
DES:1509040,1,D1526,41.649567,-1.744124,0.68507,10
DES:1511024,1,D0626,40.833492,-0.306812,0.37178,10
DES:1512067,1,D0836,55.255776,-28.718895,0.45394,10
DES:1512101,1,D1178,35.06171,-6.015582,0.56872,10
DES:1514043,1,D1033,34.86018,-6.166523,0.52706,10
DES:1514059,1,D1020,55.14592,-28.627947,0.52427,10
DES:1516019,1,D0738,9.958631,-43.564758,0.42436,10
DES:1519027,1,D0999,35.704727,-7.163075,0.51404,10
DES:1528034,1,D1394,41.438282,-1.612107,0.6389,10
DES:1530098,1,D1097,7.103809,-43.31731,0.54758,10
DES:1530120,1,D0694,34.142292,-5.6371,0.40467,10
DES:1530191,1,D1134,35.990589,-3.685468,0.55584,10
DES:1530193,1,D0214,36.573231,-5.37316,0.14802,10
DES:1531033,1,D1296,8.979524,-44.621147,0.60888,10
DES:1531078,1,D1495,35.899616,-6.848732,0.67713,10
DES:1531089,1,D0381,10.177927,-43.92181,0.29149,10
DES:1531108,1,D0529,34.103203,-4.686732,0.34387,10
DES:1531112,1,D0490,33.822315,-5.316352,0.3347,10
DES:1531113,1,D0849,33.677765,-4.50969,0.45694,10
DES:1531145,1,D0847,35.740257,-4.793823,0.45675,10
DES:1532056,1,D0889,8.121264,-44.128826,0.47273,10
DES:1532057,1,D0967,9.635885,-44.51313,0.50397,10
DES:1533035,1,D1218,35.171822,-4.982737,0.58117,10
DES:1533036,1,D1440,9.204474,-43.156883,0.65325,10
DES:1534078,1,D1316,35.533848,-4.363519,0.61224,10
DES:1535064,1,D1690,37.040596,-5.304894,0.80078,10
DES:1536021,1,D1063,6.62507,-43.462746,0.5341,10
DES:1536026,1,D0794,8.825304,-42.616322,0.44129,10
DES:1536028,1,D0820,8.968451,-43.358021,0.45115,10
DES:1536112,1,D1639,53.059235,-28.28966,0.75888,10
DES:1537020,1,D0699,10.090468,-44.028614,0.40597,10
DES:1537077,1,D1620,53.093514,-27.49415,0.7445,10
DES:1538019,1,D0378,41.773533,-1.736025,0.29069,10
DES:1546021,1,D1390,54.477005,-27.808447,0.63706,10
DES:1547048,1,D1092,35.452587,-6.1008,0.54454,10
DES:1547071,1,D0402,52.68322,-28.84713,0.29911,10
DES:1547086,1,D0356,53.168415,-28.517849,0.27578,10
DES:1548070,1,D1493,53.050964,-27.758246,0.67651,10
DES:1549078,1,D1284,53.956108,-29.754837,0.60558,10
DES:1550021,1,D0246,8.13432,-43.228165,0.20587,10
DES:1550103,1,D1054,53.425472,-28.878401,0.53166,10
DES:1551020,1,D0865,7.181709,-42.200169,0.46283,10
DES:1551083,1,D1694,52.208458,-28.025246,0.80301,10
DES:1551108,1,D1749,35.383957,-4.658808,0.86647,10
DES:1552028,1,D0822,34.482193,-5.541375,0.4518,10
DES:1552143,1,D1640,54.115929,-26.586367,0.75991,10
DES:1555053,1,D1600,53.683285,-26.644318,0.73072,10
DES:1559048,1,D1797,36.981381,-4.575631,0.98,10
DES:1559051,1,D1568,36.109379,-4.250821,0.7051,10
DES:1559124,1,D1438,54.731361,-29.125114,0.65253,10
DES:1559147,1,D1379,37.158913,-4.411767,0.63231,10
DES:1559178,1,D0779,42.992748,0.206595,0.4355,10
DES:1560034,1,D0341,8.615148,-44.210461,0.26891,10
DES:1560099,1,D1506,52.712437,-28.213356,0.68006,10
DES:1562077,1,D0907,53.485966,-28.208237,0.47842,10
DES:1562098,1,D1192,34.776108,-6.165384,0.57618,10
DES:1563063,1,D1577,54.621529,-29.28332,0.71552,10
DES:1564017,1,D1457,6.612682,-42.902992,0.65792,10
DES:1565032,1,D0859,34.179615,-4.95408,0.46097,10
DES:1566028,1,D0448,35.806728,-6.998018,0.32059,10
DES:1567044,1,D0732,54.657242,-28.392786,0.42273,10
DES:1569050,1,D0470,40.875851,-1.923158,0.32988,10
DES:1570024,1,D1110,54.081772,-26.574581,0.55064,10
DES:1574017,1,D1059,7.342099,-43.981133,0.53287,10
DES:1574019,1,D1278,7.090076,-43.54166,0.60433,10
DES:1574028,1,D1452,7.415122,-43.250103,0.65589,10
DES:1574062,1,D1108,36.071629,-7.03464,0.5502,10
DES:1574104,1,D0351,40.412304,-0.686207,0.27304,10
DES:1575019,1,D1435,6.557232,-42.931027,0.65214,10
DES:1575072,1,D1243,35.743038,-6.869674,0.59028,10
DES:1576034,1,D1648,9.62025,-44.509129,0.76675,10
DES:1578063,1,D1399,34.529068,-5.04724,0.64298,10
DES:1578103,1,D0222,41.942383,-1.386431,0.16008,10
DES:1579110,1,D1347,40.968491,-0.866923,0.62217,10
DES:1579146,1,D1695,35.429092,-4.673863,0.80325,10
DES:1581017,1,D1729,51.986,-27.793837,0.83813,10
DES:1581048,1,D0688,54.883518,-27.715591,0.40194,10
DES:1588019,1,D1532,53.405987,-27.74901,0.68766,10
DES:1590044,1,D1373,9.305844,-44.149902,0.62931,10
DES:1590122,1,D1666,54.063477,-28.557043,0.77952,10
DES:1590133,1,D1551,53.607067,-28.308249,0.69362,10
DES:1592028,1,D0456,9.05098,-42.729736,0.3251,10
DES:1592067,1,D1542,41.57222,-0.891894,0.69191,10
DES:1593067,1,D0547,54.871407,-29.8326,0.34776,10
DES:1594042,1,D1339,35.477421,-6.693642,0.61981,10
DES:1595028,1,D0872,35.630413,-6.797608,0.46523,10
DES:1595110,1,D1250,54.846226,-29.236843,0.59269,10
DES:1595118,1,D1772,52.932434,-28.699745,0.90941,10
DES:1595127,1,D1172,53.150955,-28.963417,0.5674,10
DES:1596033,1,D0883,8.389612,-44.28191,0.46937,10
DES:1598039,1,D1349,53.091919,-28.32674,0.62292,10
DES:1599030,1,D0613,8.661484,-44.278481,0.36774,10
DES:1600036,1,D1705,7.331481,-43.519386,0.81396,10
DES:1602033,1,D1302,36.406517,-3.792144,0.60967,10
DES:1617030,1,D1606,53.294018,-28.177277,0.73615,10
DES:1617068,1,D1783,36.283791,-4.507845,0.93075,10
DES:1618036,1,D0669,7.408281,-43.348686,0.39216,10
DES:1618042,1,D0754,52.18623,-28.556389,0.42893,10
DES:1620051,1,D0643,41.023613,-1.86645,0.38251,10
DES:1625037,1,D0443,43.182114,0.791912,0.31863,10
DES:1625059,1,D1252,43.113087,-0.755391,0.59279,10
DES:1632070,1,D0743,35.710873,-6.952402,0.42513,10
DES:1634024,1,D1194,34.281559,-4.872537,0.57629,10
DES:1635042,1,D1141,8.290318,-43.226593,0.55833,10
DES:1636043,1,D1075,9.855684,-43.611569,0.53944,10
DES:1636093,1,D0903,8.546782,-42.989124,0.47782,10
DES:1638030,1,D0623,41.714397,-1.379116,0.37136,10
DES:1639025,1,D1470,10.120909,-43.370361,0.6619,10
DES:1641173,1,D0797,36.320602,-4.489731,0.44364,10
DES:1641279,1,D0276,7.792492,-42.662983,0.22398,10
DES:1641288,1,D1095,8.136711,-43.753716,0.54529,10
DES:1641368,1,D1289,37.248722,-4.295353,0.60706,10
DES:1642117,1,D1702,35.741726,-4.496129,0.81237,10
DES:1642138,1,D1464,54.310532,-26.419895,0.65971,10
DES:1642158,1,D1531,40.509708,-0.532766,0.687,10
DES:1642178,1,D1529,52.388535,-28.350605,0.68673,10
DES:1643063,1,D1186,34.191608,-5.719122,0.57188,10
DES:1643213,1,D1449,52.805611,-28.241674,0.65526,10
DES:1643312,1,D0516,55.241985,-28.717827,0.34037,10
DES:1643313,1,D0663,54.514488,-29.538906,0.39044,10
DES:1643316,1,D1104,53.841248,-29.68788,0.54894,10
DES:1643338,1,D1174,35.860195,-4.512352,0.56788,10
DES:1644061,1,D1318,52.847565,-28.881445,0.61287,10
DES:1644163,1,D1153,41.037304,-1.175506,0.56202,10
DES:1644180,1,D1312,51.558086,-28.233629,0.61154,10
DES:1644211,1,D0851,9.110494,-43.358231,0.45743,10
DES:1644213,1,D1094,7.963182,-43.70105,0.54509,10
DES:1644290,1,D1071,53.656052,-29.562813,0.5373,10
DES:1645125,1,D0799,35.159782,-5.767457,0.44419,10
DES:1645145,1,D1718,35.776611,-4.949656,0.82627,10
DES:1645158,1,D0588,54.691826,-27.787437,0.36048,10
DES:1645195,1,D1029,41.268093,-1.604364,0.5258,10
DES:1645208,1,D1555,52.949165,-29.020193,0.69516,10
DES:1646092,1,D1587,54.967693,-28.979473,0.7207,10
DES:1647048,1,D1574,34.744873,-5.13904,0.70882,10
DES:1650024,1,D0420,34.649418,-5.065942,0.30994,10
DES:1652139,1,D1668,53.220951,-28.031702,0.78266,10
DES:1653101,1,D0471,53.505249,-28.644556,0.33,10
DES:1654105,1,D1157,53.071022,-28.529701,0.56271,10
DES:1655086,1,D0751,51.794292,-28.319025,0.42781,10
DES:1656029,1,D0294,41.034119,-0.76333,0.2348,10
DES:1658072,1,D0546,53.864689,-28.618582,0.34721,10
DES:1659022,1,D0409,36.122452,-7.080552,0.30317,10
DES:1659122,1,D1007,54.53492,-27.754091,0.51872,10
DES:1660018,1,D0773,36.2099,-5.864362,0.43435,10
DES:1662023,1,D0431,35.454948,-6.451896,0.31268,10
DES:1673068,1,D1039,53.431774,-27.463429,0.52779,10
DES:1674022,1,D1276,35.210766,-4.301476,0.60262,10
DES:1682020,1,D0268,8.463544,-42.618359,0.21924,10
DES:1692030,1,D1610,36.156723,-4.238164,0.73802,10
DES:1697026,1,D0326,36.702118,-5.116044,0.26046,10
DES:1697027,1,D0979,36.736363,-5.392435,0.50621,10
DES:1699105,1,D0873,54.708187,-28.239918,0.4659,10
DES:1700105,1,D1645,52.415016,-28.440306,0.76518,10
DES:1700109,1,D1615,52.432846,-27.649979,0.74119,10
DES:1701088,1,D1592,55.073906,-28.443201,0.72403,10
DES:1702083,1,D0660,55.036106,-29.200348,0.38884,10
DES:1702096,1,D0659,53.458302,-29.470303,0.38809,10
DES:1702112,1,D0897,53.606587,-28.116587,0.47547,10
DES:1703026,1,D0598,40.982197,-0.732837,0.3639,10
DES:1703072,1,D0943,53.82391,-26.152575,0.49417,10
DES:1719037,1,D0705,54.677372,-29.447645,0.40746,10
DES:1721068,1,D0390,53.32127,-28.890017,0.29376,10
DES:1723034,1,D0509,54.346748,-27.856699,0.33784,10
DES:1770206,1,D1225,9.625751,-44.420441,0.58411,10
DES:1770225,1,D1216,36.714123,-4.196984,0.58074,10
DES:1770254,1,D1604,36.174473,-4.716605,0.7348,10
DES:1770386,1,D0614,9.657095,-44.625248,0.36795,10
DES:1770442,1,D0541,33.758072,-5.516199,0.34578,10
DES:1770487,1,D1068,35.067463,-5.240982,0.53644,10
DES:1770639,1,D0226,35.444363,-6.510149,0.17623,10
DES:1770680,1,D1297,35.368549,-6.464255,0.60911,10
DES:1770702,1,D0513,41.891331,-1.116122,0.33846,10
DES:1773049,1,D0556,10.422538,-44.600613,0.35023,10
DES:1773078,1,D0346,9.78972,-43.244484,0.27142,10
DES:1773189,1,D1200,36.169071,-5.408982,0.57744,10
DES:1773237,1,D0666,7.16946,-43.127178,0.39186,10
DES:1773339,1,D0369,8.747007,-44.425732,0.28417,10
DES:1776135,1,D0531,33.962441,-5.516555,0.3441,10
DES:1776304,1,D0838,40.803799,-1.508133,0.4541,10
DES:1776329,1,D0739,41.586315,-1.120459,0.42445,10
DES:1777122,1,D0840,34.058304,-4.097035,0.45429,10
DES:1777124,1,D0417,34.096325,-3.997783,0.30743,10
DES:1777216,1,D1193,42.5607,0.232952,0.57626,10
DES:1778026,1,D1753,52.743168,-28.629776,0.87344,10
DES:1780045,1,D0307,55.173668,-29.151709,0.24283,10
DES:1780122,1,D0986,10.287381,-43.286667,0.50987,10
DES:1780287,1,D1023,34.857613,-4.540713,0.52494,10
DES:1782065,1,D0245,54.268028,-29.632284,0.20173,10
DES:1783052,1,D0908,8.791119,-43.539066,0.47852,10
DES:1784110,1,D0858,34.767456,-4.11838,0.45993,10
DES:1790098,1,D0671,8.477973,-43.641621,0.39298,10
DES:1791048,1,D0251,54.440933,-27.145966,0.21094,10
DES:1791116,1,D0427,9.085548,-44.539425,0.31193,10
DES:1792093,1,D0359,36.492077,-3.890224,0.27659,10
DES:1795052,1,D1503,36.358864,-5.184104,0.67924,10
DES:1797044,1,D0874,35.80064,-5.055236,0.4667,10
DES:1810037,1,D0952,7.220616,-43.254185,0.4965,10
DES:1810087,1,D1145,54.615967,-29.858679,0.55943,10
DES:1810236,1,D0755,53.537632,-27.44986,0.42926,10
DES:1810306,1,D1398,43.102554,-0.521147,0.6413,10
DES:1811099,1,D0928,55.296959,-29.435276,0.49007,10
DES:1812092,1,D1334,53.032642,-27.943522,0.6187,10
DES:1815065,1,D0209,43.229248,0.18329,0.13537,10
DES:1817265,1,D1758,52.050282,-28.3801,0.87998,10
DES:1817269,1,D1047,52.228951,-28.005026,0.53009,10
DES:1826039,1,D1730,52.910095,-27.696438,0.83916,10
DES:1833067,1,D1133,9.696743,-44.27359,0.55577,10
DES:1833321,1,D1357,53.790127,-27.254196,0.6248,10
DES:1833339,1,D0207,54.653015,-27.661984,0.13051,10
DES:1833468,1,D1670,36.869011,-4.970802,0.78375,10
DES:1833564,1,D1446,52.822266,-27.666786,0.65461,10
DES:1834104,1,D0303,54.906273,-27.837975,0.23928,10
DES:1835110,1,D0539,54.590889,-28.885368,0.3455,10
DES:1837096,1,D0637,55.002415,-26.924477,0.37937,10
DES:1839117,1,D1288,37.362591,-4.74307,0.60674,10
DES:1840041,1,D0302,35.022488,-4.16115,0.23891,10
DES:1842087,1,D1816,53.078579,-27.707424,1.08349,10
DES:1847028,1,D1209,40.804569,-0.200573,0.58021,10
DES:1847079,1,D0472,43.356792,0.404488,0.33041,10
DES:1847100,1,D0636,36.01508,-6.271034,0.3789,10
DES:1847148,1,D0980,41.761555,-1.378048,0.50631,10
DES:1847151,1,D0703,41.519859,-0.93914,0.40684,10
DES:1847165,1,D0658,41.00314,-1.140671,0.38748,10
DES:1847216,1,D0909,36.167896,-6.894193,0.47905,10
DES:1847303,1,D0910,36.655132,-3.639226,0.47964,10
DES:1848053,1,D0421,35.944237,-5.700996,0.31016,10
DES:1848092,1,D1233,42.449226,0.131475,0.5877,10
DES:1848198,1,D0584,41.502583,-0.927966,0.36021,10
DES:1849051,1,D0414,36.421097,-6.704932,0.30546,10
DES:1849109,1,D1353,35.525955,-5.678954,0.62398,10
DES:1849244,1,D1197,34.769779,-6.160843,0.57697,10
DES:1849276,1,D1325,36.269764,-3.84094,0.61412,10
DES:1850045,1,D0435,8.291803,-42.122124,0.31314,10
DES:1850154,1,D1175,52.697018,-28.675591,0.56823,10
DES:1854103,1,D0875,54.290012,-28.73485,0.4668,10
DES:1856065,1,D1676,36.902603,-4.634946,0.78892,10
DES:1860025,1,D0296,8.479925,-42.09383,0.23532,10
DES:1861124,1,D0412,43.355766,0.732463,0.30511,10
DES:1861164,1,D0774,53.776661,-27.3018,0.43446,10
DES:1861178,1,D0380,34.34734,-4.237392,0.29093,10
DES:1861210,1,D1082,53.857864,-29.704573,0.54229,10
DES:1861451,1,D1667,36.758095,-5.481236,0.78049,10
DES:1861472,1,D1728,35.786881,-4.196468,0.83776,10
DES:1861474,1,D1534,36.837822,-4.352731,0.68966,10
DES:1862039,1,D0372,42.256294,0.393121,0.28699,10
DES:1862183,1,D0812,54.030205,-27.823437,0.44864,10
DES:1864046,1,D1625,52.431057,-28.635309,0.7487,10
DES:1864053,1,D0199,35.559223,-4.142312,0.09333,10
DES:1864084,1,D1281,35.890801,-5.23655,0.60535,10
DES:1867019,1,D0271,8.633057,-42.893463,0.22101,10
DES:1871017,1,D0502,54.025879,-27.746033,0.3372,10
DES:1871023,1,D0216,53.913403,-27.527689,0.1484,10
DES:1872097,1,D1735,52.090488,-27.373283,0.84132,10
DES:1876204,1,D0987,52.900402,-27.945885,0.51008,10
DES:1876263,1,D1411,7.079396,-42.552193,0.64639,10
DES:1876287,1,D1165,8.322135,-43.951634,0.56445,10
DES:1876301,1,D1270,7.302457,-42.072372,0.60073,10
DES:1876304,1,D1518,8.379971,-43.616207,0.68233,10
DES:1876305,1,D1069,7.448677,-42.036743,0.53667,10
DES:1876308,1,D0727,9.107766,-43.787014,0.42147,10
DES:1876421,1,D0527,34.837959,-6.329447,0.34313,10
DES:1876431,1,D0871,35.836479,-6.390174,0.46482,10
DES:1876462,1,D1732,36.788052,-4.333496,0.83954,10
DES:1876533,1,D0927,36.780487,-4.078004,0.48981,10
DES:1876731,1,D1084,54.429909,-26.697151,0.54291,10
DES:1878148,1,D0277,43.070988,0.886,0.22453,10
DES:1878288,1,D0920,54.898056,-28.903999,0.48449,10
DES:1878334,1,D0587,41.938919,-0.508446,0.36044,10
DES:1878335,1,D1159,34.878243,-5.335891,0.56371,10
DES:1878612,1,D1408,8.84179,-44.720795,0.64488,10
DES:1878692,1,D1762,36.651753,-4.789342,0.8845,10
DES:1878719,1,D0852,43.562389,0.202577,0.45753,10
DES:1878756,1,D1120,36.122387,-4.555696,0.55294,10
DES:1879187,1,D1248,42.427391,0.452722,0.59157,10
DES:1879188,1,D1415,42.174973,0.280719,0.64727,10
DES:1879208,1,D0237,54.109879,-27.698069,0.19471,10
DES:1879256,1,D0313,7.782153,-43.465099,0.24936,10
DES:1879263,1,D0862,8.531395,-42.9744,0.46192,10
DES:1879412,1,D1713,35.774647,-4.46905,0.81984,10
DES:1879414,1,D0661,36.19899,-5.209655,0.38889,10
DES:1879426,1,D0283,52.474308,-27.6173,0.22941,10
DES:1879483,1,D1756,36.244572,-4.231886,0.87565,10
DES:1879532,1,D0632,6.966269,-42.884419,0.37719,10
DES:1879649,1,D0206,54.78249,-26.191349,0.11979,10
DES:1880304,1,D0800,54.742741,-30.03557,0.44419,10
DES:1880429,1,D0954,41.663216,-1.377551,0.49707,10
DES:1880486,1,D1383,41.258328,-1.713837,0.63407,10
DES:1880513,1,D1407,41.812069,-1.588004,0.64458,10
DES:1880545,1,D1112,6.722732,-43.155621,0.55111,10
DES:1880632,1,D0697,36.659142,-4.481314,0.40538,10
DES:1880686,1,D0436,53.438702,-26.467533,0.31406,10
DES:1881037,1,D1646,52.818489,-28.881416,0.76584,10
DES:1882097,1,D0912,41.389313,-1.427397,0.47992,10
DES:1883111,1,D0766,7.750012,-42.812721,0.43278,10
DES:1883166,1,D0998,35.622223,-7.145199,0.51351,10
DES:1887027,1,D0254,53.796448,-28.530863,0.21303,10
DES:1889022,1,D0990,8.166656,-42.710678,0.51127,10
DES:1889090,1,D0996,41.393227,-1.192052,0.5129,10
DES:1889155,1,D1665,37.369804,-4.893509,0.77826,10
DES:1889211,1,D0869,53.913559,-26.665564,0.46351,10
DES:1889226,1,D1251,53.286949,-27.345255,0.59276,10
DES:1890041,1,D1439,7.102272,-43.558384,0.65258,10
DES:1890212,1,D1596,36.72501,-4.732671,0.72776,10
DES:1891030,1,D1322,6.873194,-43.114471,0.61377,10
DES:1891055,1,D1571,7.262643,-42.372257,0.70652,10
DES:1891070,1,D1683,8.467662,-43.945278,0.79348,10
DES:1891082,1,D1102,34.150803,-5.182066,0.54871,10
DES:1891107,1,D1366,34.546135,-5.661133,0.62735,10
DES:1891147,1,D0453,36.062504,-6.914837,0.32274,10
DES:1891261,1,D0974,54.20298,-27.677126,0.50558,10
DES:1891266,1,D1572,52.335201,-27.587145,0.70836,10
DES:1892072,1,D1782,53.043118,-28.288332,0.92838,10
DES:1892103,1,D0335,36.07621,-6.136014,0.26584,10
DES:1892149,1,D1395,42.955013,-0.077303,0.64025,10
DES:1892217,1,D0707,54.639729,-26.261179,0.40897,10
DES:1894320,1,D1582,53.220326,-29.139048,0.7188,10
DES:1895036,1,D0823,7.389949,-43.239986,0.45194,10
DES:1895233,1,D1181,52.269379,-28.402449,0.57035,10
DES:1896111,1,D0933,35.715912,-4.917531,0.49243,10
DES:1896164,1,D0724,36.693897,-5.518777,0.42068,10
DES:1896213,1,D1530,52.232731,-27.124613,0.68688,10
DES:1896244,1,D1247,54.96743,-29.465937,0.59156,10
DES:1896254,1,D1118,53.941498,-29.664419,0.55283,10
DES:1897267,1,D0445,53.318344,-27.697027,0.3192,10
DES:1898053,1,D1706,10.00567,-44.380779,0.81485,10
DES:1898108,1,D0993,35.840302,-6.27676,0.51204,10
DES:1898252,1,D1622,54.96339,-29.832905,0.74571,10
DES:1899029,1,D1355,33.891094,-4.486261,0.62411,10
DES:1899065,1,D1098,7.076638,-43.318283,0.54762,10
DES:1899158,1,D1416,35.008797,-6.525691,0.64747,10
DES:1899442,1,D0762,52.351849,-29.061256,0.43144,10
DES:1900124,1,D1527,35.68721,-6.146823,0.68533,10
DES:1900662,1,D0810,9.38458,-44.352974,0.44791,10
DES:1900801,1,D1388,52.465889,-27.72867,0.63579,10
DES:1900856,1,D1593,54.840584,-28.397078,0.72416,10
DES:1900865,1,D0837,52.213635,-28.306494,0.45405,10
DES:1901059,1,D0314,34.972672,-4.147715,0.25126,10
DES:1901115,1,D0400,35.546139,-6.515815,0.29874,10
DES:1901241,1,D1514,42.387486,-0.460279,0.68144,10
DES:1901257,1,D1011,36.371246,-4.74847,0.51978,10
DES:1901375,1,D1810,53.285568,-27.518358,1.03222,10
DES:1901738,1,D0884,35.005653,-5.347627,0.46975,10
DES:1901798,1,D0898,35.139481,-6.560535,0.47577,10
DES:1901803,1,D0961,35.980125,-5.778964,0.50262,10
DES:1901832,1,D1775,36.462322,-4.694942,0.91696,10
DES:1901899,1,D1801,53.39732,-28.121212,0.98846,10
DES:1902212,1,D0367,52.719814,-28.292896,0.28169,10
DES:1904061,1,D1352,34.67675,-5.058645,0.62336,10
DES:1904092,1,D0616,8.889744,-44.363632,0.36798,10
DES:1904152,1,D0792,36.346935,-5.176847,0.44025,10
DES:1904182,1,D1647,36.854843,-3.899746,0.76657,10
DES:1904287,1,D1561,52.376122,-27.3277,0.69904,10
DES:1904293,1,D0802,52.383972,-27.142532,0.44623,10
DES:1904300,1,D1773,51.897926,-28.673559,0.91082,10
DES:1904321,1,D1314,54.884167,-28.828045,0.61177,10
DES:1904352,1,D1402,55.094036,-27.367657,0.64337,10
DES:1905127,1,D1480,36.025688,-6.773031,0.66579,10
DES:1905171,1,D0408,40.313137,-1.070996,0.30307,10
DES:1905184,1,D0846,36.01672,-4.411875,0.45587,10
DES:1905244,1,D0595,36.33979,-4.414419,0.36176,10
DES:1906545,1,D1100,36.092056,-5.413166,0.54806,10
DES:1908380,1,D0784,10.174138,-44.01984,0.43668,10
DES:1908493,1,D1501,36.822521,-4.20413,0.67829,10
DES:1909346,1,D0775,35.921284,-4.806527,0.43448,10
DES:1909375,1,D0504,52.875687,-28.241541,0.33753,10
DES:1910032,1,D1476,7.548373,-43.084602,0.66455,10
DES:1910065,1,D1203,9.37824,-44.13464,0.57875,10
DES:1910132,1,D0331,37.114605,-4.355336,0.26271,10
DES:1912020,1,D1127,53.489815,-27.37941,0.55436,10
DES:1912066,1,D1754,52.743038,-28.629389,0.87344,10
DES:1912110,1,D1073,9.546119,-44.113182,0.53763,10
DES:1912270,1,D1748,52.740223,-27.782036,0.86642,10
DES:1913214,1,D0439,35.648541,-6.468725,0.31615,10
DES:1915067,1,D0850,9.0394,-44.052143,0.45699,10
DES:1915087,1,D1149,9.16065,-44.221272,0.56104,10
DES:1915184,1,D1021,36.577454,-4.300878,0.5246,10
DES:1916124,1,D0760,34.323231,-4.700692,0.43071,10
DES:1916143,1,D0835,35.387451,-5.62136,0.45362,10
DES:1916193,1,D1359,36.129704,-4.582554,0.62565,10
DES:1916207,1,D0706,41.082073,-1.461901,0.40841,10
DES:1918076,1,D0620,36.165424,-3.747389,0.36966,10
DES:1919017,1,D0264,8.803614,-42.932846,0.21849,10
DES:1919042,1,D0550,10.683893,-44.227409,0.34814,10
DES:1920362,1,D0682,55.186176,-29.210409,0.39835,10
DES:1920365,1,D0604,53.765621,-28.693724,0.36549,10
DES:1920457,1,D1451,42.365753,0.957666,0.65573,10
DES:1921033,1,D0297,41.598324,-0.678196,0.23707,10
DES:1921361,1,D0535,54.858913,-28.851629,0.34459,10
DES:1922067,1,D0241,34.866436,-4.913189,0.19771,10
DES:1922297,1,D0765,9.538504,-44.475212,0.43225,10
DES:1922405,1,D1003,55.197037,-28.663765,0.51619,10
DES:1923060,1,D0642,34.833687,-5.172581,0.38247,10
DES:1923155,1,D0668,51.865669,-28.515791,0.39201,10
DES:1923415,1,D0594,43.703606,-0.112594,0.36161,10
DES:1924089,1,D0867,35.111401,-6.761839,0.46299,10
DES:1924103,1,D0870,35.111343,-7.163319,0.4638,10
DES:1924188,1,D1811,53.142597,-27.652058,1.04136,10
DES:1925122,1,D0644,40.604702,-0.707119,0.38274,10
DES:1927203,1,D1508,54.053337,-26.959662,0.68069,10
DES:1927242,1,D0309,10.18268,-43.410336,0.24576,10
DES:1927254,1,D1217,53.746296,-28.37928,0.58091,10
DES:1928108,1,D1428,37.023087,-5.016444,0.6508,10
DES:1928157,1,D1089,35.089123,-5.697155,0.54379,10
DES:1929022,1,D1634,54.778015,-26.572331,0.75356,10
DES:1929024,1,D0438,53.819077,-27.822889,0.31564,10
DES:1929034,1,D1292,53.499516,-26.843517,0.60827,10
DES:1929063,1,D0273,8.102139,-43.557648,0.22211,10
DES:1929216,1,D0497,34.72572,-4.049554,0.33584,10
DES:1933035,1,D0517,8.857088,-42.933727,0.34105,10
DES:1933168,1,D0776,54.590649,-28.045193,0.43495,10
DES:1933196,1,D1629,54.314098,-29.233385,0.75011,10
DES:1934253,1,D1072,52.328941,-28.770075,0.53739,10
DES:1935095,1,D1802,36.690754,-4.445844,0.99268,10
DES:1935471,1,D0567,35.814682,-6.134885,0.35433,10
DES:1936125,1,D1766,52.954872,-28.32342,0.8953,10
DES:1936171,1,D0893,54.335171,-28.637129,0.47336,10
DES:1936215,1,D1305,43.189312,0.60002,0.61011,10
DES:1936293,1,D1723,52.39399,-28.687922,0.83168,10
DES:1937078,1,D0843,34.742367,-4.688433,0.45525,10
DES:1942106,1,D1170,54.805519,-29.841822,0.56584,10
DES:1943111,1,D0437,52.310192,-27.162636,0.31562,10
DES:1945100,1,D1477,52.614922,-27.399656,0.6646,10
DES:1945116,1,D1093,54.095974,-28.71995,0.54469,10
DES:1946246,1,D1731,53.033478,-28.376627,0.83936,10
DES:1946322,1,D1244,54.696533,-29.998207,0.59043,10
DES:1948209,1,D0638,52.552559,-28.832602,0.37942,10
DES:1948295,1,D1669,54.696991,-29.77701,0.78324,10
DES:1948484,1,D0533,35.975361,-3.851214,0.34436,10
DES:1950043,1,D1533,54.209644,-27.262026,0.68828,10
DES:1952075,1,D1569,37.02243,-5.031539,0.70525,10
DES:1959025,1,D1311,54.472778,-28.942347,0.61137,10
DES:1968046,1,D0348,54.753372,-26.418161,0.27255,10
DES:2001ah,1,D0163,167.62425,55.16083,0.05886,63
DES:2001az,1,D0111,248.61546,76.02967,0.04101,63
DES:2001eh,1,D0091,24.55042,41.65522,0.03725,63
DES:2002hd,1,D0050,133.51412,-7.18931,0.03134,63
DES:2002he,1,D0005,124.99512,62.82033,0.02519,63
DES:2002hu,1,D0090,34.58358,37.46633,0.03705,63
DES:2003ch,1,D0031,109.49133,9.69303,0.02919,63
DES:2003cq,1,D0073,179.05904,60.52197,0.03378,63
DES:2003fa,1,D0106,266.03217,40.881,0.04056,63
DES:2003ic,1,D0147,10.45929,-9.30528,0.05126,63
DES:2003it,1,D0001,1.45196,27.45267,0.0251,63
DES:2003iv,1,D0079,42.53021,12.84625,0.03491,63
DES:2003kc,1,D0078,146.643,30.65528,0.03479,63
DES:2003u,1,D0021,260.69025,62.164,0.02833,63
DES:2004as,1,D0066,171.41325,22.83039,0.03296,63
DES:2004ef,1,D0040,340.54175,19.99456,0.03012,64
DES:2004gc,1,D0061,80.45812,6.67603,0.03267,5
DES:2004gs,1,D0025,129.59658,17.62772,0.02857,5
DES:2004gu,1,D0128,191.603,11.94892,0.04664,5
DES:2004l,1,D0072,156.76712,16.01869,0.03373,63
DES:2005eq,1,D0020,47.20546,-7.03325,0.02823,64
DES:2005eu,1,D0081,36.93025,28.17683,0.03516,64
DES:2005hc,1,D0122,29.199791,-0.21372,0.04575,64
DES:2005hj,1,D0160,21.701672,-1.238135,0.05708,64
DES:2005iq,1,D0070,359.63542,-18.70917,0.03341,64
DES:2005ir,1,D0191,19.18251,0.794628,0.0752,64
DES:2005ku,1,D0120,344.927528,-0.01373,0.04439,5
DES:2005lz,1,D0127,32.70733,34.98283,0.04643,64
DES:2005m,1,D0011,144.38483,23.20075,0.02598,64
DES:2005ms,1,D0013,132.30975,36.12997,0.02669,64
DES:2005na,1,D0019,105.40258,14.13325,0.02748,64
DES:2006al,1,D0176,159.86775,5.18342,0.06886,64
DES:2006az,1,D0056,183.06117,56.17939,0.03201,64
DES:2006bu,1,D0197,208.19921,5.31372,0.08478,64
DES:2006cf,1,D0112,163.51075,46.02675,0.04268,64
DES:2006cq,1,D0139,201.10458,30.95631,0.04944,64
DES:2006gr,1,D0075,338.09446,30.82869,0.03428,64
DES:2006is,1,D0045,79.39321,-23.78172,0.03071,64
DES:2006lu,1,D0153,138.82346,-25.60008,0.05346,5
DES:2006mo,1,D0089,11.66062,36.33272,0.03702,64
DES:2006oa,1,D0167,320.928932,-0.843469,0.06153,64
DES:2006ob,1,D0161,27.9506,0.263312,0.05824,64
DES:2006on,1,D0181,328.993702,-1.070198,0.07089,64
DES:2006py,1,D0158,340.425196,-0.136905,0.05653,5
DES:2006qo,1,D0028,120.03488,56.36881,0.02898,64
DES:2006s,1,D0074,191.41292,35.08678,0.03393,64
DES:2006te,1,D0065,122.92912,41.55467,0.0329,64
DES:2007ae,1,D0170,255.46646,79.03183,0.06533,64
DES:2007bd,1,D0049,127.88867,-1.19944,0.0312,64
DES:2007co,1,D0016,275.765,29.89711,0.02731,64
DES:2007cq,1,D0002,333.66846,5.08025,0.0251,64
DES:2007hu,1,D0083,254.12483,27.97789,0.03551,65
DES:2007is,1,D0027,251.81079,40.24358,0.02866,65
DES:2007jg,1,D0095,52.461727,0.056828,0.03756,5
DES:2007kh,1,D0142,48.80042,43.17028,0.05032,65
DES:2007kk,1,D0113,55.59692,39.24178,0.04285,65
DES:2007nq,1,D0116,14.38987,-1.38861,0.04349,65
DES:2007o,1,D0098,224.02158,45.40469,0.03818,64
DES:2007ob,1,D0057,348.10829,13.91369,0.03243,65
DES:2007r,1,D0054,116.65637,44.78947,0.03174,64
DES:2007su,1,D0017,334.787,13.17786,0.0274,65
DES:2007sw,1,D0004,183.40367,46.49336,0.02517,65
DES:2007ux,1,D0059,152.33325,14.99244,0.03264,65
DES:2008050,1,D0125,204.19829,5.14178,0.04625,65
DES:2008051,1,D0101,229.9955,4.90464,0.03873,65
DES:2008ar,1,D0023,186.158,10.83817,0.02849,65
DES:2008bz,1,D0165,189.74058,11.1295,0.06099,65
DES:2008cf,1,D0129,211.88567,-26.55183,0.04682,65
DES:2008fr,1,D0099,17.95475,14.64083,0.03828,65
DES:2008gb,1,D0097,44.48804,46.86572,0.03796,65
DES:2008gl,1,D0062,20.22842,4.80531,0.03272,65
DES:2008gp,1,D0068,50.75304,1.36189,0.03333,5
DES:2008hj,1,D0088,1.00796,-11.16875,0.03682,65
DES:2008y,1,D0178,169.87737,54.46283,0.07056,65
DES:2009ad,1,D0022,75.88908,6.65992,0.02844,65
DES:2009bv,1,D0100,196.83529,35.78439,0.03848,65
DES:2009do,1,D0110,188.74312,50.85122,0.04099,65
DES:2010ag,1,D0069,255.97346,31.50172,0.03335,66
DES:2010dt,1,D0152,250.81117,32.67511,0.05316,66
DES:2010dw,1,D0103,230.66796,-5.92108,0.03902,66
DES:2016afk,1,D0131,155.624551,15.09661,0.04738,150
DES:2016aj,1,D0173,70.602539,-21.724373,0.06725,150
DES:2016aqb,1,D0168,170.49333,-13.98367,0.06384,150
DES:2016ayg,1,D0117,112.572436,25.032055,0.04349,150
DES:2016cor,1,D0145,236.13008,16.303511,0.05066,150
DES:2016cvv,1,D0119,290.120165,54.208686,0.04438,150
DES:2016cvw,1,D0096,341.553308,10.558845,0.03787,150
DES:2016cyt,1,D0044,317.399304,15.125497,0.03059,150
DES:2016esh,1,D0123,241.059778,16.690242,0.04583,150
DES:2016ews,1,D0126,225.65234,23.352818,0.04631,150
DES:2016glp,1,D0196,354.058317,23.69597,0.0841,150
DES:2016glz,1,D0107,1.47323,8.430188,0.04077,150
DES:2016gmb,1,D0162,8.686078,-6.158891,0.0583,150
DES:2016gmg,1,D0137,320.924302,33.114734,0.04865,150
DES:2016grz,1,D0198,28.887355,33.822918,0.08704,150
DES:2016gsu,1,D0192,17.102448,21.151623,0.07575,150
DES:2016hhv,1,D0166,353.95205,20.70881,0.06121,150
DES:2016hns,1,D0093,324.921046,24.406491,0.0374,150
DES:2016hpx,1,D0063,90.81938,-26.898583,0.03282,150
DES:2016htm,1,D0114,38.010893,-26.665947,0.04289,150
DES:2016htn,1,D0149,32.871063,-16.510228,0.05222,150
DES:2016ixf,1,D0172,159.935681,15.034696,0.06711,150
DES:2017cfc,1,D0003,208.16249,-2.002217,0.02512,150
DES:2017cii,1,D0064,248.332828,23.731273,0.03289,150
DES:2017cjv,1,D0164,152.690199,-3.777521,0.06092,150
DES:2017ckx,1,D0026,117.045391,28.230711,0.02858,150
DES:2017coa,1,D0109,132.480332,56.099045,0.04095,150
DES:2017cpu,1,D0156,211.968898,9.642034,0.05502,150
DES:2017hn,1,D0009,196.914215,6.337602,0.02557,150
DES:2017lm,1,D0042,45.384899,-15.015963,0.03031,150
DES:2017mf,1,D0012,214.129418,39.586353,0.02598,150
DES:2017ms,1,D0010,156.67644,36.680529,0.02591,150
DES:2017ns,1,D0024,42.293224,14.600795,0.02849,150
DES:2017oz,1,D0157,211.673083,30.318828,0.05614,150
DES:2017po,1,D0058,240.965499,39.990077,0.03255,150
DES:2017wb,1,D0048,165.331246,70.664925,0.03117,150
DES:2017yk,1,D0130,146.13246,-12.308159,0.04691,150
DES:2017zd,1,D0037,203.175618,-21.801073,0.02969,150
DES:asassn-15bc,1,D0094,61.560987,-8.88561,0.03753,150
DES:asassn-15fa,1,D0018,257.441766,62.974304,0.02741,150
DES:asassn-15hg,1,D0051,148.452399,9.1939,0.03143,150
DES:asassn-15jl,1,D0080,230.671101,50.976641,0.03512,150
DES:asassn-15la,1,D0029,213.21338,35.711184,0.02902,150
DES:asassn-15lu,1,D0087,200.3037,40.265739,0.03635,150
DES:asassn-15mf,1,D0014,213.594775,2.97552,0.02695,150
DES:asassn-15np,1,D0102,226.510788,7.561464,0.03884,150
DES:asassn-15nq,1,D0041,259.330106,33.462101,0.03023,150
DES:asassn-15pm,1,D0136,24.650403,-4.6798,0.04837,150
DES:asassn-15pn,1,D0104,60.85976,-5.492007,0.03909,150
DES:asassn-15pr,1,D0060,346.664539,-12.572771,0.03264,150
DES:asassn-15ss,1,D0085,93.139106,-14.257483,0.03599,150
DES:asassn-15tg,1,D0082,5.170989,25.229048,0.03529,150
DES:asassn-16aj,1,D0035,65.450896,-15.755359,0.02953,150
DES:asassn-16ay,1,D0032,108.059415,7.239544,0.02938,150
DES:asassn-16bc,1,D0067,181.357495,-21.400446,0.03298,150
DES:asassn-16bq,1,D0006,212.860434,1.285972,0.02534,150
DES:asassn-16br,1,D0036,236.376231,-13.152811,0.02956,150
DES:asassn-16ct,1,D0115,228.476312,4.757256,0.04306,150
DES:asassn-16db,1,D0092,167.357227,29.573201,0.0373,150
DES:asassn-16dw,1,D0076,202.503228,-27.973939,0.03437,150
DES:asassn-16fo,1,D0043,203.149166,-5.272513,0.03036,150
DES:asassn-16fs,1,D0034,221.776669,11.59492,0.02944,150
DES:asassn-16hc,1,D0148,209.768368,33.139016,0.05151,150
DES:asassn-16hr,1,D0046,336.38237,38.984358,0.03083,150
DES:asassn-16oz,1,D0055,135.055632,-13.633959,0.03192,150
DES:asassn-17at,1,D0015,174.640347,25.397128,0.02713,150
DES:asassn-17eb,1,D0143,234.641762,13.34778,0.05044,150
DES:atlas16agv,1,D0135,250.290312,50.972448,0.04819,150
DES:atlas16bwu,1,D0182,18.59275,-13.15309,0.07091,150
DES:atlas17ajn,1,D0038,176.110698,-28.457445,0.02978,150
DES:atlas17ajs,1,D0077,171.977219,27.34584,0.03451,150
DES:atlas17axb,1,D0052,205.846914,-19.943651,0.03143,150
DES:css160129,1,D0175,115.123359,10.933302,0.06844,150
DES:css160428,1,D0053,200.780011,52.649075,0.03148,150
DES:gaia16acv,1,D0194,179.957435,54.802153,0.07859,150
DES:gaia16agf,1,D0000,98.537349,-25.1846,0.02509,150
DES:gaia16aki,1,D0189,239.794039,14.641615,0.07393,150
DES:gaia16bba,1,D0039,15.398037,17.101263,0.0299,150
DES:masterj0134,1,D0118,23.562693,-17.812061,0.04369,150
DES:ps15ahs,1,D0007,269.87404,43.390097,0.02534,150
DES:ps15aii,1,D0133,191.189753,9.759673,0.04777,150
DES:ps15asb,1,D0140,215.084663,-9.300908,0.04989,150
DES:ps15atx,1,D0186,195.82739,-23.065799,0.07252,150
DES:ps15bbn,1,D0086,315.989638,13.368401,0.03624,150
DES:ps15bdr,1,D0183,253.705907,36.725196,0.07116,150
DES:ps15bif,1,D0193,305.073991,-23.743529,0.07845,150
DES:ps15bjg,1,D0174,343.79343,-0.410242,0.06786,150
DES:ps15brr,1,D0144,358.356385,-15.654507,0.05049,150
DES:ps15bsq,1,D0071,355.467353,-8.637876,0.03371,150
DES:ps15bwh,1,D0184,352.644135,-18.891496,0.07158,150
DES:ps15bzz,1,D0195,9.42473,1.762823,0.07931,150
DES:ps15cms,1,D0171,149.646205,0.743034,0.06627,150
DES:ps15cwx,1,D0047,78.699191,7.050389,0.03086,150
DES:ps15cze,1,D0105,56.847625,0.87723,0.04035,150
DES:ps15mt,1,D0185,148.684075,23.198113,0.07193,150
DES:ps16aer,1,D0159,163.742475,14.27164,0.05693,150
DES:ps16axi,1,D0108,162.029682,0.163508,0.04089,150
DES:ps16ayd,1,D0155,216.826402,-1.675306,0.05469,150
DES:ps16bby,1,D0154,215.075159,-22.189016,0.05468,150
DES:ps16bnz,1,D0169,155.15375,-2.46675,0.06446,150
DES:ps16cvc,1,D0030,318.097268,14.779329,0.02915,150
DES:ps16dnp,1,D0141,344.914598,2.149809,0.05023,150
DES:ps16el,1,D0138,162.802241,19.362543,0.0494,150
DES:ps16em,1,D0180,163.891643,-3.366272,0.07083,150
DES:ps16evk,1,D0150,338.344432,-1.357034,0.05262,150
DES:ps16fa,1,D0132,154.819282,4.761707,0.0476,150
DES:ps16fbb,1,D0146,1.763091,-20.696811,0.05106,150
DES:ps16n,1,D0151,75.933268,3.41251,0.05309,150
DES:ps17akj,1,D0134,207.454779,-3.08002,0.04777,150
DES:ps17bii,1,D0190,171.409394,7.333603,0.07446,150
DES:ps17tn,1,D0124,145.806809,41.317324,0.0459,150
DES:ps17yt,1,D0179,150.991466,49.041248,0.07073,150
DES:psnj0153424,1,D0008,28.426723,29.936284,0.02556,150
DES:psnj0859349,1,D0033,134.895428,45.925856,0.02938,150
DES:psnj1204051,1,D0121,181.021298,14.068113,0.04545,150
DES:ptss-16efw,1,D0084,263.907499,8.809032,0.03568,150
DES:ptss17-niq,1,D0177,215.069408,15.341661,0.06897,150
Pantheon:000006,1,P1027,53.3665,-28.3715,0.23041,15
Pantheon:000010,1,P1071,149.749,3.1575,0.24585,15
Pantheon:000011,1,P1378,149.976,2.4119,0.38153,15
Pantheon:000014,1,P0793,35.878,-4.6363,0.13614,15
Pantheon:000034,1,P1096,36.0664,-3.1865,0.2533,15
Pantheon:000038,1,P0826,35.0957,-4.6725,0.1505,15
Pantheon:000137,1,P0763,161.159,57.8111,0.11901,15
Pantheon:000142,1,P1439,162.309,58.4672,0.43683,15
Pantheon:000174,1,P1068,162.029,56.8502,0.24511,15
Pantheon:000190,1,P0742,148.988,2.2635,0.10221,15
Pantheon:000196,1,P1329,150.115,2.694,0.35059,15
Pantheon:000199,1,P1366,151.231,2.5909,0.37153,15
Pantheon:000202,1,P1586,150.539,1.8992,0.61983,15
Pantheon:000215,1,P1470,150.81,3.1442,0.46654,15
Pantheon:000220,1,P1001,150.537,2.7186,0.21972,15
Pantheon:000236,1,P0932,131.58,44.0731,0.19616,15
Pantheon:000420,1,P1237,149.82,1.6135,0.31144,15
Pantheon:010010,1,P0740,150.859,1.0294,0.0995,15
Pantheon:010026,1,P0508,160.674,58.8438,0.03236,15
Pantheon:020027,1,P0755,186.336,46.0152,0.11001,15
Pantheon:020090,1,P1405,212.879,53.5796,0.41004,15
Pantheon:020096,1,P1019,161.314,58.1927,0.22578,15
Pantheon:020176,1,P1114,211.862,53.3429,0.26062,15
Pantheon:030006,1,P1494,162.525,58.7774,0.50285,15
Pantheon:030066,1,P1016,150.183,3.404,0.22542,15
Pantheon:03d1au,1,P1496,36.0432,-4.0375,0.50316,4
Pantheon:03d1aw,1,P1561,36.0616,-4.5172,0.5808,4
Pantheon:03d1ax,1,P1489,36.0972,-4.7207,0.49579,4
Pantheon:03d1bp,1,P1316,36.6572,-4.8388,0.34602,4
Pantheon:03d1co,1,P1611,36.5677,-4.9351,0.67773,4
Pantheon:03d1fc,1,P1288,36.4316,-4.1441,0.33103,4
Pantheon:03d1fq,1,P1670,36.7319,-4.3022,0.79863,4
Pantheon:03d4at,1,P1593,333.6,-17.7767,0.63225,4
Pantheon:03d4au,1,P1469,334.041,-18.0776,0.46643,4
Pantheon:03d4cz,1,P1619,334.174,-17.9263,0.69318,4
Pantheon:03d4dh,1,P1589,334.379,-17.6297,0.62525,4
Pantheon:03d4dy,1,P1576,333.711,-17.9565,0.60827,4
Pantheon:03d4fd,1,P1667,334.06,-17.3956,0.78907,4
Pantheon:03d4gf,1,P1555,333.596,-17.734,0.5783,4
Pantheon:03d4gg,1,P1570,334.168,-18.1645,0.59029,4
Pantheon:040137,1,P1452,214.46,52.801,0.44764,15
Pantheon:040150,1,P1379,162.098,57.1482,0.38185,15
Pantheon:040166,1,P1445,214.12,54.0536,0.44013,15
Pantheon:040201,1,P1158,184.46,47.4468,0.27995,15
Pantheon:040780,1,P1028,243.62,54.7258,0.23082,15
Pantheon:040782,1,P1302,242.077,54.9081,0.33751,15
Pantheon:04d1aj,1,P1633,36.4748,-4.9946,0.71969,4
Pantheon:04d1de,1,P1659,36.6496,-4.4226,0.76666,4
Pantheon:04d1hd,1,P1353,36.5368,-4.1096,0.36799,4
Pantheon:04d1hx,1,P1541,36.1771,-4.7903,0.55882,4
Pantheon:04d1jg,1,P1562,36.5523,-4.1348,0.58301,4
Pantheon:04d1kj,1,P1564,36.9694,-4.1803,0.58382,4
Pantheon:04d1ks,1,P1669,36.0396,-4.9787,0.79662,4
Pantheon:04d1oh,1,P1569,36.2598,-4.2362,0.58879,4
Pantheon:04d1pc,1,P1662,36.6037,-4.3994,0.76865,4
Pantheon:04d1pg,1,P1505,36.7673,-4.1753,0.51387,4
Pantheon:04d1pp,1,P1641,36.302,-4.7016,0.73368,4
Pantheon:04d1pu,1,P1595,36.8686,-4.7449,0.63777,4
Pantheon:04d1qd,1,P1658,36.6378,-4.1072,0.76566,4
Pantheon:04d1rh,1,P1437,36.9464,-4.2538,0.43494,4
Pantheon:04d1sa,1,P1565,36.984,-4.1761,0.58382,4
Pantheon:04d1si,1,P1626,36.2033,-4.569,0.7007,4
Pantheon:04d1sk,1,P1608,36.0949,-4.3536,0.66213,4
Pantheon:04d2an,1,P1588,150.218,2.0412,0.62183,4
Pantheon:04d2cf,1,P1359,150.484,1.8795,0.37052,4
Pantheon:04d2fp,1,P1410,149.867,2.321,0.41657,4
Pantheon:04d2fs,1,P1338,150.092,1.7654,0.3585,4
Pantheon:04d2gb,1,P1457,150.594,1.8942,0.45162,4
Pantheon:04d2gc,1,P1513,150.414,1.8831,0.52271,4
Pantheon:04d2gp,1,P1642,149.835,2.5089,0.73395,4
Pantheon:04d2iu,1,P1628,150.305,2.415,0.70192,4
Pantheon:04d2ja,1,P1647,149.702,1.7717,0.74196,4
Pantheon:04d2kr,1,P1650,150.156,1.7119,0.74607,4
Pantheon:04d2mc,1,P1324,150.148,1.7842,0.34949,4
Pantheon:04d2mh,1,P1571,149.941,2.141,0.59179,4
Pantheon:04d2mj,1,P1507,150.152,2.5771,0.51469,4
Pantheon:04d3co,1,P1587,214.458,52.9636,0.6207,4
Pantheon:04d3cy,1,P1602,214.552,52.6583,0.64371,4
Pantheon:04d3do,1,P1580,214.442,52.2676,0.61071,4
Pantheon:04d3ez,1,P1125,214.783,53.072,0.2636,4
Pantheon:04d3fk,1,P1337,214.609,52.5285,0.35842,4
Pantheon:04d3fq,1,P1648,214.241,52.3795,0.74276,4
Pantheon:04d3gt,1,P1459,215.636,52.6469,0.45163,4
Pantheon:04d3hn,1,P1536,215.529,52.2286,0.55267,4
Pantheon:04d3kr,1,P1303,214.15,52.4789,0.33762,4
Pantheon:04d3ks,1,P1653,215.64,52.1852,0.75074,4
Pantheon:04d3nh,1,P1308,215.611,52.3334,0.34061,4
Pantheon:04d4an,1,P1581,333.988,-17.6955,0.61127,4
Pantheon:04d4bq,1,P1531,333.706,-17.8276,0.54834,4
Pantheon:04d4fx,1,P1590,334.159,-18.0664,0.62725,4
Pantheon:04d4gg,1,P1421,334.039,-17.2944,0.42247,4
Pantheon:04d4hu,1,P1627,333.901,-17.8389,0.70117,4
Pantheon:04d4ib,1,P1620,334.174,-18.1051,0.69718,4
Pantheon:04d4ic,1,P1614,333.591,-17.9435,0.68519,4
Pantheon:04d4id,1,P1661,334.089,-17.229,0.76709,4
Pantheon:04d4im,1,P1651,333.754,-17.396,0.74911,4
Pantheon:04d4in,1,P1506,333.786,-17.261,0.51437,4
Pantheon:04d4jr,1,P1471,333.56,-17.3502,0.46842,4
Pantheon:04d4ju,1,P1473,334.261,-17.3328,0.47042,4
Pantheon:050003,1,P1429,242.219,55.0048,0.427,15
Pantheon:050005,1,P1516,211.812,53.9976,0.52859,15
Pantheon:050201,1,P1533,241.703,54.9809,0.55021,15
Pantheon:050203,1,P1552,242.793,55.1223,0.57619,15
Pantheon:050251,1,P1386,214.327,53.9783,0.38781,15
Pantheon:050291,1,P1266,244.566,55.3847,0.32548,15
Pantheon:050293,1,P1342,244.449,55.3023,0.36017,15
Pantheon:050296,1,P1330,243.451,55.6085,0.35099,15
Pantheon:050301,1,P1318,244.724,55.7829,0.34717,15
Pantheon:050303,1,P1272,241.437,56.0744,0.32842,15
Pantheon:050580,1,P1455,212.991,52.0718,0.45068,15
Pantheon:050607,1,P1444,213.514,53.3622,0.43935,15
Pantheon:05d1cb,1,P1591,36.7377,-4.1176,0.63077,4
Pantheon:05d1cc,1,P1544,36.6299,-4.1648,0.56283,4
Pantheon:05d1ck,1,P1583,36.1035,-4.7128,0.61577,4
Pantheon:05d1dn,1,P1548,36.111,-4.9916,0.56481,4
Pantheon:05d1dx,1,P1557,36.9458,-4.0325,0.57882,4
Pantheon:05d1ee,1,P1539,36.1948,-4.0005,0.55782,4
Pantheon:05d1eo,1,P1644,36.3464,-4.6427,0.73568,4
Pantheon:05d1hm,1,P1567,36.9426,-4.7173,0.58582,4
Pantheon:05d1if,1,P1657,36.1239,-4.5703,0.76165,4
Pantheon:05d1ix,1,P1485,36.0832,-4.67,0.48888,4
Pantheon:05d1ke,1,P1615,36.6929,-4.8625,0.68872,4
Pantheon:05d1kl,1,P1540,36.1397,-4.319,0.55882,4
Pantheon:05d2ab,1,P1265,150.462,2.1063,0.32446,4
Pantheon:05d2ac,1,P1483,149.747,2.4895,0.48065,4
Pantheon:05d2bt,1,P1612,150.418,2.5662,0.6819,4
Pantheon:05d2bv,1,P1477,150.571,2.2406,0.47565,4
Pantheon:05d2cb,1,P1432,149.852,2.3282,0.42859,4
Pantheon:05d2ci,1,P1592,150.008,2.2159,0.63183,4
Pantheon:05d2ck,1,P1625,150.188,2.5729,0.69992,4
Pantheon:05d2ct,1,P1645,150.426,2.1238,0.73596,4
Pantheon:05d2dt,1,P1551,150.35,1.8577,0.57577,4
Pantheon:05d2dw,1,P1411,149.634,2.0322,0.41857,4
Pantheon:05d2dy,1,P1504,150.242,2.1831,0.51169,4
Pantheon:05d2eb,1,P1526,150.061,2.4074,0.53572,4
Pantheon:05d2ec,1,P1600,149.859,2.0136,0.64185,4
Pantheon:05d2fq,1,P1643,149.785,2.602,0.73495,4
Pantheon:05d2hc,1,P1331,150.019,1.886,0.35149,4
Pantheon:05d2he,1,P1579,150.361,2.3177,0.60981,4
Pantheon:05d2ie,1,P1325,150.262,2.6581,0.34949,4
Pantheon:05d2le,1,P1629,150.479,2.0929,0.70192,4
Pantheon:05d2mp,1,P1334,149.786,2.204,0.35519,4
Pantheon:05d2nt,1,P1654,150.243,2.3727,0.75899,4
Pantheon:05d3ax,1,P1603,214.823,52.6875,0.64371,4
Pantheon:05d3cf,1,P1415,214.223,52.3451,0.41965,4
Pantheon:05d3dd,1,P1482,215.627,52.6068,0.48064,4
Pantheon:05d3gp,1,P1560,215.676,52.7247,0.58067,4
Pantheon:05d3gv,1,P1630,215.247,53.1789,0.71571,4
Pantheon:05d3hh,1,P1660,214.792,52.9593,0.76674,4
Pantheon:05d3hs,1,P1609,215.307,52.9038,0.6647,4
Pantheon:05d3jb,1,P1649,215.542,52.8781,0.74573,4
Pantheon:05d3jh,1,P1631,214.356,52.6188,0.71874,4
Pantheon:05d3jk,1,P1646,214.198,52.5925,0.73675,4
Pantheon:05d3jq,1,P1559,215.439,53.0299,0.57967,4
Pantheon:05d3jr,1,P1362,214.87,52.8648,0.37062,4
Pantheon:05d3kt,1,P1606,214.974,52.743,0.6487,4
Pantheon:05d3lb,1,P1604,214.382,53.1679,0.6477,4
Pantheon:05d3lc,1,P1468,215.596,52.4789,0.46164,4
Pantheon:05d3lr,1,P1572,215.551,53.1843,0.60067,4
Pantheon:05d3mh,1,P1610,214.749,52.6676,0.67072,4
Pantheon:05d3mn,1,P1655,214.689,52.3231,0.76076,4
Pantheon:05d3mq,1,P1075,214.752,52.3851,0.2466,4
Pantheon:05d3mx,1,P1474,215.538,52.2192,0.47065,4
Pantheon:05d4af,1,P1490,334.138,-18.0049,0.49739,4
Pantheon:05d4ag,1,P1597,333.448,-18.1653,0.63824,4
Pantheon:05d4av,1,P1500,333.544,-17.9119,0.50739,4
Pantheon:05d4be,1,P1525,334.222,-17.2361,0.53534,4
Pantheon:05d4bf,1,P1568,334.11,-18.2321,0.5873,4
Pantheon:05d4bi,1,P1664,333.986,-17.9861,0.77309,4
Pantheon:05d4bj,1,P1622,333.749,-18.1334,0.69918,4
Pantheon:05d4bm,1,P1360,334.269,-17.6776,0.37053,4
Pantheon:05d4cn,1,P1656,333.381,-17.2888,0.7611,4
Pantheon:05d4cq,1,P1623,333.54,-18.2267,0.69918,4
Pantheon:05d4cs,1,P1666,334.324,-17.8802,0.78807,4
Pantheon:05d4cw,1,P1368,333.709,-17.7388,0.37353,4
Pantheon:05d4dt,1,P1399,333.608,-17.6711,0.4055,4
Pantheon:05d4ef,1,P1574,333.497,-18.2123,0.60328,4
Pantheon:05d4ej,1,P1563,333.969,-18.1957,0.5833,4
Pantheon:05d4ek,1,P1524,334.115,-17.7363,0.53435,4
Pantheon:05d4ev,1,P1634,333.377,-17.7008,0.72015,4
Pantheon:05d4ff,1,P1393,334.084,-18.0426,0.4005,4
Pantheon:05d4fo,1,P1367,333.837,-17.2681,0.37153,4
Pantheon:06d2bk,1,P1491,149.679,2.172,0.50067,4
Pantheon:06d2ca,1,P1522,149.79,2.3025,0.53271,4
Pantheon:06d2cc,1,P1523,149.862,2.4514,0.53372,4
Pantheon:06d2ck,1,P1537,150.367,1.8636,0.55375,4
Pantheon:06d2gb,1,P1450,150.198,1.9854,0.44361,4
Pantheon:06d3bz,1,P1637,214.292,53.0248,0.72774,4
Pantheon:06d3cc,1,P1613,214.382,52.9125,0.68372,4
Pantheon:06d3df,1,P1449,215.572,52.9577,0.44263,4
Pantheon:06d3do,1,P1636,214.247,52.8825,0.72674,4
Pantheon:06d3dt,1,P1162,214.34,52.4528,0.28266,4
Pantheon:06d3ed,1,P1397,214.699,52.7566,0.40463,4
Pantheon:06d3el,1,P1512,214.255,52.2324,0.51968,4
Pantheon:06d3em,1,P1618,214.848,53.023,0.69072,4
Pantheon:06d3et,1,P1553,215.52,52.3384,0.57668,4
Pantheon:06d3fp,1,P1139,215.077,52.8972,0.2686,4
Pantheon:06d3gh,1,P1635,214.631,52.4429,0.72074,4
Pantheon:06d4ba,1,P1621,333.899,-18.2291,0.69818,4
Pantheon:06d4bo,1,P1534,333.867,-17.4092,0.55033,4
Pantheon:06d4bw,1,P1639,333.766,-17.8835,0.73014,4
Pantheon:06d4co,1,P1438,333.861,-17.8692,0.43546,4
Pantheon:06d4cq,1,P1404,334.231,-17.712,0.40949,4
Pantheon:070955,1,P1322,241.475,55.1978,0.34932,15
Pantheon:080646,1,P1254,334.622,0.9415,0.31822,15
Pantheon:080723,1,P1436,34.9864,-3.9606,0.4302,15
Pantheon:090201,1,P1501,353.328,-0.9507,0.50825,15
Pantheon:090275,1,P0804,54.0721,-28.0515,0.13955,15
Pantheon:091869,1,P1176,351.908,-1.7625,0.28854,15
Pantheon:100090,1,P0864,131.828,43.4081,0.17297,15
Pantheon:100101,1,P1435,132.141,43.9852,0.42976,15
Pantheon:100163,1,P1252,35.4423,-5.1516,0.31782,15
Pantheon:100206,1,P0989,52.5182,-28.2567,0.2165,15
Pantheon:100213,1,P1149,53.0671,-27.1943,0.27509,15
Pantheon:100358,1,P1349,352.444,0.5905,0.36623,15
Pantheon:100405,1,P0744,53.6285,-27.3206,0.10294,15
Pantheon:1032,1,P0784,46.7957,1.1196,0.12921,1
Pantheon:10550,1,P1204,349.675,-1.2049,0.29933,1
Pantheon:110033,1,P0961,34.9031,-3.5292,0.20483,15
Pantheon:110425,1,P1376,132.012,44.4493,0.38092,15
Pantheon:110426,1,P1528,130.013,44.8943,0.54097,15
Pantheon:110430,1,P1419,132.249,44.8657,0.42094,15
Pantheon:110460,1,P0945,53.8448,-27.8403,0.19953,15
Pantheon:110478,1,P1130,53.5803,-27.5689,0.2646,15
Pantheon:110484,1,P1503,129.186,44.5547,0.51095,15
Pantheon:110536,1,P1040,54.3325,-26.9017,0.23472,15
Pantheon:110542,1,P1430,131.82,45.2976,0.42703,15
Pantheon:110567,1,P0985,52.7131,-26.46,0.2144,15
Pantheon:110716,1,P1249,128.986,43.4945,0.31588,15
Pantheon:110719,1,P1431,129.923,43.9644,0.42793,15
Pantheon:110721,1,P1556,130.216,44.1143,0.57831,15
Pantheon:110734,1,P1394,131.069,45.3442,0.40221,15
Pantheon:1112,1,P1100,339.018,-0.3752,0.2562,1
Pantheon:1119,1,P1198,320.414,0.8947,0.29647,1
Pantheon:120044,1,P1484,148.792,1.7302,0.48164,15
Pantheon:120085,1,P1261,150.471,2.0426,0.32206,15
Pantheon:120086,1,P1389,150.789,2.1434,0.39255,15
Pantheon:120094,1,P1458,150.526,2.0878,0.45162,15
Pantheon:120143,1,P0867,163.682,58.6266,0.17378,15
Pantheon:120225,1,P0751,150.818,3.4749,0.10713,15
Pantheon:120336,1,P0848,149.082,1.4095,0.16122,15
Pantheon:120369,1,P1283,150.995,2.2624,0.33047,15
Pantheon:120400,1,P1332,149.628,2.8718,0.35149,15
Pantheon:120444,1,P1205,51.682,-27.9362,0.29945,15
Pantheon:120585,1,P1083,35.7735,-3.6103,0.24909,15
Pantheon:1241,1,P0735,337.672,-0.7766,0.0887,1
Pantheon:1248677,1,P1328,53.6462,-28.127,0.35015,10
Pantheon:1249851,1,P0986,55.218,-29.4,0.21507,10
Pantheon:1250017,1,P0899,43.1937,-0.1275,0.18231,10
Pantheon:1253,1,P1120,323.799,0.1631,0.26175,1
Pantheon:1253039,1,P1462,54.4186,-27.5274,0.45346,10
Pantheon:1253101,1,P1461,7.4651,-43.1378,0.45328,10
Pantheon:1253920,1,P0929,54.6293,-27.0428,0.19553,10
Pantheon:1255502,1,P0823,33.9046,-4.2092,0.14834,10
Pantheon:1257366,1,P0978,53.8996,-26.9693,0.21134,10
Pantheon:1257695,1,P0902,7.6016,-42.2982,0.18375,10
Pantheon:1258906,1,P1321,10.262,-44.3941,0.34912,10
Pantheon:1258940,1,P1428,42.7148,-0.5251,0.42602,10
Pantheon:1259412,1,P1219,36.3454,-5.3241,0.30486,10
Pantheon:1261579,1,P1263,36.1196,-4.9673,0.32223,10
Pantheon:1262214,1,P1617,53.5027,-28.6602,0.68936,10
Pantheon:1262715,1,P1616,53.37,-28.4427,0.68935,10
Pantheon:1263369,1,P1240,43.2295,-0.5418,0.31262,10
Pantheon:1263715,1,P1187,41.6099,-1.5799,0.29196,10
Pantheon:1266657,1,P1260,43.2731,0.5575,0.32118,10
Pantheon:1273127,1,P0918,8.5563,-43.2759,0.18929,10
Pantheon:1275946,1,P1034,10.404,-43.6378,0.23205,10
Pantheon:12779,1,P0724,309.472,1.2211,0.07906,1
Pantheon:12781,1,P0731,5.4066,-1.01,0.08309,1
Pantheon:1279500,1,P1041,36.9257,-4.3149,0.23481,10
Pantheon:1280217,1,P1339,40.8943,-1.5184,0.35909,10
Pantheon:1281668,1,P1226,9.4105,-43.9203,0.30691,10
Pantheon:1281886,1,P1382,41.7252,-1.0099,0.38402,10
Pantheon:1282736,1,P1371,35.8093,-6.2681,0.37805,10
Pantheon:1283373,1,P0966,54.9467,-26.7304,0.20751,10
Pantheon:1283878,1,P1243,37.1332,-4.0413,0.31296,10
Pantheon:1283936,1,P1355,8.8776,-44.3713,0.36857,10
Pantheon:12841,1,P1188,321.347,-1.0337,0.29215,1
Pantheon:12843,1,P0855,323.878,-0.9803,0.16606,1
Pantheon:1285160,1,P1652,52.3989,-28.6476,0.7493,10
Pantheon:12853,1,P0856,316.766,0.7231,0.16828,1
Pantheon:1285317,1,P1545,9.4725,-43.3145,0.56437,10
Pantheon:12856,1,P0859,332.866,0.756,0.17042,1
Pantheon:12860,1,P0765,323.694,1.1759,0.12058,1
Pantheon:1287626,1,P1216,35.9318,-5.9612,0.30404,10
Pantheon:12881,1,P1048,10.1623,-0.0736,0.23685,1
Pantheon:12883,1,P1220,312.626,0.3987,0.30526,1
Pantheon:1289288,1,P1182,10.1789,-43.9483,0.28995,10
Pantheon:1289555,1,P1542,40.7331,-1.3929,0.56181,10
Pantheon:1289600,1,P1414,52.0477,-27.8629,0.4196,10
Pantheon:1289656,1,P1527,54.3017,-27.3554,0.53942,10
Pantheon:1289664,1,P1110,40.8968,-1.1299,0.25919,10
Pantheon:12898,1,P0730,26.7931,-0.147,0.08282,1
Pantheon:1290127,1,P1460,6.6908,-43.434,0.45218,10
Pantheon:1290779,1,P1388,54.7233,-27.9051,0.38949,10
Pantheon:1290816,1,P0994,54.1725,-27.84,0.21845,10
Pantheon:1291080,1,P1451,35.6846,-6.0636,0.44391,10
Pantheon:1291090,1,P1186,9.4631,-43.7215,0.29193,10
Pantheon:1291794,1,P1390,55.1693,-28.7119,0.3951,10
Pantheon:1291957,1,P1365,7.2,-43.5623,0.37138,10
Pantheon:1292145,1,P1486,53.6305,-29.6489,0.49244,10
Pantheon:1292332,1,P1146,41.1435,-1.2851,0.27276,10
Pantheon:1292336,1,P1036,40.9988,-0.9061,0.23367,10
Pantheon:1292560,1,P1015,35.0558,-5.3611,0.22493,10
Pantheon:12927,1,P0916,41.7861,0.7751,0.18906,1
Pantheon:12928,1,P0802,305.009,-0.9757,0.13875,1
Pantheon:1293319,1,P1200,36.0024,-6.4977,0.29695,10
Pantheon:1293758,1,P0821,8.4839,-43.3497,0.14803,10
Pantheon:1294014,1,P1346,42.8035,-0.6691,0.3628,10
Pantheon:1294743,1,P1241,36.1025,-4.6749,0.31267,10
Pantheon:12950,1,P0728,351.667,-0.8403,0.08167,1
Pantheon:1295027,1,P1427,35.4327,-6.9406,0.42568,10
Pantheon:1295256,1,P1448,53.7194,-27.8328,0.44245,10
Pantheon:1295305,1,P1582,36.2434,-4.2509,0.61177,10
Pantheon:1295921,1,P1514,42.6149,-0.8718,0.524,10
Pantheon:1296273,1,P1391,41.0798,-0.4504,0.39706,10
Pantheon:1296321,1,P0905,40.9169,-0.7619,0.18458,10
Pantheon:1296657,1,P0815,36.2552,-6.2786,0.14638,10
Pantheon:1297026,1,P1108,35.821,-5.1821,0.25865,10
Pantheon:12971,1,P1039,6.6485,-0.3021,0.23395,1
Pantheon:12972,1,P1112,7.9586,-0.383,0.25948,1
Pantheon:1297465,1,P1155,51.7953,-27.8221,0.27782,10
Pantheon:12977,1,P1074,13.6956,-0.2509,0.24656,1
Pantheon:1298281,1,P1043,40.2679,-0.9553,0.2352,10
Pantheon:12983,1,P1128,16.4588,0.1448,0.26408,1
Pantheon:1298893,1,P0934,35.724,-6.2568,0.19627,10
Pantheon:1299643,1,P1370,55.1026,-26.7221,0.37676,10
Pantheon:1299775,1,P0843,53.4389,-29.6767,0.16004,10
Pantheon:1299785,1,P1377,53.9115,-28.3193,0.38129,10
Pantheon:1300516,1,P1234,34.5464,-5.0101,0.31052,10
Pantheon:1300912,1,P1304,52.0379,-27.5329,0.33778,10
Pantheon:1301933,1,P1281,36.6637,-4.9708,0.32968,10
Pantheon:1302058,1,P0938,53.3964,-29.1906,0.19782,10
Pantheon:1302141,1,P1577,7.8305,-42.5014,0.60876,10
Pantheon:1302187,1,P0999,52.1619,-27.1421,0.21941,10
Pantheon:13025,1,P1010,341.567,0.4159,0.22299,1
Pantheon:1302523,1,P1425,36.3176,-4.6598,0.42399,10
Pantheon:1302648,1,P1033,10.0026,-44.0541,0.23164,10
Pantheon:1303004,1,P1195,35.2946,-6.4631,0.29504,10
Pantheon:130308,1,P0729,213.238,52.7437,0.08245,15
Pantheon:1303279,1,P0863,54.9068,-27.813,0.1727,10
Pantheon:1303496,1,P0886,53.8482,-29.5918,0.17975,10
Pantheon:13038,1,P0747,347.827,0.5046,0.10507,1
Pantheon:1303883,1,P1109,8.8633,-44.9171,0.25904,10
Pantheon:1303952,1,P1543,35.8718,-6.9219,0.56269,10
Pantheon:1304127,1,P1638,35.1805,-6.9511,0.72866,10
Pantheon:13044,1,P0776,332.543,0.5033,0.12472,1
Pantheon:1304442,1,P1013,52.1631,-28.1083,0.22449,10
Pantheon:13045,1,P0883,345.025,0.5377,0.17931,1
Pantheon:1304678,1,P0995,54.8701,-27.6439,0.21881,10
Pantheon:1305504,1,P1488,36.0584,-5.1646,0.49566,10
Pantheon:1305626,1,P1269,35.6546,-4.1333,0.32581,10
Pantheon:1306029,1,P1434,40.8416,-1.9578,0.42903,10
Pantheon:1306073,1,P1276,36.8506,-3.7494,0.32868,10
Pantheon:1306141,1,P1293,54.8978,-28.9108,0.33237,10
Pantheon:1306360,1,P1464,53.6767,-26.487,0.45477,10
Pantheon:1306390,1,P1402,43.3164,-0.0301,0.4092,10
Pantheon:1306537,1,P1480,55.041,-27.5592,0.47946,10
Pantheon:1306626,1,P1418,54.8773,-27.239,0.42088,10
Pantheon:1306785,1,P1550,33.7937,-4.5222,0.57542,10
Pantheon:1306980,1,P1532,7.0361,-43.2916,0.54881,10
Pantheon:1306991,1,P1420,8.4681,-42.0948,0.42195,10
Pantheon:13070,1,P0936,357.785,-0.7463,0.19733,1
Pantheon:13072,1,P1024,334.96,0.0244,0.22928,1
Pantheon:1307277,1,P1406,41.7388,-0.2355,0.41123,10
Pantheon:130755,1,P1193,183.732,46.5759,0.29298,15
Pantheon:1307830,1,P1341,53.2945,-27.9578,0.35946,10
Pantheon:1308314,1,P1400,53.4156,-28.9407,0.40646,10
Pantheon:1308326,1,P1270,42.2701,0.5823,0.32632,10
Pantheon:1308568,1,P1601,33.8732,-5.0525,0.64311,10
Pantheon:1308582,1,P1351,37.1372,-4.3728,0.36713,10
Pantheon:130862,1,P1294,184.002,47.9204,0.33298,15
Pantheon:1308957,1,P1584,35.1339,-6.624,0.61875,10
Pantheon:1309288,1,P1136,54.6449,-29.1944,0.26791,10
Pantheon:1309492,1,P1295,53.3008,-28.0249,0.3335,10
Pantheon:1309749,1,P1668,52.5384,-27.3174,0.78928,10
Pantheon:13099,1,P1131,359.819,-1.2504,0.26463,1
Pantheon:1310338,1,P1442,35.042,-6.3767,0.4389,10
Pantheon:1310395,1,P1180,36.5343,-6.76,0.28907,10
Pantheon:1312274,1,P1426,42.611,-0.3617,0.42459,10
Pantheon:13135,1,P0745,4.1723,-0.4245,0.10361,1
Pantheon:1313594,1,P1175,34.8329,-5.7894,0.28844,10
Pantheon:13136,1,P1361,6.1407,-0.2791,0.37057,1
Pantheon:1314897,1,P1300,36.6066,-4.1552,0.33671,10
Pantheon:1315192,1,P1021,42.9859,-0.5231,0.22726,10
Pantheon:13152,1,P0952,7.0521,0.118,0.20231,1
Pantheon:1315259,1,P1022,40.8641,-1.6036,0.22818,10
Pantheon:1315296,1,P1409,40.3016,-0.7644,0.41266,10
Pantheon:1316,1,P0988,334.864,0.4945,0.21578,1
Pantheon:1316385,1,P0817,53.526,-27.6321,0.14737,10
Pantheon:1316431,1,P0940,42.2394,-0.4084,0.19828,10
Pantheon:1316437,1,P1476,42.5626,-0.745,0.47204,10
Pantheon:1316465,1,P1278,52.7975,-27.9593,0.32907,10
Pantheon:1317277,1,P1050,35.9031,-5.4815,0.23721,10
Pantheon:1317286,1,P1161,36.0079,-6.8106,0.28207,10
Pantheon:1317454,1,P1549,8.0244,-42.6662,0.56879,10
Pantheon:1317666,1,P0808,36.7711,-5.0031,0.14134,10
Pantheon:1319366,1,P1042,41.4955,-1.0881,0.23494,10
Pantheon:1319821,1,P1229,53.3579,-29.4719,0.30878,10
Pantheon:1320166,1,P1454,9.3464,-43.8719,0.44891,10
Pantheon:1322229,1,P1515,35.9264,-4.0189,0.5262,10
Pantheon:1322979,1,P1517,52.0693,-28.0637,0.52937,10
Pantheon:1324542,1,P1529,53.8952,-29.048,0.54152,10
Pantheon:1325358,1,P1665,52.2841,-28.9516,0.77929,10
Pantheon:13254,1,P0887,42.0587,-0.347,0.18004,1
Pantheon:1327978,1,P0964,8.28,-44.1402,0.20691,10
Pantheon:1328066,1,P1453,7.3173,-42.0522,0.44886,10
Pantheon:1328105,1,P1447,8.1871,-43.5769,0.44149,10
Pantheon:1329166,1,P1640,52.3035,-28.9116,0.73161,10
Pantheon:1329196,1,P1663,53.0758,-28.9065,0.76932,10
Pantheon:1329312,1,P1314,36.2633,-5.5418,0.34487,10
Pantheon:1329615,1,P1396,35.4427,-5.6398,0.40368,10
Pantheon:1330426,1,P1113,53.9704,-28.6924,0.25952,10
Pantheon:13305,1,P0982,331.1,0.6912,0.2135,1
Pantheon:1330642,1,P1594,37.0406,-4.0471,0.63399,10
Pantheon:1330903,1,P1546,41.1163,-0.645,0.56437,10
Pantheon:1331123,1,P1009,8.0363,-42.5542,0.2215,10
Pantheon:1331993,1,P1632,35.9718,-4.4593,0.71968,10
Pantheon:1332059,1,P1558,40.8651,-1.2774,0.57891,10
Pantheon:1332413,1,P1578,36.2749,-5.853,0.60878,10
Pantheon:1333246,1,P1441,41.384,-0.0616,0.43783,10
Pantheon:1333438,1,P1392,52.3525,-28.9967,0.39944,10
Pantheon:1334084,1,P0789,41.734,-0.6906,0.13366,10
Pantheon:1334087,1,P1134,41.0084,-0.4674,0.2664,10
Pantheon:1334302,1,P1463,7.3673,-43.3882,0.45458,10
Pantheon:1334423,1,P1336,42.2137,-0.1522,0.358,10
Pantheon:1334470,1,P1509,35.0537,-4.9472,0.51883,10
Pantheon:1334597,1,P1179,35.8313,-4.0678,0.28905,10
Pantheon:1334620,1,P0935,35.7529,-6.2642,0.19635,10
Pantheon:1334644,1,P1174,35.1072,-5.7725,0.28814,10
Pantheon:1334645,1,P1076,36.3796,-5.879,0.24711,10
Pantheon:1334707,1,P1607,51.7764,-28.6278,0.64962,10
Pantheon:1334879,1,P1599,52.4089,-28.2164,0.63934,10
Pantheon:13354,1,P0838,27.5648,-0.8873,0.15671,1
Pantheon:1335472,1,P1497,9.5553,-44.0495,0.50593,10
Pantheon:1335564,1,P1575,35.1281,-6.4465,0.60626,10
Pantheon:1335694,1,P1111,42.845,-0.6485,0.25923,10
Pantheon:1335717,1,P1218,52.8599,-28.3531,0.30476,10
Pantheon:1335718,1,P1624,52.3094,-28.3854,0.69932,10
Pantheon:1335868,1,P1585,55.0891,-26.5127,0.61941,10
Pantheon:1336008,1,P1440,10.3212,-43.8862,0.4376,10
Pantheon:1336009,1,P1311,8.9162,-44.8937,0.34169,10
Pantheon:1336453,1,P0909,40.9697,-1.2293,0.18506,10
Pantheon:1336480,1,P1099,41.7246,-1.1646,0.25616,10
Pantheon:1336687,1,P1038,35.6058,-6.1499,0.23391,10
Pantheon:13370,1,P0941,27.1515,0.3282,0.19861,1
Pantheon:1337117,1,P1538,10.1815,-43.6449,0.55384,10
Pantheon:1337228,1,P1554,7.5248,-43.0341,0.57737,10
Pantheon:1337272,1,P1493,34.1284,-5.6806,0.50282,10
Pantheon:1337325,1,P1598,35.135,-4.6525,0.63873,10
Pantheon:1337649,1,P1117,43.4044,0.5102,0.26162,10
Pantheon:1337687,1,P1275,55.0471,-26.9756,0.32868,10
Pantheon:1337703,1,P1521,54.8836,-26.7243,0.53225,10
Pantheon:1337838,1,P1239,35.496,-6.4982,0.31203,10
Pantheon:1338128,1,P1238,8.0837,-43.7408,0.31179,10
Pantheon:1338170,1,P1384,6.6699,-42.9641,0.38672,10
Pantheon:1338233,1,P1573,35.1227,-5.5293,0.60155,10
Pantheon:1338266,1,P1605,34.905,-5.8691,0.64852,10
Pantheon:1338278,1,P1547,34.43,-4.976,0.56437,10
Pantheon:1338387,1,P1566,40.4513,-0.3686,0.5839,10
Pantheon:1338430,1,P1508,40.6393,-1.2547,0.51726,10
Pantheon:1338471,1,P1520,41.2916,-1.5649,0.53124,10
Pantheon:1338675,1,P1284,36.7437,-4.9677,0.33056,10
Pantheon:1339002,1,P1213,35.8305,-6.5263,0.30304,10
Pantheon:1339149,1,P1472,35.555,-5.8717,0.46887,10
Pantheon:1339392,1,P0896,54.1245,-28.5698,0.18145,10
Pantheon:1339450,1,P1535,53.621,-29.169,0.55046,10
Pantheon:1340454,1,P1416,54.7539,-27.8432,0.41995,10
Pantheon:1341370,1,P1401,8.9639,-44.6767,0.40895,10
Pantheon:1341894,1,P1244,35.3025,-4.6502,0.31303,10
Pantheon:1342255,1,P0998,40.7435,-0.2674,0.21899,10
Pantheon:1343208,1,P1487,52.8465,-28.5442,0.49499,10
Pantheon:1343337,1,P1307,54.5592,-28.7099,0.33897,10
Pantheon:1343401,1,P1381,34.5721,-5.6549,0.38291,10
Pantheon:1343533,1,P1354,7.3584,-42.2673,0.36839,10
Pantheon:1343759,1,P1498,51.979,-28.5644,0.50615,10
Pantheon:1343871,1,P1596,43.5025,-0.3703,0.63794,10
Pantheon:1345553,1,P1253,35.3447,-4.668,0.31804,10
Pantheon:1345582,1,P1465,33.7065,-4.6747,0.45885,10
Pantheon:1345594,1,P1422,33.8987,-5.5998,0.42249,10
Pantheon:1346137,1,P1347,53.2592,-26.8541,0.36325,10
Pantheon:1346387,1,P1312,52.695,-28.6493,0.34446,10
Pantheon:1346956,1,P1296,54.3435,-28.8264,0.3335,10
Pantheon:1346966,1,P1299,55.3407,-29.1493,0.3351,10
Pantheon:1347120,1,P0884,52.8899,-28.9121,0.17952,10
Pantheon:13506,1,P1064,25.2433,-0.7278,0.24354,1
Pantheon:13511,1,P1047,40.6124,-0.7941,0.23664,1
Pantheon:13610,1,P1199,326.015,0.7263,0.29692,1
Pantheon:13641,1,P0993,345.219,-0.9811,0.21794,1
Pantheon:13655,1,P1121,39.0202,-0.9942,0.26184,1
Pantheon:13689,1,P1089,4.0161,0.8076,0.25043,1
Pantheon:1371,1,P0762,349.374,0.4294,0.11818,1
Pantheon:13727,1,P1017,317.588,0.9326,0.22543,1
Pantheon:13736,1,P0824,336.833,1.031,0.14898,1
Pantheon:13796,1,P0818,350.692,0.5329,0.14747,1
Pantheon:13830,1,P1282,351.562,-0.3823,0.32995,1
Pantheon:13835,1,P1072,6.0596,-0.2483,0.24617,1
Pantheon:13894,1,P0772,1.6906,-0.0368,0.12377,1
Pantheon:13934,1,P1279,342.111,-0.4353,0.32941,1
Pantheon:13956,1,P1123,20.9418,0.8167,0.26303,1
Pantheon:140152,1,P0971,162.393,57.6157,0.20879,15
Pantheon:140181,1,P0743,183.738,46.845,0.10246,15
Pantheon:14019,1,P0987,316.642,-0.648,0.21521,1
Pantheon:14024,1,P0819,318.199,0.9163,0.14771,1
Pantheon:14108,1,P0791,53.5946,-1.1232,0.13477,1
Pantheon:14157,1,P0976,51.1367,1.0224,0.21095,1
Pantheon:14212,1,P0955,330.47,1.045,0.2032,1
Pantheon:14261,1,P1165,328.24,0.2538,0.28446,1
Pantheon:14284,1,P0888,49.0493,-0.6009,0.1805,1
Pantheon:14298,1,P1140,314.895,1.2233,0.26887,1
Pantheon:14331,1,P1003,7.8887,-0.1358,0.2199,1
Pantheon:14421,1,P0869,31.8299,1.2521,0.17417,1
Pantheon:14437,1,P0822,332.081,-1.1964,0.14806,1
Pantheon:14451,1,P0877,308.195,0.9271,0.17737,1
Pantheon:14456,1,P1271,343.551,1.0507,0.32804,1
Pantheon:14481,1,P1060,2.6817,0.2013,0.2422,1
Pantheon:14735,1,P1206,35.158,0.3484,0.29947,1
Pantheon:14782,1,P0841,314.234,-0.279,0.15931,1
Pantheon:14846,1,P1011,7.6632,0.1416,0.22349,1
Pantheon:14871,1,P0781,54.2771,0.0094,0.1272,1
Pantheon:14979,1,P0875,54.9464,0.9928,0.17666,1
Pantheon:14984,1,P0930,313.834,-0.0928,0.19557,1
Pantheon:150254,1,P1150,183.211,47.1458,0.27516,15
Pantheon:150457,1,P1214,161.353,57.2179,0.30352,15
Pantheon:150509,1,P1192,241.234,54.8781,0.29293,15
Pantheon:151034,1,P0788,185.137,46.6661,0.13281,15
Pantheon:15129,1,P0933,318.902,-0.3214,0.19621,1
Pantheon:15132,1,P0830,329.7,0.1977,0.15318,1
Pantheon:15161,1,P1081,35.8429,0.819,0.24865,1
Pantheon:15171,1,P0799,304.793,-1.0645,0.13826,1
Pantheon:15201,1,P0965,337.519,0.0036,0.20748,1
Pantheon:15203,1,P0956,15.7347,0.1831,0.20329,1
Pantheon:15213,1,P1235,53.0191,-0.1001,0.31061,1
Pantheon:15219,1,P1073,34.6111,0.2267,0.2465,1
Pantheon:15222,1,P0939,2.8534,0.7027,0.19817,1
Pantheon:15229,1,P1018,4.832,1.0907,0.22551,1
Pantheon:15234,1,P0792,16.9583,0.8282,0.13535,1
Pantheon:15259,1,P0970,337.544,-0.4078,0.2087,1
Pantheon:15287,1,P1045,323.96,-1.0574,0.23639,1
Pantheon:15354,1,P1006,6.7737,-0.126,0.22083,1
Pantheon:15356,1,P1147,335.053,0.4099,0.27351,1
Pantheon:15365,1,P0913,354.557,1.2491,0.18667,1
Pantheon:15369,1,P1035,348.833,-0.5626,0.23282,1
Pantheon:15383,1,P1247,34.1495,-0.1552,0.31506,1
Pantheon:15421,1,P0906,33.7416,0.6025,0.18459,1
Pantheon:15425,1,P0842,55.5611,0.4783,0.15948,1
Pantheon:15433,1,P1000,14.8796,-0.2565,0.2195,1
Pantheon:15440,1,P1116,39.7207,0.0901,0.26141,1
Pantheon:15443,1,P0895,49.8674,-0.318,0.18136,1
Pantheon:15453,1,P0900,319.668,-1.0243,0.18252,1
Pantheon:15459,1,P0777,340.701,-0.9018,0.1256,1
Pantheon:15461,1,P0908,326.848,-0.4947,0.18493,1
Pantheon:15466,1,P1066,317.645,-0.1232,0.24444,1
Pantheon:15467,1,P0968,320.02,-0.1774,0.20856,1
Pantheon:15508,1,P0790,27.169,-0.5766,0.13372,1
Pantheon:15583,1,P0872,37.7311,0.9463,0.17443,1
Pantheon:15584,1,P1163,43.4955,0.987,0.28344,1
Pantheon:15648,1,P0868,313.718,-0.1948,0.17392,1
Pantheon:15674,1,P0931,340.829,0.2629,0.19568,1
Pantheon:15704,1,P1356,40.2107,0.6588,0.36962,1
Pantheon:15776,1,P1250,32.8294,-0.9983,0.31593,1
Pantheon:1580,1,P0898,45.3231,-0.6441,0.18229,1
Pantheon:15868,1,P1086,38.0998,-0.7136,0.24986,1
Pantheon:15872,1,P0963,36.7225,-0.3278,0.20562,1
Pantheon:15897,1,P0866,11.6814,-1.0329,0.17374,1
Pantheon:15901,1,P0959,31.9763,-0.5354,0.20382,1
Pantheon:160039,1,P1144,184.975,48.1403,0.27094,15
Pantheon:160066,1,P1519,186.588,46.5959,0.53111,15
Pantheon:160070,1,P1340,243.192,54.8737,0.35909,15
Pantheon:160099,1,P0741,214.667,54.1831,0.10165,15
Pantheon:160126,1,P1343,163.283,57.2013,0.36034,15
Pantheon:160197,1,P1333,241.617,53.8718,0.35372,15
Pantheon:160198,1,P1320,242.905,53.9703,0.3491,15
Pantheon:160200,1,P1424,242.608,54.1496,0.4236,15
Pantheon:16021,1,P0771,13.8437,-0.3888,0.12357,1
Pantheon:16032,1,P0957,44.0692,-0.4108,0.20331,1
Pantheon:16069,1,P0779,341.246,-1.0066,0.12706,1
Pantheon:16072,1,P1166,3.1244,-0.9773,0.28446,1
Pantheon:16073,1,P0833,8.1078,-1.054,0.15357,1
Pantheon:16093,1,P1297,350.362,1.1325,0.3345,1
Pantheon:16100,1,P0917,30.4363,-1.0324,0.18908,1
Pantheon:16106,1,P1085,332.089,-1.1488,0.24983,1
Pantheon:16116,1,P0835,355.302,-1.1058,0.15526,1
Pantheon:16165,1,P0870,30.7331,-0.5339,0.1742,1
Pantheon:16206,1,P0839,5.7882,-0.0536,0.15856,1
Pantheon:16211,1,P1232,348.164,0.2669,0.30949,1
Pantheon:16213,1,P1092,8.9711,0.2584,0.2509,1
Pantheon:16232,1,P1369,17.2054,-0.9896,0.37436,1
Pantheon:16259,1,P0761,352.03,0.8564,0.11792,1
Pantheon:16276,1,P0926,20.5787,1.0106,0.19413,1
Pantheon:16281,1,P0911,352.942,-0.6681,0.18522,1
Pantheon:16350,1,P1049,323.639,-0.8858,0.23693,1
Pantheon:16482,1,P0972,328.71,0.9337,0.20948,1
Pantheon:1688,1,P1335,321.358,0.3245,0.35774,1
Pantheon:170078,1,P1258,186.183,47.6681,0.32096,15
Pantheon:170428,1,P1207,243.619,54.003,0.3002,15
Pantheon:17168,1,P0903,339.724,-1.1671,0.18389,1
Pantheon:17186,1,P0721,31.6128,-0.8995,0.07875,1
Pantheon:17208,1,P0806,1.4916,1.1031,0.14104,1
Pantheon:17215,1,P0893,54.9264,1.0923,0.18092,1
Pantheon:17218,1,P0876,356.172,-0.0301,0.17713,1
Pantheon:17220,1,P0878,9.7015,-0.1792,0.17786,1
Pantheon:17223,1,P1059,26.3614,-0.0194,0.24164,1
Pantheon:17332,1,P0897,43.7735,-0.1474,0.18217,1
Pantheon:17340,1,P1101,41.2121,0.3648,0.25637,1
Pantheon:17366,1,P0798,315.787,-1.0292,0.13822,1
Pantheon:17389,1,P0858,323.295,-0.9601,0.16971,1
Pantheon:17391,1,P0901,347.552,-0.9314,0.1836,1
Pantheon:17435,1,P0990,20.3446,-0.0148,0.21689,1
Pantheon:17464,1,P1097,6.6408,0.042,0.25358,1
Pantheon:17497,1,P0812,37.1366,-1.0421,0.14404,1
Pantheon:17552,1,P1093,322.321,-1.0032,0.25199,1
Pantheon:17568,1,P0810,313.103,0.2777,0.14345,1
Pantheon:17605,1,P0814,309.203,0.0984,0.14542,1
Pantheon:17629,1,P0794,30.6364,-1.0892,0.13658,1
Pantheon:17791,1,P1167,332.373,0.7379,0.28478,1
Pantheon:17801,1,P0962,316.093,-0.898,0.20523,1
Pantheon:17809,1,P1172,6.3646,-0.8396,0.28758,1
Pantheon:17811,1,P0980,12.8787,-0.9474,0.212,1
Pantheon:17825,1,P0849,32.9471,-0.9124,0.16236,1
Pantheon:17875,1,P1031,20.9834,1.255,0.23125,1
Pantheon:17884,1,P1052,27.5998,1.1721,0.23789,1
Pantheon:1794,1,P0805,317.837,-0.4453,0.14082,1
Pantheon:180166,1,P0820,242.843,55.0642,0.14778,15
Pantheon:18030,1,P0836,4.933,-0.4001,0.15536,1
Pantheon:180313,1,P1502,244.319,55.3794,0.51016,15
Pantheon:180561,1,P1023,334.462,1.4684,0.22865,15
Pantheon:18091,1,P1357,23.3675,0.5247,0.36987,1
Pantheon:18323,1,P0829,3.4286,0.6522,0.15291,1
Pantheon:18325,1,P1104,8.9057,0.37,0.25736,1
Pantheon:18415,1,P0786,337.478,1.0586,0.12958,1
Pantheon:18463,1,P1135,17.566,0.472,0.267,1
Pantheon:18466,1,P1002,48.4185,0.63,0.21978,1
Pantheon:18485,1,P1160,47.9591,-0.6924,0.28132,1
Pantheon:18486,1,P1054,55.18,1.0031,0.23981,1
Pantheon:18602,1,P0796,338.984,0.6092,0.13713,1
Pantheon:18604,1,P0874,340.921,0.4214,0.17498,1
Pantheon:18612,1,P0757,12.2879,0.597,0.11388,1
Pantheon:18617,1,P1268,345.762,0.8492,0.3258,1
Pantheon:18650,1,P0756,328.447,0.0151,0.11259,1
Pantheon:18697,1,P0748,11.2239,-0.9971,0.10661,1
Pantheon:18740,1,P0831,16.8553,1.0437,0.15336,1
Pantheon:18749,1,P0920,12.5473,0.6754,0.18948,1
Pantheon:18768,1,P0944,17.2167,1.1979,0.19908,1
Pantheon:18787,1,P0919,29.7298,-1.0271,0.18929,1
Pantheon:18804,1,P0937,25.2656,-0.4484,0.19741,1
Pantheon:18807,1,P0914,46.6409,0.7933,0.18728,1
Pantheon:18809,1,P0787,50.8813,0.6666,0.13169,1
Pantheon:18835,1,P0769,53.6851,0.3555,0.12278,1
Pantheon:18855,1,P0782,48.6323,0.2698,0.12732,1
Pantheon:18927,1,P0981,46.6825,-0.754,0.21225,1
Pantheon:18940,1,P0977,10.349,0.412,0.21114,1
Pantheon:18945,1,P1122,10.0784,-1.0374,0.262,1
Pantheon:18965,1,P0960,13.5091,1.069,0.20469,1
Pantheon:19002,1,P1142,42.6154,-0.5512,0.27021,1
Pantheon:19008,1,P1029,331.963,-1.0699,0.23086,1
Pantheon:190209,1,P1350,333.082,1.0359,0.36656,15
Pantheon:19023,1,P1065,307.117,0.0062,0.2441,1
Pantheon:190230,1,P0803,333.937,0.4225,0.1388,15
Pantheon:190260,1,P0811,333.967,-0.8252,0.14359,15
Pantheon:19027,1,P1185,328.884,-0.372,0.29123,1
Pantheon:190340,1,P0800,334.134,0.4733,0.1384,15
Pantheon:19051,1,P1152,351.375,0.4231,0.27631,1
Pantheon:19101,1,P0948,7.9727,0.1383,0.20077,1
Pantheon:19128,1,P1173,354.204,-0.7822,0.28775,1
Pantheon:19149,1,P0974,31.46,-0.3319,0.21037,1
Pantheon:19174,1,P0850,25.6597,1.0304,0.16375,1
Pantheon:19207,1,P1103,333.464,-0.9203,0.25731,1
Pantheon:19230,1,P1004,332.891,0.7648,0.22017,1
Pantheon:19282,1,P0862,359.072,-0.5059,0.17256,1
Pantheon:19341,1,P1044,15.8603,0.3314,0.23556,1
Pantheon:19353,1,P0832,43.1144,0.2518,0.15341,1
Pantheon:19543,1,P0775,357.908,0.2798,0.12405,1
Pantheon:19596,1,P1184,53.8843,0.7034,0.29045,1
Pantheon:19616,1,P0852,37.1011,0.1847,0.16471,1
Pantheon:19632,1,P1245,40.2865,0.1444,0.31387,1
Pantheon:19658,1,P0943,8.9032,-0.2327,0.19878,1
Pantheon:19702,1,P1119,47.7548,0.3568,0.26173,1
Pantheon:19775,1,P0795,318.956,0.6513,0.137,1
Pantheon:19794,1,P1196,359.319,0.2494,0.2958,1
Pantheon:1980n,1,P0021,50.7513,-37.2139,0.00482,50
Pantheon:19818,1,P1217,35.2667,0.4964,0.30406,1
Pantheon:1981b,1,P0005,188.623,2.1998,0.00317,50
Pantheon:1981d,1,P0041,50.6599,-37.2327,0.00616,50
Pantheon:1990af,1,P0640,323.747,-62.7371,0.04934,50
Pantheon:1990n,1,P0013,190.736,13.2565,0.00359,50
Pantheon:1990o,1,P0480,258.901,16.322,0.03091,50
Pantheon:19913,1,P0953,333.763,-0.3413,0.20249,1
Pantheon:1991m,1,P0081,239.645,17.458,0.00821,50
Pantheon:1992a,1,P0025,54.1142,-34.9587,0.00483,50
Pantheon:1992ae,1,P0712,322.075,-61.5504,0.0744,50
Pantheon:1992ag,1,P0398,201.041,-23.8788,0.02585,50
Pantheon:1992al,1,P0157,311.485,-51.3944,0.01388,50
Pantheon:1992bc,1,P0266,46.3169,-39.5596,0.02006,50
Pantheon:1992bg,1,P0545,115.486,-62.5194,0.03515,50
Pantheon:1992bh,1,P0615,74.8628,-58.8304,0.0444,50
Pantheon:1992bl,1,P0600,348.805,-44.7433,0.04222,50
Pantheon:1992bo,1,P0247,20.4925,-34.212,0.01808,50
Pantheon:1992bs,1,P0685,52.3749,-37.2718,0.06372,50
Pantheon:1992g,1,P0061,159.077,37.3212,0.00692,50
Pantheon:1992p,1,P0419,190.704,10.3601,0.02736,50
Pantheon:1993ag,1,P0643,150.894,-35.4626,0.04985,50
Pantheon:1993ah,1,P0448,357.959,-27.9618,0.02888,50
Pantheon:1993b,1,P0697,158.717,-34.4417,0.07023,50
Pantheon:1993h,1,P0361,208.209,-30.7079,0.02428,50
Pantheon:1993o,1,P0655,202.785,-33.2152,0.05194,50
Pantheon:19940,1,P0837,315.393,-0.2685,0.15601,1
Pantheon:1994ae,1,P0036,161.758,17.2752,0.00588,61
Pantheon:1994drichmond,1,P0004,188.51,7.7016,0.00299,50
Pantheon:1994m,1,P0374,187.786,0.6054,0.02464,61
Pantheon:1994s,1,P0204,187.841,29.1344,0.01588,61
Pantheon:1994t,1,P0554,200.378,-2.149,0.03583,61
Pantheon:19953,1,P0767,332.931,0.5791,0.12207,1
Pantheon:1995ac,1,P0638,341.392,-8.7513,0.0486,61
Pantheon:1995ak,1,P0306,41.4535,3.2306,0.02203,61
Pantheon:1995al,1,P0056,147.733,33.5526,0.00673,61
Pantheon:1995d,1,P0080,145.228,5.1406,0.00818,61
Pantheon:19969,1,P0873,31.9105,-0.324,0.17444,1
Pantheon:1996bl,1,P0541,9.0749,11.3946,0.03459,61
Pantheon:1996bv,1,P0224,94.0542,57.0525,0.01699,61
Pantheon:1996c,1,P0451,207.702,49.3186,0.02913,61
Pantheon:1996x,1,P0057,199.505,-26.8459,0.00676,61
Pantheon:1996z,1,P0079,144.187,-21.1476,0.00817,61
Pantheon:1997bp,1,P0091,191.724,-11.6425,0.00864,62
Pantheon:1997bq,1,P0122,154.272,73.3839,0.01079,62
Pantheon:1997br,1,P0054,200.177,-22.0367,0.00665,62
Pantheon:1997dg,1,P0467,355.059,26.2033,0.02996,62
Pantheon:1997do,1,P0121,111.677,47.0933,0.01073,62
Pantheon:1997e,1,P0155,101.909,74.4975,0.01376,62
Pantheon:1997y,1,P0225,191.381,54.7381,0.01705,62
Pantheon:1998ab,1,P0447,192.197,41.9245,0.02873,62
Pantheon:1998aq,1,P0012,179.108,55.1287,0.00349,50
Pantheon:1998dh,2,P0073;P0074,348.668,4.5373,0.00814,57;62
Pantheon:1998dm,1,P0050,21.5582,-6.1039,0.00631,57
Pantheon:1998dx,1,P0645,272.8,49.8613,0.05018,62
Pantheon:1998ef,2,P0220;P0221,15.862,32.2368,0.0169,57;62
Pantheon:1998eg,1,P0355,339.876,8.6059,0.02401,62
Pantheon:1998es,2,P0105;P0106,24.3233,5.8807,0.00966,57;62
Pantheon:1998v,1,P0239,275.656,15.7021,0.01752,62
Pantheon:19990,1,P1082,34.8064,-0.3848,0.24896,1
Pantheon:19992,1,P1020,357.104,-1.185,0.22645,1
Pantheon:1999aa,2,P0205;P0206,126.925,21.4874,0.0159,57;62
Pantheon:1999ac,2,P0112;P0113,241.812,7.9723,0.01017,57;62
Pantheon:1999aw,1,P0589,165.402,-6.1088,0.0391,50
Pantheon:1999cc,1,P0488,240.675,37.3596,0.03116,62
Pantheon:1999cp,2,P0099;P0100,211.63,-5.4469,0.00954,50;57
Pantheon:1999dg,1,P0304,227.868,13.4849,0.02197,57
Pantheon:1999dk,2,P0158;P0159,22.8622,14.2849,0.01389,50;57
Pantheon:1999dq,2,P0147;P0148,38.4987,20.9751,0.01312,57;62
Pantheon:1999ej,2,P0189;P0190,20.7391,33.4661,0.0155,57;62
Pantheon:1999gp,2,P0409;P0410,37.9131,39.3812,0.02691,57;62
Pantheon:2000bh,1,P0358,185.313,-21.9988,0.02412,50
Pantheon:2000ca,1,P0354,203.846,-34.1603,0.02391,50
Pantheon:2000cf,1,P0568,238.234,65.9369,0.03707,62
Pantheon:2000cn,2,P0328;P0329,269.418,27.8328,0.02298,57;62
Pantheon:2000cu,1,P0255,291.087,-25.9846,0.01866,57
Pantheon:2000cw,1,P0459,356.855,28.3877,0.02949,57
Pantheon:2000dg,1,P0562,1.5575,8.8882,0.03697,57
Pantheon:2000dk,2,P0229;P0230,16.848,32.4064,0.0173,57;62
Pantheon:2000dm,1,P0176,274.746,16.2482,0.01484,57
Pantheon:2000dn,1,P0502,346.274,-3.2003,0.03148,57
Pantheon:2000dr,1,P0245,15.4335,-15.5692,0.0179,57
Pantheon:2000fa,2,P0319;P0320,108.874,23.4284,0.0224,57;62
Pantheon:200132,1,P0969,334.494,-0.6969,0.20868,15
Pantheon:2001ah,2,P0675;P0676,167.624,55.1608,0.05886,57;63
Pantheon:2001az,1,P0598,248.615,76.0297,0.04101,63
Pantheon:2001ba,1,P0481,174.507,-32.3308,0.03096,50
Pantheon:2001bf,2,P0201;P0202,270.392,26.2506,0.01581,57;63
Pantheon:2001bg,1,P0084,128.829,28.4683,0.00855,57
Pantheon:2001br,1,P0287,277.607,34.1036,0.0209,57
Pantheon:2001bt,1,P0140,288.445,-59.2897,0.01279,50
Pantheon:2001cj,1,P0378,200.437,31.2468,0.02494,57
Pantheon:2001ck,1,P0557,219.459,30.4839,0.03616,57
Pantheon:2001cn,1,P0181,281.574,-65.7616,0.01515,50
Pantheon:2001cp,1,P0305,257.761,5.8411,0.02198,57
Pantheon:2001cz,1,P0132,191.876,-39.58,0.01213,50
Pantheon:2001da,2,P0226;P0227,358.387,8.1174,0.01718,57;63
Pantheon:2001dl,1,P0280,320.257,9.1807,0.02049,57
Pantheon:2001eh,2,P0569;P0570,24.5504,41.6552,0.03725,57;63
Pantheon:2001el,1,P0010,56.1275,-44.6398,0.00333,50
Pantheon:2001en,2,P0191;P0192,21.3454,34.0251,0.0155,57;63
Pantheon:2001ep,2,P0141;P0142,74.2511,-4.7612,0.01283,57;63
Pantheon:2001fe,1,P0174,144.488,25.4948,0.01467,63
Pantheon:2001v,2,P0193;P0194,179.354,25.2025,0.01557,50;63
Pantheon:2002bf,2,P0392;P0393,153.926,55.6685,0.02525,50;63
Pantheon:2002cr,2,P0101;P0102,211.657,-5.4394,0.00954,57;63
Pantheon:2002cs,1,P0207,281.75,45.7055,0.0159,57
Pantheon:2002cu,1,P0316,272.71,31.109,0.02236,57
Pantheon:2002de,1,P0460,244.127,35.7084,0.0295,57
Pantheon:2002dj,2,P0103;P0104,198.251,-19.519,0.00957,57;63
Pantheon:2002dp,2,P0119;P0120,352.127,22.4289,0.01061,57;63
Pantheon:2002eb,1,P0415,334.772,24.5944,0.02731,57
Pantheon:2002ef,1,P0325,357.873,-13.3796,0.02273,57
Pantheon:2002el,1,P0438,314.125,-18.5595,0.02849,57
Pantheon:2002er,2,P0093;P0094,257.875,7.9958,0.00906,50;57
Pantheon:2002eu,1,P0577,27.4317,32.6286,0.0379,57
Pantheon:2002fk,2,P0065;P0066,50.5238,-15.4009,0.00719,57;63
Pantheon:2002g,2,P0563;P0564,196.98,34.0851,0.03702,57;63
Pantheon:2002ha,2,P0136;P0137,311.827,0.3127,0.01258,57;63
Pantheon:2002he,2,P0389;P0390,124.995,62.8203,0.02519,57;63
Pantheon:2002hu,1,P0567,34.5836,37.4663,0.03705,63
Pantheon:2002jy,1,P0273,20.3178,40.4987,0.02024,63
Pantheon:2002kf,1,P0265,99.3138,49.8528,0.02001,63
Pantheon:20039,1,P1070,9.8786,1.0243,0.24553,1
Pantheon:2003ch,1,P0454,109.491,9.693,0.02919,63
Pantheon:2003cq,1,P0533,179.059,60.522,0.03378,63
Pantheon:2003du,3,P0067;P0068;P0069,218.649,59.3344,0.00747,50;57;63
Pantheon:2003fa,2,P0592;P0593,266.032,40.881,0.04056,57;63
Pantheon:2003gn,1,P0532,338.465,20.8024,0.03375,57
Pantheon:2003gt,1,P0171,308.246,9.872,0.01462,57
Pantheon:2003he,1,P0377,359.738,-2.2481,0.02491,57
Pantheon:2003ic,1,P0653,10.4593,-9.3053,0.05126,63
Pantheon:2003it,1,P0382,1.452,27.4527,0.0251,63
Pantheon:2003iv,1,P0543,42.5302,12.8462,0.03491,63
Pantheon:2003kc,1,P0542,146.643,30.6553,0.03479,63
Pantheon:2003kf,1,P0072,91.1476,-12.6286,0.00795,63
Pantheon:2003u,1,P0435,260.69,62.164,0.02833,63
Pantheon:2003w,2,P0285;P0286,146.706,16.0438,0.02082,57;63
Pantheon:20040,1,P1170,328.879,0.8151,0.28665,1
Pantheon:20048,1,P0904,339.308,0.7364,0.18402,1
Pantheon:2004as,2,P0522;P0523,171.413,22.8304,0.03296,57;63
Pantheon:2004at,1,P0334,164.688,59.4867,0.02321,57
Pantheon:2004bg,2,P0314;P0315,170.256,21.3398,0.02234,57;63
Pantheon:2004bk,1,P0344,204.37,4.1031,0.02352,57
Pantheon:2004br,1,P0375,187.783,0.6132,0.02464,57
Pantheon:2004bw,1,P0291,225.945,-3.3046,0.02116,57
Pantheon:2004ef,3,P0468;P0469;P0470,340.542,19.9946,0.03012,5;57;64
Pantheon:2004eo,1,P0170,308.226,9.9285,0.0146,5
Pantheon:2004fz,1,P0236,30.2767,31.8789,0.01743,57
Pantheon:2004gs,1,P0443,129.597,17.6277,0.02857,5
Pantheon:2004gu,1,P0628,191.603,11.9489,0.04664,5
Pantheon:2004l,1,P0531,156.767,16.0187,0.03373,63
Pantheon:2004s,1,P0117,101.431,-31.2312,0.01042,57
Pantheon:2005ag,1,P0727,224.182,9.3285,0.08009,5
Pantheon:2005al,1,P0199,207.501,-30.5762,0.01578,5
Pantheon:2005am,3,P0088;P0089;P0090,139.052,-16.3044,0.00863,5;57;64
Pantheon:2005bg,1,P0366,184.322,16.3716,0.02434,5
Pantheon:2005bo,2,P0172;P0173,192.421,-11.0965,0.01463,5;57
Pantheon:2005cf,3,P0062;P0063;P0064,230.384,-7.4132,0.0071,56;57;64
Pantheon:2005de,1,P0182,270.597,26.0521,0.01519,57
Pantheon:2005df,1,P0015,64.4077,-62.7693,0.00407,50
Pantheon:2005df_anu,1,P0016,64.4077,-62.7693,0.00407,50
Pantheon:2005el,2,P0179;P0180,77.953,5.1943,0.01499,57;64
Pantheon:2005eq,3,P0432;P0433;P0434,47.2055,-7.0332,0.02823,5;57;64
Pantheon:2005eu,2,P0546;P0547,36.9303,28.1768,0.03516,57;64
Pantheon:2005hc,2,P0620;P0621,29.1998,-0.2137,0.04575,5;64
Pantheon:2005hj,1,P0670,21.7017,-1.2381,0.05708,5
Pantheon:2005iq,2,P0528;P0529,359.635,-18.7092,0.03341,5;64
Pantheon:2005ir,1,P0715,19.1825,0.7946,0.0752,5
Pantheon:2005kc,2,P0162;P0163,338.531,5.5684,0.01442,5;64
Pantheon:2005ki,3,P0276;P0277;P0278,160.118,9.2023,0.02035,5;51;64
Pantheon:2005ku,1,P0614,344.927,-0.0137,0.04439,5
Pantheon:2005lz,1,P0626,32.7073,34.9828,0.04643,64
Pantheon:2005m,3,P0401;P0402;P0403,144.385,23.2007,0.02598,5;57;64
Pantheon:2005mc,2,P0405;P0406,126.776,21.646,0.02626,5;64
Pantheon:2005ms,1,P0408,132.31,36.13,0.02669,64
Pantheon:2005na,3,P0422;P0423;P0424,105.403,14.1333,0.02748,5;57;64
Pantheon:2005w,1,P0085,27.6906,21.7599,0.00855,5
Pantheon:20064,1,P0746,358.586,-0.9176,0.10374,1
Pantheon:2006ac,2,P0363;P0364,190.437,35.0686,0.02432,57;64
Pantheon:2006al,1,P0695,159.868,5.1834,0.06886,64
Pantheon:2006ax,2,P0237;P0238,171.014,-12.2914,0.01747,5;64
Pantheon:2006az,1,P0507,183.061,56.1794,0.03201,64
Pantheon:2006bh,1,P0116,340.067,-66.4851,0.01028,5
Pantheon:2006bq,1,P0324,279.995,39.9824,0.0227,64
Pantheon:2006bt,3,P0494;P0495;P0496,239.127,20.046,0.03121,5;57;64
Pantheon:2006bw,1,P0497,218.486,3.7988,0.03132,64
Pantheon:2006cf,1,P0602,163.511,46.0267,0.04268,64
Pantheon:2006cp,2,P0317;P0318,184.812,22.4273,0.02239,57;64
Pantheon:2006cq,1,P0642,201.105,30.9563,0.04944,64
Pantheon:2006cz,1,P0603,222.153,-4.7419,0.04268,64
Pantheon:2006d,3,P0095;P0096;P0097,193.141,-9.7752,0.00925,5;57;64
Pantheon:2006dd,1,P0042,50.6734,-37.2036,0.00616,50
Pantheon:2006dm,2,P0311;P0312,355.449,-3.669,0.02228,56;57
Pantheon:2006ef,1,P0233,31.0813,-8.7284,0.01734,57
Pantheon:2006ej,4,P0269;P0270;P0271;P0272,9.749,-9.0157,0.02023,5;56;57;64
Pantheon:2006en,2,P0503;P0504,347.521,30.2233,0.03162,57;64
Pantheon:2006et,2,P0302;P0303,10.6909,-23.5584,0.02183,5;64
Pantheon:2006ev,1,P0428,322.747,13.9892,0.0281,5
Pantheon:2006gj,1,P0426,49.3992,-1.6917,0.02803,5
Pantheon:2006gr,2,P0536;P0537,338.095,30.8287,0.03428,57;64
Pantheon:2006gt,1,P0616,14.0721,-1.6294,0.04464,5
Pantheon:2006hx,1,P0617,18.4888,0.3717,0.04487,5
Pantheon:2006kf,2,P0259;P0260,55.4603,8.1569,0.01947,5;64
Pantheon:2006lu,1,P0662,138.824,-25.6001,0.05346,5
Pantheon:2006mo,1,P0565,11.6606,36.3327,0.03702,64
Pantheon:2006n,1,P0167,92.1302,64.7236,0.01446,64
Pantheon:2006oa,1,P0684,320.929,-0.8435,0.06153,64
Pantheon:2006ob,2,P0672;P0673,27.9506,0.2633,0.05824,5;64
Pantheon:2006on,1,P0702,328.994,-1.0702,0.07089,64
Pantheon:2006os,1,P0521,43.7542,16.0097,0.03294,5
Pantheon:2006ot,2,P0656;P0657,33.7702,-20.7662,0.05202,5;64
Pantheon:2006py,1,P0668,340.425,-0.1369,0.05653,5
Pantheon:2006qo,1,P0449,120.035,56.3688,0.02898,64
Pantheon:2006s,1,P0534,191.413,35.0868,0.03393,64
Pantheon:2006sr,1,P0351,0.8959,23.1962,0.02388,64
Pantheon:2006td,1,P0168,29.5657,36.3494,0.0145,64
Pantheon:2006te,1,P0520,122.929,41.5547,0.0329,64
Pantheon:2007a,2,P0217;P0218,6.3194,12.8868,0.01682,5;65
Pantheon:2007ae,1,P0688,255.467,79.0318,0.06533,64
Pantheon:2007af,4,P0043;P0044;P0045;P0046,215.588,-0.3938,0.00625,5;56;57;64
Pantheon:2007ai,2,P0510;P0511,243.224,-21.6302,0.0326,5;64
Pantheon:2007as,1,P0246,141.9,-80.1776,0.01802,5
Pantheon:2007au,1,P0263,107.942,49.8537,0.01976,57
Pantheon:2007ba,1,P0539,229.178,7.3966,0.03441,5
Pantheon:2007bc,3,P0294;P0295;P0296,169.811,20.809,0.02131,5;57;64
Pantheon:2007bd,3,P0491;P0492;P0493,127.889,-1.1994,0.0312,5;51;64
Pantheon:2007ca,3,P0164;P0165;P0166,202.774,-15.1018,0.01442,5;57;64
Pantheon:2007ci,2,P0336;P0337,176.441,19.7705,0.02331,57;64
Pantheon:2007co,3,P0416;P0417;P0418,275.765,29.8971,0.02731,56;57;64
Pantheon:2007cq,3,P0380;P0381;P0383,333.668,5.0803,0.0251,56;57;64
Pantheon:2007cv,1,P0156,159.439,-27.0825,0.01386,56
Pantheon:2007f,2,P0359;P0360,195.813,50.6188,0.02417,51;64
Pantheon:2007fb,2,P0231;P0232,359.218,5.5088,0.01733,51;65
Pantheon:2007fs,1,P0214,330.418,-21.5082,0.01666,51
Pantheon:2007gi,1,P0035,180.348,61.8927,0.00587,50
Pantheon:2007hj,3,P0149;P0150;P0151,345.449,15.5865,0.01325,5;57;65
Pantheon:2007hu,1,P0550,254.125,27.9779,0.03551,65
Pantheon:2007hx,1,P0722,31.6128,-0.8995,0.07875,5
Pantheon:2007is,1,P0445,251.811,40.2436,0.02866,65
Pantheon:2007jd,1,P0709,44.9724,1.1607,0.07222,5
Pantheon:2007jg,2,P0574;P0575,52.4617,0.0568,0.03756,5;51
Pantheon:2007jh,1,P0599,54.0064,1.1034,0.04167,5
Pantheon:2007kh,1,P0647,48.8004,43.1703,0.05032,65
Pantheon:2007kk,2,P0604;P0605,55.5969,39.2418,0.04285,51;65
Pantheon:2007le,3,P0047;P0048;P0049,354.702,-6.5226,0.0063,5;57;65
Pantheon:2007nq,2,P0609;P0610,14.3899,-1.3886,0.04349,5;65
Pantheon:2007o,2,P0579;P0580,224.022,45.4047,0.03818,57;64
Pantheon:2007on,2,P0023;P0026,54.7125,-35.5753,0.00483,5;56
Pantheon:2007qe,2,P0346;P0347,358.554,27.4093,0.02357,57;64
Pantheon:2007sr,2,P0033;P0034,180.47,-18.9728,0.00571,57;64
Pantheon:2007ss,1,P0209,190.275,50.3913,0.01652,65
Pantheon:2007st,1,P0282,27.177,-48.6494,0.02056,5
Pantheon:2007su,1,P0420,334.787,13.1779,0.0274,65
Pantheon:2007sw,1,P0386,183.404,46.4934,0.02517,65
Pantheon:2007ux,2,P0512;P0513,152.333,14.9924,0.03264,5;65
Pantheon:2008050,1,P0624,204.198,5.1418,0.04625,65
Pantheon:2008051,1,P0585,229.995,4.9046,0.03873,65
Pantheon:20084,1,P0801,347.975,-0.5781,0.13851,1
Pantheon:20088,1,P1063,13.2052,0.6315,0.24329,1
Pantheon:2008ar,3,P0439;P0440;P0441,186.158,10.8382,0.02849,5;57;65
Pantheon:2008at,1,P0548,156.801,71.4157,0.03522,65
Pantheon:2008bc,1,P0187,144.63,-63.9738,0.01546,5
Pantheon:2008bf,3,P0371;P0372;P0373,181.012,20.2452,0.02462,5;57;64
Pantheon:2008bq,1,P0505,100.26,-38.0386,0.03166,5
Pantheon:2008bz,2,P0679;P0680,189.741,11.1295,0.06099,5;65
Pantheon:2008c,2,P0234;P0235,104.298,20.4371,0.01737,5;65
Pantheon:2008cf,2,P0629;P0630,211.886,-26.5518,0.04682,5;65
Pantheon:2008dr,1,P0590,332.715,2.1082,0.04014,57
Pantheon:2008ec,2,P0195;P0196,345.819,8.8722,0.01562,56;57
Pantheon:2008ei,1,P0566,334.388,33.2559,0.03702,57
Pantheon:2008eo,1,P0197,10.4668,32.9903,0.01565,51
Pantheon:2008eq,1,P0671,255.03,23.1324,0.05728,51
Pantheon:2008fr,1,P0581,17.9548,14.6408,0.03828,65
Pantheon:2008fv_comb,1,P0123,154.239,73.4101,0.01079,50
Pantheon:2008gb,1,P0578,44.488,46.8657,0.03796,65
Pantheon:2008gg,2,P0486;P0487,21.346,-18.1724,0.03114,5;51
Pantheon:2008gl,3,P0515;P0516;P0517,20.2284,4.8053,0.03272,5;51;65
Pantheon:2008go,2,P0682;P0683,332.687,-20.7881,0.06137,5;51
Pantheon:2008gp,2,P0525;P0526,50.753,1.3619,0.03333,5;51
Pantheon:2008hj,2,P0560;P0561,1.008,-11.1687,0.03682,5;65
Pantheon:2008hs,2,P0261;P0262,36.3734,41.8431,0.01975,56;65
Pantheon:2008hu,1,P0650,122.312,-18.6536,0.05052,5
Pantheon:2008hv,3,P0152;P0153;P0154,136.892,3.3923,0.01375,5;56;65
Pantheon:2008ia,1,P0313,132.647,-61.2779,0.02231,5
Pantheon:2008l,2,P0241;P0242,49.3194,41.3827,0.01778,57;64
Pantheon:2008o,1,P0583,104.394,-45.8123,0.03847,5
Pantheon:2008q,2,P0070;P0071,21.2385,9.5504,0.0075,56;57
Pantheon:2008r,1,P0135,45.9738,-11.9943,0.01246,5
Pantheon:2008y,2,P0698;P0699,169.877,54.4628,0.07056,51;65
Pantheon:2008z,2,P0292;P0293,145.814,36.2844,0.02118,57;65
Pantheon:2009aa,1,P0430,170.926,-22.2707,0.02819,5
Pantheon:2009ab,1,P0130,64.1516,2.7642,0.01155,5
Pantheon:2009ad,2,P0436;P0437,75.8891,6.6599,0.02844,5;65
Pantheon:2009al,3,P0338;P0339;P0340,162.842,8.5785,0.02342,5;51;65
Pantheon:2009an,2,P0114;P0115,185.697,65.8512,0.01026,51;65
Pantheon:2009bv,1,P0584,196.835,35.7844,0.03848,65
Pantheon:2009cz,2,P0341;P0342,138.75,29.7353,0.02343,5;56
Pantheon:2009d,3,P0367;P0368;P0369,58.5951,-19.1817,0.02453,5;51;65
Pantheon:2009dc,1,P0298,237.801,25.7078,0.02137,5
Pantheon:2009do,1,P0597,188.743,50.8512,0.04099,65
Pantheon:2009ds,2,P0267;P0268,177.267,-9.7291,0.02019,5;65
Pantheon:2009eu,1,P0482,247.171,39.5535,0.03108,51
Pantheon:2009fv,2,P0483;P0484,247.434,40.8116,0.03108,51;65
Pantheon:2009gf,2,P0251;P0252,213.905,14.2802,0.01855,56;65
Pantheon:2009ig,3,P0076;P0077;P0078,39.5484,-1.3125,0.00815,51;56;66
Pantheon:2009jb,1,P0331,260.925,30.4973,0.02307,56
Pantheon:2009kk,1,P0133,57.4345,-3.2644,0.0122,66
Pantheon:2009kq,2,P0138;P0139,129.063,28.0671,0.01259,51;66
Pantheon:2009le,2,P0243;P0244,32.3214,-23.4124,0.01784,5;66
Pantheon:2009na,1,P0307,161.756,26.5439,0.02205,66
Pantheon:2009nq,1,P0198,348.821,19.0229,0.01576,66
Pantheon:2009y,3,P0108;P0109;P0110,220.599,-17.2468,0.00996,5;56;65
Pantheon:20106,1,P1290,346.554,0.329,0.33147,1
Pantheon:2010a,1,P0284,38.1644,0.6195,0.02081,66
Pantheon:2010ag,1,P0527,255.973,31.5017,0.03335,66
Pantheon:2010ai,1,P0248,194.85,27.9964,0.01826,66
Pantheon:2010ao,1,P0350,205.921,3.9,0.02369,51
Pantheon:2010cr,1,P0326,202.354,11.7962,0.02295,56
Pantheon:2010dt,1,P0661,250.811,32.6751,0.05316,66
Pantheon:2010dw,1,P0587,230.668,-5.9211,0.03902,66
Pantheon:2010gn,1,P0500,259.458,40.8811,0.03147,56
Pantheon:2010gp,1,P0357,253.239,2.3879,0.02411,56
Pantheon:2010hs,1,P0716,36.4131,24.7649,0.0756,51
Pantheon:2010ii,1,P0427,339.555,35.4917,0.02805,51
Pantheon:2010kg,1,P0210,70.035,7.35,0.01652,56
Pantheon:2010ko,1,P0127,83.206,-14.0961,0.01122,56
Pantheon:2010y,1,P0134,162.766,65.7797,0.01233,66
Pantheon:20111,1,P1061,354.394,0.2481,0.2428,1
Pantheon:2011ao,1,P0131,178.463,33.3629,0.01195,56
Pantheon:2011b,1,P0029,133.952,78.2174,0.00538,56
Pantheon:2011by,1,P0011,178.94,55.3256,0.00349,51
Pantheon:2011df,1,P0178,291.89,54.3865,0.01493,51
Pantheon:2011dl,1,P0535,244.521,21.5511,0.03403,51
Pantheon:2011dn,1,P0385,299.648,2.6045,0.02513,56
Pantheon:2011fe,2,P0000;P0001,210.774,54.2737,0.00122,51;56
Pantheon:2011fs,2,P0256;P0257,334.331,35.5806,0.01875,51;56
Pantheon:2011hb,1,P0431,351.981,8.7794,0.0282,56
Pantheon:2011im,1,P0188,341.105,-0.1672,0.01549,56
Pantheon:2011iv,1,P0055,54.714,-35.5922,0.00668,5
Pantheon:2012bh,1,P0387,183.406,46.4835,0.02517,51
Pantheon:2012cg,2,P0002;P0003,186.803,9.4203,0.00256,51;56
Pantheon:2012fr,2,P0022;P0024,53.4,-36.1271,0.00483,5;56
Pantheon:2012hr,1,P0075,95.4103,-59.7141,0.00814,56
Pantheon:2012ht,2,P0019;P0020,163.345,16.7764,0.00465,5;56
Pantheon:2013aa,2,P0006;P0007,218.141,-44.2244,0.00331,5;56
Pantheon:2013bs,1,P0446,259.342,41.0667,0.02866,51
Pantheon:2013cs,1,P0098,198.812,-17.9654,0.00935,56
Pantheon:2013dy,2,P0017;P0018,334.573,40.5693,0.00432,51;56
Pantheon:2013e,1,P0111,150.023,-34.2337,0.01016,56
Pantheon:2013ex,2,P0128;P0129,83.1942,-14.0459,0.01122,51;56
Pantheon:2013fa,1,P0175,310.973,12.5144,0.01472,51
Pantheon:2013fn,1,P0414,315.099,-14.4978,0.0273,56
Pantheon:2013fw,1,P0211,318.437,13.576,0.01656,51
Pantheon:2013fy,1,P0476,324.363,-47.0319,0.03075,56
Pantheon:2013gh,2,P0082;P0083,330.591,-18.9168,0.00838,51;56
Pantheon:2013gq,1,P0169,124.473,23.4696,0.01453,51
Pantheon:2013gs,1,P0240,142.787,46.3848,0.01776,56
Pantheon:2013gy,2,P0143;P0144,55.5703,-4.7218,0.01303,51;56
Pantheon:2013hn,1,P0200,207.247,-30.2907,0.01578,56
Pantheon:2013q,1,P0212,356.783,29.4865,0.01657,56
Pantheon:20142,1,P1242,23.0082,-0.4297,0.3127,1
Pantheon:2014ai,1,P0332,139.934,33.7637,0.02313,51
Pantheon:2014bj,1,P0601,290.663,43.8908,0.04258,51
Pantheon:2014bv,1,P0051,186.129,75.5357,0.00634,56
Pantheon:2015bp,1,P0037,226.375,1.634,0.00592,56
Pantheon:2015f,2,P0027;P0028,114.066,-69.5064,0.00488,5;56
Pantheon:2016afk,1,P0632,155.625,15.0966,0.04738,150
Pantheon:2016aj,1,P0692,70.6025,-21.7244,0.06725,150
Pantheon:2016ajf,1,P0297,49.9771,41.565,0.02134,150
Pantheon:2016aqb,1,P0686,170.493,-13.9837,0.06384,150
Pantheon:2016ayg,1,P0608,112.572,25.0321,0.04349,150
Pantheon:2016bln,1,P0362,203.689,13.8539,0.02429,150
Pantheon:2016coj,2,P0031;P0032,182.028,65.1772,0.0057,51;150
Pantheon:2016cor,1,P0651,236.13,16.3035,0.05066,150
Pantheon:2016cvv,1,P0613,290.12,54.2087,0.04438,150
Pantheon:2016cvw,1,P0576,341.553,10.5588,0.03787,150
Pantheon:2016cyt,1,P0475,317.399,15.1255,0.03059,150
Pantheon:2016eoa,1,P0289,5.3461,22.4354,0.02106,150
Pantheon:2016esh,1,P0622,241.06,16.6902,0.04583,150
Pantheon:2016ews,1,P0625,225.652,23.3528,0.04631,150
Pantheon:2016fbk,2,P0552;P0553,26.0272,34.3827,0.03576,51;150
Pantheon:2016ffh,1,P0253,227.956,46.251,0.01865,51
Pantheon:2016gfr,1,P0215,274.898,23.7862,0.01671,150
Pantheon:2016glp,1,P0732,354.058,23.696,0.0841,150
Pantheon:2016glz,1,P0594,1.4732,8.4302,0.04077,150
Pantheon:2016gmb,1,P0674,8.6861,-6.1589,0.0583,150
Pantheon:2016gmg,1,P0639,320.924,33.1147,0.04865,150
Pantheon:2016grz,1,P0734,28.8874,33.8229,0.08704,150
Pantheon:2016gsu,1,P0717,17.1024,21.1516,0.07575,150
Pantheon:2016hhv,1,P0681,353.952,20.7088,0.06121,150
Pantheon:2016hns,1,P0572,324.921,24.4065,0.0374,150
Pantheon:2016hpw,1,P0274,317.283,-18.1039,0.02034,18
Pantheon:2016hpx,1,P0518,90.8194,-26.8986,0.03282,150
Pantheon:2016htm,1,P0606,38.0109,-26.6659,0.04289,150
Pantheon:2016htn,1,P0658,32.8711,-16.5102,0.05222,150
Pantheon:2016ixf,1,P0691,159.936,15.0347,0.06711,150
Pantheon:2016w,1,P0264,37.6655,42.236,0.01995,150
Pantheon:2017,1,P1118,328.943,0.5935,0.26172,1
Pantheon:2017cbv,2,P0008;P0009,218.143,-44.1341,0.00331,5;18
Pantheon:2017cfb,1,P0323,208.528,9.4128,0.02266,150
Pantheon:2017cfc,1,P0384,208.163,-2.0022,0.02512,150
Pantheon:2017cfd,2,P0145;P0146,130.204,73.4875,0.01304,51;150
Pantheon:2017cii,1,P0519,248.333,23.7313,0.03289,150
Pantheon:2017ciy,1,P0582,256.029,25.0529,0.03834,150
Pantheon:2017cjv,1,P0678,152.69,-3.7775,0.06092,150
Pantheon:2017ckx,1,P0444,117.045,28.2307,0.02858,150
Pantheon:2017coa,1,P0596,132.48,56.099,0.04095,150
Pantheon:2017cpu,1,P0665,211.969,9.642,0.05502,150
Pantheon:2017erp,3,P0058;P0059;P0060,227.312,-11.3342,0.00677,18;51;150
Pantheon:2017hn,1,P0397,196.914,6.3376,0.02557,150
Pantheon:2017hoq,1,P0330,79.8345,-17.6116,0.02303,18
Pantheon:2017jl,1,P0183,14.3829,30.1852,0.01525,150
Pantheon:2017lm,1,P0472,45.3849,-15.016,0.03031,150
Pantheon:2017mf,1,P0404,214.129,39.5864,0.02598,150
Pantheon:2017ms,1,P0399,156.676,36.6805,0.02591,150
Pantheon:2017ns,1,P0442,42.2932,14.6008,0.02849,150
Pantheon:2017oz,1,P0667,211.673,30.3188,0.05614,150
Pantheon:2017po,1,P0509,240.965,39.9901,0.03255,150
Pantheon:2017wb,1,P0489,165.331,70.6649,0.03117,150
Pantheon:2017yk,1,P0631,146.133,-12.3082,0.04691,150
Pantheon:2017zd,1,P0463,203.176,-21.8011,0.02969,150
Pantheon:20186,1,P1327,357.295,0.7979,0.34968,1
Pantheon:2018aoz,1,P0030,177.758,-28.7441,0.00548,51
Pantheon:2018enc,1,P0345,229.869,-9.8806,0.02354,18
Pantheon:2018fop,1,P0299,18.8255,-6.859,0.02151,18
Pantheon:2018gv,3,P0038;P0039;P0040,121.394,-11.4379,0.00602,18;51;150
Pantheon:2018jjd,1,P0391,66.0835,-31.9874,0.02521,18
Pantheon:2019ein,1,P0092,208.371,40.2754,0.00883,50
Pantheon:2019np,2,P0052;P0053,157.342,29.5106,0.00648,18;150
Pantheon:2021hpr,1,P0118,154.161,73.4005,0.01044,57
Pantheon:2021pit,1,P0014,56.1257,-44.6325,0.00384,56
Pantheon:20227,1,P1151,349.12,-0.0985,0.27585,1
Pantheon:20245,1,P1171,341.706,0.7563,0.28734,1
Pantheon:2031,1,P0828,312.043,-1.1714,0.15195,1
Pantheon:20364,1,P0992,25.7566,-0.9455,0.21742,1
Pantheon:20376,1,P0967,319.396,-0.5239,0.2084,1
Pantheon:20430,1,P0854,312.417,0.4686,0.16603,1
Pantheon:20625,1,P0749,5.6834,-0.479,0.10707,1
Pantheon:20687,1,P0924,16.7181,1.1541,0.19042,1
Pantheon:20764,1,P0853,26.1208,0.2298,0.16495,1
Pantheon:20768,1,P1051,40.6259,-0.9712,0.23746,1
Pantheon:20821,1,P0928,55.5726,1.0631,0.19546,1
Pantheon:21006,1,P1190,47.9418,0.0919,0.29251,1
Pantheon:21033,1,P1026,28.8137,0.6431,0.2302,1
Pantheon:21034,1,P0752,28.1414,1.2441,0.10774,1
Pantheon:21042,1,P1233,315.012,0.8276,0.30962,1
Pantheon:21062,1,P0797,333.432,0.3963,0.13745,1
Pantheon:2165,1,P1177,17.0917,-0.0962,0.28894,1
Pantheon:22075,1,P0783,29.9631,1.2165,0.1292,1
Pantheon:2246,1,P0927,50.0904,-0.8856,0.19434,1
Pantheon:2308,1,P0825,34.2729,0.2803,0.1494,1
Pantheon:2372,1,P0885,40.5207,-0.5409,0.17973,1
Pantheon:2422,1,P1132,1.9945,0.6382,0.26582,1
Pantheon:2440,1,P0925,42.6337,0.8078,0.19044,1
Pantheon:2533,1,P1310,31.2207,-0.3265,0.34111,1
Pantheon:2561,1,P0760,46.3434,0.8584,0.1176,1
Pantheon:2635,1,P0809,52.7043,-1.2381,0.14325,1
Pantheon:2689,1,P0845,24.9003,-0.7587,0.16053,1
Pantheon:2789,1,P1178,344.202,0.4011,0.28901,1
Pantheon:2916,1,P0770,315.922,0.5696,0.12316,1
Pantheon:2943,1,P1129,17.7049,1.0079,0.26419,1
Pantheon:2992,1,P0778,55.497,-0.7827,0.12623,1
Pantheon:300105,1,P0738,351.71,-0.7301,0.09205,15
Pantheon:300179,1,P0882,351.142,0.227,0.17911,15
Pantheon:3080,1,P0865,16.9323,-1.0395,0.17331,1
Pantheon:3087,1,P0851,20.4067,-0.9772,0.16448,1
Pantheon:310039,1,P0861,36.2156,-3.3448,0.17169,15
Pantheon:310051,1,P1143,353.412,-0.5525,0.27057,15
Pantheon:310090,1,P1317,351.308,-0.6051,0.34696,15
Pantheon:310091,1,P1499,353.126,-0.1047,0.50725,15
Pantheon:310146,1,P1479,52.4866,-28.7419,0.47941,15
Pantheon:310161,1,P1094,352.966,-0.6604,0.2526,15
Pantheon:310188,1,P1256,35.2776,-4.5196,0.31901,15
Pantheon:310238,1,P1164,35.5268,-3.2333,0.28405,15
Pantheon:310260,1,P1510,36.1689,-5.1043,0.51885,15
Pantheon:310574,1,P1046,352.986,0.5363,0.23662,15
Pantheon:3199,1,P1084,333.293,1.0505,0.24972,1
Pantheon:320099,1,P1374,36.0675,-3.916,0.37997,15
Pantheon:320258,1,P1309,34.748,-4.8807,0.34098,15
Pantheon:320469,1,P1364,34.4183,-4.8371,0.37095,15
Pantheon:3256,1,P0750,329.268,-0.2235,0.10711,1
Pantheon:330022,1,P1127,35.3241,-2.9491,0.26397,15
Pantheon:330023,1,P0890,35.7981,-2.7801,0.18078,15
Pantheon:330083,1,P1012,129.496,43.2977,0.22385,15
Pantheon:330089,1,P1319,36.1903,-4.8221,0.34881,15
Pantheon:330106,1,P1518,130.009,43.7419,0.53099,15
Pantheon:330128,1,P1259,36.8228,-3.8213,0.32104,15
Pantheon:3317,1,P0844,26.9626,0.6406,0.16008,1
Pantheon:3377,1,P1067,54.1562,1.0792,0.24459,1
Pantheon:340229,1,P0807,35.879,-2.8604,0.14123,15
Pantheon:340334,1,P1225,163.263,57.8064,0.30681,15
Pantheon:3451,1,P1077,334.069,0.7081,0.24846,1
Pantheon:3452,1,P1025,334.672,0.6392,0.22978,1
Pantheon:350027,1,P1223,163.119,57.8072,0.30581,15
Pantheon:350047,1,P1037,163.262,58.1363,0.23378,15
Pantheon:350050,1,P1398,161.08,58.0762,0.40483,15
Pantheon:350078,1,P1209,130.663,43.7841,0.30089,15
Pantheon:350080,1,P1169,130.635,43.9989,0.28588,15
Pantheon:350083,1,P1352,130.138,44.3739,0.3679,15
Pantheon:350180,1,P1181,53.4627,-28.1376,0.28949,15
Pantheon:350192,1,P1210,148.716,1.9617,0.30142,15
Pantheon:350233,1,P0857,149.466,3.4824,0.16924,15
Pantheon:350235,1,P1126,184.35,48.3462,0.26393,15
Pantheon:350316,1,P0726,131.469,43.8188,0.07991,15
Pantheon:350374,1,P1492,131.336,44.239,0.50098,15
Pantheon:350548,1,P0891,128.848,44.9136,0.18082,15
Pantheon:350606,1,P1313,54.2033,-26.7605,0.34448,15
Pantheon:350630,1,P1221,162.404,58.9533,0.30538,15
Pantheon:3592,1,P0733,19.0524,0.7919,0.08572,1
Pantheon:360112,1,P0892,130.673,43.5966,0.18086,15
Pantheon:360139,1,P1383,185.739,47.5675,0.386,15
Pantheon:360140,1,P1030,185.618,47.7162,0.23092,15
Pantheon:360145,1,P0942,163.669,59.019,0.19877,15
Pantheon:360156,1,P0627,150.807,1.8953,0.04656,15
Pantheon:370066,1,P0737,130.349,43.0544,0.09089,15
Pantheon:370098,1,P1007,150.006,2.4311,0.22132,15
Pantheon:370308,1,P0950,131.317,43.3857,0.20087,15
Pantheon:370329,1,P1478,151.309,1.7007,0.47786,15
Pantheon:370333,1,P0718,164.38,57.2977,0.07588,15
Pantheon:370344,1,P1291,150.174,1.8316,0.33147,15
Pantheon:370356,1,P0388,183.406,46.4835,0.02517,15
Pantheon:370367,1,P1475,149.222,1.9779,0.47163,15
Pantheon:370394,1,P1287,132.379,45.0022,0.3309,15
Pantheon:370428,1,P0879,184.375,47.5482,0.17791,15
Pantheon:370498,1,P1115,186.266,46.8062,0.26094,15
Pantheon:370563,1,P0912,150.952,2.646,0.18527,15
Pantheon:370566,1,P0707,159.985,58.4149,0.07167,15
Pantheon:370595,1,P0894,150.498,1.3251,0.18126,15
Pantheon:380199,1,P1466,215.233,53.0089,0.46064,15
Pantheon:380279,1,P1323,149.827,2.9349,0.34939,15
Pantheon:380318,1,P1305,150.413,3.2498,0.33818,15
Pantheon:380378,1,P1145,213.525,53.4648,0.27141,15
Pantheon:390259,1,P0768,242.396,53.8672,0.12231,15
Pantheon:390264,1,P1189,243.373,53.9909,0.29221,15
Pantheon:390449,1,P1088,242.951,54.4558,0.25022,15
Pantheon:390471,1,P1363,214.52,53.014,0.37062,15
Pantheon:390627,1,P0846,212.627,53.9,0.16061,15
Pantheon:4000,1,P1153,31.016,-0.3658,0.27668,1
Pantheon:4046,1,P1154,354.498,0.6421,0.27776,1
Pantheon:420087,1,P1078,352.767,0.1062,0.2486,15
Pantheon:420159,1,P0889,333.685,1.2178,0.18073,15
Pantheon:420196,1,P1201,351.761,-1.0284,0.29853,15
Pantheon:420258,1,P1148,352.428,0.7054,0.27456,15
Pantheon:420352,1,P1387,35.1822,-3.9625,0.38895,15
Pantheon:420407,1,P1069,333.949,-0.3155,0.24523,15
Pantheon:420414,1,P1191,334.276,0.0287,0.29256,15
Pantheon:420417,1,P1345,333.495,-0.1916,0.36147,15
Pantheon:4241,1,P1285,12.2377,-0.9057,0.33063,1
Pantheon:430003,1,P1274,333.38,-0.4529,0.32851,15
Pantheon:430004,1,P1032,351.113,-0.7542,0.23162,15
Pantheon:440005,1,P1222,52.9893,-28.8836,0.30548,15
Pantheon:440008,1,P0816,52.6735,-28.8632,0.14652,15
Pantheon:440042,1,P0840,35.9021,-3.294,0.15921,15
Pantheon:440050,1,P1168,333.867,1.5495,0.28557,15
Pantheon:440162,1,P1412,353.266,-0.9127,0.41936,15
Pantheon:440185,1,P1326,54.3495,-28.44,0.34949,15
Pantheon:440236,1,P1433,37.1019,-4.4246,0.42895,15
Pantheon:440509,1,P1257,34.8496,-5.4304,0.31901,15
Pantheon:440643,1,P0921,53.6036,-26.7739,0.18952,15
Pantheon:450082,1,P1079,353.356,0.3105,0.24861,15
Pantheon:450175,1,P1511,53.2864,-28.0844,0.51941,15
Pantheon:450339,1,P1403,36.2874,-3.3534,0.40935,15
Pantheon:460003,1,P0827,128.835,43.8555,0.15084,15
Pantheon:460037,1,P1212,54.727,-27.5411,0.30251,15
Pantheon:460064,1,P1058,53.7742,-26.7649,0.24151,15
Pantheon:460105,1,P0975,129.37,44.0453,0.21084,15
Pantheon:470008,1,P1053,53.0828,-29.0138,0.2395,15
Pantheon:470015,1,P1301,54.1486,-28.6251,0.33749,15
Pantheon:470041,1,P1292,131.337,44.7548,0.33189,15
Pantheon:470043,1,P0703,128.994,44.7675,0.0709,15
Pantheon:470110,1,P1315,52.0706,-28.6233,0.34545,15
Pantheon:470232,1,P0949,129.546,45.2023,0.20083,15
Pantheon:470244,1,P1344,130.408,43.7715,0.36091,15
Pantheon:480064,1,P1062,128.796,44.4482,0.24284,15
Pantheon:480184,1,P1286,129.736,43.3139,0.33089,15
Pantheon:480464,1,P1008,149.8,3.2216,0.22132,15
Pantheon:490007,1,P0666,184.268,46.6275,0.05541,15
Pantheon:490008,1,P0766,131.449,44.4206,0.12086,15
Pantheon:490037,1,P1423,149.957,0.8166,0.42348,15
Pantheon:500004,1,P1091,213.023,51.6739,0.25063,15
Pantheon:500038,1,P0753,150.193,2.5513,0.10794,15
Pantheon:500057,1,P1375,214.473,53.8417,0.38061,15
Pantheon:500100,1,P1236,131.639,45.3562,0.31088,15
Pantheon:500301,1,P1267,215.548,52.6318,0.3256,15
Pantheon:500504,1,P0946,212.459,53.4778,0.19961,15
Pantheon:500511,1,P1298,184.696,47.6473,0.33498,15
Pantheon:510251,1,P1055,244.494,55.7428,0.2402,15
Pantheon:510266,1,P1446,214.033,51.7321,0.44067,15
Pantheon:5103,1,P0847,359.884,0.7372,0.16077,1
Pantheon:510457,1,P1495,186.389,48.1369,0.50306,15
Pantheon:510550,1,P1057,243.275,55.6117,0.24122,15
Pantheon:510578,1,P1358,241.233,53.9121,0.37023,15
Pantheon:510597,1,P1467,185.821,47.8228,0.46104,15
Pantheon:510638,1,P1141,243.469,56.0842,0.2702,15
Pantheon:520016,1,P1456,185.338,46.9708,0.45106,15
Pantheon:520019,1,P1124,241.861,54.4578,0.26323,15
Pantheon:520023,1,P1137,245.239,55.1548,0.26818,15
Pantheon:520041,1,P1530,184.138,45.962,0.54545,15
Pantheon:520062,1,P1227,244.451,54.6334,0.30818,15
Pantheon:520071,1,P1408,215.504,53.6193,0.41161,15
Pantheon:520077,1,P1087,244.663,55.6842,0.25019,15
Pantheon:520188,1,P1159,215.524,52.5446,0.2806,15
Pantheon:530037,1,P1138,333.671,-1.0504,0.26859,15
Pantheon:530112,1,P1246,333.569,0.9209,0.31453,15
Pantheon:530219,1,P1273,351.529,-0.3194,0.32848,15
Pantheon:530251,1,P1407,334.634,1.1149,0.4114,15
Pantheon:5350,1,P0871,307.219,-0.7792,0.17438,1
Pantheon:5391,1,P1208,52.342,-1.0947,0.3003,1
Pantheon:5395,1,P0759,49.6409,0.1233,0.11653,1
Pantheon:540163,1,P1280,36.0723,-3.3093,0.32952,15
Pantheon:550041,1,P1107,352.54,-0.8664,0.25859,15
Pantheon:550059,1,P1255,351.303,-1.0245,0.3185,15
Pantheon:550096,1,P1014,52.7766,-26.3979,0.22449,15
Pantheon:550137,1,P1413,334.754,0.0297,0.41939,15
Pantheon:550154,1,P0973,36.3556,-3.5962,0.21015,15
Pantheon:550202,1,P1417,351.8,-0.7829,0.42036,15
Pantheon:550218,1,P1385,332.927,0.9013,0.38744,15
Pantheon:5533,1,P0997,328.67,0.4134,0.21898,1
Pantheon:5549,1,P0764,3.2505,0.2482,0.12014,1
Pantheon:5550,1,P0834,3.5983,0.3331,0.15511,1
Pantheon:560027,1,P1443,35.8506,-3.0839,0.43891,15
Pantheon:560033,1,P0723,353.599,-0.6831,0.07895,15
Pantheon:560054,1,P1481,353.296,-0.3364,0.47988,15
Pantheon:560087,1,P1224,352.676,-1.556,0.30652,15
Pantheon:560121,1,P1348,36.3388,-4.3953,0.36499,15
Pantheon:560150,1,P0947,333.961,1.2276,0.1997,15
Pantheon:560152,1,P1080,334.8,1.1602,0.24862,15
Pantheon:5635,1,P0880,333.183,-0.0349,0.17852,1
Pantheon:570022,1,P1211,351.124,-0.4843,0.30152,15
Pantheon:570025,1,P1202,335.06,0.3776,0.29855,15
Pantheon:570056,1,P1183,37.0067,-3.495,0.29008,15
Pantheon:570062,1,P0773,353.102,0.2956,0.12383,15
Pantheon:5717,1,P1090,17.896,-0.0059,0.25051,1
Pantheon:5736,1,P1098,22.8627,-0.6316,0.25407,1
Pantheon:5751,1,P0785,11.6342,0.8382,0.1295,1
Pantheon:580104,1,P1262,36.1196,-4.9673,0.32223,15
Pantheon:580235,1,P1289,150.235,2.5796,0.33147,15
Pantheon:580270,1,P1197,130.2,44.5906,0.29587,15
Pantheon:580275,1,P1380,54.1391,-28.6139,0.38248,15
Pantheon:580276,1,P1306,53.5214,-28.8077,0.33848,15
Pantheon:580300,1,P1056,130.334,44.7877,0.24085,15
Pantheon:580312,1,P1395,35.2534,-4.8171,0.40293,15
Pantheon:5844,1,P1231,327.786,-0.8429,0.30938,1
Pantheon:590002,1,P0951,149.545,0.8783,0.20128,15
Pantheon:590005,1,P0860,151.018,1.2155,0.17124,15
Pantheon:590031,1,P1372,149.073,2.0023,0.37852,15
Pantheon:590194,1,P0736,130.237,44.5243,0.09039,15
Pantheon:5957,1,P1156,34.7606,-0.2728,0.27935,1
Pantheon:5966,1,P1228,16.1904,0.5139,0.30834,1
Pantheon:5994,1,P0915,312.603,-0.1679,0.18809,1
Pantheon:6057,1,P0690,52.5536,-0.9746,0.06654,1
Pantheon:6100,1,P1251,333.483,1.0865,0.31623,1
Pantheon:6108,1,P1106,1.8066,0.349,0.25813,1
Pantheon:6137,1,P1203,307.936,0.2448,0.29893,1
Pantheon:6196,1,P1157,337.631,-0.5027,0.2799,1
Pantheon:6249,1,P1194,3.2656,-0.6201,0.29365,1
Pantheon:6304,1,P0922,26.4976,1.196,0.18995,1
Pantheon:6315,1,P1133,310.483,1.092,0.26583,1
Pantheon:6406,1,P0774,46.0886,-1.063,0.12393,1
Pantheon:6422,1,P0910,349.139,-0.6632,0.18515,1
Pantheon:6649,1,P1248,34.2759,0.5348,0.3152,1
Pantheon:6699,1,P1230,322.815,-1.057,0.30922,1
Pantheon:6780,1,P0954,328.069,0.2671,0.20279,1
Pantheon:6924,1,P1277,358.969,0.877,0.32871,1
Pantheon:6933,1,P0984,11.3517,1.0756,0.21398,1
Pantheon:6936,1,P0881,323.234,-0.6998,0.17901,1
Pantheon:7143,1,P1215,345.262,-0.2074,0.30365,1
Pantheon:7147,1,P0754,350.018,-0.0554,0.10908,1
Pantheon:7243,1,P0958,328.079,0.4719,0.20334,1
Pantheon:744,1,P0780,329.198,0.3175,0.1271,1
Pantheon:7473,1,P0991,4.3264,-0.2573,0.21692,1
Pantheon:7475,1,P1264,4.7535,-0.2815,0.32276,1
Pantheon:7512,1,P1005,52.0903,-0.3261,0.22066,1
Pantheon:762,1,P0923,15.5353,-0.879,0.19025,1
Pantheon:7779,1,P1373,310.08,-0.0072,0.37991,1
Pantheon:7847,1,P0979,32.4599,-0.0618,0.21174,1
Pantheon:7876,1,P0714,19.1825,0.7946,0.0752,1
Pantheon:8046,1,P1105,39.1168,0.5113,0.25772,1
Pantheon:8213,1,P0907,357.521,-0.9214,0.18484,1
Pantheon:8495,1,P0983,335.261,-0.7482,0.21365,1
Pantheon:8719,1,P0758,7.7215,-0.7188,0.1165,1
Pantheon:8921,1,P0813,325.002,-0.0079,0.14423,1
Pantheon:9032,1,P1095,337.885,-0.4936,0.2526,1
Pantheon:9457,1,P1102,335.814,0.253,0.25683,1
Pantheon:9467,1,P0996,328.951,1.1808,0.21897,1
Pantheon:aphrodite,1,P1684,53.1563,-27.7796,1.29911,100
Pantheon:asassn-14fa,1,P0333,43.0961,-31.8217,0.02316,56
Pantheon:asassn-15bc,1,P0573,61.561,-8.8856,0.03753,150
Pantheon:asassn-15fa,1,P0421,257.442,62.9743,0.02741,150
Pantheon:asassn-15fs,1,P0453,284.67,43.4689,0.02917,150
Pantheon:asassn-15hg,1,P0498,148.452,9.1939,0.03143,150
Pantheon:asassn-15il,1,P0327,239.284,-12.6733,0.02295,150
Pantheon:asassn-15jl,1,P0544,230.671,50.9766,0.03512,150
Pantheon:asassn-15jt,1,P0352,197.038,27.8264,0.0239,150
Pantheon:asassn-15kx,1,P0228,334.049,37.4738,0.0172,150
Pantheon:asassn-15la,1,P0450,213.213,35.7112,0.02902,150
Pantheon:asassn-15lg,1,P0279,198.887,3.5007,0.02044,150
Pantheon:asassn-15lu,1,P0559,200.304,40.2657,0.03635,150
Pantheon:asassn-15mf,1,P0411,213.595,2.9755,0.02695,150
Pantheon:asassn-15mg,1,P0612,233.094,41.8504,0.04408,150
Pantheon:asassn-15mi,1,P0555,210.815,41.6041,0.03585,150
Pantheon:asassn-15np,1,P0586,226.511,7.5615,0.03884,150
Pantheon:asassn-15nq,1,P0471,259.33,33.4621,0.03023,150
Pantheon:asassn-15nr,1,P0343,261.674,13.9098,0.02344,150
Pantheon:asassn-15od,1,P0223,35.8049,-4.5172,0.01698,150
Pantheon:asassn-15oh,1,P0203,337.675,39.2932,0.01587,150
Pantheon:asassn-15pm,1,P0637,24.6504,-4.6798,0.04837,150
Pantheon:asassn-15pn,1,P0588,60.8598,-5.492,0.03909,150
Pantheon:asassn-15pr,1,P0514,346.664,-12.5728,0.03264,150
Pantheon:asassn-15sf,1,P0365,2.865,-6.4273,0.02432,150
Pantheon:asassn-15so,1,P0086,168.546,48.3187,0.00857,150
Pantheon:asassn-15ss,1,P0556,93.1391,-14.2575,0.03599,150
Pantheon:asassn-15tg,1,P0549,5.171,25.229,0.03529,150
Pantheon:asassn-15ti,1,P0222,46.2858,37.9,0.01692,150
Pantheon:asassn-15tz,1,P0349,40.287,43.6802,0.02365,150
Pantheon:asassn-15uu,1,P0407,25.9859,17.0626,0.02632,150
Pantheon:asassn-15uv,1,P0300,126.784,27.8116,0.02153,150
Pantheon:asassn-15uw,1,P0477,38.893,-6.0629,0.03076,150
Pantheon:asassn-16ad,1,P0184,24.8836,33.8268,0.01529,150
Pantheon:asassn-16aj,1,P0461,65.4509,-15.7554,0.02953,150
Pantheon:asassn-16av,1,P0425,177.868,22.0261,0.02773,150
Pantheon:asassn-16ay,1,P0455,108.059,7.2395,0.02938,150
Pantheon:asassn-16bc,1,P0524,181.357,-21.4004,0.03298,150
Pantheon:asassn-16bn,1,P0321,47.6437,4.2697,0.02241,18
Pantheon:asassn-16bq,1,P0394,212.86,1.286,0.02534,150
Pantheon:asassn-16br,1,P0462,236.376,-13.1528,0.02956,150
Pantheon:asassn-16cs,1,P0258,102.653,31.1124,0.01905,150
Pantheon:asassn-16ct,1,P0607,228.476,4.7573,0.04306,150
Pantheon:asassn-16db,1,P0571,167.357,29.5732,0.0373,150
Pantheon:asassn-16dn,1,P0160,162.206,-20.2639,0.01411,150
Pantheon:asassn-16dw,1,P0538,202.503,-27.9739,0.03437,150
Pantheon:asassn-16em,1,P0353,203.057,84.6783,0.0239,150
Pantheon:asassn-16es,1,P0474,177.727,2.3069,0.03047,18
Pantheon:asassn-16fo,1,P0473,203.149,-5.2725,0.03036,150
Pantheon:asassn-16fs,1,P0457,221.777,11.5949,0.02944,150
Pantheon:asassn-16hc,1,P0654,209.768,33.139,0.05151,150
Pantheon:asassn-16hh,1,P0464,31.1559,21.5861,0.02978,18
Pantheon:asassn-16hr,1,P0478,336.382,38.9844,0.03083,150
Pantheon:asassn-16hz,1,P0376,348.94,-1.3396,0.02466,150
Pantheon:asassn-16ip,1,P0216,36.8407,-23.9287,0.01678,150
Pantheon:asassn-16jf,1,P0124,339.247,-25.232,0.01096,150
Pantheon:asassn-16la,1,P0161,37.3226,18.0879,0.01424,150
Pantheon:asassn-16lc,1,P0288,292.252,-51.971,0.02096,18
Pantheon:asassn-16lg,1,P0290,267.051,17.6256,0.02116,150
Pantheon:asassn-16oz,1,P0506,135.056,-13.634,0.03192,150
Pantheon:asassn-17aj,1,P0322,173.294,-10.2218,0.02255,150
Pantheon:asassn-17at,1,P0412,174.64,25.3971,0.02713,150
Pantheon:asassn-17bs,1,P0283,268.026,21.566,0.02056,150
Pantheon:asassn-17co,1,P0249,272.336,18.2983,0.01826,150
Pantheon:asassn-17eb,1,P0648,234.642,13.3478,0.05044,150
Pantheon:asassn-18da,1,P0301,52.3194,-23.9786,0.0217,18
Pantheon:asassn-18iu,1,P0308,269.418,50.0386,0.02207,18
Pantheon:atlas16agv,1,P0636,250.29,50.9724,0.04819,150
Pantheon:atlas16bwu,1,P0704,18.5927,-13.1531,0.07091,150
Pantheon:atlas16cpu,1,P0254,227.956,46.251,0.01865,150
Pantheon:atlas16cxr,1,P0185,272.027,25.4088,0.01542,150
Pantheon:atlas16dpb,1,P0309,44.3919,5.9782,0.02215,150
Pantheon:atlas16dqf,1,P0275,317.283,-18.1039,0.02034,150
Pantheon:atlas17ajn,1,P0465,176.111,-28.4574,0.02978,150
Pantheon:atlas17ajs,1,P0540,171.977,27.3458,0.03451,150
Pantheon:atlas17axb,1,P0499,205.847,-19.9437,0.03143,150
Pantheon:atlas17bas,1,P0348,166.898,22.8514,0.02357,150
Pantheon:borg,1,P1689,189.288,62.1914,1.34101,100
Pantheon:carter,1,P1694,150.061,2.1924,1.5429,106
Pantheon:colfax,1,P1700,189.157,62.3092,2.26137,106
Pantheon:css160129,1,P0694,115.123,10.9333,0.06844,150
Pantheon:css160428,1,P0501,200.78,52.6491,0.03148,150
Pantheon:eagle,1,P1677,189.337,62.2282,1.01988,100
Pantheon:elvis,1,P1671,189.451,62.2265,0.83981,100
Pantheon:ferguson,1,P1678,189.105,62.2566,1.02088,100
Pantheon:gabi,1,P1681,189.058,62.2021,1.12092,100
Pantheon:gaia16acv,1,P0720,179.957,54.8022,0.07859,150
Pantheon:gaia16agf,1,P0379,98.5373,-25.1846,0.02509,150
Pantheon:gaia16aki,1,P0711,239.794,14.6416,0.07393,150
Pantheon:gaia16bba,1,P0466,15.398,17.1013,0.0299,150
Pantheon:geta,1,P1697,322.35,0.1402,1.69706,106
Pantheon:inanna,1,P1686,53.1847,-27.9184,1.30611,100
Pantheon:iptf13dge,1,P0213,75.8962,1.5715,0.01662,56
Pantheon:iptf13ebh,2,P0125;P0126,35.4999,33.2705,0.01114,5;56
Pantheon:iptf14bdn,1,P0208,202.687,32.7618,0.01603,56
Pantheon:iptf16auf,1,P0186,217.788,27.236,0.01543,150
Pantheon:iptf17dz,1,P0739,126.107,24.9978,0.09293,150
Pantheon:lancaster,1,P1683,189.236,62.2148,1.23597,100
Pantheon:lsq12gdj,1,P0458,358.681,-25.6761,0.02947,56
Pantheon:lsq13crf,1,P0677,47.7093,1.4219,0.05974,56
Pantheon:manipogo,1,P1673,189.145,62.2636,0.85482,100
Pantheon:masterj0134,1,P0611,23.5627,-17.8121,0.04369,150
Pantheon:masterotj08,1,P0490,128.237,-3.8579,0.03118,150
Pantheon:mcguire,1,P1691,53.0418,-27.8305,1.35608,100
Pantheon:ombo,1,P1675,53.1056,-27.7508,0.97423,100
Pantheon:primo,1,P1695,53.1584,-27.7775,1.54901,106
Pantheon:ps1-14xw,1,P0356,253.24,2.3935,0.02411,56
Pantheon:ps15ahs,1,P0395,269.874,43.3901,0.02534,150
Pantheon:ps15aii,1,P0634,191.19,9.7597,0.04777,150
Pantheon:ps15asb,1,P0644,215.085,-9.3009,0.04989,150
Pantheon:ps15atx,1,P0710,195.827,-23.0658,0.07252,150
Pantheon:ps15bbn,1,P0558,315.99,13.3684,0.03624,150
Pantheon:ps15bdr,1,P0705,253.706,36.7252,0.07116,150
Pantheon:ps15bif,1,P0719,305.074,-23.7435,0.07845,150
Pantheon:ps15bjg,1,P0693,343.793,-0.4102,0.06786,150
Pantheon:ps15brr,1,P0649,358.356,-15.6545,0.05049,150
Pantheon:ps15bsq,1,P0530,355.467,-8.6379,0.03371,150
Pantheon:ps15bwh,1,P0706,352.644,-18.8915,0.07158,150
Pantheon:ps15bzz,1,P0725,9.4247,1.7628,0.07931,150
Pantheon:ps15cku,1,P0335,21.0939,3.5876,0.02325,150
Pantheon:ps15cms,1,P0689,149.646,0.743,0.06627,150
Pantheon:ps15coh,1,P0250,33.9935,12.2372,0.01839,150
Pantheon:ps15cwx,1,P0479,78.6992,7.0504,0.03086,150
Pantheon:ps15cze,1,P0591,56.8476,0.8772,0.04035,150
Pantheon:ps15mt,1,P0708,148.684,23.1981,0.07193,150
Pantheon:ps16aer,1,P0669,163.742,14.2716,0.05693,150
Pantheon:ps16axi,1,P0595,162.03,0.1635,0.04089,150
Pantheon:ps16ayd,1,P0664,216.826,-1.6753,0.05469,150
Pantheon:ps16bby,1,P0663,215.075,-22.189,0.05468,150
Pantheon:ps16bnz,1,P0687,155.154,-2.4668,0.06446,150
Pantheon:ps16ccn,1,P0370,273.122,31.2799,0.02457,150
Pantheon:ps16cqa,1,P0618,234.779,9.2946,0.04521,150
Pantheon:ps16cvc,1,P0452,318.097,14.7793,0.02915,150
Pantheon:ps16dnp,1,P0646,344.915,2.1498,0.05023,150
Pantheon:ps16el,1,P0641,162.802,19.3625,0.0494,150
Pantheon:ps16em,1,P0701,163.892,-3.3663,0.07083,150
Pantheon:ps16evk,1,P0659,338.344,-1.357,0.05262,150
Pantheon:ps16fa,1,P0633,154.819,4.7617,0.0476,150
Pantheon:ps16fbb,1,P0652,1.7631,-20.6968,0.05106,150
Pantheon:ps16n,1,P0660,75.9333,3.4125,0.05309,150
Pantheon:ps17akj,1,P0635,207.455,-3.08,0.04777,150
Pantheon:ps17bii,1,P0713,171.409,7.3336,0.07446,150
Pantheon:ps17tn,1,P0623,145.807,41.3173,0.0459,150
Pantheon:ps17yt,1,P0700,150.992,49.0412,0.07073,150
Pantheon:psnj0107203,1,P0219,16.8346,32.3997,0.01682,150
Pantheon:psnj0153424,1,P0396,28.4267,29.9363,0.02556,150
Pantheon:psnj0252467,1,P0429,43.1946,46.9464,0.02816,150
Pantheon:psnj0717457,1,P0087,109.44,23.3446,0.00861,150
Pantheon:psnj0859349,1,P0456,134.895,45.9259,0.02938,150
Pantheon:psnj1204051,1,P0619,181.021,14.0681,0.04545,150
Pantheon:psnj1602512,1,P0281,240.714,47.2248,0.02052,150
Pantheon:psnj2043531,1,P0177,310.972,12.5085,0.01492,150
Pantheon:psnj2352371,1,P0400,358.155,14.5525,0.02596,150
Pantheon:ptf10icb,1,P0107,193.705,58.8819,0.00993,56
Pantheon:ptss-16efw,1,P0551,263.908,8.809,0.03568,150
Pantheon:ptss17-niq,1,P0696,215.069,15.3417,0.06897,150
Pantheon:rutledge,1,P1696,215.2,53.0728,1.61505,106
Pantheon:sasquatch,1,P1692,189.225,62.1397,1.39103,100
Pantheon:scp05d0,1,P1676,35.4253,-3.3648,1.01242,101
Pantheon:scp05d6,1,P1687,35.4437,-3.3823,1.31317,101
Pantheon:scp06g4,1,P1690,217.328,34.6437,1.35136,101
Pantheon:scp06h5,1,P1682,218.626,34.4492,1.23225,101
Pantheon:scp06k0,1,P1693,219.535,34.2384,1.41633,101
Pantheon:scp06u4,1,P1680,356.373,-36.546,1.04817,101
Pantheon:snf20071021-000,1,P0413,3.7493,16.335,0.02714,57
Pantheon:snf20080514-002,1,P0310,202.303,11.2724,0.02219,57
Pantheon:snf20080909-030,1,P0485,330.454,13.0553,0.0311,57
Pantheon:spock,1,P1672,189.277,62.2533,0.83981,100
Pantheon:stone,1,P1698,189.32,62.2782,1.80119,106
Pantheon:strolger,1,P1679,189.086,62.1807,1.02789,100
Pantheon:thoth,1,P1685,53.1033,-27.7716,1.3041,100
Pantheon:vilas,1,P1674,189.371,62.1911,0.93585,100
Pantheon:washington,1,P1688,53.0869,-27.8282,1.3291,106
Pantheon:wilson,1,P1699,34.4431,-5.2566,1.91165,106
