category,uid_i,uid_j,delta_z,angle_deg,W_cosine,same_survey
same_direction_different_z,D1084,D1498,0.13465000000000005,0.0021481767819102973,0.9999999999999999,True
same_direction_different_z,D0722,D1322,0.19333000000000006,0.0041113456425168485,1.0000000000000002,True
same_direction_different_z,D1611,D1663,0.03793000000000002,0.004444445559011295,1.0,True
same_direction_different_z,D0425,D1643,0.45416,0.004633445862023338,1.0,True
same_direction_different_z,D1282,D1704,0.20779000000000003,0.005996794326897965,1.0000000000000002,True
same_direction_different_z,D0810,D1123,0.1053,0.007011461210701613,1.0,True
same_direction_different_z,D1678,D1792,0.17398999999999998,0.0070376125650144965,0.997546250640785,True
same_direction_different_z,D0389,D1802,0.6991,0.008354514413582878,1.0000000000000002,True
same_direction_different_z,D1011,D1287,0.08653,0.008669141307108729,1.0,True
same_direction_different_z,D0353,D0706,0.13459,0.008756600499397464,1.0,True
same_direction_different_z,D0366,D1508,0.39959,0.010233540567985097,0.9979258289660162,True
same_direction_different_z,D1094,D1450,0.11043999999999998,0.010589646651320953,0.9999999999999999,True
same_direction_different_z,D0471,D1603,0.40468999999999994,0.010960040760309537,1.0,True
same_direction_different_z,D0279,D1033,0.3014,0.011017475747094089,0.9999999999999999,True
same_direction_different_z,D0783,D1396,0.2041,0.011283247776178182,0.9999999999999999,True
same_direction_different_z,D0967,D1648,0.26278,0.0118456863450559,0.9999999999999999,True
same_direction_different_z,D1446,D1809,0.37407,0.012048812718765482,0.9999999999999999,True
same_direction_different_z,D0516,D0836,0.11357,0.012141662493874928,0.9978380004155483,True
same_direction_different_z,D0489,D0988,0.17640999999999996,0.012545785200218337,0.9999999999999999,True
same_direction_different_z,D1223,D1346,0.03855999999999993,0.012743295309969508,1.0,True
same_direction_different_z,D1331,D1594,0.10951,0.013920255804358008,0.9999999999999999,True
same_direction_different_z,D0792,D1503,0.23898999999999998,0.013921383850497121,0.9975698627504548,True
same_direction_different_z,D0717,D0930,0.07772000000000001,0.014098116466730294,1.0000000000000002,True
same_direction_different_z,D1639,D1782,0.16949999999999998,0.01425411780300408,0.9979013618001529,True
same_direction_different_z,D0335,D1022,0.25889,0.014764298053433537,0.9999999999999999,True
same_direction_different_z,D0307,D1427,0.40786,0.014970932834233501,1.0000000000000002,True
same_direction_different_z,D0667,D1672,0.39323,0.015004414006262717,1.0,True
same_direction_different_z,D1428,D1569,0.05445,0.015109181460501196,0.9999999999999999,True
same_direction_different_z,D0949,D1155,0.06665999999999994,0.015286502109286604,0.9999999999999999,True
same_direction_different_z,D0644,D1538,0.30810999999999994,0.015443121977119572,0.997811837378647,True
same_direction_different_z,D1509,D1780,0.24427,0.015476422826512792,1.0,True
same_direction_different_z,D0205,D1566,0.5879599999999999,0.015778123905574884,1.0,True
same_direction_different_z,D0207,D0579,0.22891000000000003,0.01579218088680955,0.9999999999999999,True
same_direction_different_z,D1516,D1766,0.21350999999999998,0.01590176121150146,0.9980268306926254,True
same_direction_different_z,D0885,D1468,0.19018000000000002,0.016238329419180107,1.0000000000000002,True
same_direction_different_z,D0244,D0408,0.10316,0.01676601120541231,0.9999999999999999,True
same_direction_different_z,D0450,D1513,0.35986999999999997,0.01715017044229181,0.9980229320320949,True
same_direction_different_z,D0880,D1008,0.051009999999999944,0.017510197202929564,0.9999999999999999,True
same_direction_different_z,D0587,D1190,0.21464000000000005,0.01755994646529423,0.9977520164497331,True
same_direction_different_z,D0775,D1632,0.31801,0.017593363209904376,0.9975155241116161,True
same_direction_different_z,D0699,D1410,0.2393,0.017672396125643405,1.0,True
same_direction_different_z,D1633,D1736,0.09302999999999995,0.017718700598289207,1.0,True
same_direction_different_z,D1442,D1660,0.12077000000000004,0.01789690191264085,0.9999999999999999,True
same_direction_different_z,D1072,D1800,0.44797,0.017968862736792667,1.0,True
same_direction_different_z,D0432,D0742,0.11197000000000001,0.018045316619620347,1.0000000000000002,True
same_direction_different_z,D0687,D1225,0.18223,0.01807013749065806,1.0,True
same_direction_different_z,D0652,D1412,0.26249,0.018157895121234103,1.0000000000000002,True
same_direction_different_z,D1031,D1469,0.13531000000000004,0.01824125511637097,1.0000000000000002,True
same_direction_different_z,D0955,D1461,0.16131999999999996,0.01844328988273783,0.9978300047009183,True
same_direction_different_z,D0267,D1755,0.65574,0.018502203721061716,0.9999999999999999,True
same_direction_different_z,D0356,D1608,0.46138999999999997,0.018628940954847552,1.0,True
same_direction_different_z,D1588,D1741,0.13507999999999998,0.018901652438649965,0.9999999999999999,True
same_direction_different_z,D0737,D1352,0.19916,0.018915975933274782,1.0,True
same_direction_different_z,D1278,D1439,0.048250000000000015,0.018916288816615334,0.9999999999999999,True
same_direction_different_z,D0255,D1702,0.59822,0.018951497243587755,1.0,True
same_direction_different_z,D1471,D1789,0.29596,0.01926343415487639,1.0000000000000002,True
same_direction_different_z,D1277,D1771,0.30577,0.01926857345458565,1.0000000000000002,True
same_direction_different_z,D0995,D1291,0.09492,0.019411591047570422,0.9974683544303797,True
same_direction_different_z,D0334,D1292,0.34303999999999996,0.019497466879985503,1.0,True
same_direction_different_z,D1067,D1244,0.05452000000000001,0.0197682324588794,0.9978354978354979,True
same_direction_different_z,D1376,D1728,0.20743,0.01978428721770857,0.997596153846154,True
same_direction_different_z,D0888,D1433,0.17954000000000003,0.02001871715281683,0.9976824997815539,True
same_direction_different_z,D0444,D1149,0.24189,0.020176468202282912,0.9954776844093135,True
same_direction_different_z,D0584,D0703,0.046630000000000005,0.020572778676093764,0.9977949256517531,True
same_direction_different_z,D0388,D1690,0.5075500000000001,0.020759936575383154,0.997572063871315,True
same_direction_different_z,D0583,D1545,0.33205,0.02077849539169439,0.9975700977755154,True
same_direction_different_z,D0856,D1631,0.29228,0.020829453856010996,1.0,True
same_direction_different_z,D0823,D1452,0.20394999999999996,0.020942563550718586,0.9977116947228685,True
same_direction_different_z,D1127,D1651,0.21645999999999999,0.02096910535286076,0.9916176310543158,True
same_direction_different_z,D1144,D1511,0.12196999999999991,0.02111582034460305,1.0,True
same_direction_different_z,D0959,D1251,0.09205999999999992,0.021734295011687478,0.9975641795486708,True
same_direction_different_z,D0321,D0552,0.09194999999999998,0.022335228586940505,0.9975522561944729,True
same_direction_different_z,D0250,D0915,0.27247,0.022655620735483707,1.0000000000000002,True
same_direction_different_z,D0294,D1381,0.39874999999999994,0.023071002664367287,0.9978473079425023,True
same_direction_different_z,D0548,D1041,0.18009999999999993,0.02323424998486986,1.0,True
same_direction_different_z,D0478,D1465,0.32794000000000006,0.023837841932992702,0.9952641991715259,True
same_direction_different_z,D0317,D1387,0.38253,0.02413937590835212,1.0,True
same_direction_different_z,D0849,D1206,0.12232999999999994,0.024149300368585914,0.9975124689837939,True
same_direction_different_z,D1064,D1640,0.22443999999999997,0.024308492381275883,1.0,True
same_direction_different_z,D1347,D1628,0.12746000000000002,0.024467737655675916,0.9978110189574434,True
same_direction_different_z,D0793,D1562,0.25854,0.02457868410240769,1.0,True
same_direction_different_z,D0362,D0636,0.09985,0.024642280396696737,0.9977003643913783,True
same_direction_different_z,D1811,D1818,0.08921000000000001,0.02505423353488338,1.0,True
same_direction_different_z,D0309,D0719,0.16992,0.025104714441175652,1.0,True
same_direction_different_z,D0397,D0750,0.13100999999999996,0.025346234211381876,0.9954547376350843,True
same_direction_different_z,D1318,D1646,0.15296999999999994,0.02545957593535909,1.0,True
same_direction_different_z,D0297,D0606,0.12896999999999997,0.02548807894725943,0.9978454087644176,True
same_direction_different_z,D0328,D1804,0.75279,0.025759071671494424,0.9979825182545764,True
same_direction_different_z,D1334,D1768,0.27971999999999997,0.025806969872656797,0.9977194953211866,True
same_direction_different_z,D1589,D1746,0.14031000000000005,0.02586651156841282,0.9999999999999999,True
same_direction_different_z,D0901,D1116,0.07451000000000002,0.025905342012087364,1.0,True
same_direction_different_z,D1208,D1597,0.14848000000000006,0.026100123927893206,0.9999999999999999,True
same_direction_different_z,D0700,D1404,0.23794999999999994,0.026118734844667223,0.9999999999999999,True
same_direction_different_z,D1460,D1735,0.18260999999999994,0.02615555570159263,0.9975308946799357,True
same_direction_different_z,D0822,D1535,0.23792000000000002,0.026222216144753667,0.9999999999999999,True
same_direction_different_z,D0555,D0824,0.10176999999999997,0.0264714394548263,1.0,True
same_direction_different_z,D1601,D1695,0.07162999999999997,0.02657829932303871,1.0000000000000002,True
same_direction_different_z,D0342,D1295,0.33877999999999997,0.027063121992816207,0.9999999999999999,True
same_direction_different_z,D1047,D1694,0.27292000000000005,0.02713223368292911,0.9999999999999999,True
same_direction_different_z,D0462,D1269,0.27303000000000005,0.02721237567113886,1.0000000000000002,True
same_direction_different_z,D0913,D1377,0.15025999999999995,0.02724277309134454,0.9999999999999999,True
same_direction_different_z,D1170,D1558,0.13258000000000003,0.027319130545015086,0.997809588615983,True
same_direction_different_z,D0919,D1438,0.16836000000000007,0.02743714667139517,0.9999999999999999,True
same_direction_different_z,D0741,D1006,0.09396000000000004,0.027495000999569565,0.9999999999999999,True
same_direction_different_z,D0258,D0665,0.17544999999999997,0.027700922538697645,0.9956896351084337,True
same_direction_different_z,D1316,D1719,0.21511999999999998,0.027817012392978846,1.0,True
same_direction_different_z,D1120,D1359,0.07271000000000005,0.02783075450268816,1.0000000000000002,True
same_direction_different_z,D0813,D1590,0.27324999999999994,0.02796420960056622,1.0,True
same_direction_different_z,D0921,D1275,0.11758000000000002,0.028048083109017116,0.9976133651551312,True
same_direction_different_z,D0676,D0917,0.08846000000000004,0.02821952083681695,0.997742663656885,True
same_direction_different_z,D0274,D1285,0.38298,0.02853737935065565,0.9999999999999999,True
same_direction_different_z,D1087,D1267,0.05664999999999998,0.028573864494542505,0.9944388799563397,True
same_direction_different_z,D0486,D1541,0.35775,0.028965084803670882,0.9981909384573933,True
same_direction_different_z,D1649,D1776,0.15217000000000003,0.029176743668655896,0.9999999999999999,True
same_direction_different_z,D0748,D1035,0.10030999999999995,0.02949661155810478,0.9965518848451197,True
same_direction_different_z,D1454,D1622,0.08879000000000004,0.029504867231083497,0.9999999999999999,True
same_direction_different_z,D0493,D1655,0.43765,0.03012016958668784,0.9976580796252927,True
same_direction_different_z,D1689,D1756,0.07626,0.030276668666538643,1.0,True
same_direction_different_z,D0659,D0780,0.04769000000000001,0.03047154613459049,1.0,True
same_direction_different_z,D1506,D1795,0.29235999999999995,0.030549156698296116,0.9978700721291642,True
same_direction_different_z,D0319,D0569,0.09966999999999998,0.030904349092948553,0.9951475204460312,True
same_direction_different_z,D1051,D1724,0.30165999999999993,0.03156594210864741,0.9975845695924057,True
same_direction_different_z,D1134,D1785,0.38859999999999995,0.03160161311131378,0.9999999999999999,True
same_direction_different_z,D1319,D1754,0.26042,0.03173528998422456,1.0,True
same_direction_different_z,D0535,D1290,0.26275999999999994,0.03210104011643465,0.9976331327759183,True
same_direction_different_z,D1122,D1337,0.06625999999999999,0.032237759225850635,0.9976682189762881,True
same_direction_different_z,D0616,D1212,0.21250999999999998,0.03236776696192877,0.9933667062171178,True
same_direction_different_z,D1328,D1714,0.20548,0.03274561479514675,0.9977754830990595,True
same_direction_different_z,D0520,D1807,0.68253,0.033093921508285024,1.0,True
same_direction_different_z,D0481,D0809,0.11509000000000003,0.033170974793471496,0.9877380333958592,True
same_direction_different_z,D0761,D1758,0.44886,0.0332434457340554,1.0000000000000002,True
same_direction_different_z,D0461,D1565,0.37643999999999994,0.03324937401772339,0.9975429975429974,True
same_direction_different_z,D0879,D1288,0.13898999999999995,0.033286325122792705,0.9976351630174078,True
same_direction_different_z,D0566,D1188,0.22020000000000006,0.03359233704974683,0.9999999999999999,True
same_direction_different_z,D0241,D0630,0.17796,0.03377214445830696,0.9977520164497331,True
same_direction_different_z,D1605,D1816,0.3486100000000001,0.03386748096618182,1.0000000000000002,True
same_direction_different_z,D0286,D1761,0.65273,0.0338936882719873,0.9988098480072225,True
same_direction_different_z,D1013,D1121,0.03193999999999997,0.0343899643575629,0.9999999999999999,True
same_direction_different_z,D1014,D1808,0.5025700000000001,0.03459789900481717,0.9999999999999999,True
same_direction_different_z,D0533,D1617,0.39697000000000005,0.03475110210264696,0.9901263088778887,True
same_direction_different_z,D0532,D1485,0.32464000000000004,0.035270129461595884,0.9976500329051454,True
same_direction_different_z,D0712,D1310,0.20024999999999998,0.035395584020141785,0.9980835196134737,True
same_direction_different_z,D0536,D0875,0.12207999999999997,0.03545122967645181,0.9977264834918332,True
same_direction_different_z,D1261,D1765,0.29691,0.03552403783688067,0.9999999999999999,True
same_direction_different_z,D0802,D1813,0.6005699999999999,0.03579674834446647,0.9973368794263199,True
same_direction_different_z,D1307,D1402,0.03268000000000004,0.036131768145250424,1.0000000000000002,True
same_direction_different_z,D1406,D1684,0.14910999999999996,0.036371703503090595,0.9973927244837255,True
same_direction_different_z,D0224,D0820,0.27848,0.03645932895345079,0.9977504645107046,True
same_direction_different_z,D0866,D1335,0.15592000000000006,0.03651524072703178,0.9976311071152505,True
same_direction_different_z,D0648,D1046,0.14665000000000006,0.03682074612770383,0.9976254840624215,True
same_direction_different_z,D0226,D0563,0.17643999999999999,0.03689343003557159,0.9977064464285014,True
same_direction_different_z,D0457,D1604,0.4093,0.036921762334610635,1.0000000000000002,True
same_direction_different_z,D0386,D0640,0.08927999999999997,0.03694368561583963,0.9976798143851509,True
same_direction_different_z,D0952,D1189,0.07822000000000001,0.03700055081613713,0.9999999999999999,True
same_direction_different_z,D0935,D1372,0.13657999999999998,0.03706823844319899,0.9978586922262197,True
same_direction_different_z,D0452,D1178,0.24622,0.037375250408885376,1.0,True
same_direction_different_z,D1616,D1706,0.07358999999999993,0.03791358780331946,1.0000000000000002,True
same_direction_different_z,D0730,D1777,0.49910999999999994,0.03810821099711626,0.9981942035663496,True
same_direction_different_z,D0907,D1060,0.05448000000000003,0.03820795616813723,0.9936641389587487,True
same_direction_different_z,D0503,D0633,0.04026000000000002,0.03821487398889191,0.9977220956719817,True
same_direction_different_z,D1512,D1730,0.15778000000000003,0.03828352690883818,0.9974905857559153,True
same_direction_different_z,D0304,D0692,0.16407000000000002,0.03839091363288932,0.9932381367255845,True
same_direction_different_z,D0217,D1023,0.37554,0.038395428084865485,0.9974905857559153,True
same_direction_different_z,D0958,D1180,0.06953999999999994,0.03866713005030544,0.9978850374830823,True
same_direction_different_z,D0264,D0517,0.12256000000000003,0.03916075547472871,0.9978333164070685,True
same_direction_different_z,D1224,D1415,0.06369999999999998,0.03929853368818249,0.9976526083365722,True
same_direction_different_z,D1200,D1478,0.08736,0.04006603653382453,0.997599036151527,True
same_direction_different_z,D1039,D1599,0.20289999999999997,0.04016838872581423,1.0,True
same_direction_different_z,D0723,D1431,0.23080999999999996,0.04031172064291513,0.9989875223067768,True
same_direction_different_z,D0276,D1266,0.37554000000000004,0.04039058354089178,0.9977784156280822,True
same_direction_different_z,D0868,D1048,0.06719999999999998,0.04056796953503324,0.9978300047009183,True
same_direction_different_z,D0797,D1783,0.48711,0.04092468367428971,0.9950889986975487,True
same_direction_different_z,D0678,D1635,0.35845,0.04100000974686761,0.9975369760695997,True
same_direction_different_z,D0246,D0355,0.06952000000000003,0.04110784312288451,0.9978401931563324,True
same_direction_different_z,D1150,D1737,0.28618999999999994,0.04122404074237253,0.9999999999999999,True
same_direction_different_z,D0299,D1693,0.5646100000000001,0.04134394606271213,1.0,True
same_direction_different_z,D1691,D1762,0.08343999999999996,0.04204687347931374,1.0,True
same_direction_different_z,D0609,D1641,0.39504999999999996,0.04216315286440115,0.9977734706832355,True
same_direction_different_z,D0771,D1609,0.30411999999999995,0.04216676287992764,0.9916485655290455,True
same_direction_different_z,D0718,D1211,0.16513000000000005,0.04220067930378205,0.9957718246392206,True
same_direction_different_z,D1220,D1501,0.09687999999999997,0.0424877682577169,0.9975278083317083,True
same_direction_different_z,D0344,D1361,0.35567,0.04254155078418205,0.9978800278171781,True
same_direction_different_z,D1564,D1738,0.14954,0.04256360795889168,0.9978486641959972,True
same_direction_different_z,D0454,D1514,0.35750000000000004,0.04273018572653824,0.997809588615983,True
same_direction_different_z,D0704,D0878,0.06063000000000002,0.042747312557865284,0.9952295647409788,True
same_direction_different_z,D1477,D1751,0.20540999999999998,0.04294595355505623,0.9944903161976939,True
same_direction_different_z,D0892,D1191,0.10276000000000002,0.04301106015245208,0.9956345564860677,True
same_direction_different_z,D1073,D1650,0.2324099999999999,0.04306632297935836,0.9978407577843507,True
same_direction_different_z,D0890,D1624,0.27551000000000003,0.04373821024812842,0.9970154348854675,True
same_direction_different_z,D0222,D1109,0.39052,0.04400849288676532,0.9977973784386245,True
same_direction_different_z,D0382,D1652,0.47981,0.04406204438007021,0.99800796812749,True
same_direction_different_z,D1270,D1405,0.04356000000000004,0.04445942094703006,0.9976744186046513,True
same_direction_different_z,D0487,D0920,0.15045999999999998,0.04460081826658672,0.9976331327759183,True
same_direction_different_z,D0990,D1128,0.043399999999999994,0.04467480735554537,0.9978471449732083,True
same_direction_different_z,D0600,D0749,0.06253000000000003,0.04477294023266449,0.9952040629846001,True
same_direction_different_z,D0900,D1525,0.20775999999999994,0.04491788965825585,1.0,True
same_direction_different_z,D0436,D1425,0.33638999999999997,0.04524227808211959,0.9928379341370567,True
same_direction_different_z,D1528,D1645,0.07941999999999994,0.04538964177106731,1.0000000000000002,True
same_direction_different_z,D1028,D1289,0.08144000000000007,0.045493695742125015,0.9954807511868975,True
same_direction_different_z,D0877,D1029,0.058260000000000034,0.04562813798202659,0.9978407577843507,True
same_direction_different_z,D0333,D0512,0.07467000000000001,0.04634921225126766,1.0000000000000002,True
same_direction_different_z,D0688,D1113,0.14950999999999998,0.04638452128231852,1.0000000000000002,True
same_direction_different_z,D0621,D1173,0.19707999999999998,0.046614072246583545,1.0,True
same_direction_different_z,D0449,D1743,0.5377700000000001,0.04672979291120336,1.0,True
same_direction_different_z,D0964,D1575,0.20663999999999993,0.04701726373295834,0.9927378726922229,True
same_direction_different_z,D0768,D1236,0.15525,0.04702284583523971,0.997806220541251,True
same_direction_different_z,D1092,D1421,0.10397999999999996,0.04703037174213193,0.9953079065806985,True
same_direction_different_z,D0853,D1111,0.09296000000000004,0.047034205069270085,0.9977827050997782,True
same_direction_different_z,D0623,D0980,0.13495000000000001,0.04715644585995673,0.9945480286627155,True
same_direction_different_z,D0268,D0937,0.27348,0.04725445419021036,0.9959638148172418,True
same_direction_different_z,D1179,D1642,0.19353999999999993,0.0472834043428393,0.997736765900748,True
same_direction_different_z,D0642,D1677,0.40709000000000006,0.047817171092453876,0.9977003643913783,True
same_direction_different_z,D1263,D1636,0.15632000000000001,0.048142661890271526,0.9962142840100405,True
same_direction_different_z,D0511,D1032,0.18874000000000002,0.048286518462228936,0.997666274531717,True
same_direction_different_z,D0243,D0641,0.18283000000000002,0.048357300183208975,1.0,True
same_direction_different_z,D0219,D1198,0.42667,0.04863373681729745,1.0,True
same_direction_different_z,D0698,D0816,0.04512999999999995,0.0486604928146506,1.0,True
same_direction_different_z,D0658,D1153,0.17453999999999997,0.04878708135135071,0.9978110189574434,True
same_direction_different_z,D1568,D1610,0.03292000000000006,0.04888123955164258,0.9974845337023502,True
same_direction_different_z,D0774,D1357,0.19034,0.049085492418695566,1.0,True
same_direction_different_z,D0283,D1615,0.51178,0.04916495361178538,0.9924336870116702,True
same_direction_different_z,D0899,D1555,0.21917999999999999,0.04945234556350846,0.9938546868172259,True
same_direction_different_z,D1815,D1817,0.05712000000000006,0.04948320663263698,0.9979959919839679,True
same_direction_different_z,D1365,D1459,0.03163000000000005,0.049603073511924146,0.9977520164497331,True
same_direction_different_z,D1024,D1534,0.16453000000000007,0.04967450106304041,0.9999999999999999,True
same_direction_different_z,D0953,D1341,0.12345999999999996,0.04989211365606926,0.9999999999999999,True
same_direction_different_z,D1572,D1703,0.10489000000000004,0.05020344564630408,0.9900526764551996,True
same_direction_different_z,D0445,D1727,0.51786,0.050377098774562305,0.9999999999999999,True
same_direction_different_z,D0906,D1696,0.32493,0.05039921218723445,0.9999999999999999,True
same_direction_different_z,D0805,D1207,0.13316,0.050459951217768834,0.9954956824897285,True
same_direction_different_z,D1229,D1786,0.36723000000000006,0.05070952512819332,0.9976444980584209,True
same_direction_different_z,D0441,D1546,0.3750899999999999,0.05081177048621231,0.9977418723364211,True
same_direction_different_z,D0375,D1355,0.33563000000000004,0.05113557966215601,0.9952416682684152,True
same_direction_different_z,D0281,D0710,0.18119,0.051216267208939174,0.9999999999999999,True
same_direction_different_z,D0358,D1083,0.26659,0.05124838505667238,0.997575987316303,True
same_direction_different_z,D1055,D1686,0.26339,0.051725591014283166,0.9932912602673086,True
same_direction_different_z,D0784,D1226,0.14785999999999994,0.05180676708314721,0.9953079065806985,True
same_direction_different_z,D1369,D1707,0.18930999999999998,0.05184197138344914,0.9976664824857668,True
same_direction_different_z,D1007,D1680,0.27295,0.05194349777721254,1.0000000000000002,True
same_direction_different_z,D0870,D1283,0.14177000000000006,0.05203837157889493,0.9931548615813207,True
same_direction_different_z,D0308,D0501,0.09235000000000002,0.052186517648492636,0.9887105569539357,True
same_direction_different_z,D0415,D1456,0.35069000000000006,0.052327732340773495,0.9927999637393897,True
same_direction_different_z,D0477,D0772,0.10228999999999999,0.05299456288749057,0.9954650434738692,True
same_direction_different_z,D0806,D1366,0.18064999999999998,0.05312884679257889,0.9954049290692143,True
same_direction_different_z,D0769,D1110,0.11742000000000002,0.05313793774573668,0.9953379699471956,True
same_direction_different_z,D0664,D1231,0.19490999999999997,0.05319468427575214,0.9955356919925976,True
same_direction_different_z,D0311,D1394,0.39272,0.05352135215405174,0.997772850851008,True
same_direction_different_z,D1563,D1676,0.08792999999999995,0.05400236981163744,0.9952269531168536,True
same_direction_different_z,D1203,D1373,0.05056000000000005,0.05414765547227819,0.9887133182844245,True
same_direction_different_z,D0735,D0854,0.03434999999999999,0.054235182506413966,0.9976798143851509,True
same_direction_different_z,D0663,D1065,0.14534999999999998,0.054500388115043756,0.9979367993834799,True
same_direction_different_z,D0827,D1345,0.16832999999999998,0.054706893623323184,0.9954128198502351,True
same_direction_different_z,D0857,D1344,0.16160000000000002,0.05472981002963081,1.0,True
same_direction_different_z,D1129,D1543,0.13707000000000003,0.055575981764480614,0.9976107336649374,True
same_direction_different_z,D0602,D1284,0.24020000000000002,0.055671567357549016,0.9999999999999999,True
same_direction_different_z,D0904,D1547,0.21474,0.05641591599296591,0.9949748425680714,True
same_direction_different_z,D0357,D1085,0.26716999999999996,0.05642416396975734,0.9951458655218787,True
same_direction_different_z,D0392,D0697,0.11077000000000004,0.05658306621940648,0.9824895937256924,True
same_direction_different_z,D1080,D1701,0.26991,0.056711904666056336,0.9917686390010059,True
same_direction_different_z,D1806,D1819,0.12274000000000007,0.05737367583055422,0.9978110189574434,True
same_direction_different_z,D1053,D1787,0.42355,0.05740534279427414,1.0000000000000002,True
same_direction_different_z,D0518,D0996,0.17133000000000004,0.057460719282794816,0.995585164951337,True
same_direction_different_z,D1313,D1407,0.03302000000000005,0.057528656317871164,0.9978939395790762,True
same_direction_different_z,D0363,D1305,0.33048000000000005,0.05773614542952495,0.9977620699088224,True
same_direction_different_z,D0390,D1158,0.26964999999999995,0.0577483270825815,0.9937523049505842,True
same_direction_different_z,D1517,D1607,0.05484,0.0579220250931124,0.9957469346945713,True
same_direction_different_z,D0873,D1502,0.21333000000000002,0.05792227142491636,0.9977426869238359,True
same_direction_different_z,D0788,D1301,0.17112000000000005,0.05792240558935574,0.997675150942748,True
same_direction_different_z,D0887,D1726,0.36492,0.05817372032819757,1.0000000000000002,True
same_direction_different_z,D1216,D1767,0.31536999999999993,0.05819008941660505,0.992827638607938,True
same_direction_different_z,D0227,D1135,0.37826,0.05827470863159926,0.99549802040034,True
same_direction_different_z,D0894,D1466,0.18611,0.0583012735212235,0.995027954226051,True
same_direction_different_z,D1556,D1753,0.17513999999999996,0.058517667727048174,0.9981942035663496,True
same_direction_different_z,D1304,D1570,0.09563999999999995,0.05863828004587908,0.9923444484673621,True
same_direction_different_z,D1021,D1812,0.51976,0.05864263111497332,0.997566909975669,True
same_direction_different_z,D0989,D1192,0.06529000000000007,0.058893101072133414,0.9907299243141211,True
same_direction_different_z,D0237,D1505,0.48534000000000005,0.05893662442405712,0.9955456348712053,True
same_direction_different_z,D0538,D1658,0.42786,0.05894965688268792,0.9974968671630001,True
same_direction_different_z,D1018,D1195,0.05347999999999997,0.05900280685693662,0.9978028145995639,True
same_direction_different_z,D1682,D1794,0.17540999999999995,0.059245883445455824,0.9891747521000185,True
same_direction_different_z,D1077,D1571,0.16518,0.0596950207534166,0.9953596037316065,True
same_direction_different_z,D0550,D1249,0.24344,0.059818115314016165,0.9975874512500478,True
same_direction_different_z,D0611,D1209,0.21316000000000002,0.05984511815373827,0.9921668530068202,True
same_direction_different_z,D1255,D1772,0.31435,0.06024398825174863,0.9944870759770319,True
same_direction_different_z,D0423,D1520,0.3729100000000001,0.060338695863904515,0.9975874512500478,True
same_direction_different_z,D0490,D0968,0.16966000000000003,0.060571770254035616,0.9976744440550529,True
same_direction_different_z,D0844,D1247,0.1361,0.0606635651924035,0.9975178795917451,True
same_direction_different_z,D0803,D0916,0.036839999999999984,0.06072669066082369,0.9952267030562387,True
same_direction_different_z,D1034,D1268,0.07293000000000005,0.06077659805009729,1.0,True
same_direction_different_z,D0855,D1363,0.16823,0.06097668304227381,0.9977728285077951,True
same_direction_different_z,D0315,D0529,0.09214,0.061087046994831605,0.9999999999999999,True
same_direction_different_z,D0592,D1536,0.32935000000000003,0.06125400397269331,0.9957357661394265,True
same_direction_different_z,D1133,D1385,0.07925000000000004,0.061261934254049966,0.9977628861802784,True
same_direction_different_z,D0468,D1264,0.26962,0.061309539865887414,0.9975402155483203,True
same_direction_different_z,D0834,D1340,0.16642,0.06159874210768314,0.9950982806915578,True
same_direction_different_z,D0543,D1181,0.22434000000000004,0.06172159360929143,0.9978517698067374,True
same_direction_different_z,D0504,D1449,0.31772999999999996,0.061734299505975705,0.9935921719991,True
same_direction_different_z,D0352,D0804,0.17321999999999999,0.06178902823845566,0.9933512824551347,True
same_direction_different_z,D1625,D1723,0.08297999999999994,0.06185474440535339,0.9970154348854675,True
same_direction_different_z,D1523,D1675,0.10414000000000001,0.06186701727898462,0.9930744445647632,True
same_direction_different_z,D0657,D1368,0.24007999999999996,0.06228255829155506,1.0000000000000002,True
same_direction_different_z,D0778,D1350,0.18801999999999996,0.06231234137377411,0.998003205486968,True
same_direction_different_z,D1561,D1621,0.04630999999999996,0.06257245499508612,0.9917732550001422,True
same_direction_different_z,D1637,D1799,0.22586000000000006,0.06274755461098276,0.9999999999999999,True
same_direction_different_z,D1165,D1259,0.03247,0.06303132924287987,0.9909730762570998,True
same_direction_different_z,D1370,D1740,0.22855999999999999,0.0634939180298192,0.9976107336649374,True
same_direction_different_z,D0558,D1187,0.22122000000000003,0.06349730778085638,0.9952858136764119,True
same_direction_different_z,D0497,D0759,0.09449999999999997,0.06353334524782733,0.9963355624417208,True
same_direction_different_z,D1040,D1581,0.19036999999999993,0.06370963255417818,0.99773518142325,True
same_direction_different_z,D0695,D1139,0.15286999999999995,0.06373661785249916,0.9977705239966578,True
same_direction_different_z,D0670,D0777,0.042279999999999984,0.06390664687826353,0.9953488119953744,True
same_direction_different_z,D0236,D1391,0.44533,0.06435959507257615,0.9899118821429462,True
same_direction_different_z,D1001,D1519,0.16668000000000005,0.06451995736282928,0.9977827050997782,True
same_direction_different_z,D1489,D1614,0.06679000000000002,0.06464010912037625,0.9960062476009269,True
same_direction_different_z,D0495,D1205,0.24394,0.0649638387428596,0.9920669636512816,True
same_direction_different_z,D0562,D1076,0.18765000000000004,0.06513817373970408,0.9977220956719817,True
same_direction_different_z,D0846,D1630,0.29489,0.06528415605087394,0.995,True
same_direction_different_z,D0762,D1423,0.21844999999999998,0.06542330828187434,0.9957585045734161,True
same_direction_different_z,D1222,D1483,0.08512000000000008,0.06568891713491368,0.9968420516323031,True
same_direction_different_z,D0289,D1662,0.5437099999999999,0.06572994111889051,0.9955282182721096,True
same_direction_different_z,D0987,D1497,0.16739000000000004,0.06581490178446987,0.9910719052775645,True
same_direction_different_z,D0924,D1398,0.15316999999999997,0.0659809789283383,0.997757054435005,True
same_direction_different_z,D0216,D1342,0.47203000000000006,0.06633738810613068,1.0,True
same_direction_different_z,D1715,D1779,0.10255000000000003,0.0663501689675516,0.9951171393014179,True
same_direction_different_z,D1619,D1749,0.12253999999999998,0.06647224359594231,0.9976331327759183,True
same_direction_different_z,D0847,D1338,0.16268000000000005,0.06662885990385287,0.9976220954939394,True
same_direction_different_z,D0424,D0929,0.18106,0.0668111536749671,0.9975550122249389,True
same_direction_different_z,D0275,D1426,0.42764,0.06687933787785731,0.9923717228845925,True
same_direction_different_z,D0534,D1592,0.37951999999999997,0.0675948152690883,0.9958419958419958,True
same_direction_different_z,D0403,D0586,0.058479999999999976,0.0679141293490528,0.9952634849365631,True
same_direction_different_z,D0653,D0831,0.06856000000000001,0.06792808113739748,0.997783338663701,True
same_direction_different_z,D1114,D1788,0.40544,0.06806092581164766,0.9975278083317083,True
same_direction_different_z,D0395,D0724,0.12497000000000003,0.06810895502946533,0.9975610049860355,True
same_direction_different_z,D1306,D1661,0.16575000000000006,0.06815913919446291,0.9955961194025961,True
same_direction_different_z,D0331,D1487,0.40676999999999996,0.0681815957565843,0.9905102111501248,True
same_direction_different_z,D0409,D1108,0.24703000000000003,0.06820480562353891,1.0000000000000002,True
same_direction_different_z,D0927,D1583,0.22930999999999996,0.06839425926446269,0.9975903614457833,True
same_direction_different_z,D0933,D1718,0.33383999999999997,0.06847725060413665,0.9927447651207731,True
same_direction_different_z,D1532,D1793,0.27923,0.06881796188689546,0.9870343701222135,True
same_direction_different_z,D1010,D1606,0.21658999999999995,0.06913546869835294,0.9957537154989383,True
same_direction_different_z,D0530,D1354,0.28019000000000005,0.06930028345173113,0.9908289719757438,True
same_direction_different_z,D1157,D1720,0.2668999999999999,0.06934885181716752,0.9941879134908641,True
same_direction_different_z,D1445,D1576,0.057049999999999934,0.06938541980751993,0.9954560918484667,True
same_direction_different_z,D0492,D0604,0.030700000000000005,0.07022490538750514,0.9957896261766522,True
same_direction_different_z,D0202,D0539,0.24006999999999998,0.07031096422029699,0.995488503440725,True
same_direction_different_z,D1360,D1814,0.4286199999999999,0.0704882295144965,0.9977827050997782,True
same_direction_different_z,D0572,D1068,0.17977000000000004,0.0710192790747499,0.9976771164912531,True
same_direction_different_z,D0203,D1700,0.70391,0.07111294562457945,1.0000000000000002,True
same_direction_different_z,D0285,D0559,0.12072,0.07123143176529952,0.9954855155869112,True
same_direction_different_z,D0838,D1358,0.17107999999999995,0.07141422322555374,0.9930259411229956,True
same_direction_different_z,D1038,D1790,0.43517000000000006,0.07142392523931906,0.9973154313982582,True
same_direction_different_z,D0413,D1172,0.26223,0.07147390412750455,0.9958859163254701,True
same_direction_different_z,D1349,D1731,0.21643999999999997,0.07165093467966308,0.9919850408299778,True
same_direction_different_z,D0850,D1125,0.09672999999999998,0.07166887355401347,0.9999999999999999,True
same_direction_different_z,D1175,D1303,0.04157999999999995,0.07190907565032942,0.9962902591644001,True
same_direction_different_z,D0260,D1612,0.52146,0.07205441061281882,1.0,True
same_direction_different_z,D0573,D1062,0.17663999999999996,0.07342264078205823,0.9979102825457239,True
same_direction_different_z,D1201,D1447,0.07662000000000002,0.07345411419072258,0.9953950282906935,True
same_direction_different_z,D0932,D1106,0.05728999999999995,0.07353597258379888,0.9887613093330311,True
same_direction_different_z,D0326,D0941,0.23336999999999997,0.07380760214335759,0.9925217894270948,True
same_direction_different_z,D0627,D1227,0.21263999999999994,0.07406363368342433,0.9891043611231112,True
same_direction_different_z,D0370,D0475,0.04557,0.07420263286706752,0.9977925162356314,True
same_direction_different_z,D0531,D1400,0.29893999999999993,0.07432442680888965,1.0000000000000002,True
same_direction_different_z,D0593,D0758,0.06829000000000002,0.07448238846446294,0.9882667792961741,True
same_direction_different_z,D0985,D1470,0.15243000000000007,0.07448703267984827,0.9953943473944779,True
same_direction_different_z,D0588,D1293,0.24812999999999996,0.07480551006913799,0.9999999999999999,True
same_direction_different_z,D0675,D1709,0.42295999999999995,0.0750445949730881,0.9945767175111521,True
same_direction_different_z,D0671,D1518,0.28935,0.07535125440224912,0.9977298495122363,True
same_direction_different_z,D0341,D0613,0.09883000000000003,0.07568712385018066,0.9954235371579137,True
same_direction_different_z,D1317,D1747,0.25188,0.0760027903326512,0.9960960626815761,True
same_direction_different_z,D0946,D1240,0.09371999999999997,0.07609117287077996,0.9935988364913405,True
same_direction_different_z,D1586,D1708,0.09687999999999997,0.0761481351708303,0.9976422737303166,True
same_direction_different_z,D0860,D1805,0.5554599999999998,0.076681359507783,0.9962975199878492,True
same_direction_different_z,D0942,D1279,0.11078999999999994,0.07678238875682562,0.9951836120919052,True
same_direction_different_z,D0603,D1367,0.26197,0.07699919330029804,0.9949780473003812,True
same_direction_different_z,D0524,D1314,0.26873,0.07722058883487656,0.9953051383878067,True
same_direction_different_z,D0455,D1254,0.26918,0.0772593072234512,0.9930795016269967,True
same_direction_different_z,D0322,D1185,0.3132,0.07749170951354206,0.9978354978354979,True
same_direction_different_z,D0502,D0812,0.11143999999999998,0.07749856087133358,0.9977071241554286,True
same_direction_different_z,D1012,D1797,0.45946999999999993,0.07751673647644877,0.9904988123515438,True
same_direction_different_z,D1309,D1775,0.30594999999999994,0.07797237319222665,0.9950402842262926,True
same_direction_different_z,D0848,D1644,0.30835,0.07805491927290935,0.9937739411415693,True
same_direction_different_z,D0626,D1204,0.20714,0.07809696149697277,0.9978586922262197,True
same_direction_different_z,D0893,D1070,0.06359999999999999,0.07820592346446463,0.9977477708572514,True
same_direction_different_z,D0367,D0571,0.07462000000000002,0.07834787194913463,0.9937845070055836,True
same_direction_different_z,D0437,D1530,0.37126000000000003,0.07872151785211765,0.9947229183096801,True
same_direction_different_z,D1356,D1810,0.4075399999999999,0.07875204839859795,0.9950769404222781,True
same_direction_different_z,D0371,D1713,0.53406,0.07883693332738341,0.9937585771834553,True
same_direction_different_z,D1105,D1435,0.10267000000000004,0.07920863304110819,0.9953598333417444,True
same_direction_different_z,D0790,D1458,0.21864999999999996,0.07953618958754033,0.9925772981166626,True
same_direction_different_z,D0296,D1009,0.28388,0.08023510440191395,0.9911209000078467,True
same_direction_different_z,D0839,D1160,0.10988999999999999,0.08037885921614349,0.9977868148239846,True
same_direction_different_z,D0527,D0701,0.06331000000000003,0.08063809781518598,0.9931894780788385,True
same_direction_different_z,D0897,D1550,0.21766000000000002,0.08072578933126176,0.9925115727869479,True
same_direction_different_z,D0918,D1117,0.06825999999999999,0.08101279938867911,0.9973856164418643,True
same_direction_different_z,D1524,D1763,0.20052999999999999,0.08111478008452937,0.9933160713804712,True
same_direction_different_z,D0565,D1217,0.22792,0.0815663719955771,0.9936732515486351,True
same_direction_different_z,D1174,D1710,0.25064,0.08199331251178243,0.9912987780314938,True
same_direction_different_z,D0589,D0914,0.12004999999999999,0.0823849706440427,0.9911798157411635,True
same_direction_different_z,D0912,D1148,0.08067000000000002,0.08241727670794458,0.9890010511584832,True
same_direction_different_z,D0874,D1711,0.35262000000000004,0.08264937410564002,0.997566909975669,True
same_direction_different_z,D0883,D1260,0.12772999999999995,0.08300504973840843,0.9999999999999999,True
same_direction_different_z,D0482,D0979,0.17285000000000006,0.08348415482832254,0.9877418209501408,True
same_direction_different_z,D0909,D1437,0.17337999999999998,0.08410073583034128,0.9977011740048264,True
same_direction_different_z,D0515,D1380,0.29344,0.0841447951797338,0.9951475204460312,True
same_direction_different_z,D1045,D1629,0.22038000000000002,0.08421873203654118,0.9934956297712954,True
same_direction_different_z,D1499,D1798,0.30259,0.08426813151268372,0.989012862985725,True
same_direction_different_z,D0345,D1327,0.34376999999999996,0.0843946241058642,0.9939550098966123,True
same_direction_different_z,D1132,D1399,0.08762000000000003,0.08463368496413895,0.9975520159118909,True
same_direction_different_z,D0545,D0966,0.15673000000000004,0.0854129149898601,0.9933191025884909,True
same_direction_different_z,D1685,D1764,0.09069000000000005,0.08550224143438939,0.9999999999999999,True
same_direction_different_z,D1670,D1770,0.1244900000000001,0.08551823430464604,0.9899116151148832,True
same_direction_different_z,D0542,D1552,0.34792000000000006,0.08561792195347402,0.9926410079056803,True
same_direction_different_z,D0764,D1408,0.21316000000000002,0.08565337186937029,0.9953943473944779,True
same_direction_different_z,D1374,D1494,0.04763000000000006,0.08569927249661366,0.990171751667109,True
same_direction_different_z,D0421,D0961,0.19245999999999996,0.08575589925658976,0.9928514061444342,True
same_direction_different_z,D0364,D0905,0.19809,0.08648649043749254,0.9909500401039307,True
same_direction_different_z,D0220,D0380,0.13634000000000002,0.08659852704779139,0.9976442841248871,True
same_direction_different_z,D0431,D1297,0.29643,0.08673578181637004,0.9976851851851852,True
same_direction_different_z,D1557,D1716,0.12558000000000002,0.08677574737276082,0.9975669391371718,True
same_direction_different_z,D0256,D1078,0.32655999999999996,0.08738105433228205,0.9929987470424657,True
same_direction_different_z,D0201,D0632,0.27277,0.0874075481181042,0.9999999999999999,True
same_direction_different_z,D0350,D0488,0.06124999999999997,0.08772076725076257,0.9954467739583783,True
same_direction_different_z,D0218,D0332,0.11291000000000001,0.08799162118940113,0.9882938069500365,True
same_direction_different_z,D0738,D1075,0.11508000000000002,0.08804177443400735,0.9928853131150813,True
same_direction_different_z,D0525,D1493,0.3334599999999999,0.08831485773769603,0.9908842437261149,True
same_direction_different_z,D0305,D1177,0.32869000000000004,0.08834655837171873,0.9980640080512464,True
same_direction_different_z,D0743,D1243,0.16515000000000002,0.08867654363591182,0.986557004584491,True
same_direction_different_z,D0727,D1234,0.16669999999999996,0.0888930628791584,1.0,True
same_direction_different_z,D0498,D0965,0.16689999999999994,0.08896424868114104,0.9977311834247465,True
same_direction_different_z,D0674,D1221,0.18760000000000004,0.08899814587423319,0.9908044024147216,True
same_direction_different_z,D0316,D1102,0.29585000000000006,0.08909036914336955,0.992834331173892,True
same_direction_different_z,D0754,D1664,0.34832,0.08955099603492976,0.9897800976865735,True
same_direction_different_z,D0212,D0851,0.31112,0.09045151642994839,0.9977728285077951,True
same_direction_different_z,D0561,D1171,0.21521999999999997,0.09068483333708996,0.993536790135311,True
same_direction_different_z,D0733,D1281,0.18187000000000003,0.09072200448776402,0.9879486442347685,True
same_direction_different_z,D0876,D1745,0.39546000000000003,0.09072395413804904,0.9902436691399975,True
same_direction_different_z,D1760,D1784,0.05418999999999996,0.09074706354362942,0.9937792595537867,True
same_direction_different_z,D0301,D1130,0.31766000000000005,0.09148316452453917,0.9978308232404395,True
same_direction_different_z,D0926,D1598,0.24093999999999993,0.09166321929963966,0.989381857237243,True
same_direction_different_z,D0262,D1353,0.40559,0.09174199520461794,0.9976771164912531,True
same_direction_different_z,D0811,D0922,0.03766000000000003,0.09216463073696862,0.9909123093009797,True
same_direction_different_z,D0270,D1748,0.64656,0.09335354141509337,0.9951340561349474,True
same_direction_different_z,D0620,D1294,0.23897999999999997,0.09342985045990518,0.9976218753494591,True
same_direction_different_z,D0564,D1424,0.29713000000000006,0.09360228187844145,0.994874028443806,True
same_direction_different_z,D0500,D1025,0.18853999999999999,0.09423045147432568,0.9976331327759183,True
same_direction_different_z,D0666,D1455,0.26532,0.0943024209895155,0.9978118161925603,True
same_direction_different_z,D0984,D1258,0.08782000000000001,0.09475110355712216,0.9775541420557066,True
same_direction_different_z,D0521,D1397,0.29905000000000004,0.09481793440562446,0.9956560418111792,True
same_direction_different_z,D1246,D1490,0.08264000000000005,0.09527022997675186,0.9949789003420262,True
same_direction_different_z,D0694,D1186,0.16721000000000008,0.09558173620401017,0.9953414047034342,True
same_direction_different_z,D0300,D1138,0.32026,0.09559362672569963,0.9976303317535544,True
same_direction_different_z,D1131,D1333,0.06320000000000003,0.09571025145304861,0.9857611599070065,True
same_direction_different_z,D1692,D1742,0.056970000000000076,0.09609151253183772,0.9927826133067537,True
same_direction_different_z,D0974,D1202,0.07311000000000001,0.09646509762806879,0.9912117805190792,True
same_direction_different_z,D0560,D0852,0.10593999999999998,0.09691271973103156,0.995619238430762,True
same_direction_different_z,D0343,D1580,0.44802,0.09705042082408283,0.9904561314415218,True
same_direction_different_z,D0318,D0911,0.22604000000000002,0.09711075845799574,0.9756358740047537,True
same_direction_different_z,D1183,D1436,0.08148999999999995,0.09723842323734687,0.9934710945056334,True
same_direction_different_z,D0649,D1464,0.27618000000000004,0.09807223596797243,0.9898478357846489,True
same_direction_different_z,D0770,D1596,0.29411,0.09824304402414696,0.9975339050005347,True
same_direction_different_z,D0817,D1230,0.13501000000000007,0.09836886600966666,0.9951991293645577,True
same_direction_different_z,D0799,D1089,0.09960000000000002,0.0994246290416906,0.9977484121457643,True
same_direction_different_z,D0734,D1627,0.32545,0.09958735145069314,0.9923132158866512,True
same_direction_different_z,D0446,D1674,0.46726000000000006,0.10030789878229288,0.9953831524416511,True
same_direction_different_z,D0391,D0756,0.13543000000000005,0.10065159180127299,0.9977635144784144,True
same_direction_different_z,D0394,D1549,0.39812000000000003,0.10069365836478562,0.995049474543916,True
same_direction_different_z,D1042,D1296,0.08002999999999993,0.10138032941934524,0.9999999999999999,True
same_direction_different_z,D1043,D1567,0.17496999999999996,0.10167286797849098,0.9900495037128094,True
same_direction_different_z,D0668,D1329,0.22399999999999992,0.10203709272934675,0.9954128198502351,True
same_direction_different_z,D0360,D1474,0.38680999999999993,0.10259724516670336,0.988182430416006,True
same_direction_different_z,D0401,D1330,0.31746,0.10289587192898768,0.9952832338232939,True
same_direction_different_z,D0690,D0896,0.07085999999999998,0.1031675930124294,0.9932152116471885,True
same_direction_different_z,D0884,D0983,0.03852,0.10335960856531926,0.9955111041850254,True
same_direction_different_z,D0755,D1074,0.10879000000000005,0.10337173905566725,0.9957654747126283,True
same_direction_different_z,D0705,D0991,0.10383999999999999,0.10398045260188231,0.9977452056990781,True
same_direction_different_z,D0284,D0400,0.06826000000000002,0.10470512208815694,0.9886772431002737,True
same_direction_different_z,D0506,D0721,0.0827,0.10489095785351972,0.9915344818564047,True
same_direction_different_z,D0807,D1411,0.19955,0.10512602482155818,0.9951806948412009,True
same_direction_different_z,D0242,D0957,0.29972999999999994,0.10562967833040722,0.9868241539810074,True
same_direction_different_z,D1168,D1697,0.23814999999999997,0.10569706980662251,0.9975669391371718,True
same_direction_different_z,D0829,D1182,0.11720999999999993,0.10576554391224399,0.995352229081982,True
same_direction_different_z,D0254,D0546,0.13418000000000002,0.10623599975754776,0.9979288115124408,True
same_direction_different_z,D0417,D0840,0.14686000000000005,0.10625137130796478,0.9953504957587472,True
same_direction_different_z,D0204,D0684,0.28884,0.10644907488529091,0.9949109414758269,True
same_direction_different_z,D1218,D1448,0.07396999999999998,0.10754422803794116,0.9884343000767519,True
same_direction_different_z,D1145,D1669,0.22381000000000006,0.10775681789453459,0.9956478180024259,True
same_direction_different_z,D0338,D1593,0.45649,0.10806513521415416,0.997849482473094,True
same_direction_different_z,D0801,D1137,0.11177000000000004,0.10821569317469928,0.9951219221294826,True
same_direction_different_z,D1044,D1733,0.31048,0.10851916762881335,0.9886593441051401,True
same_direction_different_z,D1388,D1623,0.11079000000000006,0.1093230375919616,0.9874717730206585,True
same_direction_different_z,D0862,D1232,0.12548000000000004,0.10992560130532154,0.9967343716494298,True
same_direction_different_z,D0384,D1526,0.39321999999999996,0.11035328222744552,0.9845349599425997,True
same_direction_different_z,D0716,D1166,0.15102000000000004,0.11039547369002638,0.9956045692656057,True
same_direction_different_z,D0760,D1560,0.26808000000000004,0.11053071001733443,0.990972196020994,True
same_direction_different_z,D0650,D0954,0.11334,0.11079960444591153,0.9914191454414722,True
same_direction_different_z,D0330,D0476,0.06958999999999999,0.11092135503891787,0.9878902674918207,True
same_direction_different_z,D0776,D1086,0.10832000000000003,0.11103912956714965,0.9913329484149328,True
same_direction_different_z,D0685,D1681,0.39198000000000005,0.11143090282911845,0.9907646564459567,True
same_direction_different_z,D0821,D1161,0.11252000000000001,0.11236423639447143,0.9954128440366972,True
same_direction_different_z,D0594,D1298,0.24782000000000004,0.11250734404457319,0.9932892160846684,True
same_direction_different_z,D0448,D1578,0.39525000000000005,0.11264085021274226,0.9978076302422348,True
same_direction_different_z,D1473,D1551,0.030000000000000027,0.11327271939952385,0.9999999999999999,True
same_direction_different_z,D0871,D0993,0.04722000000000004,0.11347763153947353,0.9882656336567784,True
same_direction_different_z,D1717,D1796,0.14905000000000002,0.11362734474075496,0.9906820264811954,True
same_direction_different_z,D0895,D1653,0.29725999999999997,0.1138061445544881,0.9901958416788311,True
same_direction_different_z,D0845,D1242,0.13371,0.1145165501603548,0.9976500329051454,True
same_direction_different_z,D0271,D0903,0.25681,0.11462953539216268,0.993370092648839,True
same_direction_different_z,D0402,D0638,0.08030999999999999,0.11537362283251311,0.9904656191394949,True
same_direction_different_z,D1214,D1453,0.07575999999999994,0.11622426203635873,0.985784170495782,True
same_direction_different_z,D1262,D1626,0.15089000000000008,0.1180355722780417,0.9932305215103945,True
same_direction_different_z,D0763,D1126,0.12263999999999997,0.11809242490087082,0.990363326601005,True
same_direction_different_z,D0939,D1124,0.06050999999999995,0.11819435179975982,0.9976190749385854,True
same_direction_different_z,D0479,D1687,0.46356,0.11860403560794061,0.9862803521568089,True
same_direction_different_z,D0496,D1271,0.26543,0.11869095336539986,0.9926263668025084,True
same_direction_different_z,D0440,D1542,0.37469,0.1186963760493467,0.9913231312454032,True
same_direction_different_z,D1219,D1482,0.08555000000000001,0.11871883096259322,0.9837835249958194,True
same_direction_different_z,D1196,D1688,0.22122000000000008,0.11960762792055431,0.9885452517376903,True
same_direction_different_z,D0420,D1574,0.39888,0.119928733379002,0.9927447651207731,True
same_direction_different_z,D0944,D1142,0.06410000000000005,0.12147987157263179,0.9954235371579137,True
same_direction_different_z,D0464,D0745,0.09700000000000003,0.12176960122342122,0.9949877270046072,True
same_direction_different_z,D1265,D1595,0.12827999999999995,0.12228050023952759,0.9931610388254603,True
same_direction_different_z,D0460,D1539,0.36418000000000006,0.12232821796752506,0.993075886557958,True
same_direction_different_z,D0509,D0971,0.16711000000000004,0.12272155011307177,0.9886772431002737,True
same_direction_different_z,D1654,D1769,0.12729000000000001,0.12297799460814274,0.9903843920514593,True
same_direction_different_z,D0981,D1417,0.14000999999999997,0.12395180444508558,0.991135444181624,True
same_direction_different_z,D1481,D1750,0.20250999999999997,0.1253058361819351,0.9904105216889673,True
same_direction_different_z,D0869,D1088,0.08000000000000007,0.1260500031734371,1.0000000000000002,True
same_direction_different_z,D0491,D1666,0.4448,0.1266045970116857,0.9999999999999999,True
same_direction_different_z,D0405,D1587,0.41824,0.12700726652642505,0.9952189219919998,True
same_direction_different_z,D0567,D1527,0.331,0.12730154809267177,0.9879058493637817,True
same_direction_different_z,D0837,D1803,0.5460399999999999,0.1273193049687512,0.9977753031397176,True
same_direction_different_z,D0574,D0765,0.07462000000000002,0.12782509304626397,0.9953943722601598,True
same_direction_different_z,D1058,D1386,0.10251999999999994,0.1280883557991417,0.993103448275862,True
same_direction_different_z,D0393,D0956,0.20329999999999998,0.12875024783410552,0.9882325021423121,True
same_direction_different_z,D0346,D1537,0.41929000000000005,0.12908213592914125,0.9929659150299243,True
same_direction_different_z,D0466,D1752,0.54396,0.12922367350286382,0.9877319204977797,True
same_direction_different_z,D1167,D1559,0.13383999999999996,0.12982004258789082,0.995518197428685,True
same_direction_different_z,D0359,D1302,0.33308000000000004,0.13002824744841437,0.9975522561944729,True
same_direction_different_z,D0859,D1194,0.11531999999999998,0.13025207088132704,0.9941390184421578,True
same_direction_different_z,D1371,D1721,0.20172999999999996,0.1306769357351338,0.9871429097771239,True
same_direction_different_z,D0672,D0908,0.08489999999999998,0.1313083864021454,0.9930582161446181,True
same_direction_different_z,D1757,D1774,0.03317999999999999,0.13370524416800597,0.9814035644332719,True
same_direction_different_z,D1722,D1759,0.05123,0.13377182186041622,0.9926590154143506,True
same_direction_different_z,D0898,D1403,0.16815000000000002,0.13405156094465553,0.9908072157709731,True
same_direction_different_z,D0474,D1299,0.27892,0.1353338946475356,0.9999999999999999,True
same_direction_different_z,D0910,D1272,0.12133,0.13582370370037997,0.9902318881141043,True
same_direction_different_z,D0513,D0925,0.15084000000000003,0.13640430414317925,0.9795200148335201,True
same_direction_different_z,D0347,D1339,0.34743999999999997,0.13647051783242972,0.9653811384521648,True
same_direction_different_z,D0679,D1531,0.28936000000000006,0.13852126352135333,0.9880433268131585,True
same_direction_different_z,D1280,D1620,0.1395200000000001,0.13922578364681104,0.9824015439034642,True
same_direction_different_z,D0637,D1343,0.24139,0.13987532349064474,0.9947678429712355,True
same_direction_different_z,D1027,D1683,0.26788999999999996,0.14006243663485832,0.9863661838002519,True
same_direction_different_z,D0310,D0707,0.16292,0.14017863937240926,0.9880056037276196,True
same_direction_different_z,D0598,D0828,0.08915000000000001,0.140587310525354,0.9913230463826698,True
same_direction_different_z,D1090,D1233,0.04373000000000005,0.1406611764842692,0.9857589923513006,True
same_direction_different_z,D0661,D0951,0.10760999999999998,0.14091180994330024,0.978799089350905,True
same_direction_different_z,D0485,D1036,0.19341000000000003,0.14112824216113287,0.9746238216407861,True
same_direction_different_z,D0570,D1248,0.23596000000000006,0.14199729722469084,0.9639883283454201,True
same_direction_different_z,D0540,D1540,0.34541999999999995,0.14234617695865626,0.9853058198317676,True
same_direction_different_z,D0399,D0752,0.13050999999999996,0.14424959291896022,0.9976664824857668,True
same_direction_different_z,D0673,D1141,0.16468,0.1446159541994533,0.9935017575339136,True
same_direction_different_z,D0235,D0381,0.09940000000000002,0.14467782941838217,0.9885057471264368,True
same_direction_different_z,D0972,D1480,0.16069999999999995,0.14484791748159578,0.9954443848509782,True
same_direction_different_z,D0419,D1379,0.32338000000000006,0.14494970607129237,0.99274771797382,True
same_direction_different_z,D0277,D0443,0.09410000000000002,0.14559838377572762,0.9866096007324958,True
same_direction_different_z,D0835,D1419,0.19433,0.14581664886567317,0.9863559812661015,True
same_direction_different_z,D1323,D1475,0.05008000000000001,0.14581779316846805,0.9831032592241961,True
same_direction_different_z,D0628,D1000,0.14184999999999998,0.14639715022967545,0.9931139449776017,True
same_direction_different_z,D1066,D1591,0.18710000000000004,0.1469985637159397,0.9895285072531597,True
same_direction_different_z,D0950,D1553,0.19783999999999996,0.1477295734074226,0.9932000241224705,True
same_direction_different_z,D0815,D0994,0.06215999999999994,0.14835526312894726,0.9906103286384975,True
same_direction_different_z,D1418,D1544,0.04430999999999996,0.1489058742172823,0.9879397997511358,True
same_direction_different_z,D0379,D0731,0.13184999999999997,0.14982244342388273,0.9946011684845288,True
same_direction_different_z,D1061,D1584,0.18648999999999993,0.15089295270348208,0.9910290717052598,True
same_direction_different_z,D1321,D1573,0.09531999999999996,0.15098891781121912,0.9823802243077161,True
same_direction_different_z,D0337,D1154,0.29450000000000004,0.15189970407409614,0.9936866681426516,True
same_direction_different_z,D1049,D1698,0.27557,0.15220793724651321,0.9912686235359695,True
same_direction_different_z,D1315,D1801,0.37639,0.15222501956197798,0.9797275402494047,True
same_direction_different_z,D0818,D1311,0.16035,0.15225176632415977,0.9953844025446693,True
same_direction_different_z,D1638,D1778,0.16544999999999999,0.15248885781405552,0.9944870759770319,True
same_direction_different_z,D0522,D1118,0.21010000000000006,0.15342446478073693,0.9917038788697654,True
same_direction_different_z,D0682,D0975,0.10731000000000002,0.15384998917225357,0.992248062015504,True
same_direction_different_z,D0660,D1237,0.19961,0.15395626135743468,0.9878736103579845,True
same_direction_different_z,D0470,D0662,0.059599999999999986,0.15507652620162088,0.9770114942528736,True
same_direction_different_z,D0348,D1634,0.48101,0.15573953157910106,0.9882102956225242,True
same_direction_different_z,D0591,D1320,0.25211999999999996,0.15594027715513997,0.9956045692656057,True
same_direction_different_z,D1169,D1659,0.20928000000000002,0.15775164742450867,0.9909807538973808,True
same_direction_different_z,D0607,D1115,0.18607999999999997,0.15821815433904438,0.9909321242065312,True
same_direction_different_z,D0963,D1252,0.08994000000000002,0.1585709384293694,0.9884683250188234,True
same_direction_different_z,D0261,D0931,0.27446,0.16057313805648743,0.9958679126806478,True
same_direction_different_z,D0766,D1384,0.2022,0.16070179630185788,0.9901690676892991,True
same_direction_different_z,D0865,D1472,0.20012999999999997,0.16311314777660899,0.9862939436162688,True
same_direction_different_z,D0729,D1441,0.23132000000000003,0.16557070455091752,0.9870263050492714,True
same_direction_different_z,D0427,D0693,0.09264,0.16700735923661023,0.9841137839023578,True
same_direction_different_z,D0209,D0576,0.22294000000000003,0.16729940966787718,0.9766381797523599,True
same_direction_different_z,D0891,D1500,0.20456000000000002,0.16795920237001452,0.9916592316217697,True
same_direction_different_z,D0251,D0938,0.28181999999999996,0.1681836800459818,0.9909815501768421,True
same_direction_different_z,D1332,D1444,0.035619999999999985,0.17025915586541174,0.9955569996830352,True
same_direction_different_z,D0523,D0683,0.05585000000000001,0.170323974613894,0.988494860436939,True
same_direction_different_z,D0526,D1143,0.21621999999999997,0.17055345324052498,0.9761640794657255,True
same_direction_different_z,D0378,D1210,0.28957,0.17073187974216583,0.9892726640613269,True
same_direction_different_z,D0314,D0782,0.18493000000000004,0.17119095871596549,0.9843299241247363,True
same_direction_different_z,D0696,D1081,0.13691000000000003,0.17143425815988883,0.988915956453439,True
same_direction_different_z,D0447,D0773,0.11395,0.1738630960555521,0.9757750791288518,True
same_direction_different_z,D0453,D1495,0.35439,0.1747038577156639,0.9932985331341873,True
same_direction_different_z,D0872,D1037,0.06246999999999997,0.17482541180209596,0.9578480599613152,True
same_direction_different_z,D0368,D1239,0.30589999999999995,0.17684253239428158,0.9914115687857102,True
same_direction_different_z,D0313,D0656,0.13747,0.176843310516075,0.993176618086573,True
same_direction_different_z,D0796,D1095,0.10346000000000005,0.17708831455000154,0.990888382687927,True
same_direction_different_z,D0439,D1016,0.20604000000000006,0.17837020918201746,0.9842117503309155,True
same_direction_different_z,D0669,D1705,0.4218,0.17957930605825315,0.9886515189124014,True
same_direction_different_z,D1026,D1430,0.12575999999999998,0.18157112978258627,0.9932775424506051,True
same_direction_different_z,D0711,D1002,0.10551999999999995,0.18159420893431608,0.9930821870881374,True
same_direction_different_z,D1522,D1668,0.09843999999999997,0.18253302697465462,0.9956616052060737,True
same_direction_different_z,D1015,D1395,0.11812999999999996,0.18517477114668082,0.9460546237024136,True
same_direction_different_z,D0249,D1414,0.43862,0.1861410269004438,0.9796128090247602,True
same_direction_different_z,D1665,D1725,0.05757000000000001,0.1898517241453089,0.9730655207974749,True
same_direction_different_z,D0625,D1383,0.26231000000000004,0.18985755986615893,0.9690478931569857,True
same_direction_different_z,D0863,D1101,0.08666999999999997,0.1918373946353553,0.9864579872307455,True
same_direction_different_z,D0372,D1253,0.30649999999999994,0.19375251486666295,0.9933519337697,True
same_direction_different_z,D0551,D1215,0.2324,0.19375603059840013,0.992908540959205,True
same_direction_different_z,D0407,D1238,0.2862199999999999,0.19594497303002428,0.9854152377763643,True
same_direction_different_z,D0881,D1005,0.04920000000000002,0.19667732215632597,0.9878462459030428,True
same_direction_different_z,D1107,D1413,0.09670000000000001,0.19772637649204886,0.9905658268267664,True
same_direction_different_z,D1375,D1515,0.05227000000000004,0.19914635252751178,0.9901902809495285,True
same_direction_different_z,D0556,D1184,0.22083000000000003,0.1996284388865997,0.983317916968573,True
same_direction_different_z,D0757,D1554,0.26428000000000007,0.199715692658972,0.990848288708749,True
same_direction_different_z,D0948,D1671,0.28826,0.2003198754670952,0.9805837247554449,True
same_direction_different_z,D0456,D0794,0.11619000000000002,0.20098174941990052,0.9900563789869647,True
same_direction_different_z,D0605,D1362,0.26061,0.20111569841927335,0.9859623706900823,True
same_direction_different_z,D1250,D1577,0.12283,0.2014622512260195,0.9719616149384502,True
same_direction_different_z,D0547,D1235,0.24045999999999995,0.20383318858834504,0.9729122948541244,True
same_direction_different_z,D0943,D1579,0.22302,0.20423229648061114,0.988026444585928,True
same_direction_different_z,D0568,D0976,0.15113000000000004,0.20430806029719817,0.9852207375455704,True
same_direction_different_z,D0302,D1257,0.35727000000000003,0.20484064414941444,0.9848679796313533,True
same_direction_different_z,D1348,D1529,0.06419999999999992,0.20919996184564393,0.9842607175055423,True
same_direction_different_z,D0867,D1336,0.15635999999999994,0.2099159096027158,0.9457524388377895,True
same_direction_different_z,D0614,D0902,0.10985,0.21014158853759254,0.9883012390421657,True
same_direction_different_z,D1364,D1744,0.23495,0.211576293590706,0.9876690721483747,True
same_direction_different_z,D0814,D1429,0.20165,0.2119723341954792,0.9796405162716005,True
same_direction_different_z,D0739,D0973,0.08101999999999998,0.2123365524690575,0.9878238346885085,True
same_direction_different_z,D0214,D1667,0.63247,0.21342305029220332,0.9401913875598086,True
same_direction_different_z,D0864,D1699,0.34603999999999996,0.2173204790469573,0.984633832757658,True
same_direction_different_z,D0438,D0599,0.04880000000000001,0.2208713513008999,0.9892867550407514,True
same_direction_different_z,D0747,D1159,0.13769000000000003,0.2218805939216621,0.9839531616646344,True
same_direction_different_z,D1057,D1324,0.08160999999999996,0.2243128942879302,0.9513682929087911,True
same_direction_different_z,D0751,D1312,0.18372999999999995,0.22486637511736748,0.984841590572855,True
same_direction_different_z,D0928,D1245,0.10072000000000003,0.22784647867185343,0.9740391168249388,True
same_direction_different_z,D0753,D1507,0.25160000000000005,0.2303335208634314,0.9914985843829488,True
same_direction_different_z,D0960,D1600,0.22938000000000003,0.2319649952549476,0.9903499539184115,True
same_direction_different_z,D0982,D1602,0.2249000000000001,0.23560168730893064,0.9471489614004878,True
same_direction_different_z,D0435,D0654,0.07306000000000001,0.23583677401721703,0.9808504017170626,True
same_direction_different_z,D0789,D1673,0.34735999999999995,0.23983593242576276,0.9908570591273741,True
same_direction_different_z,D0414,D0861,0.15621000000000002,0.24282642130225127,0.9882790934870695,True
same_direction_different_z,D1409,D1548,0.04794999999999994,0.24283008815514245,0.9886230654859615,True
same_direction_different_z,D0505,D1378,0.29456999999999994,0.24308796787800055,0.9810086945371498,True
same_direction_different_z,D0223,D0327,0.09963,0.24577228245079874,0.9931513502362931,True
same_direction_different_z,D0800,D1241,0.14480000000000004,0.2467823131646113,0.9891091012247782,True
same_direction_different_z,D0253,D0998,0.30091,0.24884830212238648,0.985295454818111,True
same_direction_different_z,D0290,D1052,0.29795000000000005,0.2550478033340807,0.9655580638277387,True
same_direction_different_z,D0507,D1091,0.20623999999999992,0.25541406964452074,0.9880235200593537,True
same_direction_different_z,D0412,D1496,0.37234999999999996,0.257507243925603,0.9256198347107438,True
same_direction_different_z,D0206,D0825,0.33226,0.25849669056980534,0.99076192670202,True
same_direction_different_z,D0365,D1100,0.26743,0.2605788265747359,0.9736211031175058,True
same_direction_different_z,D1521,D1781,0.24213000000000007,0.2646901734276706,0.9843527398350597,True
same_direction_different_z,D1112,D1457,0.10680999999999996,0.265128468179686,0.977272475967466,True
same_direction_different_z,D0689,D1463,0.25699,0.267093581739632,0.976946998185145,True
same_direction_different_z,D0544,D1656,0.42573,0.26803408421178715,0.9797111864619056,True
same_direction_different_z,D1140,D1510,0.12334,0.2685449764024291,0.983624034821771,True
same_direction_different_z,D0273,D1443,0.43184,0.2714774691948802,0.9664284458523467,True
same_direction_different_z,D1063,D1176,0.034540000000000015,0.2778930145891756,0.9730706439252853,True
same_direction_different_z,D1197,D1462,0.08206999999999998,0.2780246458390527,0.9667057594889545,True
same_direction_different_z,D0245,D1017,0.3210700000000001,0.2783009424563829,0.9835334798687848,True
same_direction_different_z,D0858,D1657,0.31334,0.2784710784151018,0.985185185185185,True
same_direction_different_z,D0940,D1082,0.048910000000000065,0.2791104468766992,0.9776783542403169,True
same_direction_different_z,D0629,D0889,0.09975,0.28022392828411824,0.9858932694668817,True
same_direction_different_z,D0528,D1093,0.20153,0.2810592424065646,0.9869373772440886,True
same_direction_different_z,D0387,D0646,0.09067000000000003,0.28147933712513,0.9431162526109144,True
same_direction_different_z,D0886,D1451,0.18488000000000004,0.28372797988841575,0.9772937659054229,True
same_direction_different_z,D0549,D0833,0.10543999999999998,0.28903292343793224,0.9706576226573409,True
same_direction_different_z,D1491,D1791,0.28801,0.2909034049920109,0.9865764868586018,True
same_direction_different_z,D0369,D0617,0.08417000000000002,0.29120411446196615,0.9428016359364391,True
same_direction_different_z,D1103,D1504,0.13095999999999997,0.2921420353485701,0.9844173749656047,True
same_direction_different_z,D1136,D1734,0.2845,0.2965569505065566,0.9833383660731747,True
same_direction_different_z,D0582,D0686,0.041069999999999995,0.297979232685648,0.9724908860527149,True
same_direction_different_z,D0970,D1729,0.33321,0.303144113993938,0.977242749847886,True
same_direction_different_z,D1434,D1618,0.09186000000000005,0.3034457174963103,0.9754931261251415,True
same_direction_different_z,D0354,D0923,0.21328999999999998,0.31521874794399135,0.9741208243024216,True
same_direction_different_z,D1054,D1582,0.18713999999999997,0.3164246261888433,0.9892839145229723,True
same_direction_different_z,D0557,D0786,0.08730000000000004,0.3211936539018344,0.9845385597484227,True
same_direction_different_z,D0578,D1228,0.22653000000000006,0.3253059819923023,0.95887670507915,True
same_direction_different_z,D0585,D0680,0.037959999999999994,0.3266870148301821,0.9772326254967836,True
same_direction_different_z,D0306,D0396,0.054129999999999984,0.33068629106656683,0.972548628647179,True
same_direction_different_z,D0808,D1069,0.08931,0.34221974297605445,0.9685481596163337,True
same_direction_different_z,D0303,D0635,0.13885000000000003,0.35597940975329956,0.9758039168461992,True
same_direction_different_z,D0351,D1300,0.33651000000000003,0.3704556269950726,0.9774745879847219,True
same_direction_different_z,D1097,D1476,0.11697000000000002,0.3989641507807872,0.9640837874397424,True
same_direction_different_z,D0791,D1484,0.22843999999999998,0.40314504221600783,0.9533269130047671,True
same_direction_different_z,D0997,D1467,0.14652999999999994,0.40506497697779786,0.9988392335031453,True
same_direction_different_z,D0472,D0779,0.10509000000000002,0.41434981942162347,0.9676841132382089,True
same_direction_different_z,D1147,D1432,0.09118000000000004,0.4189910192360714,0.9609474184711703,True
same_direction_different_z,D0969,D1732,0.33463,0.4203367504311288,0.95288122606521,True
same_direction_different_z,D1390,D1613,0.10303000000000007,0.42822706845922914,0.9791420491523576,True
same_direction_different_z,D1326,D1679,0.17672999999999994,0.44303567962735463,0.9171880121198992,True
same_direction_different_z,D0595,D1739,0.4947599999999999,0.4491669223462152,0.9424731662046261,True
same_direction_different_z,D0622,D1308,0.24051999999999996,0.45483274749672575,0.9178297485577354,True
same_direction_different_z,D0339,D0832,0.18578,0.46042246038042367,0.9561440493562614,True
same_direction_different_z,D0404,D0992,0.20953000000000005,0.46688980371028777,0.9030429714729548,True
same_direction_different_z,D0781,D1486,0.23295,0.488333689953973,0.9639059101898516,True
same_direction_different_z,D0732,D1019,0.10154000000000002,0.48904479888561325,0.966104494506649,True
same_direction_different_z,D0681,D1003,0.11792000000000002,0.5597632416212491,0.9538151752617267,True
same_direction_different_z,D0643,D1389,0.25429999999999997,0.5799882954312267,0.8555068373557635,True
same_direction_different_z,D1274,D1712,0.21785,0.5854526573970953,0.9534579831350015,True
same_direction_different_z,D1325,D1647,0.15244999999999997,0.5866991618875964,0.8938902999104152,True
same_direction_different_z,D0843,D1276,0.14737000000000006,0.6064527497547066,0.9322033898305084,True
same_direction_different_z,D0615,D1213,0.21257000000000004,0.6205829249430358,0.8048370197306662,True
same_direction_different_z,D0714,D1193,0.16391,0.6383939018480705,0.9128272500954091,True
same_direction_different_z,D1256,D1533,0.09275999999999995,0.6623772929214065,0.9591316915584551,True
same_direction_different_z,D1351,D1773,0.28762,0.7000175137430054,0.9640562591490718,True
same_direction_different_z,D0986,D1440,0.14337999999999995,0.7997187203221907,0.8777078019497969,True
same_direction_different_z,D0798,D1098,0.10382000000000002,0.8792105321180542,0.8612069384139601,True
same_direction_different_z,D0999,D1416,0.13342999999999994,0.9400496286613492,0.7706422018348623,True
same_direction_different_z,D0541,D0819,0.10537000000000002,1.2408002769130337,0.8701319893027952,True
same_direction_different_z,D0608,D1393,0.27227,1.24638572051037,0.8280143868749589,True
same_direction_different_z,D1020,D1146,0.035660000000000025,1.6877686049221774,0.7788041780270689,True
same_direction_different_z,D0767,D0936,0.05952000000000002,1.9299788150514308,0.6421939102367926,True
same_direction_different_z,D1119,D1492,0.1236299999999999,2.0377552264862717,0.8465422597890646,True
same_direction_different_z,D1071,D1479,0.12756999999999996,2.174419922498234,0.8256176219009924,True
same_direction_different_z,D1104,D1488,0.12204000000000004,2.513735169202376,0.7274775616287638,True
shared_foreground_different_z,D1084,D1498,0.13465000000000005,0.0021481767819102973,0.9999999999999999,True
shared_foreground_different_z,D0722,D1322,0.19333000000000006,0.0041113456425168485,1.0000000000000002,True
shared_foreground_different_z,D1611,D1663,0.03793000000000002,0.004444445559011295,1.0,True
shared_foreground_different_z,D0425,D1643,0.45416,0.004633445862023338,1.0,True
shared_foreground_different_z,D1282,D1704,0.20779000000000003,0.005996794326897965,1.0000000000000002,True
shared_foreground_different_z,D0810,D1123,0.1053,0.007011461210701613,1.0,True
shared_foreground_different_z,D1678,D1792,0.17398999999999998,0.0070376125650144965,0.997546250640785,True
shared_foreground_different_z,D0389,D1802,0.6991,0.008354514413582878,1.0000000000000002,True
shared_foreground_different_z,D1011,D1287,0.08653,0.008669141307108729,1.0,True
shared_foreground_different_z,D0353,D0706,0.13459,0.008756600499397464,1.0,True
shared_foreground_different_z,D0366,D1508,0.39959,0.010233540567985097,0.9979258289660162,True
shared_foreground_different_z,D1094,D1450,0.11043999999999998,0.010589646651320953,0.9999999999999999,True
shared_foreground_different_z,D0471,D1603,0.40468999999999994,0.010960040760309537,1.0,True
shared_foreground_different_z,D0279,D1033,0.3014,0.011017475747094089,0.9999999999999999,True
shared_foreground_different_z,D0783,D1396,0.2041,0.011283247776178182,0.9999999999999999,True
shared_foreground_different_z,D0967,D1648,0.26278,0.0118456863450559,0.9999999999999999,True
shared_foreground_different_z,D1446,D1809,0.37407,0.012048812718765482,0.9999999999999999,True
shared_foreground_different_z,D0516,D0836,0.11357,0.012141662493874928,0.9978380004155483,True
shared_foreground_different_z,D0489,D0988,0.17640999999999996,0.012545785200218337,0.9999999999999999,True
shared_foreground_different_z,D1223,D1346,0.03855999999999993,0.012743295309969508,1.0,True
shared_foreground_different_z,D1331,D1594,0.10951,0.013920255804358008,0.9999999999999999,True
shared_foreground_different_z,D0792,D1503,0.23898999999999998,0.013921383850497121,0.9975698627504548,True
shared_foreground_different_z,D0717,D0930,0.07772000000000001,0.014098116466730294,1.0000000000000002,True
shared_foreground_different_z,D1639,D1782,0.16949999999999998,0.01425411780300408,0.9979013618001529,True
shared_foreground_different_z,D0335,D1022,0.25889,0.014764298053433537,0.9999999999999999,True
shared_foreground_different_z,D0307,D1427,0.40786,0.014970932834233501,1.0000000000000002,True
shared_foreground_different_z,D0667,D1672,0.39323,0.015004414006262717,1.0,True
shared_foreground_different_z,D1428,D1569,0.05445,0.015109181460501196,0.9999999999999999,True
shared_foreground_different_z,D0949,D1155,0.06665999999999994,0.015286502109286604,0.9999999999999999,True
shared_foreground_different_z,D0644,D1538,0.30810999999999994,0.015443121977119572,0.997811837378647,True
shared_foreground_different_z,D1509,D1780,0.24427,0.015476422826512792,1.0,True
shared_foreground_different_z,D0205,D1566,0.5879599999999999,0.015778123905574884,1.0,True
shared_foreground_different_z,D0207,D0579,0.22891000000000003,0.01579218088680955,0.9999999999999999,True
shared_foreground_different_z,D1516,D1766,0.21350999999999998,0.01590176121150146,0.9980268306926254,True
shared_foreground_different_z,D0885,D1468,0.19018000000000002,0.016238329419180107,1.0000000000000002,True
shared_foreground_different_z,D0244,D0408,0.10316,0.01676601120541231,0.9999999999999999,True
shared_foreground_different_z,D0450,D1513,0.35986999999999997,0.01715017044229181,0.9980229320320949,True
shared_foreground_different_z,D0880,D1008,0.051009999999999944,0.017510197202929564,0.9999999999999999,True
shared_foreground_different_z,D0587,D1190,0.21464000000000005,0.01755994646529423,0.9977520164497331,True
shared_foreground_different_z,D0775,D1632,0.31801,0.017593363209904376,0.9975155241116161,True
shared_foreground_different_z,D0699,D1410,0.2393,0.017672396125643405,1.0,True
shared_foreground_different_z,D1633,D1736,0.09302999999999995,0.017718700598289207,1.0,True
shared_foreground_different_z,D1442,D1660,0.12077000000000004,0.01789690191264085,0.9999999999999999,True
shared_foreground_different_z,D1072,D1800,0.44797,0.017968862736792667,1.0,True
shared_foreground_different_z,D0432,D0742,0.11197000000000001,0.018045316619620347,1.0000000000000002,True
shared_foreground_different_z,D0687,D1225,0.18223,0.01807013749065806,1.0,True
shared_foreground_different_z,D0652,D1412,0.26249,0.018157895121234103,1.0000000000000002,True
shared_foreground_different_z,D1031,D1469,0.13531000000000004,0.01824125511637097,1.0000000000000002,True
shared_foreground_different_z,D0955,D1461,0.16131999999999996,0.01844328988273783,0.9978300047009183,True
shared_foreground_different_z,D0267,D1755,0.65574,0.018502203721061716,0.9999999999999999,True
shared_foreground_different_z,D0356,D1608,0.46138999999999997,0.018628940954847552,1.0,True
shared_foreground_different_z,D1588,D1741,0.13507999999999998,0.018901652438649965,0.9999999999999999,True
shared_foreground_different_z,D0737,D1352,0.19916,0.018915975933274782,1.0,True
shared_foreground_different_z,D1278,D1439,0.048250000000000015,0.018916288816615334,0.9999999999999999,True
shared_foreground_different_z,D0255,D1702,0.59822,0.018951497243587755,1.0,True
shared_foreground_different_z,D1471,D1789,0.29596,0.01926343415487639,1.0000000000000002,True
shared_foreground_different_z,D1277,D1771,0.30577,0.01926857345458565,1.0000000000000002,True
shared_foreground_different_z,D0995,D1291,0.09492,0.019411591047570422,0.9974683544303797,True
shared_foreground_different_z,D0334,D1292,0.34303999999999996,0.019497466879985503,1.0,True
shared_foreground_different_z,D1067,D1244,0.05452000000000001,0.0197682324588794,0.9978354978354979,True
shared_foreground_different_z,D1376,D1728,0.20743,0.01978428721770857,0.997596153846154,True
shared_foreground_different_z,D0888,D1433,0.17954000000000003,0.02001871715281683,0.9976824997815539,True
shared_foreground_different_z,D0444,D1149,0.24189,0.020176468202282912,0.9954776844093135,True
shared_foreground_different_z,D0584,D0703,0.046630000000000005,0.020572778676093764,0.9977949256517531,True
shared_foreground_different_z,D0388,D1690,0.5075500000000001,0.020759936575383154,0.997572063871315,True
shared_foreground_different_z,D0583,D1545,0.33205,0.02077849539169439,0.9975700977755154,True
shared_foreground_different_z,D0856,D1631,0.29228,0.020829453856010996,1.0,True
shared_foreground_different_z,D0823,D1452,0.20394999999999996,0.020942563550718586,0.9977116947228685,True
shared_foreground_different_z,D1127,D1651,0.21645999999999999,0.02096910535286076,0.9916176310543158,True
shared_foreground_different_z,D1144,D1511,0.12196999999999991,0.02111582034460305,1.0,True
shared_foreground_different_z,D0959,D1251,0.09205999999999992,0.021734295011687478,0.9975641795486708,True
shared_foreground_different_z,D0321,D0552,0.09194999999999998,0.022335228586940505,0.9975522561944729,True
shared_foreground_different_z,D0250,D0915,0.27247,0.022655620735483707,1.0000000000000002,True
shared_foreground_different_z,D0294,D1381,0.39874999999999994,0.023071002664367287,0.9978473079425023,True
shared_foreground_different_z,D0548,D1041,0.18009999999999993,0.02323424998486986,1.0,True
shared_foreground_different_z,D0478,D1465,0.32794000000000006,0.023837841932992702,0.9952641991715259,True
shared_foreground_different_z,D0317,D1387,0.38253,0.02413937590835212,1.0,True
shared_foreground_different_z,D0849,D1206,0.12232999999999994,0.024149300368585914,0.9975124689837939,True
shared_foreground_different_z,D1064,D1640,0.22443999999999997,0.024308492381275883,1.0,True
shared_foreground_different_z,D1347,D1628,0.12746000000000002,0.024467737655675916,0.9978110189574434,True
shared_foreground_different_z,D0793,D1562,0.25854,0.02457868410240769,1.0,True
shared_foreground_different_z,D0362,D0636,0.09985,0.024642280396696737,0.9977003643913783,True
shared_foreground_different_z,D1811,D1818,0.08921000000000001,0.02505423353488338,1.0,True
shared_foreground_different_z,D0309,D0719,0.16992,0.025104714441175652,1.0,True
shared_foreground_different_z,D0397,D0750,0.13100999999999996,0.025346234211381876,0.9954547376350843,True
shared_foreground_different_z,D1318,D1646,0.15296999999999994,0.02545957593535909,1.0,True
shared_foreground_different_z,D0297,D0606,0.12896999999999997,0.02548807894725943,0.9978454087644176,True
shared_foreground_different_z,D0328,D1804,0.75279,0.025759071671494424,0.9979825182545764,True
shared_foreground_different_z,D1334,D1768,0.27971999999999997,0.025806969872656797,0.9977194953211866,True
shared_foreground_different_z,D1589,D1746,0.14031000000000005,0.02586651156841282,0.9999999999999999,True
shared_foreground_different_z,D0901,D1116,0.07451000000000002,0.025905342012087364,1.0,True
shared_foreground_different_z,D1208,D1597,0.14848000000000006,0.026100123927893206,0.9999999999999999,True
shared_foreground_different_z,D0700,D1404,0.23794999999999994,0.026118734844667223,0.9999999999999999,True
shared_foreground_different_z,D1460,D1735,0.18260999999999994,0.02615555570159263,0.9975308946799357,True
shared_foreground_different_z,D0822,D1535,0.23792000000000002,0.026222216144753667,0.9999999999999999,True
shared_foreground_different_z,D0555,D0824,0.10176999999999997,0.0264714394548263,1.0,True
shared_foreground_different_z,D1601,D1695,0.07162999999999997,0.02657829932303871,1.0000000000000002,True
shared_foreground_different_z,D0342,D1295,0.33877999999999997,0.027063121992816207,0.9999999999999999,True
shared_foreground_different_z,D1047,D1694,0.27292000000000005,0.02713223368292911,0.9999999999999999,True
shared_foreground_different_z,D0462,D1269,0.27303000000000005,0.02721237567113886,1.0000000000000002,True
shared_foreground_different_z,D0913,D1377,0.15025999999999995,0.02724277309134454,0.9999999999999999,True
shared_foreground_different_z,D1170,D1558,0.13258000000000003,0.027319130545015086,0.997809588615983,True
shared_foreground_different_z,D0919,D1438,0.16836000000000007,0.02743714667139517,0.9999999999999999,True
shared_foreground_different_z,D0741,D1006,0.09396000000000004,0.027495000999569565,0.9999999999999999,True
shared_foreground_different_z,D0258,D0665,0.17544999999999997,0.027700922538697645,0.9956896351084337,True
shared_foreground_different_z,D1316,D1719,0.21511999999999998,0.027817012392978846,1.0,True
shared_foreground_different_z,D1120,D1359,0.07271000000000005,0.02783075450268816,1.0000000000000002,True
shared_foreground_different_z,D0813,D1590,0.27324999999999994,0.02796420960056622,1.0,True
shared_foreground_different_z,D0921,D1275,0.11758000000000002,0.028048083109017116,0.9976133651551312,True
shared_foreground_different_z,D0676,D0917,0.08846000000000004,0.02821952083681695,0.997742663656885,True
shared_foreground_different_z,D0274,D1285,0.38298,0.02853737935065565,0.9999999999999999,True
shared_foreground_different_z,D1087,D1267,0.05664999999999998,0.028573864494542505,0.9944388799563397,True
shared_foreground_different_z,D0486,D1541,0.35775,0.028965084803670882,0.9981909384573933,True
shared_foreground_different_z,D1649,D1776,0.15217000000000003,0.029176743668655896,0.9999999999999999,True
shared_foreground_different_z,D0748,D1035,0.10030999999999995,0.02949661155810478,0.9965518848451197,True
shared_foreground_different_z,D1454,D1622,0.08879000000000004,0.029504867231083497,0.9999999999999999,True
shared_foreground_different_z,D0493,D1655,0.43765,0.03012016958668784,0.9976580796252927,True
shared_foreground_different_z,D1689,D1756,0.07626,0.030276668666538643,1.0,True
shared_foreground_different_z,D0659,D0780,0.04769000000000001,0.03047154613459049,1.0,True
shared_foreground_different_z,D1506,D1795,0.29235999999999995,0.030549156698296116,0.9978700721291642,True
shared_foreground_different_z,D0319,D0569,0.09966999999999998,0.030904349092948553,0.9951475204460312,True
shared_foreground_different_z,D1051,D1724,0.30165999999999993,0.03156594210864741,0.9975845695924057,True
shared_foreground_different_z,D1134,D1785,0.38859999999999995,0.03160161311131378,0.9999999999999999,True
shared_foreground_different_z,D1319,D1754,0.26042,0.03173528998422456,1.0,True
shared_foreground_different_z,D0535,D1290,0.26275999999999994,0.03210104011643465,0.9976331327759183,True
shared_foreground_different_z,D1122,D1337,0.06625999999999999,0.032237759225850635,0.9976682189762881,True
shared_foreground_different_z,D0616,D1212,0.21250999999999998,0.03236776696192877,0.9933667062171178,True
shared_foreground_different_z,D1328,D1714,0.20548,0.03274561479514675,0.9977754830990595,True
shared_foreground_different_z,D0520,D1807,0.68253,0.033093921508285024,1.0,True
shared_foreground_different_z,D0481,D0809,0.11509000000000003,0.033170974793471496,0.9877380333958592,True
shared_foreground_different_z,D0761,D1758,0.44886,0.0332434457340554,1.0000000000000002,True
shared_foreground_different_z,D0461,D1565,0.37643999999999994,0.03324937401772339,0.9975429975429974,True
shared_foreground_different_z,D0879,D1288,0.13898999999999995,0.033286325122792705,0.9976351630174078,True
shared_foreground_different_z,D0566,D1188,0.22020000000000006,0.03359233704974683,0.9999999999999999,True
shared_foreground_different_z,D0241,D0630,0.17796,0.03377214445830696,0.9977520164497331,True
shared_foreground_different_z,D1605,D1816,0.3486100000000001,0.03386748096618182,1.0000000000000002,True
shared_foreground_different_z,D0286,D1761,0.65273,0.0338936882719873,0.9988098480072225,True
shared_foreground_different_z,D1013,D1121,0.03193999999999997,0.0343899643575629,0.9999999999999999,True
shared_foreground_different_z,D1014,D1808,0.5025700000000001,0.03459789900481717,0.9999999999999999,True
shared_foreground_different_z,D0533,D1617,0.39697000000000005,0.03475110210264696,0.9901263088778887,True
shared_foreground_different_z,D0532,D1485,0.32464000000000004,0.035270129461595884,0.9976500329051454,True
shared_foreground_different_z,D0712,D1310,0.20024999999999998,0.035395584020141785,0.9980835196134737,True
shared_foreground_different_z,D0536,D0875,0.12207999999999997,0.03545122967645181,0.9977264834918332,True
shared_foreground_different_z,D1261,D1765,0.29691,0.03552403783688067,0.9999999999999999,True
shared_foreground_different_z,D0802,D1813,0.6005699999999999,0.03579674834446647,0.9973368794263199,True
shared_foreground_different_z,D1307,D1402,0.03268000000000004,0.036131768145250424,1.0000000000000002,True
shared_foreground_different_z,D1406,D1684,0.14910999999999996,0.036371703503090595,0.9973927244837255,True
shared_foreground_different_z,D0224,D0820,0.27848,0.03645932895345079,0.9977504645107046,True
shared_foreground_different_z,D0866,D1335,0.15592000000000006,0.03651524072703178,0.9976311071152505,True
shared_foreground_different_z,D0648,D1046,0.14665000000000006,0.03682074612770383,0.9976254840624215,True
shared_foreground_different_z,D0226,D0563,0.17643999999999999,0.03689343003557159,0.9977064464285014,True
shared_foreground_different_z,D0457,D1604,0.4093,0.036921762334610635,1.0000000000000002,True
shared_foreground_different_z,D0386,D0640,0.08927999999999997,0.03694368561583963,0.9976798143851509,True
shared_foreground_different_z,D0952,D1189,0.07822000000000001,0.03700055081613713,0.9999999999999999,True
shared_foreground_different_z,D0935,D1372,0.13657999999999998,0.03706823844319899,0.9978586922262197,True
shared_foreground_different_z,D0452,D1178,0.24622,0.037375250408885376,1.0,True
shared_foreground_different_z,D1616,D1706,0.07358999999999993,0.03791358780331946,1.0000000000000002,True
shared_foreground_different_z,D0730,D1777,0.49910999999999994,0.03810821099711626,0.9981942035663496,True
shared_foreground_different_z,D0907,D1060,0.05448000000000003,0.03820795616813723,0.9936641389587487,True
shared_foreground_different_z,D0503,D0633,0.04026000000000002,0.03821487398889191,0.9977220956719817,True
shared_foreground_different_z,D1512,D1730,0.15778000000000003,0.03828352690883818,0.9974905857559153,True
shared_foreground_different_z,D0304,D0692,0.16407000000000002,0.03839091363288932,0.9932381367255845,True
shared_foreground_different_z,D0217,D1023,0.37554,0.038395428084865485,0.9974905857559153,True
shared_foreground_different_z,D0958,D1180,0.06953999999999994,0.03866713005030544,0.9978850374830823,True
shared_foreground_different_z,D0264,D0517,0.12256000000000003,0.03916075547472871,0.9978333164070685,True
shared_foreground_different_z,D1224,D1415,0.06369999999999998,0.03929853368818249,0.9976526083365722,True
shared_foreground_different_z,D1200,D1478,0.08736,0.04006603653382453,0.997599036151527,True
shared_foreground_different_z,D1039,D1599,0.20289999999999997,0.04016838872581423,1.0,True
shared_foreground_different_z,D0723,D1431,0.23080999999999996,0.04031172064291513,0.9989875223067768,True
shared_foreground_different_z,D0276,D1266,0.37554000000000004,0.04039058354089178,0.9977784156280822,True
shared_foreground_different_z,D0868,D1048,0.06719999999999998,0.04056796953503324,0.9978300047009183,True
shared_foreground_different_z,D0797,D1783,0.48711,0.04092468367428971,0.9950889986975487,True
shared_foreground_different_z,D0678,D1635,0.35845,0.04100000974686761,0.9975369760695997,True
shared_foreground_different_z,D0246,D0355,0.06952000000000003,0.04110784312288451,0.9978401931563324,True
shared_foreground_different_z,D1150,D1737,0.28618999999999994,0.04122404074237253,0.9999999999999999,True
shared_foreground_different_z,D0299,D1693,0.5646100000000001,0.04134394606271213,1.0,True
shared_foreground_different_z,D1691,D1762,0.08343999999999996,0.04204687347931374,1.0,True
shared_foreground_different_z,D0609,D1641,0.39504999999999996,0.04216315286440115,0.9977734706832355,True
shared_foreground_different_z,D0771,D1609,0.30411999999999995,0.04216676287992764,0.9916485655290455,True
shared_foreground_different_z,D0718,D1211,0.16513000000000005,0.04220067930378205,0.9957718246392206,True
shared_foreground_different_z,D1220,D1501,0.09687999999999997,0.0424877682577169,0.9975278083317083,True
shared_foreground_different_z,D0344,D1361,0.35567,0.04254155078418205,0.9978800278171781,True
shared_foreground_different_z,D1564,D1738,0.14954,0.04256360795889168,0.9978486641959972,True
shared_foreground_different_z,D0454,D1514,0.35750000000000004,0.04273018572653824,0.997809588615983,True
shared_foreground_different_z,D0704,D0878,0.06063000000000002,0.042747312557865284,0.9952295647409788,True
shared_foreground_different_z,D1477,D1751,0.20540999999999998,0.04294595355505623,0.9944903161976939,True
shared_foreground_different_z,D0892,D1191,0.10276000000000002,0.04301106015245208,0.9956345564860677,True
shared_foreground_different_z,D1073,D1650,0.2324099999999999,0.04306632297935836,0.9978407577843507,True
shared_foreground_different_z,D0890,D1624,0.27551000000000003,0.04373821024812842,0.9970154348854675,True
shared_foreground_different_z,D0222,D1109,0.39052,0.04400849288676532,0.9977973784386245,True
shared_foreground_different_z,D0382,D1652,0.47981,0.04406204438007021,0.99800796812749,True
shared_foreground_different_z,D1270,D1405,0.04356000000000004,0.04445942094703006,0.9976744186046513,True
shared_foreground_different_z,D0487,D0920,0.15045999999999998,0.04460081826658672,0.9976331327759183,True
shared_foreground_different_z,D0990,D1128,0.043399999999999994,0.04467480735554537,0.9978471449732083,True
shared_foreground_different_z,D0600,D0749,0.06253000000000003,0.04477294023266449,0.9952040629846001,True
shared_foreground_different_z,D0900,D1525,0.20775999999999994,0.04491788965825585,1.0,True
shared_foreground_different_z,D0436,D1425,0.33638999999999997,0.04524227808211959,0.9928379341370567,True
shared_foreground_different_z,D1528,D1645,0.07941999999999994,0.04538964177106731,1.0000000000000002,True
shared_foreground_different_z,D1028,D1289,0.08144000000000007,0.045493695742125015,0.9954807511868975,True
shared_foreground_different_z,D0877,D1029,0.058260000000000034,0.04562813798202659,0.9978407577843507,True
shared_foreground_different_z,D0333,D0512,0.07467000000000001,0.04634921225126766,1.0000000000000002,True
shared_foreground_different_z,D0688,D1113,0.14950999999999998,0.04638452128231852,1.0000000000000002,True
shared_foreground_different_z,D0621,D1173,0.19707999999999998,0.046614072246583545,1.0,True
shared_foreground_different_z,D0449,D1743,0.5377700000000001,0.04672979291120336,1.0,True
shared_foreground_different_z,D0964,D1575,0.20663999999999993,0.04701726373295834,0.9927378726922229,True
shared_foreground_different_z,D0768,D1236,0.15525,0.04702284583523971,0.997806220541251,True
shared_foreground_different_z,D1092,D1421,0.10397999999999996,0.04703037174213193,0.9953079065806985,True
shared_foreground_different_z,D0853,D1111,0.09296000000000004,0.047034205069270085,0.9977827050997782,True
shared_foreground_different_z,D0623,D0980,0.13495000000000001,0.04715644585995673,0.9945480286627155,True
shared_foreground_different_z,D0268,D0937,0.27348,0.04725445419021036,0.9959638148172418,True
shared_foreground_different_z,D1179,D1642,0.19353999999999993,0.0472834043428393,0.997736765900748,True
shared_foreground_different_z,D0642,D1677,0.40709000000000006,0.047817171092453876,0.9977003643913783,True
shared_foreground_different_z,D1263,D1636,0.15632000000000001,0.048142661890271526,0.9962142840100405,True
shared_foreground_different_z,D0511,D1032,0.18874000000000002,0.048286518462228936,0.997666274531717,True
shared_foreground_different_z,D0243,D0641,0.18283000000000002,0.048357300183208975,1.0,True
shared_foreground_different_z,D0219,D1198,0.42667,0.04863373681729745,1.0,True
shared_foreground_different_z,D0698,D0816,0.04512999999999995,0.0486604928146506,1.0,True
shared_foreground_different_z,D0658,D1153,0.17453999999999997,0.04878708135135071,0.9978110189574434,True
shared_foreground_different_z,D1568,D1610,0.03292000000000006,0.04888123955164258,0.9974845337023502,True
shared_foreground_different_z,D0774,D1357,0.19034,0.049085492418695566,1.0,True
shared_foreground_different_z,D0283,D1615,0.51178,0.04916495361178538,0.9924336870116702,True
shared_foreground_different_z,D0899,D1555,0.21917999999999999,0.04945234556350846,0.9938546868172259,True
shared_foreground_different_z,D1815,D1817,0.05712000000000006,0.04948320663263698,0.9979959919839679,True
shared_foreground_different_z,D1365,D1459,0.03163000000000005,0.049603073511924146,0.9977520164497331,True
shared_foreground_different_z,D1024,D1534,0.16453000000000007,0.04967450106304041,0.9999999999999999,True
shared_foreground_different_z,D0953,D1341,0.12345999999999996,0.04989211365606926,0.9999999999999999,True
shared_foreground_different_z,D1572,D1703,0.10489000000000004,0.05020344564630408,0.9900526764551996,True
shared_foreground_different_z,D0445,D1727,0.51786,0.050377098774562305,0.9999999999999999,True
shared_foreground_different_z,D0906,D1696,0.32493,0.05039921218723445,0.9999999999999999,True
shared_foreground_different_z,D0805,D1207,0.13316,0.050459951217768834,0.9954956824897285,True
shared_foreground_different_z,D1229,D1786,0.36723000000000006,0.05070952512819332,0.9976444980584209,True
shared_foreground_different_z,D0441,D1546,0.3750899999999999,0.05081177048621231,0.9977418723364211,True
shared_foreground_different_z,D0375,D1355,0.33563000000000004,0.05113557966215601,0.9952416682684152,True
shared_foreground_different_z,D0281,D0710,0.18119,0.051216267208939174,0.9999999999999999,True
shared_foreground_different_z,D0358,D1083,0.26659,0.05124838505667238,0.997575987316303,True
shared_foreground_different_z,D1055,D1686,0.26339,0.051725591014283166,0.9932912602673086,True
shared_foreground_different_z,D0784,D1226,0.14785999999999994,0.05180676708314721,0.9953079065806985,True
shared_foreground_different_z,D1369,D1707,0.18930999999999998,0.05184197138344914,0.9976664824857668,True
shared_foreground_different_z,D1007,D1680,0.27295,0.05194349777721254,1.0000000000000002,True
shared_foreground_different_z,D0870,D1283,0.14177000000000006,0.05203837157889493,0.9931548615813207,True
shared_foreground_different_z,D0308,D0501,0.09235000000000002,0.052186517648492636,0.9887105569539357,True
shared_foreground_different_z,D0415,D1456,0.35069000000000006,0.052327732340773495,0.9927999637393897,True
shared_foreground_different_z,D0477,D0772,0.10228999999999999,0.05299456288749057,0.9954650434738692,True
shared_foreground_different_z,D0806,D1366,0.18064999999999998,0.05312884679257889,0.9954049290692143,True
shared_foreground_different_z,D0769,D1110,0.11742000000000002,0.05313793774573668,0.9953379699471956,True
shared_foreground_different_z,D0664,D1231,0.19490999999999997,0.05319468427575214,0.9955356919925976,True
shared_foreground_different_z,D0311,D1394,0.39272,0.05352135215405174,0.997772850851008,True
shared_foreground_different_z,D1563,D1676,0.08792999999999995,0.05400236981163744,0.9952269531168536,True
shared_foreground_different_z,D1203,D1373,0.05056000000000005,0.05414765547227819,0.9887133182844245,True
shared_foreground_different_z,D0735,D0854,0.03434999999999999,0.054235182506413966,0.9976798143851509,True
shared_foreground_different_z,D0663,D1065,0.14534999999999998,0.054500388115043756,0.9979367993834799,True
shared_foreground_different_z,D0827,D1345,0.16832999999999998,0.054706893623323184,0.9954128198502351,True
shared_foreground_different_z,D0857,D1344,0.16160000000000002,0.05472981002963081,1.0,True
shared_foreground_different_z,D1129,D1543,0.13707000000000003,0.055575981764480614,0.9976107336649374,True
shared_foreground_different_z,D0602,D1284,0.24020000000000002,0.055671567357549016,0.9999999999999999,True
shared_foreground_different_z,D0904,D1547,0.21474,0.05641591599296591,0.9949748425680714,True
shared_foreground_different_z,D0357,D1085,0.26716999999999996,0.05642416396975734,0.9951458655218787,True
shared_foreground_different_z,D0392,D0697,0.11077000000000004,0.05658306621940648,0.9824895937256924,True
shared_foreground_different_z,D1080,D1701,0.26991,0.056711904666056336,0.9917686390010059,True
shared_foreground_different_z,D1806,D1819,0.12274000000000007,0.05737367583055422,0.9978110189574434,True
shared_foreground_different_z,D1053,D1787,0.42355,0.05740534279427414,1.0000000000000002,True
shared_foreground_different_z,D0518,D0996,0.17133000000000004,0.057460719282794816,0.995585164951337,True
shared_foreground_different_z,D1313,D1407,0.03302000000000005,0.057528656317871164,0.9978939395790762,True
shared_foreground_different_z,D0363,D1305,0.33048000000000005,0.05773614542952495,0.9977620699088224,True
shared_foreground_different_z,D0390,D1158,0.26964999999999995,0.0577483270825815,0.9937523049505842,True
shared_foreground_different_z,D1517,D1607,0.05484,0.0579220250931124,0.9957469346945713,True
shared_foreground_different_z,D0873,D1502,0.21333000000000002,0.05792227142491636,0.9977426869238359,True
shared_foreground_different_z,D0788,D1301,0.17112000000000005,0.05792240558935574,0.997675150942748,True
shared_foreground_different_z,D0887,D1726,0.36492,0.05817372032819757,1.0000000000000002,True
shared_foreground_different_z,D1216,D1767,0.31536999999999993,0.05819008941660505,0.992827638607938,True
shared_foreground_different_z,D0227,D1135,0.37826,0.05827470863159926,0.99549802040034,True
shared_foreground_different_z,D0894,D1466,0.18611,0.0583012735212235,0.995027954226051,True
shared_foreground_different_z,D1556,D1753,0.17513999999999996,0.058517667727048174,0.9981942035663496,True
shared_foreground_different_z,D1304,D1570,0.09563999999999995,0.05863828004587908,0.9923444484673621,True
shared_foreground_different_z,D1021,D1812,0.51976,0.05864263111497332,0.997566909975669,True
shared_foreground_different_z,D0989,D1192,0.06529000000000007,0.058893101072133414,0.9907299243141211,True
shared_foreground_different_z,D0237,D1505,0.48534000000000005,0.05893662442405712,0.9955456348712053,True
shared_foreground_different_z,D0538,D1658,0.42786,0.05894965688268792,0.9974968671630001,True
shared_foreground_different_z,D1018,D1195,0.05347999999999997,0.05900280685693662,0.9978028145995639,True
shared_foreground_different_z,D1682,D1794,0.17540999999999995,0.059245883445455824,0.9891747521000185,True
shared_foreground_different_z,D1077,D1571,0.16518,0.0596950207534166,0.9953596037316065,True
shared_foreground_different_z,D0550,D1249,0.24344,0.059818115314016165,0.9975874512500478,True
shared_foreground_different_z,D0611,D1209,0.21316000000000002,0.05984511815373827,0.9921668530068202,True
shared_foreground_different_z,D1255,D1772,0.31435,0.06024398825174863,0.9944870759770319,True
shared_foreground_different_z,D0423,D1520,0.3729100000000001,0.060338695863904515,0.9975874512500478,True
shared_foreground_different_z,D0490,D0968,0.16966000000000003,0.060571770254035616,0.9976744440550529,True
shared_foreground_different_z,D0844,D1247,0.1361,0.0606635651924035,0.9975178795917451,True
shared_foreground_different_z,D0803,D0916,0.036839999999999984,0.06072669066082369,0.9952267030562387,True
shared_foreground_different_z,D1034,D1268,0.07293000000000005,0.06077659805009729,1.0,True
shared_foreground_different_z,D0855,D1363,0.16823,0.06097668304227381,0.9977728285077951,True
shared_foreground_different_z,D0315,D0529,0.09214,0.061087046994831605,0.9999999999999999,True
shared_foreground_different_z,D0592,D1536,0.32935000000000003,0.06125400397269331,0.9957357661394265,True
shared_foreground_different_z,D1133,D1385,0.07925000000000004,0.061261934254049966,0.9977628861802784,True
shared_foreground_different_z,D0468,D1264,0.26962,0.061309539865887414,0.9975402155483203,True
shared_foreground_different_z,D0834,D1340,0.16642,0.06159874210768314,0.9950982806915578,True
shared_foreground_different_z,D0543,D1181,0.22434000000000004,0.06172159360929143,0.9978517698067374,True
shared_foreground_different_z,D0504,D1449,0.31772999999999996,0.061734299505975705,0.9935921719991,True
shared_foreground_different_z,D0352,D0804,0.17321999999999999,0.06178902823845566,0.9933512824551347,True
shared_foreground_different_z,D1625,D1723,0.08297999999999994,0.06185474440535339,0.9970154348854675,True
shared_foreground_different_z,D1523,D1675,0.10414000000000001,0.06186701727898462,0.9930744445647632,True
shared_foreground_different_z,D0657,D1368,0.24007999999999996,0.06228255829155506,1.0000000000000002,True
shared_foreground_different_z,D0778,D1350,0.18801999999999996,0.06231234137377411,0.998003205486968,True
shared_foreground_different_z,D1561,D1621,0.04630999999999996,0.06257245499508612,0.9917732550001422,True
shared_foreground_different_z,D1637,D1799,0.22586000000000006,0.06274755461098276,0.9999999999999999,True
shared_foreground_different_z,D1165,D1259,0.03247,0.06303132924287987,0.9909730762570998,True
shared_foreground_different_z,D1370,D1740,0.22855999999999999,0.0634939180298192,0.9976107336649374,True
shared_foreground_different_z,D0558,D1187,0.22122000000000003,0.06349730778085638,0.9952858136764119,True
shared_foreground_different_z,D0497,D0759,0.09449999999999997,0.06353334524782733,0.9963355624417208,True
shared_foreground_different_z,D1040,D1581,0.19036999999999993,0.06370963255417818,0.99773518142325,True
shared_foreground_different_z,D0695,D1139,0.15286999999999995,0.06373661785249916,0.9977705239966578,True
shared_foreground_different_z,D0670,D0777,0.042279999999999984,0.06390664687826353,0.9953488119953744,True
shared_foreground_different_z,D0236,D1391,0.44533,0.06435959507257615,0.9899118821429462,True
shared_foreground_different_z,D1001,D1519,0.16668000000000005,0.06451995736282928,0.9977827050997782,True
shared_foreground_different_z,D1489,D1614,0.06679000000000002,0.06464010912037625,0.9960062476009269,True
shared_foreground_different_z,D0495,D1205,0.24394,0.0649638387428596,0.9920669636512816,True
shared_foreground_different_z,D0562,D1076,0.18765000000000004,0.06513817373970408,0.9977220956719817,True
shared_foreground_different_z,D0846,D1630,0.29489,0.06528415605087394,0.995,True
shared_foreground_different_z,D0762,D1423,0.21844999999999998,0.06542330828187434,0.9957585045734161,True
shared_foreground_different_z,D1222,D1483,0.08512000000000008,0.06568891713491368,0.9968420516323031,True
shared_foreground_different_z,D0289,D1662,0.5437099999999999,0.06572994111889051,0.9955282182721096,True
shared_foreground_different_z,D0987,D1497,0.16739000000000004,0.06581490178446987,0.9910719052775645,True
shared_foreground_different_z,D0924,D1398,0.15316999999999997,0.0659809789283383,0.997757054435005,True
shared_foreground_different_z,D0216,D1342,0.47203000000000006,0.06633738810613068,1.0,True
shared_foreground_different_z,D1715,D1779,0.10255000000000003,0.0663501689675516,0.9951171393014179,True
shared_foreground_different_z,D1619,D1749,0.12253999999999998,0.06647224359594231,0.9976331327759183,True
shared_foreground_different_z,D0847,D1338,0.16268000000000005,0.06662885990385287,0.9976220954939394,True
shared_foreground_different_z,D0424,D0929,0.18106,0.0668111536749671,0.9975550122249389,True
shared_foreground_different_z,D0275,D1426,0.42764,0.06687933787785731,0.9923717228845925,True
shared_foreground_different_z,D0534,D1592,0.37951999999999997,0.0675948152690883,0.9958419958419958,True
shared_foreground_different_z,D0403,D0586,0.058479999999999976,0.0679141293490528,0.9952634849365631,True
shared_foreground_different_z,D0653,D0831,0.06856000000000001,0.06792808113739748,0.997783338663701,True
shared_foreground_different_z,D1114,D1788,0.40544,0.06806092581164766,0.9975278083317083,True
shared_foreground_different_z,D0395,D0724,0.12497000000000003,0.06810895502946533,0.9975610049860355,True
shared_foreground_different_z,D1306,D1661,0.16575000000000006,0.06815913919446291,0.9955961194025961,True
shared_foreground_different_z,D0331,D1487,0.40676999999999996,0.0681815957565843,0.9905102111501248,True
shared_foreground_different_z,D0409,D1108,0.24703000000000003,0.06820480562353891,1.0000000000000002,True
shared_foreground_different_z,D0927,D1583,0.22930999999999996,0.06839425926446269,0.9975903614457833,True
shared_foreground_different_z,D0933,D1718,0.33383999999999997,0.06847725060413665,0.9927447651207731,True
shared_foreground_different_z,D1532,D1793,0.27923,0.06881796188689546,0.9870343701222135,True
shared_foreground_different_z,D1010,D1606,0.21658999999999995,0.06913546869835294,0.9957537154989383,True
shared_foreground_different_z,D0530,D1354,0.28019000000000005,0.06930028345173113,0.9908289719757438,True
shared_foreground_different_z,D1157,D1720,0.2668999999999999,0.06934885181716752,0.9941879134908641,True
shared_foreground_different_z,D1445,D1576,0.057049999999999934,0.06938541980751993,0.9954560918484667,True
shared_foreground_different_z,D0492,D0604,0.030700000000000005,0.07022490538750514,0.9957896261766522,True
shared_foreground_different_z,D0202,D0539,0.24006999999999998,0.07031096422029699,0.995488503440725,True
shared_foreground_different_z,D1360,D1814,0.4286199999999999,0.0704882295144965,0.9977827050997782,True
shared_foreground_different_z,D0572,D1068,0.17977000000000004,0.0710192790747499,0.9976771164912531,True
shared_foreground_different_z,D0203,D1700,0.70391,0.07111294562457945,1.0000000000000002,True
shared_foreground_different_z,D0285,D0559,0.12072,0.07123143176529952,0.9954855155869112,True
shared_foreground_different_z,D0838,D1358,0.17107999999999995,0.07141422322555374,0.9930259411229956,True
shared_foreground_different_z,D1038,D1790,0.43517000000000006,0.07142392523931906,0.9973154313982582,True
shared_foreground_different_z,D0413,D1172,0.26223,0.07147390412750455,0.9958859163254701,True
shared_foreground_different_z,D1349,D1731,0.21643999999999997,0.07165093467966308,0.9919850408299778,True
shared_foreground_different_z,D0850,D1125,0.09672999999999998,0.07166887355401347,0.9999999999999999,True
shared_foreground_different_z,D1175,D1303,0.04157999999999995,0.07190907565032942,0.9962902591644001,True
shared_foreground_different_z,D0260,D1612,0.52146,0.07205441061281882,1.0,True
shared_foreground_different_z,D0573,D1062,0.17663999999999996,0.07342264078205823,0.9979102825457239,True
shared_foreground_different_z,D1201,D1447,0.07662000000000002,0.07345411419072258,0.9953950282906935,True
shared_foreground_different_z,D0932,D1106,0.05728999999999995,0.07353597258379888,0.9887613093330311,True
shared_foreground_different_z,D0326,D0941,0.23336999999999997,0.07380760214335759,0.9925217894270948,True
shared_foreground_different_z,D0627,D1227,0.21263999999999994,0.07406363368342433,0.9891043611231112,True
shared_foreground_different_z,D0370,D0475,0.04557,0.07420263286706752,0.9977925162356314,True
shared_foreground_different_z,D0531,D1400,0.29893999999999993,0.07432442680888965,1.0000000000000002,True
shared_foreground_different_z,D0593,D0758,0.06829000000000002,0.07448238846446294,0.9882667792961741,True
shared_foreground_different_z,D0985,D1470,0.15243000000000007,0.07448703267984827,0.9953943473944779,True
shared_foreground_different_z,D0588,D1293,0.24812999999999996,0.07480551006913799,0.9999999999999999,True
shared_foreground_different_z,D0675,D1709,0.42295999999999995,0.0750445949730881,0.9945767175111521,True
shared_foreground_different_z,D0671,D1518,0.28935,0.07535125440224912,0.9977298495122363,True
shared_foreground_different_z,D0341,D0613,0.09883000000000003,0.07568712385018066,0.9954235371579137,True
shared_foreground_different_z,D1317,D1747,0.25188,0.0760027903326512,0.9960960626815761,True
shared_foreground_different_z,D0946,D1240,0.09371999999999997,0.07609117287077996,0.9935988364913405,True
shared_foreground_different_z,D1586,D1708,0.09687999999999997,0.0761481351708303,0.9976422737303166,True
shared_foreground_different_z,D0860,D1805,0.5554599999999998,0.076681359507783,0.9962975199878492,True
shared_foreground_different_z,D0942,D1279,0.11078999999999994,0.07678238875682562,0.9951836120919052,True
shared_foreground_different_z,D0603,D1367,0.26197,0.07699919330029804,0.9949780473003812,True
shared_foreground_different_z,D0524,D1314,0.26873,0.07722058883487656,0.9953051383878067,True
shared_foreground_different_z,D0455,D1254,0.26918,0.0772593072234512,0.9930795016269967,True
shared_foreground_different_z,D0322,D1185,0.3132,0.07749170951354206,0.9978354978354979,True
shared_foreground_different_z,D0502,D0812,0.11143999999999998,0.07749856087133358,0.9977071241554286,True
shared_foreground_different_z,D1012,D1797,0.45946999999999993,0.07751673647644877,0.9904988123515438,True
shared_foreground_different_z,D1309,D1775,0.30594999999999994,0.07797237319222665,0.9950402842262926,True
shared_foreground_different_z,D0848,D1644,0.30835,0.07805491927290935,0.9937739411415693,True
shared_foreground_different_z,D0626,D1204,0.20714,0.07809696149697277,0.9978586922262197,True
shared_foreground_different_z,D0893,D1070,0.06359999999999999,0.07820592346446463,0.9977477708572514,True
shared_foreground_different_z,D0367,D0571,0.07462000000000002,0.07834787194913463,0.9937845070055836,True
shared_foreground_different_z,D0437,D1530,0.37126000000000003,0.07872151785211765,0.9947229183096801,True
shared_foreground_different_z,D1356,D1810,0.4075399999999999,0.07875204839859795,0.9950769404222781,True
shared_foreground_different_z,D0371,D1713,0.53406,0.07883693332738341,0.9937585771834553,True
shared_foreground_different_z,D1105,D1435,0.10267000000000004,0.07920863304110819,0.9953598333417444,True
shared_foreground_different_z,D0790,D1458,0.21864999999999996,0.07953618958754033,0.9925772981166626,True
shared_foreground_different_z,D0296,D1009,0.28388,0.08023510440191395,0.9911209000078467,True
shared_foreground_different_z,D0839,D1160,0.10988999999999999,0.08037885921614349,0.9977868148239846,True
shared_foreground_different_z,D0527,D0701,0.06331000000000003,0.08063809781518598,0.9931894780788385,True
shared_foreground_different_z,D0897,D1550,0.21766000000000002,0.08072578933126176,0.9925115727869479,True
shared_foreground_different_z,D0918,D1117,0.06825999999999999,0.08101279938867911,0.9973856164418643,True
shared_foreground_different_z,D1524,D1763,0.20052999999999999,0.08111478008452937,0.9933160713804712,True
shared_foreground_different_z,D0565,D1217,0.22792,0.0815663719955771,0.9936732515486351,True
shared_foreground_different_z,D1174,D1710,0.25064,0.08199331251178243,0.9912987780314938,True
shared_foreground_different_z,D0589,D0914,0.12004999999999999,0.0823849706440427,0.9911798157411635,True
shared_foreground_different_z,D0912,D1148,0.08067000000000002,0.08241727670794458,0.9890010511584832,True
shared_foreground_different_z,D0874,D1711,0.35262000000000004,0.08264937410564002,0.997566909975669,True
shared_foreground_different_z,D0883,D1260,0.12772999999999995,0.08300504973840843,0.9999999999999999,True
shared_foreground_different_z,D0482,D0979,0.17285000000000006,0.08348415482832254,0.9877418209501408,True
shared_foreground_different_z,D0909,D1437,0.17337999999999998,0.08410073583034128,0.9977011740048264,True
shared_foreground_different_z,D0515,D1380,0.29344,0.0841447951797338,0.9951475204460312,True
shared_foreground_different_z,D1045,D1629,0.22038000000000002,0.08421873203654118,0.9934956297712954,True
shared_foreground_different_z,D1499,D1798,0.30259,0.08426813151268372,0.989012862985725,True
shared_foreground_different_z,D0345,D1327,0.34376999999999996,0.0843946241058642,0.9939550098966123,True
shared_foreground_different_z,D1132,D1399,0.08762000000000003,0.08463368496413895,0.9975520159118909,True
shared_foreground_different_z,D0545,D0966,0.15673000000000004,0.0854129149898601,0.9933191025884909,True
shared_foreground_different_z,D1685,D1764,0.09069000000000005,0.08550224143438939,0.9999999999999999,True
shared_foreground_different_z,D1670,D1770,0.1244900000000001,0.08551823430464604,0.9899116151148832,True
shared_foreground_different_z,D0542,D1552,0.34792000000000006,0.08561792195347402,0.9926410079056803,True
shared_foreground_different_z,D0764,D1408,0.21316000000000002,0.08565337186937029,0.9953943473944779,True
shared_foreground_different_z,D1374,D1494,0.04763000000000006,0.08569927249661366,0.990171751667109,True
shared_foreground_different_z,D0421,D0961,0.19245999999999996,0.08575589925658976,0.9928514061444342,True
shared_foreground_different_z,D0364,D0905,0.19809,0.08648649043749254,0.9909500401039307,True
shared_foreground_different_z,D0220,D0380,0.13634000000000002,0.08659852704779139,0.9976442841248871,True
shared_foreground_different_z,D0431,D1297,0.29643,0.08673578181637004,0.9976851851851852,True
shared_foreground_different_z,D1557,D1716,0.12558000000000002,0.08677574737276082,0.9975669391371718,True
shared_foreground_different_z,D0256,D1078,0.32655999999999996,0.08738105433228205,0.9929987470424657,True
shared_foreground_different_z,D0201,D0632,0.27277,0.0874075481181042,0.9999999999999999,True
shared_foreground_different_z,D0350,D0488,0.06124999999999997,0.08772076725076257,0.9954467739583783,True
shared_foreground_different_z,D0218,D0332,0.11291000000000001,0.08799162118940113,0.9882938069500365,True
shared_foreground_different_z,D0738,D1075,0.11508000000000002,0.08804177443400735,0.9928853131150813,True
shared_foreground_different_z,D0525,D1493,0.3334599999999999,0.08831485773769603,0.9908842437261149,True
shared_foreground_different_z,D0305,D1177,0.32869000000000004,0.08834655837171873,0.9980640080512464,True
shared_foreground_different_z,D0743,D1243,0.16515000000000002,0.08867654363591182,0.986557004584491,True
shared_foreground_different_z,D0727,D1234,0.16669999999999996,0.0888930628791584,1.0,True
shared_foreground_different_z,D0498,D0965,0.16689999999999994,0.08896424868114104,0.9977311834247465,True
shared_foreground_different_z,D0674,D1221,0.18760000000000004,0.08899814587423319,0.9908044024147216,True
shared_foreground_different_z,D0316,D1102,0.29585000000000006,0.08909036914336955,0.992834331173892,True
shared_foreground_different_z,D0754,D1664,0.34832,0.08955099603492976,0.9897800976865735,True
shared_foreground_different_z,D0212,D0851,0.31112,0.09045151642994839,0.9977728285077951,True
shared_foreground_different_z,D0561,D1171,0.21521999999999997,0.09068483333708996,0.993536790135311,True
shared_foreground_different_z,D0733,D1281,0.18187000000000003,0.09072200448776402,0.9879486442347685,True
shared_foreground_different_z,D0876,D1745,0.39546000000000003,0.09072395413804904,0.9902436691399975,True
shared_foreground_different_z,D1760,D1784,0.05418999999999996,0.09074706354362942,0.9937792595537867,True
shared_foreground_different_z,D0301,D1130,0.31766000000000005,0.09148316452453917,0.9978308232404395,True
shared_foreground_different_z,D0926,D1598,0.24093999999999993,0.09166321929963966,0.989381857237243,True
shared_foreground_different_z,D0262,D1353,0.40559,0.09174199520461794,0.9976771164912531,True
shared_foreground_different_z,D0811,D0922,0.03766000000000003,0.09216463073696862,0.9909123093009797,True
shared_foreground_different_z,D0270,D1748,0.64656,0.09335354141509337,0.9951340561349474,True
shared_foreground_different_z,D0620,D1294,0.23897999999999997,0.09342985045990518,0.9976218753494591,True
shared_foreground_different_z,D0564,D1424,0.29713000000000006,0.09360228187844145,0.994874028443806,True
shared_foreground_different_z,D0500,D1025,0.18853999999999999,0.09423045147432568,0.9976331327759183,True
shared_foreground_different_z,D0666,D1455,0.26532,0.0943024209895155,0.9978118161925603,True
shared_foreground_different_z,D0984,D1258,0.08782000000000001,0.09475110355712216,0.9775541420557066,True
shared_foreground_different_z,D0521,D1397,0.29905000000000004,0.09481793440562446,0.9956560418111792,True
shared_foreground_different_z,D1246,D1490,0.08264000000000005,0.09527022997675186,0.9949789003420262,True
shared_foreground_different_z,D0694,D1186,0.16721000000000008,0.09558173620401017,0.9953414047034342,True
shared_foreground_different_z,D0300,D1138,0.32026,0.09559362672569963,0.9976303317535544,True
shared_foreground_different_z,D1131,D1333,0.06320000000000003,0.09571025145304861,0.9857611599070065,True
shared_foreground_different_z,D1692,D1742,0.056970000000000076,0.09609151253183772,0.9927826133067537,True
shared_foreground_different_z,D0974,D1202,0.07311000000000001,0.09646509762806879,0.9912117805190792,True
shared_foreground_different_z,D0560,D0852,0.10593999999999998,0.09691271973103156,0.995619238430762,True
shared_foreground_different_z,D0343,D1580,0.44802,0.09705042082408283,0.9904561314415218,True
shared_foreground_different_z,D0318,D0911,0.22604000000000002,0.09711075845799574,0.9756358740047537,True
shared_foreground_different_z,D1183,D1436,0.08148999999999995,0.09723842323734687,0.9934710945056334,True
shared_foreground_different_z,D0649,D1464,0.27618000000000004,0.09807223596797243,0.9898478357846489,True
shared_foreground_different_z,D0770,D1596,0.29411,0.09824304402414696,0.9975339050005347,True
shared_foreground_different_z,D0817,D1230,0.13501000000000007,0.09836886600966666,0.9951991293645577,True
shared_foreground_different_z,D0799,D1089,0.09960000000000002,0.0994246290416906,0.9977484121457643,True
shared_foreground_different_z,D0734,D1627,0.32545,0.09958735145069314,0.9923132158866512,True
shared_foreground_different_z,D0446,D1674,0.46726000000000006,0.10030789878229288,0.9953831524416511,True
shared_foreground_different_z,D0391,D0756,0.13543000000000005,0.10065159180127299,0.9977635144784144,True
shared_foreground_different_z,D0394,D1549,0.39812000000000003,0.10069365836478562,0.995049474543916,True
shared_foreground_different_z,D1042,D1296,0.08002999999999993,0.10138032941934524,0.9999999999999999,True
shared_foreground_different_z,D1043,D1567,0.17496999999999996,0.10167286797849098,0.9900495037128094,True
shared_foreground_different_z,D0668,D1329,0.22399999999999992,0.10203709272934675,0.9954128198502351,True
shared_foreground_different_z,D0360,D1474,0.38680999999999993,0.10259724516670336,0.988182430416006,True
shared_foreground_different_z,D0401,D1330,0.31746,0.10289587192898768,0.9952832338232939,True
shared_foreground_different_z,D0690,D0896,0.07085999999999998,0.1031675930124294,0.9932152116471885,True
shared_foreground_different_z,D0884,D0983,0.03852,0.10335960856531926,0.9955111041850254,True
shared_foreground_different_z,D0755,D1074,0.10879000000000005,0.10337173905566725,0.9957654747126283,True
shared_foreground_different_z,D0705,D0991,0.10383999999999999,0.10398045260188231,0.9977452056990781,True
shared_foreground_different_z,D0284,D0400,0.06826000000000002,0.10470512208815694,0.9886772431002737,True
shared_foreground_different_z,D0506,D0721,0.0827,0.10489095785351972,0.9915344818564047,True
shared_foreground_different_z,D0807,D1411,0.19955,0.10512602482155818,0.9951806948412009,True
shared_foreground_different_z,D0242,D0957,0.29972999999999994,0.10562967833040722,0.9868241539810074,True
shared_foreground_different_z,D1168,D1697,0.23814999999999997,0.10569706980662251,0.9975669391371718,True
shared_foreground_different_z,D0829,D1182,0.11720999999999993,0.10576554391224399,0.995352229081982,True
shared_foreground_different_z,D0254,D0546,0.13418000000000002,0.10623599975754776,0.9979288115124408,True
shared_foreground_different_z,D0417,D0840,0.14686000000000005,0.10625137130796478,0.9953504957587472,True
shared_foreground_different_z,D0204,D0684,0.28884,0.10644907488529091,0.9949109414758269,True
shared_foreground_different_z,D1218,D1448,0.07396999999999998,0.10754422803794116,0.9884343000767519,True
shared_foreground_different_z,D1145,D1669,0.22381000000000006,0.10775681789453459,0.9956478180024259,True
shared_foreground_different_z,D0338,D1593,0.45649,0.10806513521415416,0.997849482473094,True
shared_foreground_different_z,D0801,D1137,0.11177000000000004,0.10821569317469928,0.9951219221294826,True
shared_foreground_different_z,D1044,D1733,0.31048,0.10851916762881335,0.9886593441051401,True
shared_foreground_different_z,D1388,D1623,0.11079000000000006,0.1093230375919616,0.9874717730206585,True
shared_foreground_different_z,D0862,D1232,0.12548000000000004,0.10992560130532154,0.9967343716494298,True
shared_foreground_different_z,D0384,D1526,0.39321999999999996,0.11035328222744552,0.9845349599425997,True
shared_foreground_different_z,D0716,D1166,0.15102000000000004,0.11039547369002638,0.9956045692656057,True
shared_foreground_different_z,D0760,D1560,0.26808000000000004,0.11053071001733443,0.990972196020994,True
shared_foreground_different_z,D0650,D0954,0.11334,0.11079960444591153,0.9914191454414722,True
shared_foreground_different_z,D0330,D0476,0.06958999999999999,0.11092135503891787,0.9878902674918207,True
shared_foreground_different_z,D0776,D1086,0.10832000000000003,0.11103912956714965,0.9913329484149328,True
shared_foreground_different_z,D0685,D1681,0.39198000000000005,0.11143090282911845,0.9907646564459567,True
shared_foreground_different_z,D0821,D1161,0.11252000000000001,0.11236423639447143,0.9954128440366972,True
shared_foreground_different_z,D0594,D1298,0.24782000000000004,0.11250734404457319,0.9932892160846684,True
shared_foreground_different_z,D0448,D1578,0.39525000000000005,0.11264085021274226,0.9978076302422348,True
shared_foreground_different_z,D1473,D1551,0.030000000000000027,0.11327271939952385,0.9999999999999999,True
shared_foreground_different_z,D0871,D0993,0.04722000000000004,0.11347763153947353,0.9882656336567784,True
shared_foreground_different_z,D1717,D1796,0.14905000000000002,0.11362734474075496,0.9906820264811954,True
shared_foreground_different_z,D0895,D1653,0.29725999999999997,0.1138061445544881,0.9901958416788311,True
shared_foreground_different_z,D0845,D1242,0.13371,0.1145165501603548,0.9976500329051454,True
shared_foreground_different_z,D0271,D0903,0.25681,0.11462953539216268,0.993370092648839,True
shared_foreground_different_z,D0402,D0638,0.08030999999999999,0.11537362283251311,0.9904656191394949,True
shared_foreground_different_z,D1214,D1453,0.07575999999999994,0.11622426203635873,0.985784170495782,True
shared_foreground_different_z,D1262,D1626,0.15089000000000008,0.1180355722780417,0.9932305215103945,True
shared_foreground_different_z,D0763,D1126,0.12263999999999997,0.11809242490087082,0.990363326601005,True
shared_foreground_different_z,D0939,D1124,0.06050999999999995,0.11819435179975982,0.9976190749385854,True
shared_foreground_different_z,D0479,D1687,0.46356,0.11860403560794061,0.9862803521568089,True
shared_foreground_different_z,D0496,D1271,0.26543,0.11869095336539986,0.9926263668025084,True
shared_foreground_different_z,D0440,D1542,0.37469,0.1186963760493467,0.9913231312454032,True
shared_foreground_different_z,D1219,D1482,0.08555000000000001,0.11871883096259322,0.9837835249958194,True
shared_foreground_different_z,D1196,D1688,0.22122000000000008,0.11960762792055431,0.9885452517376903,True
shared_foreground_different_z,D0420,D1574,0.39888,0.119928733379002,0.9927447651207731,True
shared_foreground_different_z,D0944,D1142,0.06410000000000005,0.12147987157263179,0.9954235371579137,True
shared_foreground_different_z,D0464,D0745,0.09700000000000003,0.12176960122342122,0.9949877270046072,True
shared_foreground_different_z,D1265,D1595,0.12827999999999995,0.12228050023952759,0.9931610388254603,True
shared_foreground_different_z,D0460,D1539,0.36418000000000006,0.12232821796752506,0.993075886557958,True
shared_foreground_different_z,D0509,D0971,0.16711000000000004,0.12272155011307177,0.9886772431002737,True
shared_foreground_different_z,D1654,D1769,0.12729000000000001,0.12297799460814274,0.9903843920514593,True
shared_foreground_different_z,D0981,D1417,0.14000999999999997,0.12395180444508558,0.991135444181624,True
shared_foreground_different_z,D1481,D1750,0.20250999999999997,0.1253058361819351,0.9904105216889673,True
shared_foreground_different_z,D0869,D1088,0.08000000000000007,0.1260500031734371,1.0000000000000002,True
shared_foreground_different_z,D0491,D1666,0.4448,0.1266045970116857,0.9999999999999999,True
shared_foreground_different_z,D0405,D1587,0.41824,0.12700726652642505,0.9952189219919998,True
shared_foreground_different_z,D0567,D1527,0.331,0.12730154809267177,0.9879058493637817,True
shared_foreground_different_z,D0837,D1803,0.5460399999999999,0.1273193049687512,0.9977753031397176,True
shared_foreground_different_z,D0574,D0765,0.07462000000000002,0.12782509304626397,0.9953943722601598,True
shared_foreground_different_z,D1058,D1386,0.10251999999999994,0.1280883557991417,0.993103448275862,True
shared_foreground_different_z,D0393,D0956,0.20329999999999998,0.12875024783410552,0.9882325021423121,True
shared_foreground_different_z,D0346,D1537,0.41929000000000005,0.12908213592914125,0.9929659150299243,True
shared_foreground_different_z,D0466,D1752,0.54396,0.12922367350286382,0.9877319204977797,True
shared_foreground_different_z,D1167,D1559,0.13383999999999996,0.12982004258789082,0.995518197428685,True
shared_foreground_different_z,D0359,D1302,0.33308000000000004,0.13002824744841437,0.9975522561944729,True
shared_foreground_different_z,D0859,D1194,0.11531999999999998,0.13025207088132704,0.9941390184421578,True
shared_foreground_different_z,D1371,D1721,0.20172999999999996,0.1306769357351338,0.9871429097771239,True
shared_foreground_different_z,D0672,D0908,0.08489999999999998,0.1313083864021454,0.9930582161446181,True
shared_foreground_different_z,D1757,D1774,0.03317999999999999,0.13370524416800597,0.9814035644332719,True
shared_foreground_different_z,D1722,D1759,0.05123,0.13377182186041622,0.9926590154143506,True
shared_foreground_different_z,D0898,D1403,0.16815000000000002,0.13405156094465553,0.9908072157709731,True
shared_foreground_different_z,D0474,D1299,0.27892,0.1353338946475356,0.9999999999999999,True
shared_foreground_different_z,D0910,D1272,0.12133,0.13582370370037997,0.9902318881141043,True
shared_foreground_different_z,D0513,D0925,0.15084000000000003,0.13640430414317925,0.9795200148335201,True
shared_foreground_different_z,D0347,D1339,0.34743999999999997,0.13647051783242972,0.9653811384521648,True
shared_foreground_different_z,D0679,D1531,0.28936000000000006,0.13852126352135333,0.9880433268131585,True
shared_foreground_different_z,D1280,D1620,0.1395200000000001,0.13922578364681104,0.9824015439034642,True
shared_foreground_different_z,D0637,D1343,0.24139,0.13987532349064474,0.9947678429712355,True
shared_foreground_different_z,D1027,D1683,0.26788999999999996,0.14006243663485832,0.9863661838002519,True
shared_foreground_different_z,D0310,D0707,0.16292,0.14017863937240926,0.9880056037276196,True
shared_foreground_different_z,D0598,D0828,0.08915000000000001,0.140587310525354,0.9913230463826698,True
shared_foreground_different_z,D1090,D1233,0.04373000000000005,0.1406611764842692,0.9857589923513006,True
shared_foreground_different_z,D0661,D0951,0.10760999999999998,0.14091180994330024,0.978799089350905,True
shared_foreground_different_z,D0485,D1036,0.19341000000000003,0.14112824216113287,0.9746238216407861,True
shared_foreground_different_z,D0570,D1248,0.23596000000000006,0.14199729722469084,0.9639883283454201,True
shared_foreground_different_z,D0540,D1540,0.34541999999999995,0.14234617695865626,0.9853058198317676,True
shared_foreground_different_z,D0399,D0752,0.13050999999999996,0.14424959291896022,0.9976664824857668,True
shared_foreground_different_z,D0673,D1141,0.16468,0.1446159541994533,0.9935017575339136,True
shared_foreground_different_z,D0235,D0381,0.09940000000000002,0.14467782941838217,0.9885057471264368,True
shared_foreground_different_z,D0972,D1480,0.16069999999999995,0.14484791748159578,0.9954443848509782,True
shared_foreground_different_z,D0419,D1379,0.32338000000000006,0.14494970607129237,0.99274771797382,True
shared_foreground_different_z,D0277,D0443,0.09410000000000002,0.14559838377572762,0.9866096007324958,True
shared_foreground_different_z,D0835,D1419,0.19433,0.14581664886567317,0.9863559812661015,True
shared_foreground_different_z,D1323,D1475,0.05008000000000001,0.14581779316846805,0.9831032592241961,True
shared_foreground_different_z,D0628,D1000,0.14184999999999998,0.14639715022967545,0.9931139449776017,True
shared_foreground_different_z,D1066,D1591,0.18710000000000004,0.1469985637159397,0.9895285072531597,True
shared_foreground_different_z,D0950,D1553,0.19783999999999996,0.1477295734074226,0.9932000241224705,True
shared_foreground_different_z,D0815,D0994,0.06215999999999994,0.14835526312894726,0.9906103286384975,True
shared_foreground_different_z,D1418,D1544,0.04430999999999996,0.1489058742172823,0.9879397997511358,True
shared_foreground_different_z,D0379,D0731,0.13184999999999997,0.14982244342388273,0.9946011684845288,True
shared_foreground_different_z,D1061,D1584,0.18648999999999993,0.15089295270348208,0.9910290717052598,True
shared_foreground_different_z,D1321,D1573,0.09531999999999996,0.15098891781121912,0.9823802243077161,True
shared_foreground_different_z,D0337,D1154,0.29450000000000004,0.15189970407409614,0.9936866681426516,True
shared_foreground_different_z,D1049,D1698,0.27557,0.15220793724651321,0.9912686235359695,True
shared_foreground_different_z,D1315,D1801,0.37639,0.15222501956197798,0.9797275402494047,True
shared_foreground_different_z,D0818,D1311,0.16035,0.15225176632415977,0.9953844025446693,True
shared_foreground_different_z,D1638,D1778,0.16544999999999999,0.15248885781405552,0.9944870759770319,True
shared_foreground_different_z,D0522,D1118,0.21010000000000006,0.15342446478073693,0.9917038788697654,True
shared_foreground_different_z,D0682,D0975,0.10731000000000002,0.15384998917225357,0.992248062015504,True
shared_foreground_different_z,D0660,D1237,0.19961,0.15395626135743468,0.9878736103579845,True
shared_foreground_different_z,D0470,D0662,0.059599999999999986,0.15507652620162088,0.9770114942528736,True
shared_foreground_different_z,D0348,D1634,0.48101,0.15573953157910106,0.9882102956225242,True
shared_foreground_different_z,D0591,D1320,0.25211999999999996,0.15594027715513997,0.9956045692656057,True
shared_foreground_different_z,D1169,D1659,0.20928000000000002,0.15775164742450867,0.9909807538973808,True
shared_foreground_different_z,D0607,D1115,0.18607999999999997,0.15821815433904438,0.9909321242065312,True
shared_foreground_different_z,D0963,D1252,0.08994000000000002,0.1585709384293694,0.9884683250188234,True
shared_foreground_different_z,D0261,D0931,0.27446,0.16057313805648743,0.9958679126806478,True
shared_foreground_different_z,D0766,D1384,0.2022,0.16070179630185788,0.9901690676892991,True
shared_foreground_different_z,D0865,D1472,0.20012999999999997,0.16311314777660899,0.9862939436162688,True
shared_foreground_different_z,D0729,D1441,0.23132000000000003,0.16557070455091752,0.9870263050492714,True
shared_foreground_different_z,D0427,D0693,0.09264,0.16700735923661023,0.9841137839023578,True
shared_foreground_different_z,D0209,D0576,0.22294000000000003,0.16729940966787718,0.9766381797523599,True
shared_foreground_different_z,D0891,D1500,0.20456000000000002,0.16795920237001452,0.9916592316217697,True
shared_foreground_different_z,D0251,D0938,0.28181999999999996,0.1681836800459818,0.9909815501768421,True
shared_foreground_different_z,D1332,D1444,0.035619999999999985,0.17025915586541174,0.9955569996830352,True
shared_foreground_different_z,D0523,D0683,0.05585000000000001,0.170323974613894,0.988494860436939,True
shared_foreground_different_z,D0526,D1143,0.21621999999999997,0.17055345324052498,0.9761640794657255,True
shared_foreground_different_z,D0378,D1210,0.28957,0.17073187974216583,0.9892726640613269,True
shared_foreground_different_z,D0314,D0782,0.18493000000000004,0.17119095871596549,0.9843299241247363,True
shared_foreground_different_z,D0696,D1081,0.13691000000000003,0.17143425815988883,0.988915956453439,True
shared_foreground_different_z,D0447,D0773,0.11395,0.1738630960555521,0.9757750791288518,True
shared_foreground_different_z,D0453,D1495,0.35439,0.1747038577156639,0.9932985331341873,True
shared_foreground_different_z,D0872,D1037,0.06246999999999997,0.17482541180209596,0.9578480599613152,True
shared_foreground_different_z,D0368,D1239,0.30589999999999995,0.17684253239428158,0.9914115687857102,True
shared_foreground_different_z,D0313,D0656,0.13747,0.176843310516075,0.993176618086573,True
shared_foreground_different_z,D0796,D1095,0.10346000000000005,0.17708831455000154,0.990888382687927,True
shared_foreground_different_z,D0439,D1016,0.20604000000000006,0.17837020918201746,0.9842117503309155,True
shared_foreground_different_z,D0669,D1705,0.4218,0.17957930605825315,0.9886515189124014,True
shared_foreground_different_z,D1026,D1430,0.12575999999999998,0.18157112978258627,0.9932775424506051,True
shared_foreground_different_z,D0711,D1002,0.10551999999999995,0.18159420893431608,0.9930821870881374,True
shared_foreground_different_z,D1522,D1668,0.09843999999999997,0.18253302697465462,0.9956616052060737,True
shared_foreground_different_z,D1015,D1395,0.11812999999999996,0.18517477114668082,0.9460546237024136,True
shared_foreground_different_z,D0249,D1414,0.43862,0.1861410269004438,0.9796128090247602,True
shared_foreground_different_z,D1665,D1725,0.05757000000000001,0.1898517241453089,0.9730655207974749,True
shared_foreground_different_z,D0625,D1383,0.26231000000000004,0.18985755986615893,0.9690478931569857,True
shared_foreground_different_z,D0863,D1101,0.08666999999999997,0.1918373946353553,0.9864579872307455,True
shared_foreground_different_z,D0372,D1253,0.30649999999999994,0.19375251486666295,0.9933519337697,True
shared_foreground_different_z,D0551,D1215,0.2324,0.19375603059840013,0.992908540959205,True
shared_foreground_different_z,D0407,D1238,0.2862199999999999,0.19594497303002428,0.9854152377763643,True
shared_foreground_different_z,D0881,D1005,0.04920000000000002,0.19667732215632597,0.9878462459030428,True
shared_foreground_different_z,D1107,D1413,0.09670000000000001,0.19772637649204886,0.9905658268267664,True
shared_foreground_different_z,D1375,D1515,0.05227000000000004,0.19914635252751178,0.9901902809495285,True
shared_foreground_different_z,D0556,D1184,0.22083000000000003,0.1996284388865997,0.983317916968573,True
shared_foreground_different_z,D0757,D1554,0.26428000000000007,0.199715692658972,0.990848288708749,True
shared_foreground_different_z,D0948,D1671,0.28826,0.2003198754670952,0.9805837247554449,True
shared_foreground_different_z,D0456,D0794,0.11619000000000002,0.20098174941990052,0.9900563789869647,True
shared_foreground_different_z,D0605,D1362,0.26061,0.20111569841927335,0.9859623706900823,True
shared_foreground_different_z,D1250,D1577,0.12283,0.2014622512260195,0.9719616149384502,True
shared_foreground_different_z,D0547,D1235,0.24045999999999995,0.20383318858834504,0.9729122948541244,True
shared_foreground_different_z,D0943,D1579,0.22302,0.20423229648061114,0.988026444585928,True
shared_foreground_different_z,D0568,D0976,0.15113000000000004,0.20430806029719817,0.9852207375455704,True
shared_foreground_different_z,D0302,D1257,0.35727000000000003,0.20484064414941444,0.9848679796313533,True
shared_foreground_different_z,D1348,D1529,0.06419999999999992,0.20919996184564393,0.9842607175055423,True
shared_foreground_different_z,D0867,D1336,0.15635999999999994,0.2099159096027158,0.9457524388377895,True
shared_foreground_different_z,D0614,D0902,0.10985,0.21014158853759254,0.9883012390421657,True
shared_foreground_different_z,D1364,D1744,0.23495,0.211576293590706,0.9876690721483747,True
shared_foreground_different_z,D0814,D1429,0.20165,0.2119723341954792,0.9796405162716005,True
shared_foreground_different_z,D0739,D0973,0.08101999999999998,0.2123365524690575,0.9878238346885085,True
shared_foreground_different_z,D0214,D1667,0.63247,0.21342305029220332,0.9401913875598086,True
shared_foreground_different_z,D0864,D1699,0.34603999999999996,0.2173204790469573,0.984633832757658,True
shared_foreground_different_z,D0438,D0599,0.04880000000000001,0.2208713513008999,0.9892867550407514,True
shared_foreground_different_z,D0747,D1159,0.13769000000000003,0.2218805939216621,0.9839531616646344,True
shared_foreground_different_z,D1057,D1324,0.08160999999999996,0.2243128942879302,0.9513682929087911,True
shared_foreground_different_z,D0751,D1312,0.18372999999999995,0.22486637511736748,0.984841590572855,True
shared_foreground_different_z,D0928,D1245,0.10072000000000003,0.22784647867185343,0.9740391168249388,True
shared_foreground_different_z,D0753,D1507,0.25160000000000005,0.2303335208634314,0.9914985843829488,True
shared_foreground_different_z,D0960,D1600,0.22938000000000003,0.2319649952549476,0.9903499539184115,True
shared_foreground_different_z,D0982,D1602,0.2249000000000001,0.23560168730893064,0.9471489614004878,True
shared_foreground_different_z,D0435,D0654,0.07306000000000001,0.23583677401721703,0.9808504017170626,True
shared_foreground_different_z,D0789,D1673,0.34735999999999995,0.23983593242576276,0.9908570591273741,True
shared_foreground_different_z,D0414,D0861,0.15621000000000002,0.24282642130225127,0.9882790934870695,True
shared_foreground_different_z,D1409,D1548,0.04794999999999994,0.24283008815514245,0.9886230654859615,True
shared_foreground_different_z,D0505,D1378,0.29456999999999994,0.24308796787800055,0.9810086945371498,True
shared_foreground_different_z,D0223,D0327,0.09963,0.24577228245079874,0.9931513502362931,True
shared_foreground_different_z,D0800,D1241,0.14480000000000004,0.2467823131646113,0.9891091012247782,True
shared_foreground_different_z,D0253,D0998,0.30091,0.24884830212238648,0.985295454818111,True
shared_foreground_different_z,D0290,D1052,0.29795000000000005,0.2550478033340807,0.9655580638277387,True
shared_foreground_different_z,D0507,D1091,0.20623999999999992,0.25541406964452074,0.9880235200593537,True
shared_foreground_different_z,D0412,D1496,0.37234999999999996,0.257507243925603,0.9256198347107438,True
shared_foreground_different_z,D0206,D0825,0.33226,0.25849669056980534,0.99076192670202,True
shared_foreground_different_z,D0365,D1100,0.26743,0.2605788265747359,0.9736211031175058,True
shared_foreground_different_z,D1521,D1781,0.24213000000000007,0.2646901734276706,0.9843527398350597,True
shared_foreground_different_z,D1112,D1457,0.10680999999999996,0.265128468179686,0.977272475967466,True
shared_foreground_different_z,D0689,D1463,0.25699,0.267093581739632,0.976946998185145,True
shared_foreground_different_z,D0544,D1656,0.42573,0.26803408421178715,0.9797111864619056,True
shared_foreground_different_z,D1140,D1510,0.12334,0.2685449764024291,0.983624034821771,True
shared_foreground_different_z,D0273,D1443,0.43184,0.2714774691948802,0.9664284458523467,True
shared_foreground_different_z,D1063,D1176,0.034540000000000015,0.2778930145891756,0.9730706439252853,True
shared_foreground_different_z,D1197,D1462,0.08206999999999998,0.2780246458390527,0.9667057594889545,True
shared_foreground_different_z,D0245,D1017,0.3210700000000001,0.2783009424563829,0.9835334798687848,True
shared_foreground_different_z,D0858,D1657,0.31334,0.2784710784151018,0.985185185185185,True
shared_foreground_different_z,D0940,D1082,0.048910000000000065,0.2791104468766992,0.9776783542403169,True
shared_foreground_different_z,D0629,D0889,0.09975,0.28022392828411824,0.9858932694668817,True
shared_foreground_different_z,D0528,D1093,0.20153,0.2810592424065646,0.9869373772440886,True
shared_foreground_different_z,D0387,D0646,0.09067000000000003,0.28147933712513,0.9431162526109144,True
shared_foreground_different_z,D0886,D1451,0.18488000000000004,0.28372797988841575,0.9772937659054229,True
shared_foreground_different_z,D0549,D0833,0.10543999999999998,0.28903292343793224,0.9706576226573409,True
shared_foreground_different_z,D1491,D1791,0.28801,0.2909034049920109,0.9865764868586018,True
shared_foreground_different_z,D0369,D0617,0.08417000000000002,0.29120411446196615,0.9428016359364391,True
shared_foreground_different_z,D1103,D1504,0.13095999999999997,0.2921420353485701,0.9844173749656047,True
shared_foreground_different_z,D1136,D1734,0.2845,0.2965569505065566,0.9833383660731747,True
shared_foreground_different_z,D0582,D0686,0.041069999999999995,0.297979232685648,0.9724908860527149,True
shared_foreground_different_z,D0970,D1729,0.33321,0.303144113993938,0.977242749847886,True
shared_foreground_different_z,D1434,D1618,0.09186000000000005,0.3034457174963103,0.9754931261251415,True
shared_foreground_different_z,D0354,D0923,0.21328999999999998,0.31521874794399135,0.9741208243024216,True
shared_foreground_different_z,D1054,D1582,0.18713999999999997,0.3164246261888433,0.9892839145229723,True
shared_foreground_different_z,D0557,D0786,0.08730000000000004,0.3211936539018344,0.9845385597484227,True
shared_foreground_different_z,D0578,D1228,0.22653000000000006,0.3253059819923023,0.95887670507915,True
shared_foreground_different_z,D0585,D0680,0.037959999999999994,0.3266870148301821,0.9772326254967836,True
shared_foreground_different_z,D0306,D0396,0.054129999999999984,0.33068629106656683,0.972548628647179,True
shared_foreground_different_z,D0808,D1069,0.08931,0.34221974297605445,0.9685481596163337,True
shared_foreground_different_z,D0303,D0635,0.13885000000000003,0.35597940975329956,0.9758039168461992,True
shared_foreground_different_z,D0351,D1300,0.33651000000000003,0.3704556269950726,0.9774745879847219,True
shared_foreground_different_z,D1097,D1476,0.11697000000000002,0.3989641507807872,0.9640837874397424,True
shared_foreground_different_z,D0791,D1484,0.22843999999999998,0.40314504221600783,0.9533269130047671,True
shared_foreground_different_z,D0997,D1467,0.14652999999999994,0.40506497697779786,0.9988392335031453,True
shared_foreground_different_z,D0472,D0779,0.10509000000000002,0.41434981942162347,0.9676841132382089,True
shared_foreground_different_z,D1147,D1432,0.09118000000000004,0.4189910192360714,0.9609474184711703,True
shared_foreground_different_z,D0969,D1732,0.33463,0.4203367504311288,0.95288122606521,True
shared_foreground_different_z,D1390,D1613,0.10303000000000007,0.42822706845922914,0.9791420491523576,True
shared_foreground_different_z,D1326,D1679,0.17672999999999994,0.44303567962735463,0.9171880121198992,True
shared_foreground_different_z,D0595,D1739,0.4947599999999999,0.4491669223462152,0.9424731662046261,True
shared_foreground_different_z,D0622,D1308,0.24051999999999996,0.45483274749672575,0.9178297485577354,True
shared_foreground_different_z,D0339,D0832,0.18578,0.46042246038042367,0.9561440493562614,True
shared_foreground_different_z,D0404,D0992,0.20953000000000005,0.46688980371028777,0.9030429714729548,True
shared_foreground_different_z,D0781,D1486,0.23295,0.488333689953973,0.9639059101898516,True
shared_foreground_different_z,D0732,D1019,0.10154000000000002,0.48904479888561325,0.966104494506649,True
shared_foreground_different_z,D0681,D1003,0.11792000000000002,0.5597632416212491,0.9538151752617267,True
shared_foreground_different_z,D0643,D1389,0.25429999999999997,0.5799882954312267,0.8555068373557635,True
shared_foreground_different_z,D1274,D1712,0.21785,0.5854526573970953,0.9534579831350015,True
shared_foreground_different_z,D1325,D1647,0.15244999999999997,0.5866991618875964,0.8938902999104152,True
shared_foreground_different_z,D0843,D1276,0.14737000000000006,0.6064527497547066,0.9322033898305084,True
shared_foreground_different_z,D0615,D1213,0.21257000000000004,0.6205829249430358,0.8048370197306662,True
shared_foreground_different_z,D0714,D1193,0.16391,0.6383939018480705,0.9128272500954091,True
shared_foreground_different_z,D1256,D1533,0.09275999999999995,0.6623772929214065,0.9591316915584551,True
shared_foreground_different_z,D1351,D1773,0.28762,0.7000175137430054,0.9640562591490718,True
shared_foreground_different_z,D0986,D1440,0.14337999999999995,0.7997187203221907,0.8777078019497969,True
shared_foreground_different_z,D0798,D1098,0.10382000000000002,0.8792105321180542,0.8612069384139601,True
shared_foreground_different_z,D0999,D1416,0.13342999999999994,0.9400496286613492,0.7706422018348623,True
shared_foreground_different_z,D0541,D0819,0.10537000000000002,1.2408002769130337,0.8701319893027952,True
shared_foreground_different_z,D0608,D1393,0.27227,1.24638572051037,0.8280143868749589,True
shared_foreground_different_z,D1020,D1146,0.035660000000000025,1.6877686049221774,0.7788041780270689,True
shared_foreground_different_z,D0767,D0936,0.05952000000000002,1.9299788150514308,0.6421939102367926,True
shared_foreground_different_z,D1119,D1492,0.1236299999999999,2.0377552264862717,0.8465422597890646,True
shared_foreground_different_z,D1071,D1479,0.12756999999999996,2.174419922498234,0.8256176219009924,True
shared_foreground_different_z,D1104,D1488,0.12204000000000004,2.513735169202376,0.7274775616287638,True
