x1,c,MWEBV,HOST_LOGMASS,shell0_density_proxy,shell1_density_proxy,shell2_density_proxy,shell3_density_proxy,shell4_density_proxy,shell5_density_proxy,shell6_density_proxy,shell7_density_proxy,lc_delta_c,lc_delta_x1,lc_delta_t0,uid
-1.2487,0.0315093,0.00413247,10.717,0.8088393112023672,0.6778518040974935,0.7467548189492061,1.286913948059082,,,,,-0.0009179370575343,0.025357032718803,0.0298235289737931,D0201
-1.20437,0.0760678,0.0101495,10.578,2.486539310216904,0.4341778685649236,0.7036322283333746,0.7199832672874132,,,,,0.0186006181573335,-0.0547582774630595,0.0460438771333429,D0202
0.37714,-0.107851,0.0059716,9.063,0.8039027214050293,0.7785970509052277,0.6389248391677593,1.0235855388641355,,,,,0.0015707041776123,0.0378677997669625,0.0141464932676171,D0203
-0.687441,0.00361432,0.0110095,10.747,2.5044107059637706,0.4613373279571533,0.7153949552568896,0.8424979591369629,,,,,-0.009540588375899,0.0216704533575836,0.0592275640447041,D0204
0.27959,0.1427,0.00831152,8.218,2.5152929067611693,0.4744306743144989,0.8232515207652388,1.0301863253116608,,,,,0.0565277399072408,-0.0012689455540462,-0.8385619272230542,D0205
-0.74475,0.22864,0.0115569,11.605,2.510722364981969,0.4824748158454895,0.7422569229685027,0.8563058865070343,,,,,0.0988252922004275,3.305648903148894,-4.4779577270455775,D0206
-1.33554,-0.00123053,0.00931271,10.681,2.5019227186838786,0.4534521371126175,0.7206361324622713,0.835690997838974,,,,,0.0040857561558533,0.0490146833543911,-0.0774517087993444,D0207
-1.271,0.11711,0.0628285,10.589,1.3082998514175417,2.0341512819131213,0.923829517487822,0.6522199368476868,,,,,-0.0451062587127742,0.0505350016130639,-0.506673679650703,D0209
-2.52192,0.0951146,0.00529812,10.684,0.8036688327789306,0.7760105431079865,0.6353630115245951,1.0441943001747132,,,,,0.0173566293213565,-0.1549576121295635,0.0162423143119667,D0212
1.36907,0.0873241,0.0231052,11.165,1.418782718976339,1.2112042129039764,1.0845653435279583,1.2544500331083934,,,,,-0.0087485897514393,-0.1430862018299452,-0.001925382646732,D0214
0.82282,-0.0711387,0.00922373,10.699,2.5103477418422697,0.4633928974469503,0.7771232662529781,0.8637654210130373,,,,,,,,D0216
-1.16824,-0.0805097,0.0185328,10.988,1.3138108293215434,1.1582858244578045,1.2960886688067996,0.999464557170868,,,,,-0.0152351222585779,-0.2956115115447961,0.3341812062935787,D0217
1.19981,-0.02758,0.0177315,10.814,1.2763484040896098,1.1609923402468365,1.3657797698316902,0.8443747305870056,,,,,0.0066072323274678,-0.0375631975374151,0.1437713228442589,D0218
-0.45763,0.21242,0.0405419,9.064,1.3350225289662678,1.8798310458660128,0.9908009726425696,0.642326021194458,,,,,0.0015720635617838,-0.1276991414589748,0.1011284630512818,D0219
-2.44449,0.1433,0.0188074,10.816,1.2867894291877746,1.156908349196116,1.351379735716458,0.8886063671112061,,,,,0.0087779028048635,-0.5489730232758072,0.6795568425732199,D0220
-0.905189,0.13662,0.0342157,10.103,1.3830295085906985,1.7253297368685403,1.0571284253021769,0.6383931636810303,,,,,0.0084548732415623,0.0557962209529202,-0.0824242264861823,D0222
-0.602099,0.00763868,0.0471723,10.488,1.3420349438985189,1.930042797327041,0.958386174563704,0.6251087586085001,,,,,-0.0082600425606659,-0.1064532447072741,0.0645585122692864,D0223
1.48246,-0.0534213,0.00645914,9.08,0.8040993094444275,0.7664241562287013,0.6433822718159906,1.0415460610389708,,,,,-0.0099716235464815,-0.2185618380233347,0.0246998946240637,D0224
1.35276,-0.0282433,0.0231017,10.453,1.4095723430315654,1.1902197261651355,1.306730369041706,1.2265633803147535,,,,,0.0162679140618166,0.8849356381675406,-0.9455093652068172,D0226
-0.118582,0.0482209,0.0311545,10.841,1.3374587535858151,1.8535807450612387,1.010376488340312,0.64648508310318,,,,,,,,D0227
-1.15431,-0.0294134,0.00585387,8.9,0.8033344705899557,0.8556104471286138,0.6308370571711968,0.9534129619598388,,,,,-0.0380767646927086,-1.4758266902214523,2.3728206104642595,D0235
0.88588,0.12817,0.00797749,9.993,2.521071978410085,0.4863817969957987,0.8285309220182484,0.9262083545327188,,,,,-0.0001501716398169,0.0240930738524788,0.0151502137305215,D0236
0.60133,-0.0437931,0.0103619,10.658,2.507834949096044,0.4580547968546549,0.7598536312580109,0.8363623308638731,,,,,-0.0005612610607685,0.0053450820586281,-0.0255466198796057,D0237
1.48558,-0.0347251,0.0171829,8.974,1.3267496903737386,1.1617193321386974,1.3514160781071105,1.0193769097328187,,,,,0.0002599597010154,0.0055549714202098,-0.0283156775549286,D0241
-1.6373,0.0303361,0.0456044,10.965,1.3440319816271464,1.873829366763433,0.98561299258265,0.6378836750984191,,,,,-0.0762075448259192,-0.062154207703559,-1.390630986592441,D0242
-0.111789,0.18489,0.00826218,10.992,2.4845202287038166,0.4438722441593806,0.7466704239105356,0.8310415089130402,,,,,0.0162872295815632,-0.2817582394772637,-0.2206678042130079,D0243
-0.791173,0.21363,0.0265076,10.366,1.3309905926386516,1.6696128408114117,1.1390208170331757,0.7652986812591552,,,,,0.0105164320662183,0.1046528682116954,0.0402101936415419,D0244
-1.32252,-0.0415622,0.0087373,10.391,2.467979282140732,0.4249747594197591,0.6889214094342857,0.6891443518300852,,,,,0.0085095657580846,0.0905907604491422,0.2256177060044137,D0245
-0.842252,0.1527,0.00589214,10.199,0.8055177907148997,0.7216951976219813,0.6745446427115078,1.1196708035469056,,,,,0.0036970849049906,0.1926764458650274,0.1042798366761417,D0246
-1.47246,-0.0253696,0.0436178,10.15,1.297894020875295,1.981772897640864,0.9307281909317806,0.6376906037330627,,,,,0.0084988733836091,0.0187635208649001,-0.0205970209135557,D0249
-1.14113,0.0670031,0.00999805,10.322,2.487021329005559,0.4344643423954645,0.7020756078177485,0.7199064120650291,,,,,-0.0123820982767102,0.1381808526889529,0.0532447267323732,D0250
-0.280353,-0.024878,0.00929745,10.862,2.508211886882782,0.4652753700812658,0.7469615823236005,0.8809349846839905,,,,,-0.0201009496511512,-0.2984812048168592,0.247080909590295,D0251
-1.22631,0.2131,0.0229536,10.492,1.4413642168045044,1.2084748417139053,1.24827863635688,1.3152202463150025,,,,,0.0126288441119404,-0.0987282809661656,-0.1730577642374555,D0253
-1.31997,0.13727,0.00762695,10.809,2.497562458117803,0.4477125942707062,0.7573248487094353,0.8609543716907502,,,,,-0.0178854676208896,-0.3554113700896326,0.0264169627116643,D0254
1.29945,0.152,0.0237283,10.678,1.3468706409136455,1.1779957214991252,1.155129109991008,1.148741638660431,,,,,0.1613346733320101,1.3090183052824658,0.4583711572413449,D0255
1.00433,0.1295,0.00804767,9.467,2.5080995778242747,0.4908252209424972,0.8099017050759546,0.9993358006079992,,,,,-0.0155054999400079,0.0115154306916953,-0.108688468731998,D0256
-1.36527,-0.109841,0.00801512,10.068,2.5045063654581705,0.4649372468392054,0.8021169407614346,0.9895330142974852,,,,,-0.0401016057397511,-0.1265611161626385,-0.1340512542665237,D0258
-1.22098,0.0352982,0.0192232,10.19,1.3240553498268128,1.1631327509880065,1.2634027476968437,1.0411369609832763,,,,,-0.0019787448343663,0.0543413551899638,-0.0287327246478525,D0260
0.42242,-0.029172,0.00622256,10.225,0.8040720482667287,0.7451330234607061,0.649443112570664,1.116698913849317,,,,,-0.0146841336940263,-0.1348573813015979,-0.0269333398900926,D0261
0.14498,0.19464,0.0219433,9.209,1.3772967259089153,1.177697777748108,1.2615025249020806,1.1778395438194276,,,,,-0.0013807672492224,-0.153340817798195,0.1198526758817024,D0262
-2.11678,0.21031,0.00815558,10.544,0.8037625948588053,0.7584561020135879,0.6407983847733202,1.100793567796548,,,,,-0.0290006041637625,-0.0540971082561489,-0.1236390463163843,D0264
-0.474765,0.10757,0.0247289,10.614,1.3642482082049052,1.214952258268992,1.0290048985645688,1.2340817618370057,,,,,-0.0072898383058879,-0.0656163670913383,-0.0404914265454863,D0267
0.50044,-0.137771,0.00711413,11.052,0.8039852639039358,0.7454375922679901,0.6489044283998424,1.1219160625567803,,,,,0.0100710359524733,0.037790049106307,0.0054417115097749,D0268
-0.656358,0.0477595,0.00751409,10.463,2.5108551025390624,0.4739336123069127,0.8207660759317463,1.0408478713035585,,,,,-0.0146831119948157,0.3607363557901274,0.0483249727039947,D0270
0.55679,0.1332,0.00751904,10.202,0.8040497859319051,0.7500000417232513,0.6466874901590676,1.1179554238915443,,,,,-0.001828739131708,-0.0264365793965638,0.0592435819780803,D0271
-0.410877,0.0785298,0.00555874,9.768,0.8059152265389761,0.7170200536648432,0.6822730970793757,1.0785926055908204,,,,,0.0104571159595562,0.123146455145729,0.0754947798559442,D0273
-1.13651,0.11606,0.00843165,10.973,2.485821843147278,0.4444894393285115,0.74912779187334,0.836458889245987,,,,,-0.0016940214527384,0.0009548081724339,-0.0445537317864364,D0274
0.0153292,0.10507,0.00853065,9.721,0.8045418083667755,0.733893687526385,0.6615098077675392,1.1559181465552404,,,,,-0.0055258000008619,-0.0781178770786934,-0.0392026767949573,D0275
0.22083,-0.0205561,0.00608338,10.965,0.8056493540604909,0.7166396160920461,0.6812275329540516,1.222457319498062,,,,,0.0017871921466764,-0.2676612416961287,-0.1275555315951351,D0276
0.778,0.0231395,0.0621574,10.522,1.2631344119707744,2.141387234131495,0.8642369755383196,0.6782531237602234,,,,,-0.0011378442504114,-0.0918088684976133,-0.0087691006192471,D0277
-1.32814,0.0611395,0.021913,9.37,1.3703654845555624,1.1728306631247205,1.4084486858598118,1.1267330050468445,,,,,-0.0154959957478555,-0.348909368620224,-0.0791952545623644,D0279
0.23069,0.17607,0.0252974,11.276,1.3737604896227518,1.6424923956394195,1.1580253757279495,0.7047277569770813,,,,,0.0058510051047566,-0.0318595274612396,0.3950130672237719,D0281
0.86285,-0.0794025,0.00798724,7.683,2.515456946690877,0.4837549149990082,0.8355779031227375,0.9806335121393204,,,,,0.0019312891747728,-0.0302249194040019,-0.1719407264681649,D0283
-2.26915,-0.108142,0.0221231,10.058,1.419960335890452,1.197152133782705,1.275913616706585,1.2501979103455176,,,,,0.0181661990258,0.2700872356498789,0.2193806459472398,D0284
-0.577731,-0.0828539,0.0232434,10.144,1.4321141521135965,1.2015234380960464,1.2819283275768674,1.3032154273986816,,,,,-0.0111924909264109,-0.1266006010895884,-0.0416994542247266,D0285
0.41233,0.0210076,0.02336,10.483,1.435112460454305,1.236525227626165,1.0318433313534177,1.2117353280385337,,,,,-0.0100549913212146,0.0168577871542441,0.1251013639994198,D0286
1.82722,0.16304,0.00955262,10.096,2.477866651614507,0.428390638033549,0.689790992901243,0.6974081434309483,,,,,-0.0539385204611127,0.7920350074785407,-1.797639784264902,D0289
-1.57882,-0.0335513,0.0234214,10.543,1.3847616116205852,1.175764763355255,1.4413258700535214,1.183933506011963,,,,,0.0054547562126242,-0.1539539790163151,-0.0009286672648158,D0290
0.23424,-0.168849,0.0294963,9.106,1.3278499007225038,1.7680290758609771,1.0816113116412327,0.695507845878601,,,,,-0.019339075499753,1.418020182688313,0.5407475507308845,D0294
-0.99687,-0.0968893,0.0100635,8.96,0.8029472132523855,0.7555299480756124,0.6403641978214527,1.119491927898847,,,,,-0.0099364974931459,-0.0838923736445281,-0.1669915883612702,D0296
1.0131,0.00473296,0.0287697,8.613,1.3338079531987508,1.8174099425474803,1.0412922902353878,0.6579860697189966,,,,,-0.0092168471374036,-0.294432657610612,0.0911501138907624,D0297
-2.13003,-0.0418007,0.0248984,10.742,1.3530442476272584,1.1923558334509532,1.0810153381577854,1.2043319153785703,,,,,-0.0129737925004479,-0.4124084577033824,0.1518982613633852,D0299
-1.04411,0.00221841,0.0240783,11.091,1.3413806200027465,1.1775638500849406,1.145501009349165,1.1657449305057526,,,,,-0.004424698385267,-0.0324002846315483,0.0489241553441388,D0300
-2.91313,0.00333234,0.0304363,11.152,1.3839552561442057,1.6884905775388082,1.0956537908521191,0.6573760032653808,,,,,-0.0101042192848381,-0.2141528415947937,-0.0279480164390406,D0301
-0.870237,0.0117436,0.0176618,9.873,1.308771550655365,1.161137181520462,1.234058649375521,0.9973564491822168,,,,,0.0079634839096054,0.0947239914247655,-0.101358336105477,D0302
0.16787,-0.0486831,0.00938659,10.409,2.496803116798401,0.4478849957386652,0.6966308160074826,0.8004406082630158,,,,,-0.0009193959490413,-0.1057593907414409,0.1197441654803697,D0303
-0.317283,-0.05209,0.00931354,7.956,2.4761886417865755,0.4350936621427536,0.7215650019974544,0.7713150370121002,,,,,-0.0005999320643979,-0.0431932574816812,0.1359482394473161,D0304
-0.79584,-0.0223218,0.00730426,10.866,2.494672638177872,0.4538528362909952,0.7736622136214684,0.908300769329071,,,,,0.0081111441815618,0.1076554926968933,0.1537293082947144,D0305
-0.452882,-0.0800794,0.0227074,10.112,1.3932581067085266,1.2021245161692302,1.0667810316743522,1.2622297704219818,,,,,-0.002671568812583,-0.1201560966507151,-0.0811447678570402,D0306
1.22205,-0.0035834,0.0119593,10.698,2.4696720500787097,0.4232331544160843,0.6478034114015514,0.6963776159286499,,,,,0.0125652593258236,0.1149026978207747,0.1154426284119836,D0307
0.0521433,0.0736951,0.0262053,9.169,1.3364383419354755,1.7395725111166636,1.1010937803778156,0.7012825870513916,,,,,0.001277677016067,0.1188563509820899,0.1220892524797818,D0308
-2.6695,-0.0732246,0.00786159,11.05,0.8025967518488566,0.854937219619751,0.6087815607416218,1.003848280906677,,,,,0.0238564695582438,-0.2632967806865069,-0.3933506178073003,D0309
0.32607,-0.125856,0.0126519,9.658,2.5109057704607647,0.4790344506502151,0.7465892136096954,0.8677161860466004,,,,,0.0013485178004403,-0.0215322255565755,0.1242846538953017,D0310
1.35018,0.15413,0.0344206,11.017,1.3894242644309998,1.669667410850525,1.1050080862538567,0.6598675131797791,,,,,-0.007664359966807,0.3080536772130056,0.4853220077347941,D0311
-1.18749,0.0785322,0.00551335,9.092,0.8066642642021179,0.7020770768324535,0.6967591160330279,1.1202873587608335,,,,,-0.0151716383115015,-0.0978691069937922,0.2625304764078464,D0313
1.12637,-0.00251105,0.0173632,9.171,1.3066200653711957,1.1604166090488437,1.2396127478829746,0.9883060065599588,,,,,-0.0057970192895012,-0.068007427700325,-0.0009378487375215,D0314
0.80708,5.81604e-05,0.017004,9.374,1.290640389919281,1.1574975430965424,1.4101151186844398,0.8895539593696594,,,,,0.001021458221425,-0.0949268551805746,0.0978486191816045,D0315
-1.55869,0.11907,0.0175718,10.203,1.3095670461654665,1.15962300101916,1.5020424661965206,0.953787719209989,,,,,0.008953482625868,0.2950968786772368,-0.0982923625633702,D0316
-0.215653,0.0917379,0.00932399,10.956,2.4953650772571563,0.4732409993807475,0.7794704550299151,1.002500092983246,,,,,-0.0027405495049279,0.1128082660171907,0.0236791489078314,D0317
-2.0103,-0.0317191,0.0236766,10.81,1.393903923034668,1.218090428908666,1.0300946379530018,1.24088876247406,,,,,0.0017587680235059,-0.1149904735809701,0.0127210880018537,D0318
-2.2657,-0.149512,0.0264969,11.125,1.433238967259725,1.2140638927618663,1.137555747196592,1.2566827058792114,,,,,0.0019845036283019,0.1196712935950241,-0.1001073428924428,D0319
-0.871317,0.0421061,0.0116341,10.979,2.495937373240789,0.44977920850118,0.6848632796057339,0.795277578830719,,,,,-0.013069076606804,-0.2626066008962034,0.3473093136417446,D0321
0.21845,0.0651042,0.0108905,9.308,0.8038464466730754,0.7426967412233353,0.6536189276596596,1.1450161979748652,,,,,-0.0077070500037647,-0.0114811621814497,-0.0629294394457247,D0322
-0.989314,0.10077,0.0242973,9.018,1.4144599159558615,1.2130155523618062,1.058423755497768,1.2497926106055577,,,,,0.0088625100586359,-0.1351547870219089,-0.0054233017290243,D0326
-0.171694,0.050177,0.0551332,11.172,1.355036453406016,1.9125659267107649,0.9707936500680858,0.6232316220800082,,,,,0.0012063226918115,-0.1365202777792596,-0.0604386748964316,D0327
1.06528,0.0459205,0.00634321,8.655,2.504251229763031,0.4603218724330266,0.7944784935178428,0.9585125911235808,,,,,0.0203927188899538,0.0716744138229594,0.7831388666163548,D0328
0.19616,0.027967,0.0234583,10.818,1.3750453114509582,1.2283356487751007,1.0129979067835315,1.233046658039093,,,,,-0.0016906975416858,-0.0484390125248299,-0.034764985255606,D0330
-0.719757,-0.0715047,0.0225206,11.099,1.3964829603830973,1.2317805608113608,1.0121729682231773,1.226831641197205,,,,,-0.0085110763844523,-0.163319119749478,-0.1190408537513576,D0331
-0.616399,0.20561,0.0177147,9.731,1.274550751845042,1.162219230333964,1.378490573373334,0.8345534181594849,,,,,0.05073505752356,-0.1306173910749255,0.5815910747842281,D0332
1.75528,-0.0287219,0.0290683,11.242,1.3183920939763387,1.8619288206100464,1.0125301120610073,0.6604553866386413,,,,,-0.0187368503223231,-0.7391647965645869,-0.6534728541882941,D0333
-0.445785,0.27913,0.00754887,10.122,2.518591038386027,0.481148687005043,0.8172235550551579,0.917803277571996,,,,,0.0038562900418347,-0.0610305115112994,-0.0153227299597347,D0334
0.55332,0.14284,0.0261748,10.271,1.4252848466237389,1.2040405144294104,1.1879755649073371,1.2629493808746337,,,,,-0.0010756504862605,-0.1695665984630552,0.0123185155389364,D0335
-2.31801,-0.0673237,0.00764113,10.351,0.804523233572642,0.7329766402641932,0.6643835480870872,1.1655648717513452,,,,,-0.0086361299800953,0.1706728847838681,-0.0148296999250305,D0337
-2.19373,-0.1383,0.00963939,10.301,2.492162710428238,0.4391591121753057,0.6865956207801556,0.7678773081302643,,,,,-0.0447442264752578,-0.5625750401904699,-0.4786006902286317,D0338
-0.738384,0.0106359,0.00883297,8.913,0.8027777989705404,0.8891981075207392,0.612840071834367,0.9798656487464904,,,,,-0.0031976174176624,-0.0866492855829861,-0.0044526151177706,D0339
-0.333078,0.12708,0.00693157,10.277,0.8053187310695649,0.7465571065743765,0.6737956476622614,0.957569134235382,,,,,-0.0067336416377251,-0.0363696498990885,0.0433480939755099,D0341
-2.6786,0.000919942,0.0446519,10.919,1.284546720981598,2.02408087849617,0.906068674449263,0.6389719198147455,,,,,0.002671820344387,0.0340940449639424,-0.1784243475049152,D0342
-0.489722,-0.0453492,0.0058554,10.906,0.8031458258628845,0.8809017370144526,0.6242826488511316,0.9591644597053528,,,,,-0.0058018096537201,0.0636415856952975,-0.0453825208969647,D0343
-1.43491,-0.0513795,0.0272209,10.543,1.3702698389689127,1.6779546121756237,1.1353841146518444,0.6872548794746399,,,,,-0.004626831942099,-0.0164213185711363,0.041762499458855,D0344
-2.01882,-0.00315532,0.0214926,10.288,1.3312938332557678,1.173265290260315,1.154733816097523,1.1370331620176632,,,,,0.0082810569969605,-0.1159062176236549,-0.0261293886651401,D0345
1.29846,-0.0253513,0.00761155,9.76,0.8027336120605468,0.82188101708889,0.6144695775262241,1.0299101943771043,,,,,-0.0123401345837449,-0.1684940498904108,0.1188450156987528,D0346
0.18552,-0.0275001,0.0231407,9.845,1.423567243417104,1.1981974452733994,1.2870959577889278,1.2605024255239046,,,,,0.0008951558855355,-0.0772242112318393,0.1771218744324869,D0347
-0.922108,-0.085292,0.0113246,10.774,2.5095254917939505,0.4777000784873962,0.7376644940211855,0.8595881187915801,,,,,-0.003420583189402,0.0591406638605164,0.0356578048813389,D0348
-0.959943,-0.0513821,0.0257758,10.506,1.3098012367884315,1.835526313384374,1.032725470847097,0.6778508772452673,,,,,0.0016468072868028,0.0005496871623562,0.0173478794822585,D0350
-0.19352,-0.039922,0.0267019,10.639,1.3110252499580384,1.7261340022087095,1.104625597082335,0.7534938311576843,,,,,0.0089905809341949,0.0854018213107968,0.0049842268053907,D0351
1.12556,-0.00817597,0.0568552,9.29,1.3707301139831545,1.8673599243164063,0.9851256023193228,0.6217297861973444,,,,,0.0021385294206294,-0.1033274518802471,-0.0971169459298835,D0352
0.0109951,-0.0591373,0.0261362,10.754,1.3709251840909322,1.6745286365350087,1.1376828078565926,0.6884830522537232,,,,,-0.0092199329531584,-0.0313571877454821,-0.0473318223594105,D0353
0.066429,0.0940946,0.00864535,10.382,2.51870457927386,0.4804603298505147,0.8243131997256443,1.008365216255188,,,,,-0.0102617490315405,-0.0672921906162032,-0.0078451247754856,D0354
-0.580226,-0.0602586,0.00572511,11.018,0.8056472778320313,0.7189572721719741,0.6773127389365229,1.1237365365028382,,,,,-0.004057219922762,-0.0035999427250842,-0.0268356535889324,D0355
-0.03076,0.28022,0.00733828,9.125,2.5002918700377146,0.4567836175362269,0.7847037685328516,0.93408917427063,,,,,-5.260790475775101e-05,-0.0367906296626568,0.0151214509678538,D0356
-2.04744,0.16883,0.00763205,8.895,2.5185088137785594,0.4809439261754354,0.816984094422439,0.9177396049102148,,,,,0.0585089379287738,-0.3069209697465704,0.0564197715648333,D0357
-0.40849,0.11821,0.0260342,9.476,1.3608922203381857,1.2182677209377288,1.0244020984090607,1.2341818189620972,,,,,0.0150647466457446,-0.040492639395445,0.0043391380313551,D0358
0.89867,-0.087973,0.023775,10.063,1.3525617480278016,1.2068736632664998,1.0417331847651252,1.2259747719764709,,,,,-0.0082990483512153,-0.1773961610353395,-0.0974413126823492,D0359
-2.20532,-0.108299,0.0232863,11.357,1.3893765727678935,1.179343472917875,1.3707343298813393,1.1793832022410171,,,,,-0.0048270835179388,-0.0809763879454115,-0.0011403805401641,D0360
0.0643296,0.0884859,0.0263647,9.895,1.427505087852478,1.2045167138179145,1.202279002502047,1.2758953976631164,,,,,-0.0087546675050845,-0.0955995739527824,0.0549958043411606,D0362
-2.10447,0.22311,0.0752759,11.301,1.2853782057762146,2.092568443218867,0.8957127867073849,0.6662757849693298,,,,,0.0135074784242666,0.0739635636233617,0.0602469501609448,D0363
0.21105,-0.0434749,0.0268256,10.815,1.4702672282854716,1.237409844994545,1.1527812275393257,1.2816576751378863,,,,,0.0045816869440786,-0.0261580222999016,0.062649879779201,D0364
1.28901,0.028049,0.0217413,11.026,1.4057931741078695,1.2013405799865722,1.107685426185871,1.232808153629303,,,,,-0.0094291162152569,0.0143523316968645,0.0229412252811016,D0365
-1.2824,0.24566,0.00895509,9.991,2.5130404074986776,0.472727299729983,0.7779685536335255,0.8684919836620489,,,,,0.00184646921612,-0.1565137952679649,0.2630105518837808,D0366
-0.428545,0.22577,0.00808015,9.578,2.504178007443746,0.4683050781488418,0.8033078919196951,0.9173777078588804,,,,,0.0003895712840982,-0.1193195926914637,0.0723172127400175,D0367
0.49381,-0.0401183,0.0286628,10.959,1.3242379506429036,1.7283122758070628,1.108340639492561,0.7312673544883728,,,,,-0.0082894480882887,-0.2720569102344104,-0.0171362123728613,D0368
-2.6795,0.12582,0.00830119,10.262,0.8051781972249349,0.7564878731966018,0.6745964134561604,0.9273631310462952,,,,,-0.0047559442750071,-0.087933444629574,-0.0297218253763276,D0369
0.0779152,-0.0764258,0.0059442,9.506,0.8035235325495402,0.8413971602916718,0.6347644329071045,0.951526701450348,,,,,-0.0074396034629253,-0.0187184997400666,-0.0236646335397381,D0370
-1.1604,0.21047,0.0229487,10.547,1.34401330947876,1.177299783627192,1.1547313394217655,1.1435135102272034,,,,,-0.0110704849186041,0.185662954563253,0.1119849165188497,D0371
-1.84587,0.00911574,0.0454358,10.593,1.281310228506724,2.023070883750916,0.9044107188438548,0.6402847915887833,,,,,0.0122417975401291,-0.0258828311003329,0.0082094097961089,D0372
-0.388358,-0.18818,0.0177986,9.704,1.2786631345748902,1.1603622178236643,1.422691978257278,0.8450581097602844,,,,,-0.0078906362729543,-0.0624930840223374,-0.2881298310676357,D0375
0.56535,-0.0655531,0.0394181,11.076,1.4009394923845926,1.6686424354712168,1.082027269848462,0.6441143846511841,,,,,0.0028894578119028,0.0116477190606085,-0.0028843634499935,D0378
1.35421,0.0105927,0.00621444,8.479,0.8052045802275339,0.7243845681349437,0.6703339722649805,1.1824111690123875,,,,,0.0029722348598712,-0.0344371437460739,0.0109480412356788,D0379
0.57223,-0.0113039,0.0190048,9.648,1.287223490079244,1.156257043282191,1.3369610104067573,0.8944479942321777,,,,,-0.0048734379670247,0.0409203667729266,-0.0326676017430145,D0380
-1.26492,-0.0323373,0.00529885,10.149,0.8031400700410207,0.8652454415957133,0.6244232582634893,0.9622276830673218,,,,,0.010703712590456,0.0533800678639291,-0.0236034144763834,D0381
-1.13823,-0.0675743,0.00760981,10.497,2.4982305546601613,0.4693712711334228,0.7894012301132597,0.9132556145389876,,,,,-0.0014643741311178,0.0920369967593435,-0.0614385281078284,D0382
-1.55633,0.0270782,0.0419863,10.203,1.4041370431582132,1.6472956558068594,1.0979914634392178,0.65004558801651,,,,,0.0053699996818802,-0.0477148301037559,0.0155062727353652,D0384
-0.760541,-0.0925703,0.0238462,10.446,1.3898407061894735,1.6039214849472043,1.165731952108186,0.7007960700988769,,,,,-0.0043379503826487,0.0181672326605838,-0.0095924645720515,D0386
-1.87525,0.080835,0.0398935,8.825,1.4061640977859498,1.6391028900941214,1.1020932680573956,0.6512451028823852,,,,,-0.0140027975872039,-0.2033454129310883,0.0129824207469937,D0387
-0.0873924,0.0583095,0.0205816,9.377,1.438062890370687,1.233257818222046,1.040068920316367,1.2223518043756485,,,,,0.0101401989808266,0.0936822976713056,0.0585801979250391,D0388
-0.741347,-0.0932146,0.0247837,10.49,1.3845543384552002,1.212487902243932,1.03748639493153,1.240832233428955,,,,,-0.0103636733503018,-0.2964598145442947,-0.0460634644623496,D0389
-1.29549,0.093241,0.00615898,10.528,2.491961870590846,0.4488446106513341,0.7635214637065756,0.8716347074508667,,,,,-0.0023311432016721,0.0274423194780502,-0.0580049716882058,D0390
-0.451661,0.039875,0.0196387,9.705,1.3122649431228637,1.1630078852176666,1.5890213949926968,0.950701825618744,,,,,-0.0044541551158368,-0.0401109756874865,-0.0081160045665455,D0391
-2.66761,0.0942315,0.024341,10.068,1.3873162110646566,1.21294473807017,1.0376463737981072,1.2413654518127442,,,,,-0.0162293425583892,-0.2185494836771271,-0.1147222591898753,D0392
-0.445989,0.0905002,0.0298851,10.325,1.4443989515304565,1.2204885482788086,1.1543594598770142,1.2914376187324523,,,,,-0.0004477931762818,-0.0979328530805545,-0.0348688275698805,D0393
0.97227,-0.0571747,0.0240729,9.16,1.3621652960777282,1.2099789083003998,1.0365866299333244,1.232085211277008,,,,,-0.0014166705464458,-0.0542485885984378,-0.0223211795237148,D0394
-2.44277,0.0109116,0.0227893,10.781,1.4260292689005534,1.2158100406328838,1.082081661142152,1.25460717578729,,,,,0.0171083102469413,0.1185091631704735,-0.0926784536350169,D0395
1.48237,0.0594613,0.0226536,9.189,1.4117628574371337,1.2155264496803284,1.0490955854284352,1.2485464190443356,,,,,0.0146722079300984,-0.8477583920429076,-0.4244929258420598,D0396
0.6396,-0.0267777,0.0450968,9.716,1.3507668296496074,1.8961588760217032,0.969378053114332,0.623677151898543,,,,,-0.0082261591252636,-0.055901566949898,-0.0570614175885566,D0397
0.3875,-0.0128111,0.0220011,9.977,1.360129988193512,1.171852378050486,1.3016340547594532,1.1276787257194518,,,,,0.0055145834087195,0.0005814649647487,-0.0725439470697892,D0399
-0.53333,0.16804,0.0230841,10.247,1.4145692745844525,1.193687810500463,1.2860219396393875,1.237979421248803,,,,,0.0003467410397027,-0.0871201837117272,0.0838432616801583,D0400
-1.0251,0.0252842,0.053746,10.209,1.311832106113434,1.9707784791787464,0.9386402666568756,0.6332726006706556,,,,,0.0018231423653811,-0.0614826966733974,0.1200164901601965,D0401
-0.164843,0.0817772,0.0081465,9.727,2.4924834509690603,0.4605326116085052,0.7743032811016872,0.8673596605658531,,,,,0.0048493779770698,-0.0142895767329629,-0.0598080374547862,D0402
-1.14137,0.11713,0.0267398,8.618,1.4330036242802937,1.209317899743716,1.186402269478502,1.2820108318328858,,,,,-0.0057898990402793,-0.0482391440064582,-0.0066386845937813,D0403
-1.13595,-0.0773843,0.0249395,11.286,1.4352741797765096,1.2165929595629374,1.1263047929467829,1.2543055772781373,,,,,0.0786610729117018,0.2982182633881605,0.2427273182183853,D0404
-0.872388,0.13753,0.0121108,9.626,2.4734778006871543,0.4255426784356435,0.6568477420971311,0.707190990447998,,,,,0.0165337242168251,-0.1751701819483145,-0.2319213998198392,D0405
-0.94611,0.22208,0.0213125,9.47,1.37790762980779,1.177125087380409,1.3340791134998715,1.1731430983543396,,,,,0.0007861783977431,-0.0781553018678447,-0.0199515312197036,D0407
0.64915,0.0935743,0.0265887,9.25,1.3300241827964785,1.6712478240331017,1.1378925093289078,0.7656973791122437,,,,,-0.0021699148932334,0.0611724938860287,-0.0975988002610392,D0408
-0.564213,-0.194346,0.0264748,8.674,1.462894050280253,1.2331090619166691,1.16242201985984,1.3118374919891358,,,,,,,,D0409
1.79879,0.0992376,0.0730774,10.415,1.276081951459249,2.123125205437342,0.88637418479755,0.6961587850864117,,,,,0.00353214473662,-1.3745084156874197,1.2261936165959924,D0412
-1.06581,0.0163506,0.00776729,11.361,2.4887682616710665,0.449005867044131,0.7599480131576801,0.8687269234657288,,,,,0.0064329785951299,-0.3599770739785859,-0.1334356597217265,D0413
1.70704,-0.00868622,0.0291021,10.228,1.4632723609606424,1.2363693912823994,1.1345046224265265,1.2926594352722167,,,,,0.0016103858319199,0.0006004348128627,0.030061405050219,D0414
-0.868294,-0.0963369,0.0211331,10.923,1.3350961565971375,1.1767213781674704,1.1348851816407566,1.160195457438628,,,,,0.0092000002034964,0.1297555615329356,0.0626136885330197,D0415
0.91204,0.000653666,0.0177511,9.471,1.2729684074719747,1.1624453683694205,1.340090089830859,0.8360660123825073,,,,,-0.0019220102768439,-0.0356925672836538,0.0771254363207845,D0417
0.48422,0.0295527,0.0255105,8.357,1.404351536432902,1.2302719414234162,1.0161980000035515,1.2193441224098205,,,,,0.0039565485712147,0.012410663943465,-0.2268070871723466,D0419
-0.591893,0.0239363,0.0180271,10.057,1.323054277896881,1.161841348807017,1.4046395174388229,0.9950125575065611,,,,,0.0033041533136414,-0.0445493514506466,-0.0074036347941728,D0420
1.34164,0.19229,0.0208849,9.713,1.4023901025454204,1.1917613138755163,1.1913151884901112,1.227137246131897,,,,,0.0362600666779615,0.0056865054561436,0.1087821244291262,D0421
1.05342,0.00764052,0.0245541,9.98,1.4334557851155598,1.2090559035539628,1.210155842633083,1.2957855439186097,,,,,0.0059094085474222,0.0017120895163982,-0.0925891278529889,D0423
0.12199,0.0334439,0.0230797,11.026,1.3810179114341736,1.2137940009435018,1.0331274990377757,1.2402634811401367,,,,,-0.0038517168689423,-0.0564471802686919,-0.0416332158274599,D0424
0.32441,0.0175113,0.0069996,10.623,2.521069312095642,0.4852599104245503,0.8424576243449902,1.0584416794776916,,,,,-0.1148252430413419,0.2299300539540646,-0.3642603592961677,D0425
1.14541,0.00323416,0.00764466,10.913,0.8047776659329732,0.7822055518627167,0.6698848307132721,0.9108958864212036,,,,,0.0168548559835867,0.0348664386746839,0.1171303090231958,D0427
-0.480059,-0.160914,0.0224781,10.37,1.4079063057899477,1.1895300110181173,1.3054133324787534,1.2229254429156964,,,,,-0.0117773490537577,-0.2323806389692703,-0.0686504183977376,D0431
-0.660352,-0.0540859,0.0275206,8.91,1.432807711760203,1.2131670594215394,1.1434106395162384,1.2592042326927184,,,,,0.0007890703035542,-0.4189595648158175,-0.0907391349246609,D0432
-1.54723,0.0776426,0.012147,10.237,0.8034596641858419,0.7474630236625671,0.6491250899331323,1.135414162507424,,,,,-0.0016959694089074,0.042785543728429,-0.1209925938455853,D0435
0.00639002,-0.080286,0.00837157,10.565,2.5221811532974243,0.4897561570008595,0.8269652713989389,0.9149964277942976,,,,,0.0025181798298122,0.072799973109341,0.0367714067397173,D0436
-0.935275,-0.0127422,0.00900535,11.048,2.523387992382049,0.4944521099328994,0.8538521589903996,0.9976329033573468,,,,,0.0033362031651288,-0.1499831882248609,-0.0547652110253693,D0437
0.57587,0.0884994,0.00909428,9.892,2.509213431676229,0.4590764472881953,0.776798807341477,0.8579060596724352,,,,,0.0116170392729155,-0.0086393429056866,-0.0055320905230473,D0438
-1.6437,-0.0706771,0.0219701,10.634,1.4176573872566225,1.1963582108418147,1.26646167656471,1.2674989366531373,,,,,-0.0052911011898229,-0.1108604472336047,0.1220595210324972,D0439
-0.602788,0.0245321,0.0251093,10.009,1.3488523523012796,1.7660178204377492,1.0747724494029736,0.6644046107927958,,,,,-0.002137675028767,-0.0364390381460206,-0.0168078609785879,D0440
-1.48375,-0.118946,0.0604746,10.861,1.3109984596570332,2.0107309142748515,0.9273845841144692,0.6470424485206604,,,,,0.0006409350771343,-0.1089947028723907,-0.0193516756626195,D0441
0.0165222,0.00537454,0.0705806,10.755,1.2702627261479695,2.129526795943578,0.8750074649679249,0.6768586921691895,,,,,0.0037105814291249,-0.0494772732071618,0.0545677284317207,D0443
-0.88266,-0.16628,0.00751103,11.014,0.804445485273997,0.7870266218980153,0.6560654033874643,0.9428218030929564,,,,,-0.0001256733141118,0.0586673428056602,0.0255243452411377,D0444
0.93399,0.10208,0.0061454,9.553,2.5123887777328493,0.468241227666537,0.808298150013233,0.9936214399337768,,,,,-0.0051823527719097,-0.0723865863768915,0.0085303329033195,D0445
-0.282261,-0.0193103,0.0207067,10.406,1.330019744237264,1.1656820058822632,1.2530853008401803,1.063004789352417,,,,,0.0444574465556368,-0.5357075657271344,-0.3142017867212416,D0446
0.95183,0.0340181,0.0274265,11.187,1.4289570569992065,1.2090840488672256,1.160017728805542,1.2597004222869872,,,,,0.0056390811763067,0.0358656121332546,-0.0002424139820504,D0447
-0.0902714,0.0359775,0.0217885,10.31,1.4448442498842875,1.216351792216301,1.21686144943895,1.2993842936479127,,,,,-0.0021040541439208,-0.0898544716639628,-0.0268082231341395,D0448
-0.3223,0.0396447,0.0238639,11.12,1.379350729783376,1.1885938147703807,1.1307713841569835,1.209398820400238,,,,,-0.0013261074487882,-0.1552063902461034,0.0501566513994475,D0449
0.83306,0.00416536,0.0070296,9.306,2.503714269399643,0.4707776248455048,0.803180992603302,0.9272468673686186,,,,,0.0055471709736149,0.0781333024539105,-0.1407508446136489,D0450
0.32612,-0.145043,0.0212203,9.3,1.3748838226000468,1.1754010488589606,1.3633823045368851,1.1417030806724842,,,,,-0.0030272002411873,-0.0505164572108968,-0.0375820175977423,D0452
0.42089,-0.0366238,0.0245109,9.063,1.4539218068122863,1.225818764170011,1.1789273599098469,1.3197872519493103,,,,,-0.0077985161433725,-0.0330995381835972,-0.0198634189437143,D0453
1.21732,-0.0573404,0.0454802,9.194,1.3322874704996746,1.900364923477173,0.9769797140154344,0.640836980342865,,,,,0.0015576449214739,-0.0641947478337439,0.0962693388573825,D0454
0.22017,-0.0257973,0.0569216,9.08,1.3157387137413026,2.017586568991343,0.9322804418103448,0.6489184045791626,,,,,0.0055706525641569,-0.0420424633194095,-0.0037456219070008,D0455
0.42607,0.0368904,0.00690075,10.214,0.8029510120550791,0.7732363233963648,0.6281518586750688,1.0931297366817792,,,,,-0.0079522838630709,-0.0913276212778718,-0.0626439117258996,D0456
-0.388708,0.11306,0.0208855,10.461,1.3727762619654338,1.1912926018238068,1.0970550775527954,1.234495721757412,,,,,0.0041744559414955,0.0593585365082017,-0.0318623820494394,D0457
0.24971,0.0225791,0.0498837,10.51,1.335038157304128,1.9331717530886328,0.954808974060519,0.6274479801456133,,,,,0.0030426161905428,-0.0672840020187197,-0.0120737716788426,D0460
-1.71155,0.0451314,0.0240061,10.144,1.363532904783885,1.2115449647108714,1.0340971001263322,1.233123276233673,,,,,-0.0141761681987552,-0.1090122749937489,-0.0757522652711486,D0461
0.11848,-0.10522,0.0240146,10.824,1.3550511876742044,1.218785544236501,1.023593442193393,1.2335274958610534,,,,,-0.0050624234530296,-0.1226871356063165,-0.1164681521186139,D0462
1.28104,0.29549,0.0116342,10.192,2.5026545961697897,0.4655101805925369,0.6963730002271717,0.8239666223526001,,,,,-0.0110264240970109,-0.1483149618580717,-0.1199354645432322,D0464
-1.04829,0.0580207,0.00816446,11.041,2.4939321021238965,0.4743695278962453,0.7744592078800859,1.0012078762054444,,,,,0.0255301322467408,-0.1212565455068066,-0.1355668025862542,D0466
-1.19111,-0.146076,0.0188862,10.698,1.3234524250030515,1.1610553483168284,1.302007058571125,1.024369466304779,,,,,-0.0051311301837063,-0.0909001356578189,-0.0906599350637407,D0468
0.40016,0.0997577,0.0237326,8.93,1.3925378441810607,1.6006691912810007,1.1631595533469627,0.69778648853302,,,,,0.0001392823134468,-0.0768980125495412,0.0158312335406662,D0470
0.73425,0.17295,0.00643469,10.255,2.4970061779022217,0.4498070826133092,0.7675154455776872,0.8801682889461517,,,,,-0.0103432446516786,-0.0349398114187391,-0.1017086968422518,D0471
0.0921091,0.0757481,0.0747548,9.45,1.2961990634600322,2.072442090511322,0.9116752702614356,0.663027069568634,,,,,0.0074650746115464,-0.0126218042591868,-0.0401816524317837,D0472
-0.283622,-0.0262108,0.0565298,10.238,1.3540262699127197,1.934388216336568,0.9742448247712234,0.6249955147504807,,,,,0.0050176765731953,-0.1022156418015297,-0.047293250230723,D0474
0.0241705,-0.0264328,0.00553063,10.064,0.8034712711970011,0.850423260529836,0.6341899530640964,0.9490484070777891,,,,,0.0104912121423263,-0.0740686948000176,0.1305412338406313,D0475
-0.136078,-0.0339866,0.0214326,9.974,1.3814197023709616,1.2298514366149902,1.011615227008688,1.2327365970611572,,,,,-0.0064926411268449,-0.1936367712398292,-0.2100388681137701,D0476
0.97124,-0.137594,0.0250885,10.506,1.3834285577138266,1.6254282673199971,1.162172438769505,0.6983378791809082,,,,,,,,D0477
-0.145413,-0.0677807,0.0115135,10.578,2.5070927600065867,0.4746123731136322,0.7231101095676422,0.8471213805675507,,,,,-0.0017607652159071,-0.174372687638748,0.0500685736187733,D0478
-0.400202,0.28792,0.00875076,9.879,2.5128428479035696,0.4951102435588836,0.8213148466471968,1.105881428718567,,,,,-0.0078237595728082,-0.1150088780339187,-0.0090594456123653,D0479
-0.799226,-0.0303468,0.00955877,10.169,2.5131277879079184,0.4791781932115554,0.7644624309293155,0.8911456716060638,,,,,0.0143616727685339,0.0695861029382161,-0.0293667514342814,D0481
-0.693738,-0.00775212,0.0231262,11.029,1.4222183307011922,1.2146639366944632,1.0746282215776115,1.2509464596708617,,,,,-0.0088080763785689,-0.0362212961980981,-0.138994036031363,D0482
-0.364791,0.0490868,0.0201568,10.34,1.4112171212832132,1.187055962284406,1.3599952562101956,1.2506076860427855,,,,,0.0055811943379545,-0.0161059062410066,0.0237165854123304,D0485
0.46286,0.27723,0.00816951,11.014,2.4981948673725127,0.4576292693614959,0.783589460726442,0.9386972749233246,,,,,0.0007959886411943,-0.1208809175747573,-0.0794318527623545,D0486
0.59447,0.084881,0.0120186,8.882,2.4792313734690348,0.429150519768397,0.6713523803086117,0.7256737554073334,,,,,-0.001429487270072,-0.054483648485469,0.0021230658094282,D0487
-0.540576,-0.00515697,0.0266031,9.532,1.3092421134312948,1.825733784834544,1.0396069144380504,0.6837925836443901,,,,,0.0010676229915295,-0.0551197910239885,-0.0542437836993485,D0488
0.83184,-0.0122888,0.0208897,10.459,1.4360428730646768,1.2100237240393956,1.2314941759767204,1.2864822240976186,,,,,-0.0021294002366746,-0.061849956608412,-0.0522309271909762,D0489
-0.561609,-0.0514486,0.0175329,9.431,1.298605000972748,1.1595618824164071,1.5395896105930722,0.9201905752221744,,,,,0.0021865903182965,-0.0675081090985348,0.0123425627825781,D0490
0.10085,0.075063,0.00916083,9.235,2.497553344567617,0.4466539194186528,0.7503319464880844,0.8501908111572266,,,,,0.0014133231874015,-0.0750958755493126,-0.0185339134695823,D0491
0.0322811,0.20207,0.00681193,10.039,2.496114484469096,0.4468736976385116,0.7567984708424272,0.8560761928558349,,,,,-0.0012148066731303,-0.0372569355552814,-0.0273697713055298,D0492
-0.483216,0.0418842,0.00666592,9.971,0.8027436316013337,0.8455645481745402,0.6124594447941616,1.0011666631698608,,,,,-0.0006223524143046,-0.0508267296204,0.0698829759421642,D0493
0.85624,0.28479,0.0123211,10.663,2.461994308233261,0.4182497133811315,0.6359032659695066,0.6794142341613769,,,,,0.0072570787685089,0.2899589599989062,-0.704103969183052,D0495
0.29217,0.0326863,0.00742041,10.616,2.511084004243215,0.4639421304066976,0.787033448959219,0.8776232699553171,,,,,-0.0021853982810389,0.001683334638368,0.0125142836332088,D0496
1.70413,0.11012,0.0182477,10.02,1.2950604478518168,1.1582593321800232,1.2635758868579208,0.95100200176239,,,,,0.0031245340736174,0.0364438331701675,0.0241011377147515,D0497
-0.91995,0.14184,0.0102948,9.986,2.506189314524333,0.4542157391707102,0.7552172983514851,0.8234386208156744,,,,,0.0017616565042825,-0.0461299338012211,-0.0188228526385501,D0498
1.71763,0.1,0.0114194,11.307,2.474742678801219,0.4264878938595454,0.654392567174188,0.709911379814148,,,,,-0.0255974316928013,-0.5209873215239729,-0.066565526271006,D0500
-0.361885,-0.1288,0.0255862,10.72,1.3361284653345744,1.745520160595576,1.0967069072970028,0.6975293064117432,,,,,0.0023264512316968,-0.0631334421964139,0.1312677504320163,D0501
0.40959,-0.135596,0.0100204,10.827,2.508196685711543,0.4580904871225357,0.7647959507744888,0.8425990541776022,,,,,-0.0071188948998611,-0.2555400752107776,0.2015699375551776,D0502
-0.879135,0.0359345,0.00554221,9.746,0.8058748284975688,0.7217818439006806,0.6813739034636267,1.0377143955230712,,,,,0.0001243700966063,-0.0238816585118537,0.1292435505019966,D0503
0.64944,-0.0963016,0.00840524,10.583,2.504802797238032,0.4662334571282069,0.8037594988428313,0.9969669723510742,,,,,-0.0135557581911512,-0.1611195220993234,-0.0787012768632848,D0504
0.44117,0.22974,0.00958167,10.375,2.510206760962804,0.4975706656773885,0.8121340151490837,1.1069266188144684,,,,,-0.0031843989331052,-0.0793500950154368,-0.1095335215504746,D0505
-0.458822,-0.0442287,0.0108462,11.541,2.494578375418981,0.4414292891820272,0.7177816495813173,0.751912691940864,,,,,0.0024838843639832,-0.0436208174782199,-0.0409034183685435,D0506
-2.61149,0.00192265,0.0100087,10.143,2.494925938049952,0.4423057089249293,0.727000362914184,0.7607067165275415,,,,,-0.0100673861296499,0.2060604453792085,0.1078679545244085,D0507
-1.06601,0.0162183,0.0104393,10.871,2.5039788087209067,0.4528828710317611,0.7403162892522483,0.803996222714583,,,,,0.0072861141593124,0.0714005863478569,0.0162798404489876,D0509
1.65715,-0.0206817,0.00430013,10.604,0.8029853463172912,0.8623894125223159,0.6192888309215677,0.9735196375846864,,,,,-0.0758735314534343,0.7319589930606412,-1.840297179442132,D0511
0.56213,-0.0466559,0.0293247,9.325,1.3180548548698423,1.8576136847337088,1.0159021112425577,0.6623572278022766,,,,,-0.0028575183446271,-0.1297111030495896,0.0669259178248466,D0512
-0.471343,0.28023,0.0339509,10.58,1.365778927008311,1.7642333328723907,1.0527972003509258,0.6433506309986115,,,,,0.003005772608602,-0.1482421616508313,0.0488826579239685,D0513
-1.29081,0.28432,0.00835584,10.09,2.5195336997509004,0.4825485587120056,0.8258252503543064,1.006602588891983,,,,,-0.0090236298612031,-0.2850014056692174,0.2750458521477412,D0515
-1.20956,0.16527,0.0101008,10.399,2.478999811410904,0.4295242190361023,0.6526592826021129,0.7192359566688538,,,,,-0.0024859277642821,0.0436882539061387,-0.0286505608091829,D0516
-0.749197,0.16339,0.00704291,10.638,0.8036587258179982,0.7612947911024094,0.6387480312380297,1.0965456912914913,,,,,0.0038762543975051,-0.0134976496086429,0.0098438229542807,D0517
0.77165,0.22975,0.0265613,10.298,1.359592894713084,1.7245781203111012,1.1033324527329411,0.6741070699691772,,,,,-0.0056824858848851,-0.0258017080691648,0.1444534528563963,D0518
0.024542,0.0522463,0.00773077,10.748,2.4954011499881745,0.479706934094429,0.7756317052347906,1.0244271063804626,,,,,-0.0091754835478003,-0.0354387652344582,-0.0474230981926666,D0520
-0.454523,0.0142396,0.018689,9.939,1.3151990969975789,1.1608057498931883,1.4858140698794662,0.972516822318236,,,,,0.0009090592709434,-0.1467978014625905,0.0372995620491565,D0521
1.97604,0.2302,0.0108711,10.279,2.4652189513047538,0.4255448768536249,0.692229307931045,0.7204912781715394,,,,,-0.267020853756944,2.5171828549612414,0.6279778036405332,D0522
1.53038,0.12629,0.00472369,10.207,0.8029744764169057,0.8065454254547755,0.6207937115225298,1.025551393032074,,,,,-0.0977446519004712,-0.2071150029962021,-1.268517046722991,D0523
0.77825,0.10868,0.0123735,8.925,2.4797109166781106,0.4294653872648875,0.6718445091411985,0.7271404933929443,,,,,-0.0041282696858309,-0.0740132664079207,-0.0263135202912963,D0524
1.14558,0.27337,0.00675958,9.3,2.511234122514725,0.4692718495925267,0.8133692186454247,1.00808660030365,,,,,0.0072534431643316,-0.042709448789898,-0.1589563341258326,D0525
-0.353994,-0.0557441,0.00583276,9.56,0.8065655469894409,0.703496981660525,0.6995518413083307,1.256770797073841,,,,,0.0059596810068373,0.2109026161675196,-0.2048295412605512,D0526
-0.856773,-0.0581805,0.0234803,9.327,1.3749966820081074,1.173542074362437,1.4194644257940094,1.1383235179460969,,,,,0.0055935652491566,0.0123198557692293,-0.0988823051739018,D0527
0.61671,-0.0137693,0.00983738,10.154,2.4944071034590403,0.4418304115533829,0.7263921077909141,0.7586667823294798,,,,,-0.0790394050839205,0.0350444425374719,-1.384783440247702,D0528
0.19671,0.0635851,0.0173519,8.677,1.2912948290506998,1.1576063175996143,1.4195830205391191,0.8902713012695312,,,,,-0.0003614770575175,-0.0385722292758782,-0.0197271004144568,D0529
-1.94462,0.0107775,0.00822123,10.759,0.8032934029897054,0.814831401904424,0.6262954165195597,0.9962613940238952,,,,,-0.0048577149786943,-0.1336208753827263,0.1121308649380807,D0530
1.70694,0.0443448,0.0200792,10.687,1.3101363857587178,1.161413049697876,1.5617229054714072,0.9543307051062584,,,,,-0.1636574594665315,0.3099024848474458,-3.128351660379849,D0531
-0.177903,-0.14465,0.0188016,10.364,1.2996528625488282,1.1579061528046926,1.4666136585432907,0.924989106754462,,,,,-0.0008986182637488,-0.002122460954015,0.0188338147636386,D0532
-2.67489,-0.105785,0.0256108,10.82,1.3332624554634094,1.1847903251647949,1.0942400673340107,1.168987717628479,,,,,-0.0023435021541248,-0.1854934416061948,-0.2196318027345114,D0533
-2.85059,-0.0322274,0.00962841,10.793,2.4860187669595084,0.4342531234025955,0.6664522012759899,0.7407015633583068,,,,,0.0165074193726081,0.5360037197231566,-0.8307865402239258,D0534
1.36219,-0.048919,0.0123903,8.368,2.481775305668513,0.4308337062597275,0.679569011104518,0.7350232088565827,,,,,0.0013468920922012,0.0110383954449924,-0.2287915802953648,D0535
-0.980822,0.14408,0.010221,9.058,2.4909226576487224,0.438901620109876,0.724039809457187,0.7475483939051628,,,,,-0.0077027259369759,-0.1161307680266762,0.0006366511515807,D0536
-1.60921,-0.0307893,0.00688135,10.287,2.512091996272405,0.4783275475104649,0.8263241515077394,0.9638005631665388,,,,,0.0040741869667568,-0.0268560087696494,0.2214402610552497,D0538
0.77123,-0.130809,0.00995935,8.595,2.484847797950109,0.4329895377159118,0.6981015955579692,0.7135671079158783,,,,,0.0073418156834886,0.0136685635650413,-0.0008643079199828,D0539
0.42139,-0.0327723,0.0233089,9.027,1.379472283522288,1.2094943126042683,1.0424610458571335,1.237603750228882,,,,,0.0051957606464518,-0.0409961667682217,0.0635447379027027,D0540
-1.81805,0.0189955,0.017228,10.576,1.3019553144772849,1.161711670955022,1.578436304782999,0.921122748851776,,,,,0.0022395260316811,-0.0382091969666382,0.0286241169669665,D0541
-2.70178,0.17806,0.0120153,10.701,2.496367692947388,0.4503242909908295,0.6863463479897072,0.7978786897659301,,,,,0.0112944449926933,-0.0535393427487971,-0.1605221959980554,D0542
0.0441919,0.00232531,0.0085135,9.089,2.500801207621892,0.4749063124259313,0.7953832848318692,0.9387644802530608,,,,,0.0115522497760776,0.1921448368911576,-0.3101307983670267,D0543
-0.816161,-0.124882,0.0492729,10.46,1.3710661292076112,1.7813094894091288,1.0261527639010857,0.6365452075004577,,,,,0.0024038673832992,-0.1515629891681497,0.0267607960340683,D0544
-0.927279,-0.19291,0.00541323,11.207,0.8033137838045756,0.837622320652008,0.6284247739561672,0.9672507095336914,,,,,0.0059996542849563,0.0751564954760761,0.0029131515839253,D0545
0.38766,-0.128218,0.00860691,10.526,2.495557246605556,0.4454518179098765,0.7504243634898087,0.8441147232055664,,,,,,,,D0546
0.40202,0.21969,0.0104442,10.453,2.4560139139493304,0.4160076449314753,0.6473674250060114,0.6764994668960571,,,,,-0.0016387734472786,-0.0700197306004476,-0.014878889072861,D0547
0.12305,0.21247,0.0489063,10.399,1.2649654070536296,2.081042426824569,0.8725764422581114,0.6582991719245911,,,,,-0.0114161710619734,-0.141736800804495,0.3425115120262489,D0548
-0.858069,0.15585,0.00640315,9.599,0.8041499316692352,0.8423046996196111,0.659758651051028,0.913236849308014,,,,,-0.0022483425076582,-0.0641300174777698,-0.0731133135268464,D0549
0.21998,0.0363376,0.00541672,9.948,0.8033910930156708,0.9225334614515304,0.6348333132678065,0.9442655992507936,,,,,-0.0022578202077306,-0.0296549763265892,0.0345428160144365,D0550
0.41175,-0.0878831,0.0105641,9.739,2.5082768201828003,0.4676219840844472,0.7425822533410171,0.874793006181717,,,,,-0.0138991867725927,-0.4330355294739052,0.2326997881682473,D0551
0.67722,-0.0211025,0.0119228,10.898,2.496259393294652,0.4502314378817876,0.6858541061138285,0.7972168862819672,,,,,-0.0068210763806631,0.0233602604300205,-0.0374175197139265,D0552
0.58394,0.20678,0.00629996,9.904,0.803910223642985,0.8873943577210108,0.6598491124038038,0.9142413663864136,,,,,0.0043690831788898,-0.0248483558181804,-0.0293845738633535,D0555
0.83563,-0.0793638,0.0055381,10.273,0.803792534271876,0.9067422449588776,0.6577718340117356,0.9177974152565004,,,,,0.0040296706212201,0.1227367776248637,-0.0007650612024008,D0556
-0.282703,0.12267,0.00938124,10.892,2.5048041502634684,0.4598099490006764,0.7229041971009353,0.8494538462162018,,,,,-0.0058354299534344,-0.1747532114907692,-0.0720244289477705,D0557
-1.86114,-0.00700319,0.00506607,10.627,0.8034777502218883,0.8890477140744527,0.6390003931933436,0.9366480541229248,,,,,0.0029996468932651,0.1352842391411419,0.0267506602249341,D0558
-0.575025,-0.000695294,0.0233057,10.248,1.4337090094884235,1.2030679116646448,1.2745663297587428,1.3078992533683778,,,,,0.0095699593415661,-0.1295275736225876,0.0272964220130234,D0559
-1.37007,0.10322,0.066335,10.829,1.3053057670593262,2.061433517932892,0.9280757575199522,0.6625907039642334,,,,,0.0149441134543245,0.0778061267600724,-0.0263480098947184,D0560
-0.24698,-0.0278642,0.00743937,10.689,0.8046950141588847,0.734041420618693,0.6602250697283909,1.143653357028961,,,,,0.0077638548061329,-0.0677665500828878,0.1042105168598936,D0561
-0.39541,-0.0576357,0.0224809,10.758,1.3968931039174397,1.1802060465017954,1.4017509941397042,1.2159634709358216,,,,,-0.00573343977835,-0.0213253492300883,0.0388532048964407,D0562
0.5498,0.15747,0.0223933,8.926,1.4073734720547997,1.1889481494824092,1.3124478151058327,1.2215762459314787,,,,,0.0044776020317585,0.0037232507122331,-0.0327282494035898,D0563
-1.78618,0.0168466,0.0107023,10.577,2.49894917011261,0.4519117494424184,0.7005956357923048,0.8142645144462586,,,,,-0.0022510746134698,-0.1845594265639349,0.0154115270706824,D0564
0.26999,0.00193648,0.00892447,10.303,2.49907998641332,0.4490412523349126,0.7602803552972859,0.8702501106262207,,,,,-0.0048887802009853,-0.0352832670794366,0.0165119727607816,D0565
0.39074,-0.0629431,0.0281494,8.814,1.3112745523452758,1.8777766307195027,1.0021119826826557,0.6615967154502869,,,,,0.0039985292261064,-0.0042515528611505,0.0206177766012842,D0566
-2.12172,-0.119789,0.0247159,10.632,1.4129343032836914,1.1942031890153886,1.2336468696594238,1.2499767637252808,,,,,0.0237835378648739,0.4761634131935279,0.1742738714456209,D0567
-1.77098,0.22744,0.0163026,11.045,1.2889016191164653,1.160392161210378,1.5416083973029564,0.8812712526321411,,,,,-0.016524416208467,-0.1188884164970658,0.035284968696942,D0568
-0.440779,-0.112223,0.0274947,9.98,1.4340509970982869,1.2143834869066874,1.139549834974881,1.2591592693328857,,,,,-0.0054992353114226,-0.1023661679964287,-0.1111450866737868,D0569
-0.609592,0.0050577,0.0453215,10.577,1.272570538520813,2.0677816847960155,0.8834093757744493,0.6553529286384583,,,,,0.0113161443862187,-0.0638523332498132,-0.0343473346365499,D0570
-0.0166225,0.000514151,0.00858281,10.912,2.5037603318691253,0.4663667549689611,0.8012980089105409,0.908407544096311,,,,,-0.0002025458573054,0.0784410048085247,0.0245159023470478,D0571
1.19107,0.0120529,0.0182793,10.652,1.3433627684911091,1.1669301569461823,1.3267172431123668,1.0784102845191956,,,,,-0.0129257839027406,-0.0312503434869109,-0.0084752720285905,D0572
0.0828472,0.0607251,0.00927796,9.326,2.5140402177969614,0.4707262019316355,0.8007291524574675,0.9721757411956788,,,,,-0.004320574828127,-0.1171295183387596,-0.0553340796905104,D0573
-0.196598,0.13176,0.00655312,10.507,0.804088666041692,0.8284617761770884,0.6525523929760374,0.9254080152511596,,,,,-0.0016576565581467,-0.0872140095866411,-0.0428603010441293,D0574
-0.342821,-0.069804,0.0640069,10.617,1.3121978561083476,2.0342686394850413,0.9303974057066028,0.6532841515541077,,,,,0.0059903739220359,-0.0815657051314124,-0.0148656206656596,D0576
-0.951622,-0.0400146,0.0320228,10.721,1.335371466477712,1.843022843201955,1.019870283274815,0.6510846877098083,,,,,-0.0013492750984048,-0.0518763364836531,-0.0517777014174498,D0577
-0.84899,0.00941831,0.0254644,10.263,1.3128416220347086,1.7761302232742309,1.0737077778783335,0.7116012406349183,,,,,0.0010410239935671,-0.0369160453715829,0.0672176851585391,D0578
0.42868,-0.0827924,0.00940231,9.273,2.501995273431142,0.4533917943636576,0.7215247164512503,0.8363774275779724,,,,,-0.0732842393737276,1.0610745103074868,2.03274591495574,D0579
0.34288,-0.0167285,0.0299233,9.84,1.3236436009407044,1.8411450783411665,1.026897278325311,0.663020703792572,,,,,-0.0076170584371073,-0.1455408183945137,-0.0573167787079,D0582
-0.303726,0.14823,0.0228337,9.183,1.3572068413098652,1.1830898642539978,1.1310878149394332,1.199923212329547,,,,,0.0001728552944355,-0.1538869483263462,-0.1425863059339462,D0583
-0.657547,0.0014445,0.0251302,9.339,1.3470432360967,1.772965661684672,1.0700651068111946,0.6631324961781502,,,,,-0.0017377423984593,-0.1011407604016688,0.0250359746423782,D0584
0.93212,0.21364,0.00601387,9.029,0.8043446739514669,0.7846891055504481,0.6504085053657663,0.96544203042984,,,,,0.0019599595769431,-0.045004943587818,-0.0419810712191974,D0585
0.26625,-0.0289173,0.0257578,9.0,1.4347951849301657,1.210518784324328,1.188657585916848,1.2893710327148438,,,,,0.0007257624988569,-0.0791137670726302,-0.05986333679175,D0586
0.31592,0.27489,0.0311801,10.539,1.3298849980036418,1.8639422218004864,1.0063689186655242,0.649810791015625,,,,,0.0051460536766309,-0.0502568741190492,0.0370954308964428,D0587
-2.28622,0.0511113,0.00890254,10.147,2.500220785538356,0.4508300215005875,0.714922905995928,0.824141470193863,,,,,0.0080014506259522,0.0681555247737062,0.0557977407443104,D0588
-0.351389,0.00146915,0.03102,9.867,1.371982479095459,1.7246310710906982,1.0823837117902164,0.6561091136932373,,,,,0.0023342050987558,-0.0530544024193474,-0.024331336353498,D0589
1.97292,0.20294,0.0617282,10.464,1.327461020151774,2.0209550937016805,0.961870195536778,0.651476469039917,,,,,0.0213071682492002,0.2555479312337285,0.145708971293061,D0590
-1.90777,0.013208,0.0454544,9.562,1.3235557834307352,1.91275385816892,0.9721489394533224,0.6437193441390991,,,,,0.0067855982601319,-0.0969056180638772,-0.0101352741912705,D0591
-1.93021,0.0635057,0.032377,10.216,1.3362756927808126,1.841148406267166,1.0208834337777104,0.6508577036857605,,,,,0.0083549381529812,0.2680242791915515,-0.2510693652147893,D0592
0.43006,0.12999,0.0262675,10.672,1.3530290802319844,1.75402073264122,1.0821539214972793,0.6673920297622681,,,,,7.492872659484173e-05,-0.0905028782342505,-0.044200215532328,D0593
-0.29354,0.0721973,0.0636502,9.269,1.3318644881248474,2.007579493522644,0.9637170115421558,0.6481990027427673,,,,,0.0060400348624314,-0.0800986792412404,-0.0390591358736855,D0594
-0.531426,0.00840925,0.0212576,10.417,1.3693235834439597,1.1975009898344675,1.069857864544309,1.2455965479214983,,,,,-0.0085422560385503,0.0044816801668301,0.0414173114259028,D0595
-2.61973,-0.0616053,0.031128,10.031,1.325005793571472,1.76832195520401,1.0814795555739567,0.6996908235549927,,,,,0.0313012008468094,0.3455301733312756,-0.0062543687308789,D0598
-1.15784,-0.027378,0.0100818,10.189,2.5094484746456147,0.4609916150569916,0.7728245248054636,0.8559995529552301,,,,,0.0051859873185283,0.0402976371131746,-0.0335674896487034,D0599
-0.359951,0.0688426,0.0216717,10.012,1.3676836172739664,1.197994299729665,1.0681430738547752,1.220620529651642,,,,,-0.0301007529640577,0.0060191610479949,-0.1025814098247792,D0600
0.00195355,0.23438,0.0107823,9.941,2.465476081768672,0.4260469665129979,0.6938062741838652,0.7227879869937897,,,,,,,,D0602
-2.58145,0.12696,0.00721532,10.099,2.515531160434087,0.4733398308356603,0.8196969063117586,1.0178175961971283,,,,,-0.0150891565880156,0.1247361059591281,-0.018611836254422,D0603
0.29972,-0.0355955,0.00761216,10.57,2.4947461426258086,0.4455049872398376,0.7529512900730659,0.8461110043525696,,,,,-0.0066791041717257,-0.0944505981652978,-0.0278789515214157,D0604
0.55265,0.20176,0.00749499,10.258,2.488568776845932,0.4388223608334859,0.7334288944458139,0.7528111003339291,,,,,0.0085965552549545,0.0133692227896725,0.0231496446795063,D0605
0.27966,0.0543211,0.0288214,8.727,1.3328890323638916,1.8171944677829743,1.0419624889719077,0.6591708014408747,,,,,-0.0108183801492958,-0.2885581054556645,-0.1378638504320406,D0606
0.22405,-0.0306452,0.00721005,9.246,0.8043706913789114,0.7878710061311722,0.6528065358770305,0.9524508547782898,,,,,-0.0021827246214778,-0.0449419969811645,-0.03751813465351,D0607
-1.59657,-0.132712,0.026346,10.14,1.298143756389618,1.8292868514855705,1.034152662959592,0.6942283983031908,,,,,-0.0043882222867033,-0.0046932265241528,-0.0510162409482291,D0608
-0.929119,-0.0738024,0.00658794,10.891,0.8041656633218129,0.8023508807023366,0.6495913667925473,0.9437882423400878,,,,,-0.0042184136673213,-0.1555691856717431,-1.7674439731417806,D0609
1.38,-0.0366459,0.0254207,10.395,1.288307543595632,1.826249291499456,1.0339405608588252,0.7065833037098249,,,,,0.0050854217199617,-0.112723409355232,0.197671673464356,D0611
-0.000180444,-0.0317831,0.028303,10.742,1.2834699908892313,1.8354505836963653,1.0265929215940937,0.7057745258013407,,,,,-0.0001219942108885,-0.0765490437670431,-0.0438166606109007,D0612
-0.539646,-0.147374,0.00665301,8.553,0.8052668988704681,0.750025925040245,0.6737431575512064,0.9473896312713624,,,,,0.017454842354534,0.6536899095726537,-0.0160899290131055,D0613
-1.55457,-0.0771093,0.00657582,10.731,0.8043067117532094,0.8310641020536422,0.6646687100673544,0.9072946977615356,,,,,-0.0024683836004821,-0.0147447759988932,0.0064307318389182,D0614
0.15059,-0.0160773,0.0306736,10.373,1.3698895215988158,1.7432095885276797,1.0658707043220257,0.6472654392321905,,,,,0.00400214149275,-0.0773601875032563,-0.045501950509788,D0615
-0.163977,0.0249882,0.0075396,10.912,0.8049020489056905,0.7662464956442515,0.6685139177174404,0.9322484183311462,,,,,0.0050963029290966,-0.0643221381586692,-0.0252404794737231,D0616
-0.042144,-0.0276339,0.00743654,11.174,0.8058869580427805,0.7348304142554601,0.6898461508339849,0.910506465435028,,,,,-0.0028007767230489,-0.2372872598529046,-0.0282304847278282,D0617
-0.0283476,0.17132,0.0200258,9.79,1.3356316288312275,1.1933064738909402,1.069345211160594,1.1934648084640502,,,,,0.0005411223265688,-0.0945161496675207,-0.0418039985088398,D0620
-1.82114,-0.0234305,0.0194496,10.96,1.2889328519503276,1.1558674077192943,1.3258958684987034,0.9045844030380248,,,,,-0.0182264558361062,-0.2030781612017282,-0.0708541215353761,D0621
0.27982,0.0314781,0.0247911,10.626,1.390614891052246,1.6198435147603354,1.1543563203565006,0.688652515411377,,,,,0.002000223193008,-0.0279480067410962,0.0324336635749205,D0622
-0.69056,-0.0241857,0.0298414,10.762,1.3783488353093465,1.715510892868042,1.0771066155926934,0.6516769981384277,,,,,0.0033446804905564,0.0014445469570635,0.0403778763502487,D0623
1.36122,0.056147,0.0257581,10.547,1.3789331873257955,1.6587041079998015,1.1421523649117042,0.685018720626831,,,,,0.0094104262093205,0.0984320318800544,0.020365502074128,D0625
-0.841624,0.28049,0.0249518,10.673,1.2975906173388163,1.8075658539930977,1.0484770628912696,0.7098999834060669,,,,,0.0140385749070542,-0.0600228763182673,-0.0671621914007118,D0626
-0.243179,0.0251086,0.025898,10.476,1.3779302716255188,1.663267793258031,1.139465178908973,0.6837603974342347,,,,,0.0006013382439882,-0.0913895972097889,-0.0499596827066852,D0627
-0.0487526,-0.0401881,0.00652791,9.802,0.8046052654584249,0.8142528265714646,0.6776365514459282,0.8899300503730774,,,,,0.0046858931108698,-0.0148645367054766,0.1105749285125057,D0628
-0.248289,-0.105569,0.00643466,9.414,0.8059807240962982,0.7292838225762049,0.6875439142358715,0.9457073783874512,,,,,0.0001029314124358,-0.0985367862115492,-0.0832032047401298,D0629
0.92794,0.0374393,0.0171816,9.458,1.3254675189654033,1.1612041532993316,1.3488043937189826,1.0159033370018005,,,,,-0.0071448019943513,-0.101563801073874,-0.0121755842264974,D0630
-0.0958691,0.0417489,0.00448303,10.671,0.8085080325603485,0.6809027642011642,0.7383852097494848,1.2776319098472595,,,,,-0.0015501177713822,-0.0654067873389017,-0.027671416348312,D0632
-2.64819,0.19734,0.00528286,11.127,0.805780025323232,0.7233091463645299,0.6795668005943298,1.0409864830970763,,,,,0.0136436392864667,-0.08482466327884,0.0476265399265685,D0633
-1.74138,0.1326,0.0124477,11.511,2.4964235881964365,0.4516042282183965,0.6832034474816816,0.7978419625759124,,,,,0.0535205289114497,0.4077140921267048,0.3179452782133012,D0635
0.79029,-0.0868207,0.0269787,8.361,1.4275447169939677,1.2046978712081908,1.1995715848330797,1.2743569827079773,,,,,0.0101067675045204,-0.0200787433519692,-0.0301999538278323,D0636
-1.31627,-0.0241333,0.0122017,10.993,2.5036688188711804,0.4646688401699066,0.7049447781053083,0.8324537158012391,,,,,-0.0515095521480337,0.0882788167546517,-0.4800590445956914,D0637
0.24625,-0.100679,0.00925795,9.129,2.492797972758611,0.463505294919014,0.7748931687453697,0.8797308951616287,,,,,0.0166383673539481,0.0562180410142107,-0.0292658083271817,D0638
-1.87398,0.0429175,0.0243196,10.741,1.3879149874051413,1.6047857662041982,1.1681124639922176,0.7039930820465088,,,,,-0.0011270881333054,0.2128309941621693,-0.0909563088207505,D0640
-1.4016,-0.143474,0.00767711,11.064,2.484553011258443,0.4446965505679448,0.747911796487611,0.8360745120048523,,,,,0.0128625674288904,-0.1874855216398656,-0.1293661426316248,D0641
0.39389,0.0351247,0.0185238,10.298,1.3339109301567078,1.1647652626037597,1.3765789537594235,1.0386528158187869,,,,,-0.0329162214948308,-0.1393109384596247,0.090853976093058,D0642
-0.896725,0.17708,0.0253692,11.058,1.3929259697596232,1.615886785586675,1.152407655428196,0.6868618154525756,,,,,-0.1011104278287288,-0.3910297624924963,-0.382858761564421,D0643
-0.833718,0.14155,0.0291929,9.736,1.3159881154696147,1.7407151202360789,1.097597463377591,0.7336079096794128,,,,,-0.0925044306692944,-0.0223265780224062,-0.2161074853938771,D0644
0.0375535,0.10969,0.0338184,10.313,1.3905077179272969,1.6780438741048178,1.0926190686636958,0.6531626868247986,,,,,-0.0572189216201011,-0.4255739906580015,-0.4152926330134505,D0646
1.13855,0.15424,0.01178,9.621,2.507075504461924,0.4719943741957346,0.7252533877718037,0.8521866726875306,,,,,-0.0391966177651956,-0.155455313059233,0.5151625311336829,D0648
-1.00332,0.11898,0.0113758,10.564,2.5140731910864518,0.4823220402002334,0.766850464302918,0.8877374660968781,,,,,-0.0231349503406069,0.1471685123652184,-0.1465949250705307,D0649
0.53078,0.16308,0.0305963,10.674,1.3784184058507285,1.701549416780472,1.0940142448606165,0.6585679030418397,,,,,-0.230153951988311,-0.2420275804647269,-0.622928904958826,D0650
0.0233396,0.15329,0.0105624,9.079,2.471352052688599,0.4310971309741338,0.7098030684323147,0.7478400778770447,,,,,-0.0271051714287058,0.0844425849618256,0.1400386032255482,D0652
0.69567,0.0169418,0.00506153,9.885,0.808023601770401,0.6825572649637858,0.7256290902351511,1.195748550891876,,,,,-0.0174604456948348,-0.1286665613887254,1.0132885583298048,D0653
-1.75683,0.00689221,0.00658479,11.235,0.8033970673878987,0.7516139864921569,0.6432957793104237,1.1244939084236438,,,,,-0.0479827388168529,-0.0700423110208114,-0.1670398993228445,D0654
-0.730187,-0.0855586,0.00623545,10.592,0.8066992441813151,0.7011251697937647,0.6977367884126203,1.154269442558289,,,,,0.0215674381203257,0.1009350982643348,-0.0064465497271157,D0656
1.23424,0.14271,0.0238813,10.428,1.331420127550761,1.7854869981606802,1.0674575207562282,0.6777835165460905,,,,,-0.045221107399097,-0.3686386739279574,-0.0328424807812552,D0657
1.9762,0.000551814,0.0249149,8.884,1.3496119340260824,1.7150577068328858,1.1160580741948094,0.6971112680435181,,,,,-0.038259936062669,-0.0649992148392333,0.2159985912367119,D0658
-1.99094,0.22883,0.00953536,10.235,2.4774290919303894,0.4383628308773041,0.7296009012337389,0.7902785325050354,,,,,0.0644715476678673,0.0640721148272505,0.0046773700087214,D0659
0.57194,-0.108299,0.0112811,9.528,2.4706420501073203,0.4236425767342249,0.656860809901665,0.7004266214370728,,,,,0.0261632352851341,-0.1328272583493505,0.1017792101629311,D0660
0.42677,-0.0438313,0.0234481,7.954,1.394986387093862,1.195433251063029,1.1174135208129885,1.229522294998169,,,,,0.031802450460908,0.0426886149970321,0.0886265301014646,D0661
0.55665,0.0546189,0.0256539,9.899,1.3940381129582724,1.6135425806045531,1.1517422733635738,0.6862567806243897,,,,,-0.1761127604245953,-0.6111137338847372,-0.5017944302308024,D0662
0.53086,0.0650288,0.00964227,10.712,2.468433996041616,0.4236594547828038,0.6799708532875982,0.6817472639183203,,,,,0.0090937359520671,-0.1168324062460423,0.0703304479102371,D0663
-1.59962,-0.00898704,0.00773073,10.699,0.8054853061834971,0.7492414295673371,0.6823702978676763,0.910833387374878,,,,,-0.0660060626166779,-0.3182733497446615,0.3177437158301472,D0664
1.5605,-0.0135953,0.00773508,7.962,2.504478387037913,0.4644088238477707,0.8014254148664146,0.9864734864234924,,,,,-0.1702988936872523,-0.3408007071282875,1.3264943882240914,D0665
-0.322448,0.027996,0.00539811,10.269,0.8081308205922445,0.6825010557969411,0.7282481471012379,1.2319211411476134,,,,,-0.0511592828554515,-0.3595309311268969,-0.1428148745762882,D0666
0.16585,0.20695,0.00518637,10.406,0.8056760629018148,0.7181158403555552,0.6779575070430492,1.1300140738487243,,,,,-0.0013616086634735,-0.2494060375167843,0.2452363299453281,D0667
0.8824,0.2172,0.00767351,9.444,2.4995015362898507,0.4846986522277196,0.785620491052496,1.054727691411972,,,,,-0.0825393441482699,-0.1822655485189989,0.1018871056221542,D0668
-0.846856,-0.0443611,0.00638419,10.113,0.8076250831286113,0.6873711019754409,0.7168152116495987,1.173611240386963,,,,,-0.0216513865961863,0.085061476701197,-0.2834939560416387,D0669
-0.808015,0.21598,0.023295,10.646,1.403037190437317,1.241076693932215,1.006120147376225,1.2041445827484132,,,,,-0.0080216365131501,0.0536585193223251,0.0096700487265479,D0670
0.30205,-0.0833587,0.0057623,8.909,0.8052025417486827,0.7374135156472524,0.6670931742109102,1.040447738170624,,,,,0.046168800067248,-0.0136306756287444,0.1232209495065035,D0671
0.95375,-0.0414938,0.00718652,8.764,0.8048019528388977,0.7459868262211482,0.6581113091830549,1.0509060144424438,,,,,0.0027594949285521,-0.9008832549961744,-0.579263444924436,D0672
-0.982602,0.12947,0.00554359,10.877,0.8051996191342672,0.7271354774634043,0.6681020403730458,1.126382086277008,,,,,-0.0191942519492274,0.1475447002405026,-0.3913072280993219,D0673
1.13778,0.0252608,0.0705854,9.043,1.2747762560844422,2.113667235771815,0.8802207379505552,0.6699587440490723,,,,,-0.0809015979331793,-0.0972405833470761,0.0258695568409166,D0674
-0.780686,-0.0601534,0.00496814,9.524,0.8036459267139435,0.7725212355454762,0.6357098992528587,1.0536807990074155,,,,,0.023840091731103,-0.2263194278891487,-0.2508108316615107,D0675
0.68726,0.13686,0.00541292,7.502,0.8062520126501719,0.7070141245921453,0.6900593247906915,1.174030373096466,,,,,-0.134482690627822,-0.2071407809310838,-0.6574760814692127,D0676
1.20079,0.16214,0.0216236,9.486,1.332234942913055,1.1782815515995029,1.1157675488241787,1.169797509908676,,,,,-0.0866955376914903,-0.6669282579867324,-0.7302413513680222,D0678
2.24036,0.18291,0.0248579,9.624,1.2960036635398864,1.7582033336162568,1.0793599126667812,0.7465029335021973,,,,,-0.1811038114596954,-0.9026927378869528,-0.545441722148098,D0679
-0.80729,-0.0367895,0.00664523,10.223,0.804661750793457,0.7610714157422384,0.6553587522999994,1.0024480843544006,,,,,0.0959596625410417,0.1726780751745128,0.0549431915060267,D0680
0.75241,0.29392,0.0118049,9.978,2.4686106105645496,0.4224745621283849,0.6488212871140447,0.6943633317947387,,,,,-0.0051485760011397,-0.1026405474797564,-0.0490398036199621,D0681
-0.306547,0.14755,0.011393,10.46,2.468062754472097,0.4222303440173467,0.645180362051931,0.6926681935787201,,,,,-0.108895128966981,-0.0171064847719746,0.0012710941518889,D0682
-0.7683,0.10312,0.0049635,10.788,0.8032050708929698,0.8066975742578506,0.6249199139660803,1.0127656221389771,,,,,0.0852574370604553,0.0589129061461682,0.2846345495127025,D0683
0.5684,0.22484,0.0108578,10.836,2.502473813295365,0.459248940149943,0.7067701436322311,0.8314772963523864,,,,,-0.0627447491975013,-0.2081901623795198,-0.0502768425867543,D0684
0.70067,0.14981,0.00406608,10.723,0.8029362857341766,0.8470904797315597,0.6172692272169836,0.9875588703155518,,,,,-0.0554129922554589,0.06084564920012,0.081285731474054,D0685
-1.55564,-0.0899027,0.024957,9.311,1.3058265964190163,1.865733108917872,1.0105101178432334,0.6715896582603454,,,,,-0.1439241778782432,-0.3883294281750706,-0.4804663153554429,D0686
-1.95386,-0.017208,0.00671782,10.86,0.8041768312454224,0.8226082652807236,0.6548575070397608,0.9232605385780336,,,,,0.0014296489672553,0.1448185118526301,-0.1369301668528351,D0687
0.50629,-0.0686807,0.00974352,9.86,2.498259143034617,0.4502668778101603,0.7002884457851278,0.8101652443408967,,,,,-0.0656920948180577,-0.0013493766659605,-0.3096417874548933,D0688
0.44736,0.14097,0.00508142,10.862,0.8031049231688182,0.8171657890081405,0.6225307645468876,1.0043771481513977,,,,,-0.0790498008524891,0.1329165718393272,0.3069098233099794,D0689
-2.90677,0.0854559,0.0058578,11.198,0.8036959747473399,0.8731483976046245,0.6460288187553143,0.9281929636001588,,,,,0.1112192073248118,-0.1359905576006315,0.1107858950854279,D0690
0.40542,0.0237888,0.00914893,10.484,2.475764528910319,0.43428921798865,0.7195130617454134,0.7667218804359436,,,,,-0.0521313690896382,-0.1371191276528778,-0.1193758691006223,D0692
1.73878,0.19772,0.00864383,9.267,0.8047279556592305,0.7937665929396948,0.6737855467303046,0.8978216409683227,,,,,-0.3819426700712866,-0.4089138137806223,1.3787856878116145,D0693
-1.80691,-0.104308,0.0199117,9.758,1.3211132367451983,1.163049880663554,1.5490119457244873,0.9930622999866804,,,,,-0.2486819532141017,0.5700428116636183,1.2060097924695583,D0694
-1.81922,-0.0773376,0.00987721,11.149,2.479674776395162,0.4383795320987701,0.7316778548832598,0.7931987226009369,,,,,0.1001269545122429,0.2233426349759633,0.2830678241007263,D0695
0.79517,-0.0165267,0.00928524,10.364,2.4742979367574054,0.4302167226870855,0.7080371297638992,0.7106732328732809,,,,,-0.0516145301095352,-0.2557136808876863,-0.4638901836297009,D0696
-0.382532,-0.117031,0.0246566,10.56,1.3844339807828268,1.2106490155061087,1.0414842757685432,1.2396619772911073,,,,,-0.0516841974950917,0.1231202013240236,-0.2061103431842639,D0697
-0.129733,0.0893209,0.0247543,9.871,1.3041430552800497,1.8694969574610392,1.0075427396544094,0.6716866230964661,,,,,-0.0440471539210611,-0.1915967675215371,0.0385896433581365,D0698
0.88562,-0.0257049,0.00589799,8.527,0.8032991270224253,0.8596556057532628,0.6301003314297775,0.953438138961792,,,,,0.0017694535768024,-0.0951436303534721,-0.1984849799628136,D0699
-1.93442,-0.0824717,0.00842717,10.987,0.8052041033903757,0.7677454133828481,0.681993351928119,0.8920356273651123,,,,,-0.0159829057389079,-0.1987647767157832,0.4010497956041945,D0700
-2.15336,-0.0513982,0.0233578,10.52,1.3769784331321715,1.174548253417015,1.4036469973366836,1.1452965575915115,,,,,0.1262647875568517,-0.3121688393848814,-0.7427033068379387,D0701
-0.792878,0.17881,0.0253724,10.853,1.3480544487635295,1.7721829911073048,1.0701274429929668,0.6621710707743963,,,,,-0.0278558698412752,0.0957823901721272,-0.2935617646435275,D0703
-2.15049,-0.0518599,0.0514807,10.201,1.3027247468630472,1.9893367052078248,0.9278822613173516,0.63505619764328,,,,,0.1207344339709684,0.326767408428247,0.5632809073358658,D0704
0.054697,0.1438,0.00967504,10.29,2.469514056046804,0.4233769039312998,0.6737967308225303,0.6783158915738264,,,,,-0.0940788895334372,-0.2664437623027678,0.0186057014288962,D0705
0.26075,0.0133266,0.0258395,9.507,1.3705538829167685,1.674554177125295,1.1379073498577907,0.6891259241104126,,,,,0.0136774196389103,0.1068512159669478,0.1927026274788659,D0706
0.0854911,-0.0582759,0.0113476,10.396,2.5119672735532124,0.4821538746356964,0.7508593294127234,0.8669771718978881,,,,,0.0404750686070458,-0.1929490388282527,0.1578721753539866,D0707
0.79288,0.21041,0.0254327,10.758,1.3733308434486389,1.648903336127599,1.154256026292669,0.7013464498519898,,,,,-0.1994504767462714,-0.538849769153207,-0.3551846058908268,D0710
-2.8119,0.0163161,0.00614752,10.296,0.8035601715246836,0.9013595084349314,0.644101960905667,0.9306977939605712,,,,,0.0339247385521886,-0.1785104712346914,-0.1131338117047562,D0711
-0.295793,-0.0603105,0.00853016,10.034,2.4930604577064512,0.462790968020757,0.7758285947914781,0.8774412348866463,,,,,-0.0163035666451541,0.0567840119953734,-0.0544106025554356,D0712
0.4717,-0.00787526,0.0373253,9.942,1.2789984782536823,1.9914695183436075,0.9178096621200956,0.6461038117607435,,,,,0.0087692949700497,0.250703192376654,-0.2775078583799768,D0714
0.71991,0.0493737,0.0359217,9.76,1.3058026711146036,1.918928720553716,0.9723394585066828,0.6536139416694641,,,,,0.0839179092268395,0.1932051636736796,0.3660679016247741,D0716
-0.521863,-0.109485,0.0209852,11.007,1.3556145707766214,1.1763708511988322,1.1973631957481647,1.1472749280929566,,,,,0.1018800302198521,0.1680619233344485,-0.972020869514381,D0717
1.07705,-0.0935306,0.00999796,10.242,2.490328315893809,0.4366386304299036,0.6863475472762667,0.7596420812606811,,,,,-0.0568838327181294,-0.3245849197908235,0.2247227058760472,D0718
0.8059,-0.0434895,0.00764105,9.221,0.802636460463206,0.853504623969396,0.6096964293512804,1.0023893189430235,,,,,0.0183494177452723,0.2704868609450664,0.1817679403175134,D0719
-0.469177,-0.0953821,0.0107508,9.409,2.4927313029766083,0.4394665787617365,0.7092654170661137,0.7405554528037707,,,,,0.0926990935609071,-0.1203457461228934,0.1138712599276914,D0721
0.53989,-0.0232317,0.00614187,10.401,0.8091031988461812,0.6719369163115819,0.7513553356302196,1.253352382183075,,,,,-0.0021245939241301,0.1954132835593366,0.1768218950383016,D0722
1.47849,-0.0892037,0.00935569,9.776,2.5127714812755584,0.4703578323125839,0.7829436649536264,0.9386179149150848,,,,,0.0310152835112132,0.043330872568142,0.2031200083292788,D0723
0.50829,0.0015523,0.0237787,11.194,1.4302196184794107,1.219005427757899,1.0778735834976725,1.253713349501292,,,,,-0.0601002662540334,-0.1247008932645936,0.0092957580418442,D0724
-0.0473481,-0.0527798,0.0197478,10.424,1.2875754316647847,1.1561686933040618,1.320058393067327,0.90130352973938,,,,,0.0193347406994038,0.0961470554109255,0.0652058051928179,D0726
-0.0476184,-0.108365,0.00590798,8.785,0.8042585869630178,0.7781970709562301,0.6465998415289254,0.9937015175819396,,,,,0.0216635888065549,0.1946630320764263,-0.3358177260888624,D0727
1.33776,0.0671661,0.0111345,9.909,2.4952675263086954,0.4536828299363454,0.6712534540686114,0.7919866418838502,,,,,-0.0439978472951126,-0.0269770028099971,0.46524958594091,D0729
-0.629617,0.22196,0.0082306,11.1,2.494899886846542,0.4608804573615392,0.780657047855443,0.8732296042144299,,,,,-0.2068727676795904,-0.5074278284706092,-0.1256925444904482,D0730
-1.66194,0.10309,0.0075942,10.441,0.8050293385982513,0.726471072435379,0.6685407829695734,1.1751871967315677,,,,,0.0600218531097624,-0.2568650372075913,-0.407961035874905,D0731
-1.75438,-0.00969573,0.0109209,10.792,2.494034206867218,0.4405267298221588,0.7060438641186418,0.7854438209533692,,,,,-0.0121238626693515,0.3518787623993669,0.0923803913465235,D0732
0.82722,0.0519975,0.0223801,10.199,1.381389892101288,1.1869196116924283,1.152479126535613,1.2074379587173465,,,,,0.0052771393552046,-0.0340914004077923,0.1577137124186265,D0733
-1.3042,0.12255,0.0110324,8.819,2.4671228428681693,0.4214471618334452,0.6509690027812431,0.6917964315414429,,,,,-0.3357783635008991,0.3576624657728611,-0.6815003955052816,D0734
-0.701307,-0.151213,0.026774,10.716,1.2999523440996803,1.8931995511054995,0.9901742267197576,0.6664352059364319,,,,,-0.0896248273003397,-0.4405892280819753,-0.896045453446277,D0735
-0.985484,0.0675899,0.0178726,10.379,1.3248818238576254,1.162256250778834,1.3981642887510102,1.0025670909881592,,,,,-0.0359087495075481,-0.1288762141486672,0.0699154828180326,D0737
-1.36381,-0.10915,0.00527218,9.145,0.8029410819212596,0.8396981169780096,0.6174626453169461,0.9928568124771118,,,,,0.1476649855123633,-0.1560912118581012,-0.0157005058063077,D0738
-1.37616,0.060585,0.028208,9.028,1.3603028774261474,1.7481963853041331,1.0805723029991676,0.6580079719424248,,,,,-0.0763405078196659,0.2655361882268356,-0.3949401626377948,D0739
0.13967,-0.080503,0.00750244,9.162,2.502535027265549,0.4789134939511617,0.7987900417426537,0.95689852659901,,,,,0.0097838104769775,-0.3353659177116841,-0.231444345532509,D0741
1.26234,0.27997,0.0272788,9.917,1.4326934774716695,1.2132634301980336,1.1414857424538711,1.257883846759796,,,,,0.0361791098768958,0.0569463521007806,-0.0400156256728223,D0742
1.42407,0.18414,0.022981,9.871,1.4386305570602418,1.2109042485555013,1.236798565963219,1.2932199193881109,,,,,-0.0116291034696293,-0.100506212725469,-0.2648571311074192,D0743
-0.819777,-0.0290127,0.0108561,9.069,2.5019810616970064,0.4668439120054245,0.6909006505176939,0.8203962862491607,,,,,-0.0075813361841597,-0.2668279110367815,0.4752836325133103,D0745
-0.305975,0.22632,0.018973,10.058,1.3375935594240824,1.165429437160492,1.3473568209286393,1.056659300327301,,,,,-0.0196993024799103,0.1896193165900729,0.0563600776731618,D0747
-1.84048,-0.0814369,0.0125142,10.229,2.506670049826304,0.4986796488364537,0.8003067805849272,1.0114944353699684,,,,,0.04074514428319,-0.0982593003724134,0.2321718083912856,D0748
0.17797,0.18404,0.0219272,10.938,1.3694581031799316,1.199822074174881,1.063600344904538,1.2239547681808471,,,,,-0.0081700769821533,-0.0638094738038386,-0.2473246854278841,D0749
-1.33999,-0.0549469,0.0446805,10.34,1.3509759505589802,1.893481175104777,0.9703534543514252,0.623801107207934,,,,,-0.0319198431397083,0.2068959308071758,-0.3076386717875721,D0750
0.24962,-0.00655427,0.00951773,8.853,2.503756050268809,0.489460344115893,0.7967288864069971,0.9896713408331076,,,,,0.0613695960562176,0.4881217917585755,0.2845810490252916,D0751
-1.20127,0.0660461,0.0191274,9.271,1.3552222847938538,1.170558355251948,1.294266320508102,1.1166974353790282,,,,,-0.0547607848350179,0.0877272992265987,-0.0203953132513561,D0752
1.36549,-0.0597622,0.00601562,10.606,2.506897634267807,0.4813592861096064,0.8100436679248152,0.9720901797215143,,,,,-0.0577080427749648,-0.2664482983073279,-0.6692773775430396,D0753
-0.23613,-0.0422529,0.00831474,10.474,2.4987715164820354,0.4760026435057322,0.7887517234374737,1.0234860622882842,,,,,0.0239856308454724,-0.0651720594169694,-0.0737491574036539,D0754
1.159,0.030673,0.00707423,9.59,2.5137825846672057,0.4695874611536662,0.8027165264918886,0.9782685124874116,,,,,-0.0152259793080701,0.0740962156599174,-0.1776403662370285,D0755
1.44628,0.21522,0.019198,11.061,1.3173232714335124,1.163760765393575,1.5862035977429356,0.9682083344459532,,,,,-0.1965080920471254,-0.2029876337138476,-0.0101114763019722,D0756
-2.48357,0.0500835,0.0172724,9.716,1.316674554347992,1.159386839469274,1.3792950880938564,0.9800848531723022,,,,,0.0222290248728273,0.2737585089788727,-0.1200729831180069,D0757
-0.183686,-0.076459,0.0272214,10.663,1.356472198168437,1.7521733184655508,1.08112436327441,0.661240982512633,,,,,-0.0229816648160502,0.0318638642565791,-0.3735271077748621,D0758
-2.4662,-0.0171505,0.0189898,10.998,1.296886928876241,1.158969634771347,1.253994092859071,0.9499628154131082,,,,,-0.0706405676299192,0.178248193316751,-0.1043946634454187,D0759
0.96456,0.16898,0.016724,9.599,1.29947061141332,1.1569349189599356,1.39754495332981,0.922294692993164,,,,,-0.0197209654028757,0.1213578083613732,0.0090905501201632,D0760
-0.317142,0.0753453,0.00738753,9.859,2.502036414543788,0.4818035066127777,0.7957866397397272,0.9653678213556608,,,,,-0.0328920553382794,-0.3407754593415846,0.0697960255929501,D0761
-1.79545,0.00368952,0.00721689,10.876,2.488048626979192,0.4648230046033859,0.7590874402687467,0.8750755600631237,,,,,0.018262584692049,0.0003830804315476,-0.3264143104024697,D0762
-0.92939,-0.070907,0.0235256,9.159,1.338447900613149,1.1835069199403128,1.1029860233438429,1.170057737827301,,,,,0.087991695656532,0.0330513321362491,0.0204545622473233,D0763
-2.49777,0.23869,0.00782315,8.771,0.8053646047910055,0.7580383360385895,0.6823912036829981,0.8986443948745727,,,,,-0.1848556874991571,0.8060628701633148,-0.4975023090737522,D0764
0.0295922,0.0448887,0.00755411,9.911,0.8042853474617004,0.8178886810938517,0.6585726254972918,0.918200979232788,,,,,0.008150190557053,0.064583827472933,-0.2827156669009127,D0765
-1.56657,0.0652069,0.00505398,10.491,0.8059529999891917,0.7116057336330414,0.686070925202863,1.220074400305748,,,,,-0.0063255144776408,0.1644123418725251,0.1658498460237751,D0766
-0.381026,0.10015,0.0195342,10.671,1.3627950549125671,1.173450917005539,1.2656074803451012,1.1416018199920654,,,,,0.0153984804645887,-0.0867248946306534,-0.2609722694687661,D0767
1.22852,0.0732464,0.0210116,9.288,1.39668919245402,1.183192989230156,1.3429725560648689,1.1972092481759875,,,,,-0.0535149760726356,-0.0673632721045942,0.1638374132962781,D0768
1.122,-0.0460104,0.0104463,9.074,2.515188586711884,0.4801465441783269,0.7798565585037758,0.8656542164584001,,,,,0.0292175244097602,-0.0205005151584951,0.4389564839075319,D0769
0.32334,-0.0939735,0.0201478,9.352,1.4010105768839518,1.2113773266474406,1.0491549023266495,1.2600937485694883,,,,,-0.050103562992027,-0.2007561151515799,-0.0437269241447211,D0770
-0.925504,0.00822876,0.00644895,11.217,2.506042104959488,0.4717737426360448,0.8097598532150532,0.9341330664853256,,,,,-0.0245331674164828,-0.0125625319180749,-0.2107237789023202,D0771
-0.118913,-0.0478068,0.0257607,10.49,1.3820025126139324,1.6225234746932984,1.1647889069442092,0.7029196238517761,,,,,0.0176985385967492,-0.5317328690394355,-0.1009969781516701,D0772
1.70828,0.0618307,0.0224875,9.879,1.4211135705312092,1.204283477862676,1.159034720782576,1.2469657897949218,,,,,-0.0686185427514144,-0.7776893757014993,-0.8379665960383136,D0773
0.31709,-0.00811881,0.00830821,9.18,2.5130265335241955,0.469367715716362,0.79075609198932,0.953907446861267,,,,,0.0386928949430111,0.125266062750701,0.090246485066018,D0774
-0.569016,0.10315,0.0224591,9.039,1.367048716545105,1.1847406764825186,1.1361477909416988,1.1883718991279602,,,,,-0.3316695447099156,-0.7311930544192546,-1.4585189606586937,D0775
-0.886225,-0.0372056,0.00846066,11.224,2.4991167724132537,0.4472830832004547,0.7186110656836937,0.8171415734291076,,,,,-0.1097071258635894,-0.3908914557967102,-0.3207750187502824,D0776
-0.932117,-0.0667023,0.0229397,10.744,1.4020386576652526,1.238061136007309,1.007986633942045,1.2109428119659424,,,,,0.0351249610057523,-0.0550127504461492,0.1579912715824321,D0777
-0.281346,0.0420311,0.00826245,10.589,2.5132433394591014,0.4697160124778747,0.7924754948451601,0.9568599700927736,,,,,0.008936236756852,0.0515832959099294,-0.200263408885803,D0778
-1.34074,0.21002,0.0642314,10.733,1.3038118362426758,2.0302217503388724,0.9185755776947944,0.6501217985153198,,,,,0.0782677384308597,0.3713873991986707,-1.821968514144828,D0779
-1.66416,-0.11125,0.00960067,10.102,2.4781624416510266,0.4389070709546407,0.7314503747841408,0.794234231710434,,,,,0.0349500369181169,-0.1000189453303113,-0.3170241029074532,D0780
2.50183,0.0332683,0.0182559,10.254,1.281731112798055,1.1582530677318572,1.35155935945182,0.8693135690689087,,,,,-0.0640290027936243,-0.2237165740482112,-0.3296640039989142,D0781
1.05492,-0.0404578,0.0177152,9.902,1.3019068678220114,1.1579674939314524,1.266967911144783,0.973749339580536,,,,,-0.0153059110751149,-0.1236958744104786,-0.3040914469311246,D0782
-0.915967,0.10176,0.0182578,10.365,1.2890857537587483,1.157881397008896,1.43384214721877,0.8910555963714918,,,,,-0.0610497258163387,-0.0560648474738807,-0.4148702561215032,D0783
-2.32777,-0.0969835,0.00613031,11.051,0.8032594601313273,0.867026948928833,0.6285460036376427,0.9541335606575012,,,,,0.091771946336171,0.4802945296792011,0.2704980330745457,D0784
-1.04013,-0.0779955,0.0120231,9.831,2.501503030459086,0.4597974916299184,0.6989810569532986,0.823843857049942,,,,,-0.0008471550245668,-0.1909976954640786,0.0516880601717275,D0786
0.0235803,-0.0132026,0.0175244,10.739,1.3121011058489482,1.1617036044597626,1.234555061521201,1.0066685997522795,,,,,0.0134146747857123,0.2253302603948823,0.1546542435680749,D0788
0.47749,-0.0174634,0.0079695,8.828,0.8024258375167846,0.8873884588479996,0.6038769093053095,1.0005837512016296,,,,,0.004992012515311,-0.0327562509152449,-0.0349184425649582,D0789
0.78417,0.0912278,0.0227393,10.158,1.4195197343826294,1.2036959141492845,1.1551461178680946,1.2435063052177429,,,,,-0.2631794272803155,0.3181287969829116,-0.6333283859494259,D0790
0.83336,-0.0192289,0.0180373,8.904,1.2720893740653991,1.1624751329421996,1.4672268485200817,0.8302059223254522,,,,,-0.061813004839984,-0.0277629480322219,0.1354683386525721,D0791
-1.22849,-0.00389618,0.0249689,10.995,1.4005019426345826,1.2001418828964234,1.0976697062623912,1.2579097052415211,,,,,0.0280208003536767,0.0425296488285205,-0.052901590737747,D0792
1.09872,-0.118758,0.0232994,9.313,1.3855115493138632,1.2047567069530487,1.0556488078216026,1.261737031241258,,,,,-0.0225673564324742,-0.1829174843668514,0.1299390072163078,D0793
0.52436,0.12675,0.00683218,9.729,0.8032030085722606,0.762432316939036,0.6344609866882193,1.1027009057998658,,,,,-0.0453566202275486,-0.2767451842848422,-0.1850901281504775,D0794
2.64605,0.0874777,0.00673702,10.781,0.8064525981744131,0.7107999910910924,0.6930035044407022,1.0282485818862914,,,,,-0.1981172509190944,-0.7353029027411544,-1.8288499489644887,D0796
-0.278971,0.0470457,0.0208854,10.622,1.371796989440918,1.1964595894018808,1.0728365717263058,1.2452482705314951,,,,,0.0407822509189806,-0.2010195914533021,-0.0718951414601178,D0797
-0.993896,-0.00879533,0.00593418,10.884,0.8064689616362254,0.7053494532903035,0.702610155631756,1.2750086709856987,,,,,0.0024176240308815,-0.0621361750158288,-0.1553715143018053,D0798
1.30321,-0.0760811,0.0202541,9.505,1.3689870754877729,1.1744649211565654,1.3299522893182163,1.1701121454437573,,,,,0.0297617821566403,-0.0870062003625604,-0.1383814322252874,D0799
0.000640807,0.0278784,0.0107412,10.521,2.451429792245229,0.4144103070100148,0.6464458817038042,0.6553776959578196,,,,,0.0210175226655939,-0.0285875662900341,0.1408687820803607,D0800
1.00747,0.00608607,0.022919,10.962,1.4125606497128804,1.200978950659434,1.1434199337301585,1.2352800369262695,,,,,-0.0337106615789049,-0.1734531080357831,-0.130903497323743,D0801
0.20062,0.0587931,0.00849727,10.019,2.523342941204707,0.4933498273293177,0.8533277295786759,0.9945609035591284,,,,,0.0282739888808148,0.0648007571717905,0.0938700144688482,D0802
-0.734935,0.087853,0.00447985,10.902,0.8077568689982096,0.6923134952783585,0.7293096873266943,1.318548448383808,,,,,-0.184613681788745,-0.255454462389583,-0.0194281001458875,D0803
-2.08271,-0.055948,0.0560748,9.848,1.3728628118832906,1.8671706636746723,0.9867409858210332,0.6216866299510002,,,,,0.0237465532299807,-0.108795240644449,-0.1077422534144716,D0804
0.86808,0.0730868,0.0211463,10.901,1.3666015982627868,1.1735605905453363,1.353068368188266,1.1612010474006336,,,,,0.0176704332282364,0.190797967210053,0.0735404469960485,D0805
0.88524,-0.0571472,0.0208219,10.997,1.339394251505534,1.1660678784052532,1.4648735872630416,1.064617780347665,,,,,-0.0875704619984799,0.1464351013333151,-0.5226912903381162,D0806
-0.911487,-0.0708893,0.00481274,10.25,0.8076308170954386,0.693470894296964,0.72632530228845,1.3140761405229568,,,,,0.0787078840502231,0.1601888484122443,-0.5338615221262444,D0807
0.25671,-0.0378582,0.00569929,9.35,0.8050118525822957,0.7253780096769333,0.6757946867367317,1.203142077922821,,,,,0.0033581655786418,-0.3764021368382165,-0.0108665857987944,D0808
0.72644,0.00486605,0.00965176,9.138,2.5126866082350414,0.4783932616313298,0.762290994668829,0.8892941856384278,,,,,-0.0039941295570513,-0.0337967242054384,-0.0854483075308962,D0809
0.97761,0.12199,0.00624757,10.323,0.8043205519517262,0.8039797325929006,0.655799403272826,0.9290240955352784,,,,,-0.0393228373092873,-0.1853730402606709,0.0730701650245464,D0810
-1.22206,0.055778,0.0233474,10.595,1.3978788654009502,1.1854272693395616,1.2903564387354358,1.222661406993866,,,,,-0.0926899499003982,-0.61050714522193,0.0237646981113357,D0811
-1.03396,0.0770149,0.010051,10.328,2.507707196474075,0.4566945095856984,0.7626008627743557,0.8371240235865116,,,,,-0.0907312958626278,-0.3946452906886657,-0.1415721742960158,D0812
-0.448441,0.0142892,0.0118158,10.857,2.47984478076299,0.4296467800935109,0.6646916784089187,0.7249227488040924,,,,,-0.0181867248017523,0.2242337740119797,-0.4062069986175629,D0813
-0.0320242,0.0688666,0.0371959,10.454,1.318540918827057,1.9008956909179688,0.9824143237081068,0.6489069652557373,,,,,0.0425585843115729,0.0209676042934836,0.0326417043834226,D0814
0.92256,0.18575,0.0203155,9.513,1.3514442841211955,1.1693950752417246,1.3932544527382686,1.1096594880024593,,,,,-0.0372306092372826,-0.009493253563607,0.1766659792338032,D0815
-0.32576,0.0809144,0.0239287,10.684,1.3040887792905171,1.863669902086258,1.0116218698435815,0.6741526484489441,,,,,0.0116970994421164,-0.1104981512279452,0.1918564079969655,D0816
-1.10682,0.0808058,0.0102235,10.823,2.511121445894241,0.4656591276327769,0.779251334996059,0.8686662937204043,,,,,0.0766322936024376,-0.1194878381629105,-0.0182305983034893,D0817
2.47136,0.18454,0.00989366,9.868,2.486894901593526,0.4350754012664159,0.7145506431316507,0.7291848870615164,,,,,-0.3682596703929857,0.4772838285826655,-0.1814490634205867,D0818
0.32582,-0.086506,0.0177774,9.209,1.3109649658203124,1.1571794271469116,1.350211466180867,0.9720196652412416,,,,,-0.023601767618426,-0.2409134538724414,-0.0322017182115814,D0819
-0.714994,0.0234342,0.00587587,10.772,0.8040371040503184,0.7670461763938268,0.6422422199413694,1.0442747855186465,,,,,0.028114512697181,0.0856291000043706,-0.1497404350811848,D0820
-1.54066,-0.059253,0.0202789,10.799,1.32975332736969,1.1642097373803455,1.509001779145208,1.0279570768276851,,,,,-0.0563319519333145,0.0438435257950771,-0.0425369794975267,D0821
0.14895,-0.0528115,0.0199024,10.172,1.3315560936927795,1.1646421253681185,1.4702399558034436,1.0365021402637165,,,,,0.0183116826409622,-0.1400379332738827,0.1085601730737835,D0822
0.86399,-0.0230375,0.00674141,10.114,0.8075679163138072,0.6886366585890452,0.7156949731810339,1.1944039463996887,,,,,-0.0267329435066952,0.0299013506123568,-0.2245698596962029,D0823
1.82664,0.24695,0.0061208,8.815,0.8038898746172587,0.8858604997396469,0.6583277757825523,0.9155927562713624,,,,,-0.5133172263106869,-0.842264435906034,0.0131978112476645,D0824
-0.395016,-0.107984,0.0115207,9.083,2.5073650002479555,0.476322724421819,0.7237586635967781,0.8457355344295502,,,,,0.0377161177987961,-0.0909515914171023,-0.2922547887210385,D0825
1.54307,0.0349691,0.00708569,9.545,0.8086209019025167,0.6713066826264064,0.7421246417637529,1.103466773033142,,,,,0.001269970667033,-0.0287095935822823,0.0807733573965379,D0827
1.86437,0.14892,0.0258941,10.81,1.33323415517807,1.7597820301850635,1.0868542841796218,0.6925594663619995,,,,,-0.2287847900199824,-0.6537331935557475,-0.95330855075008,D0828
-1.33099,0.0333179,0.0164194,9.269,1.2967585682868958,1.157432113091151,1.4272356896564875,0.907845208644867,,,,,0.0808491632219784,0.3051089947058512,0.1433963364033843,D0829
0.82199,0.12633,0.00581244,10.579,0.8077775736649832,0.6859720885753632,0.7201357432480516,1.1990892386436462,,,,,-0.1089063674583927,-0.1615716180717014,0.4610557191481348,D0831
0.10504,0.24184,0.00734997,10.287,0.8031692365805309,0.944596215089162,0.6243999764837068,0.962513952255249,,,,,-0.0499427853723412,0.1845604178400668,0.0897919940616702,D0832
-1.56902,-0.147791,0.00747969,10.547,0.8042954742908478,0.8570084909598032,0.6753493701589519,0.8973634791374206,,,,,0.0459029145372505,0.3571316984263386,-0.0437074601504718,D0833
-0.107618,0.057977,0.00957053,10.74,2.5203072369098662,0.4884216398000717,0.8087729287558588,0.8901139311492443,,,,,0.026784592599551,0.1040836009395229,0.25409451694577,D0834
0.20819,-0.154289,0.0203472,8.804,1.3738725384076436,1.1761887550354004,1.280011016747047,1.1669512605667114,,,,,0.0163193063984222,-0.2399399202469624,-0.1753842029647785,D0835
-2.49875,-0.0411978,0.00986358,10.702,2.4787481983502704,0.4294044901927312,0.6515547746214373,0.7183292901515961,,,,,0.1110022452572636,-0.0390738255633533,0.5433288132044254,D0836
-1.56573,0.0612453,0.00735447,10.854,2.504233944416046,0.4785502562920252,0.8037582728369482,0.9592507469157378,,,,,-0.0475539363180624,-0.0474147322489473,-0.0626897403781185,D0837
-0.779949,-0.0542267,0.0261652,9.499,1.3668956557909648,1.6516880691051483,1.153552433540081,0.7110055875778198,,,,,-0.0154272025590263,0.1855222751914007,-0.3466965688130585,D0838
2.47621,0.27329,0.0207147,10.959,1.3405322790145875,1.1666133920351665,1.4432499162082015,1.0697430397073429,,,,,0.0093906672881797,-0.3610063461587205,0.0969922482036054,D0839
-1.59237,-0.2192,0.0179747,11.221,1.2741054932276408,1.1621849854787192,1.354792964869532,0.8373700737953186,,,,,0.0165552044801545,-0.1811989604130637,-0.319092524703592,D0840
-1.23585,0.18673,0.0165401,9.606,1.3143779555956523,1.1578432281812032,1.3428442663159863,0.9843232822418212,,,,,-0.3498950809242427,-0.6303277506654421,0.4643298641749425,D0843
0.0341052,-0.111556,0.0103313,8.834,2.4638578474521635,0.4194311847289403,0.651394201763745,0.6859722459316253,,,,,-0.0127809624551794,0.208347574838122,-0.6924918596996577,D0844
0.29027,-0.0930422,0.0177631,9.927,1.297429267565409,1.157770977417628,1.4718175592093632,0.9171948085228602,,,,,0.0407389323285512,-0.0306080554080518,-0.2175672000958002,D0845
0.0498047,0.21294,0.0222686,10.537,1.3563589096069335,1.1859508494536082,1.107950409938549,1.2120089183251064,,,,,-0.089981902713758,0.0461023279345304,-0.4348563083185581,D0846
-0.987713,0.0856928,0.0227302,9.836,1.3587905526161197,1.1798508763313291,1.1657571381536025,1.1642237663269044,,,,,-0.0082260850170624,-0.0196462995891625,0.0315570134116569,D0847
2.27277,0.16115,0.00562198,9.339,0.8090821345647176,0.6729468047618866,0.7511122391141695,1.2628813886642456,,,,,-0.0643213808843913,-0.6243654418281683,-0.1813779474177863,D0848
-1.29966,-0.0732847,0.0185706,9.93,1.2719133416811623,1.1632737418015795,1.434639554599236,0.8277812128265699,,,,,0.0660210608561722,0.1300020193150088,-0.091362807987025,D0849
0.82635,0.15337,0.00509534,10.737,0.8045547366142273,0.7750841399033864,0.6553295449963932,0.9655941724777222,,,,,-0.0101570906564891,0.2001637049024568,0.3363818284415174,D0850
-0.972978,0.20098,0.00628209,10.794,0.803795846303304,0.7759518732627233,0.6373181990508375,1.0367587757110597,,,,,-0.0181558312409048,-0.0942700659880159,-0.1299989461113,D0851
-0.179469,-0.0929033,0.0652721,10.586,1.3109477678934731,2.047431417306264,0.9343480745266224,0.6577773571014405,,,,,0.0982261996370274,0.3548956137000303,0.174403970973799,D0852
-2.24754,-0.202876,0.00616304,10.964,0.8037958423296611,0.8679834395647049,0.6492993071161467,0.9245447945594788,,,,,0.2340949372993672,-1.1172866502865233,-0.4003269102031481,D0853
-0.0639201,0.0160276,0.0266225,10.411,1.2966290553410849,1.8979985376199089,0.9860677883542818,0.6675891947746276,,,,,0.0395678928990141,0.1944984452761121,0.2482883859338471,D0854
-1.86805,0.0231195,0.027498,10.841,1.339907662073771,1.7035821795463562,1.1257195082204094,0.7234642767906189,,,,,-0.0400748165612744,-0.0566595975282224,0.0602236485865432,D0855
1.41564,0.035372,0.00828394,9.997,2.476001807053884,0.4296582867701848,0.7053544305521866,0.7080285549163818,,,,,,,,D0856
-0.400399,-0.0100103,0.0191974,10.475,1.3354663570721943,1.1666074613730113,1.2674077214865849,1.0734611988067626,,,,,0.0124594671784965,0.0618582131143505,-0.0087870363422553,D0857
1.88779,0.1575,0.0179268,10.502,1.2985362609227498,1.1580861826737725,1.2649186130227714,0.963111081123352,,,,,-0.0079261525390021,0.0094552758748942,-0.1447243476723088,D0858
-0.400405,-0.00601749,0.0178791,10.712,1.3013744751612346,1.1579574346542358,1.4484092099913235,0.9322871069113412,,,,,0.0837750065926282,-0.0186005850339929,-0.2870922985312063,D0859
-1.29661,0.00405231,0.00825917,10.861,2.491121019919713,0.4558125962813695,0.7681711644961916,0.842969416330258,,,,,-0.0570940001120944,0.1199078778799613,-0.0308911571628414,D0860
1.44592,0.12002,0.0291673,10.026,1.453472908337911,1.2289444108804066,1.1388486356570804,1.2954962015151978,,,,,-0.1201884245689383,-0.1879477903288247,-0.5715800533362199,D0861
0.6147,-0.127607,0.00714853,10.006,0.8043747842311859,0.7441135466098785,0.6523164993730085,1.1214257056514425,,,,,0.093341481119197,0.1477020199089604,0.4261054574162699,D0862
0.83961,0.21122,0.00991965,10.364,2.487304915984472,0.4346528102954228,0.7006524379911094,0.7197988492747148,,,,,-0.0263559890096836,0.0606934124204496,0.4072352443254203,D0863
1.13601,-0.0217282,0.00679642,10.872,0.8043721278508504,0.7468618233998616,0.6511938767186527,1.0914162182807925,,,,,-0.1053117887514764,-0.1885880832936252,-0.4196182139567099,D0864
0.36751,0.13077,0.00720273,11.297,0.8065895338853201,0.7051557113726934,0.710824720818421,1.2910418411095936,,,,,-0.0337534754943314,-0.3878521295555258,-0.2019899005026673,D0865
-0.601008,-0.0771089,0.0237252,10.317,1.419610087076823,1.2154948035875957,1.06080338667179,1.2469079047441485,,,,,0.0323346227279474,0.1077581670580424,-0.3529393239296041,D0866
0.39625,0.00175791,0.0239109,10.349,1.4035253206888834,1.1837352255980174,1.3710498398747937,1.2337389969825745,,,,,-0.0595727914870883,-0.0275059601832887,0.217342356176232,D0867
0.75502,0.0486421,0.00888239,10.36,0.8027477204799652,0.8970936914285024,0.6117742030785002,0.9812781834602357,,,,,-0.0815290427756361,0.067921051538639,0.0959442417006357,D0868
-1.37179,0.0918648,0.00907722,11.034,2.516621438662211,0.4801454136768976,0.7934324988003435,0.8843042813241482,,,,,-0.127222910417534,-0.1641024189630111,-0.2175229824133566,D0869
0.0113624,-0.0194347,0.0202569,10.813,1.4181005676587424,1.1914368798335393,1.3350839573761513,1.2670703172683715,,,,,0.0161290545959597,-0.0863263953299749,-0.2252394906172412,D0870
-1.21309,-0.0674435,0.023996,10.075,1.4236021717389424,1.2012324581543603,1.2301585016579464,1.2749305939674378,,,,,0.0023626848502121,-0.0701269658871888,-0.3409135516994865,D0871
0.24594,0.24368,0.0215726,9.942,1.4290637016296386,1.203498383363088,1.2599630376388289,1.2719022723344655,,,,,-0.0114803040449456,-0.0846336984103843,-0.0112052427357411,D0872
1.72541,0.0683947,0.0116658,10.837,2.4957482278347016,0.4425955653190613,0.7055780784837131,0.7917084419727325,,,,,-0.0491840027401317,-0.2180468979664289,0.1189108773542102,D0873
0.24753,0.0953161,0.0213759,10.084,1.3710405429204304,1.1824011603991191,1.169914058570204,1.1846367979049683,,,,,-0.0077127346217701,-0.0719374533013012,0.0811278418186702,D0874
-1.22229,0.0304235,0.00966781,10.862,2.490729051828384,0.4385527988274892,0.7215721843571499,0.744767390191555,,,,,0.017981392237884,0.0551805246605459,-0.1546598857530625,D0875
0.82467,-0.0618699,0.0231874,9.422,1.3756714661916096,1.189268070459366,1.1164132726603542,1.2318078602353733,,,,,0.0184289272362271,-0.1391533115881537,0.0408432652257033,D0876
-1.02362,0.0215642,0.0276509,10.682,1.380342225233714,1.6707738876342773,1.1267063422449703,0.6744309496879578,,,,,0.0392003371605701,-0.2514582341387412,-0.1381991252274019,D0877
-0.858076,0.083685,0.0534661,10.844,1.300939416885376,1.996319482723872,0.9243823700937732,0.6352894604206085,,,,,-0.11530294043265,-0.1930964275591825,0.1783024836040567,D0878
1.3302,-0.000261853,0.0262734,10.41,1.4221118370691934,1.2424211700757344,1.0144032815407062,1.1784370255470276,,,,,-0.0313539008391045,-0.0347290126090653,-0.0871834935751394,D0879
0.1975,0.0375464,0.0336065,9.683,1.3765830636024474,1.7381521125634511,1.0563199951730926,0.6408373316129049,,,,,0.1415243505752121,-0.2779826877533511,0.1261138185436721,D0880
-1.99177,-0.0494812,0.0205431,10.907,1.352897051970164,1.1699839373429617,1.339008750586674,1.1018798351287842,,,,,-0.0415498600267545,-0.2168964014302365,-0.1777861539885634,D0881
0.0545861,0.19243,0.00649278,9.168,0.8058391153812409,0.7322004119555156,0.6838588252149779,0.9551493501663209,,,,,0.0624495146081852,0.1540982670707336,0.1865977377310628,D0883
-0.890886,-0.141047,0.0207913,10.746,1.3472132603327434,1.1683952232201895,1.345857209172742,1.0849346351623534,,,,,0.1020872328666198,0.1425891231609007,-0.2464482242212398,D0884
-0.0181945,-0.000951417,0.0091629,9.678,2.507817327976227,0.4612087219953537,0.7514359899635973,0.8301454248527685,,,,,0.0790043020025634,0.3464329455647872,0.1174001882536686,D0885
-0.173052,-0.0399021,0.0483208,9.178,1.2546420653661092,2.128085803985596,0.852049413426169,0.6688807964324951,,,,,-0.0359058364093103,-0.2970116304420352,-0.0045014268325758,D0886
0.73603,0.00909263,0.0220585,9.453,1.3340813875198363,1.1735095500946044,1.1621080308124936,1.138641742368539,,,,,0.0149278223346801,0.1766058769151461,-0.0907289707974996,D0887
-1.12004,0.10934,0.00876066,10.273,2.48047728339831,0.4302357792854309,0.6976944136208502,0.7059791299204031,,,,,-0.0145843262834513,0.1208464409635501,0.4471434185761609,D0888
0.60588,0.26906,0.00694968,10.949,0.8063573042551676,0.7159284164508184,0.6924269651544506,0.9877268195152282,,,,,-0.0201438589608945,-0.232361125831401,-0.1736082398274447,D0889
1.05627,0.0212499,0.0113633,10.3,2.493663362661997,0.4667763183514277,0.7764848861201056,0.8940659972528616,,,,,-0.0052337928412922,-0.2564409923685903,0.4201077198376879,D0890
0.23512,0.0228077,0.00756367,10.863,0.8042805155118307,0.8581326226393382,0.6746521972376724,0.8981199049949646,,,,,0.0117003248991255,-0.2942666236228094,-0.2742086584767094,D0891
-0.275056,-0.0985482,0.00635385,9.46,0.8039626002311706,0.86760060886542,0.6573433691057665,0.9156662487983704,,,,,0.0445844719022206,0.0572755743262893,0.0724654314763029,D0892
-1.97293,0.0641483,0.00987451,10.975,2.4921799341837567,0.4397053251663844,0.7217674245094431,0.748603260765473,,,,,0.0051000201860231,-0.0840471841546743,0.0874925017196801,D0893
-0.118116,0.0706909,0.0101886,9.932,2.506345045566559,0.4681939909855525,0.7235173952990565,0.8521548354625702,,,,,-0.0186022369124359,-0.2088900516766091,-0.3648438160089426,D0894
-0.3388,0.18136,0.0214238,10.719,1.4382970770200094,1.2296083450317383,1.0477600899235957,1.233075737953186,,,,,0.0028880961189167,-0.0364536615437425,-0.0377740068070124,D0895
-1.0286,0.0648194,0.00611835,10.629,0.8038459718227386,0.8658229738473893,0.651113546100156,0.922538447380066,,,,,0.0300367305326586,-0.3393103200771055,-0.0670906690866104,D0896
-0.392496,-0.106224,0.00692957,8.939,2.5055491010348003,0.4568667232990265,0.7809167103520755,0.8541115298867226,,,,,-0.0843120119708606,-0.4958428698067873,-0.6146783855074318,D0897
-2.02112,-0.164877,0.0233356,10.737,1.3973458925882976,1.182029700279236,1.369868950597171,1.1987252074938557,,,,,0.0727700798090207,-0.0007167097723765,-0.4130534621654078,D0898
-0.450982,-0.0335647,0.00827576,9.653,2.489132769902547,0.4521867424249649,0.7630804294142229,0.8889481317996979,,,,,3.07979002610731e-05,0.2005948682506447,0.1385209540458163,D0899
-0.569442,0.00251476,0.00649346,9.099,0.8043065329392751,0.7831883231798807,0.6487097822386643,0.974239706993103,,,,,-0.0033529508902856,0.119781338290713,-0.4359311279840767,D0900
-1.64278,-0.0159389,0.00974937,8.984,2.503798053661982,0.4560293972492218,0.7280504939884975,0.84866539478302,,,,,0.0412763326779732,-0.1581684576548523,-0.0902359266256098,D0901
-0.123008,0.0419136,0.00745037,10.696,0.8044907728830973,0.8055883040030797,0.6648576352103003,0.910819013118744,,,,,-0.077641885445327,0.1325435839718078,-0.2820406325627118,D0902
2.07608,0.0819817,0.0072505,9.819,0.8043626248836517,0.7447543621063233,0.6519486195054548,1.1188547412554424,,,,,-0.0216665693933578,-0.2418891855354357,-0.1564348417232395,D0903
1.45998,-0.00271897,0.0337127,9.949,1.4190794984499613,1.237758986155192,1.0167904619512886,1.1901735591888427,,,,,-0.0350808172201167,-0.1808066663675545,-0.2255956944645731,D0904
-2.05364,-0.0769611,0.0264916,10.699,1.4703169107437133,1.2362738221883771,1.1549835842231224,1.2820246334259326,,,,,-0.1110534221694564,0.3052747122805248,0.2346161262903479,D0905
0.65469,-0.0683214,0.00795172,9.61,0.8055864016215006,0.7518534739812215,0.688478061865116,0.8877166295051575,,,,,-0.0715863897426391,-0.0185178572197495,0.1157072052592411,D0906
1.24954,-0.0435569,0.00790833,9.04,2.5044043004512786,0.456966503461202,0.7840863661519413,0.9317145669460296,,,,,-0.0778388740830419,-0.0357811561129799,-0.1748965026781661,D0907
-0.933544,0.25977,0.00701461,10.431,0.8045468926429749,0.7561842898527781,0.6524225853640457,1.0357439780235291,,,,,-0.0271013046975962,0.4769372400884594,0.7332605176779907,D0908
-0.554886,-0.0496401,0.0267251,10.472,1.4582088589668274,1.2301040768623352,1.1634954810142517,1.312829496860504,,,,,0.1364331333899663,-0.1551415179406237,-0.1299104329373221,D0909
0.7752,-0.0271516,0.0240359,8.906,1.3479118863741557,1.2159651537736258,1.0272139351943443,1.230209057331085,,,,,0.0046883948045093,-0.2067998610139738,0.0351941964981961,D0910
-0.987819,-0.0354296,0.0222437,10.82,1.3969044923782348,1.216495188077291,1.0352139041341584,1.2382384181022643,,,,,0.0190519412854026,-0.025012269217886,0.1612716553572681,D0911
-0.44883,0.10333,0.0277921,9.903,1.3748640656471252,1.6946146130561828,1.1122423030179125,0.6686482381820679,,,,,0.0309777327248396,0.2759454389199818,0.2933310090011218,D0912
0.74802,0.13817,0.00622549,8.957,2.508422243595123,0.4770702272653579,0.815476034221978,0.9589657634496688,,,,,0.0188926652486567,0.0414641882218401,-0.1706078800634713,D0913
0.42841,-0.0345997,0.0296117,9.393,1.3669206062952677,1.733107507228851,1.0845516015743386,0.6589946937561035,,,,,-0.0079415403744309,0.1254676969878093,-0.0377828952259733,D0914
0.93287,0.15634,0.00994968,9.221,2.4867507417996726,0.4342744211355845,0.7005507534947889,0.7185844307144483,,,,,0.0487365471732369,0.0722147439935337,-0.2304235293049714,D0915
0.67468,0.0100678,0.00534786,10.209,0.8077278594175975,0.6930950731039047,0.7298413402047651,1.3206314767400424,,,,,0.0227262678484878,0.0878739088312549,0.0756602019318961,D0916
-0.163466,-0.0748669,0.00533596,10.127,0.8061401208241781,0.7085840930541356,0.6879570165584827,1.1696712803840636,,,,,0.0559269953474439,0.4036301713367392,0.2910128958246787,D0917
-0.357042,0.0346865,0.0118108,10.064,2.502491035064061,0.4569297085205714,0.7134189574882902,0.8354188942909241,,,,,0.0112391219321802,0.1875802784125227,0.3042719244258478,D0918
-0.872766,-0.0299929,0.011949,9.635,2.477634795506795,0.428107820947965,0.6820217175730343,0.7246922707557678,,,,,0.0919570015947599,-0.147674428019488,-0.17126173775614,D0919
-1.48291,0.0550444,0.0118681,10.392,2.4799147725105284,0.4295955171187718,0.6751170343366163,0.7285765874385833,,,,,0.0276226811236307,0.0533408093616596,-0.2554876320791663,D0920
0.78166,0.00430221,0.00554037,9.262,0.8034085631370544,0.878690646092097,0.6351504408080002,0.9421552109718324,,,,,0.045204143471351,0.0436772482703795,0.0634810649862629,D0921
0.1018,0.0651562,0.0229929,9.871,1.4016728242238363,1.1871099342902502,1.2934297179353649,1.231424081325531,,,,,0.0513640370573414,0.0070975153118491,0.0831593100447207,D0922
-0.503695,0.0136117,0.00821935,9.781,2.521574193239212,0.4872065325578054,0.8328965994818457,0.9307219410936036,,,,,0.0831018788669429,-0.0475043335850451,0.0818313662966829,D0923
0.37299,-0.103953,0.0509963,10.846,1.3457159280776978,1.928228791554769,0.9615911317282708,0.6242619479695956,,,,,0.0431186023245198,-0.2084916223760086,-0.272818987366918,D0924
-1.25821,0.16658,0.0299596,9.955,1.360023057460785,1.7668274462223053,1.0620842185513726,0.6492620979746183,,,,,-0.0081698727719478,-0.0775440935095583,0.3102649861903046,D0925
-0.146582,-0.0106186,0.0067187,10.285,2.492075103521347,0.4443812390168508,0.7511822242161323,0.8383565378189087,,,,,0.0071507878695139,-0.1084616230476325,0.3191563556683832,D0926
-1.67579,0.0545915,0.0238322,10.768,1.371284087498983,1.2184230625629424,1.024305201809982,1.2357994866371156,,,,,-0.0199701458963131,0.0884809523560559,-0.0138180636058677,D0927
0.47606,-0.206372,0.012212,10.787,2.461254471540451,0.4178973505894343,0.6307863603378164,0.6773244619369507,,,,,0.1088022855008926,0.2599726232080726,-0.6314629545377102,D0928
-0.757471,0.0216503,0.0238969,10.486,1.3846271912256876,1.214283174276352,1.0335033453744034,1.2416511130332948,,,,,-0.0190352442628975,-0.2605249071668833,-0.1757437120613758,D0929
-1.84703,0.16154,0.0208913,10.847,1.355019251505534,1.176008647680283,1.2001356256419216,1.145165889263153,,,,,0.0515146886894445,-0.130667743725994,-0.1882352635584538,D0930
-0.718976,-0.0665635,0.00756437,10.454,0.8041661024093628,0.7410733630259831,0.6530135582233297,1.1338398983845344,,,,,0.0263226494980197,-0.1568658479193651,-0.0051737363173742,D0931
-1.14352,-0.214693,0.00622077,11.08,0.8062338491280874,0.714827960729599,0.6883067324243742,1.0344968795776368,,,,,0.0105229852233231,0.1048704828601378,-0.0563021776761161,D0932
-0.963665,-0.113525,0.0223551,11.085,1.362302009264628,1.1795946975549063,1.1774896876565342,1.1662981820106506,,,,,0.0366458880109541,-0.2347661319798806,-0.2378471504125627,D0933
-0.00313502,-0.043042,0.0116089,10.684,2.4963005244731904,0.443205514550209,0.7084861613553146,0.7956271159648896,,,,,0.0419401504967571,0.1981334943749819,0.0248187696561217,D0935
0.9556,0.29034,0.0237527,9.513,1.457430160045624,1.2263223975896835,1.1843834211086404,1.291602054467568,,,,,-0.0675788809417107,-0.0174809456248593,-0.1577960198483197,D0936
-0.629474,-0.109437,0.00765311,10.716,0.8039984027544658,0.7444269051154454,0.6497344189676745,1.1263661774305196,,,,,-0.035268263440001,0.0151325514065409,-0.2990650672072661,D0937
1.77615,0.0953874,0.0101048,11.898,2.506820966800054,0.4616250038146973,0.7400385439395905,0.8703837275505066,,,,,-0.1939952594986993,-0.0434484430254711,-0.7307646777917398,D0938
-0.715265,-0.0196506,0.0192827,9.957,1.278612228234609,1.160336083173752,1.4395741594248803,0.8524416983127594,,,,,0.0541578827744436,0.00992449590617,0.220086774592346,D0939
0.77926,-0.0339404,0.0134456,8.743,2.460529212156932,0.4239363938570022,0.6851535583364552,0.7125571060180664,,,,,0.0509547423790752,-0.1732397359729611,0.4033678724008496,D0940
1.56753,0.18577,0.0237823,10.044,1.4109991590181987,1.2120942691961925,1.0557478255239026,1.2520073751608531,,,,,-0.121558479950068,-0.3172795246080424,-1.0158539618641953,D0941
0.22559,0.11868,0.0234472,9.277,1.37884441614151,1.1943467656771345,1.0870760185965176,1.2450758516788485,,,,,0.008061034376657,0.0606111193093566,0.0291897923743817,D0942
-1.03217,0.0377315,0.0107583,10.357,2.52141805489858,0.4922876934210459,0.8092760268984169,0.8786765125890573,,,,,-0.126912737420026,0.235786957801675,-0.1633704853666131,D0943
-0.0300552,-0.0517734,0.0178704,10.867,1.299411149819692,1.1560457626978555,1.3598232906440209,0.93162132024765,,,,,-0.0322497089775137,-0.2239035166342681,-0.0955495187954511,D0944
1.95058,0.1932,0.0119811,10.111,2.4522236128648123,0.415480567018191,0.6521700569267931,0.6587229172388712,,,,,-0.0857656084515782,-0.0550686662007398,-0.630558524891967,D0946
-1.63576,0.13181,0.0213454,10.25,1.4389998316764832,1.2303428014119466,1.0470247659189948,1.2320998186866443,,,,,0.0440094518424441,-0.0998900546708267,-0.0338126549395383,D0948
-0.230753,-0.0137175,0.0169822,10.075,1.2765894889831544,1.1608092784881592,1.3987328430701946,0.8402874851226807,,,,,0.0176204333975064,-0.1964404734272878,-0.4346928119484801,D0949
-0.647439,-0.028238,0.0270016,9.876,1.3363035519917803,1.8080235540866847,1.047691690510717,0.6593791047732035,,,,,0.0121150573559166,0.0800460347246105,0.191619618984987,D0950
0.051683,0.0238176,0.0225467,11.371,1.387246318658193,1.190743778149287,1.1330968244322417,1.2200117468833924,,,,,0.019130395902573,-0.0347662265137123,0.1220420747486059,D0951
-2.26223,-0.100196,0.00492235,9.266,0.8081042528152466,0.6819231748580933,0.7274896153088274,1.2067806673049928,,,,,0.1364602128285188,0.4862095159287858,0.141057589018601,D0952
0.77739,0.0250463,0.0252129,10.561,1.380807586510976,1.190966526667277,1.1139637951193184,1.2154209327697754,,,,,-0.0281448538602302,-0.0135211688397396,-0.1241098386308294,D0953
0.43837,0.20451,0.0311327,9.905,1.3772697607676188,1.713392202059428,1.082268457988213,0.6541748213768005,,,,,-0.2583068044436331,-0.1278837190942017,0.7360839699322241,D0954
-1.14366,-0.0745787,0.00700559,10.85,2.5127149681250254,0.4669505437215169,0.7988099178363537,0.9717821538448334,,,,,0.0336421138698145,0.1272559976865015,0.6603691674681613,D0955
-2.80768,0.0700167,0.0289316,10.69,1.448563007513682,1.2257804691791534,1.136494492662364,1.2869874382019042,,,,,-0.0343381912922867,0.0688814669980439,-0.1590869288265821,D0956
1.56291,0.06594,0.0463412,9.514,1.350495982170105,1.857127803564072,0.9909579866919024,0.6363393139839172,,,,,-0.0493588234410066,-0.0852641732031314,0.1249930360281723,D0957
-1.19259,-0.0169906,0.00567176,10.564,0.8035917500654857,0.8213059018055598,0.6339577580320424,0.9673362684249878,,,,,0.1488976909412375,0.3308154068025236,0.390016277662653,D0958
-2.87818,0.0833469,0.00627666,10.996,2.5165228128433226,0.4750778704881668,0.8201758049685379,1.0132578194141388,,,,,0.0210661466558862,0.0649970183734542,-0.132523439679062,D0959
0.55065,-0.101786,0.00907471,10.502,2.517327785491944,0.4790204068024953,0.8076123882984293,0.9061713553965092,,,,,0.0235575705039702,-0.0057269380373226,-0.2237806749981246,D0960
0.14546,0.0938705,0.0196484,11.113,1.407049818833669,1.1940604706605276,1.190757116367077,1.2327874398231506,,,,,-0.0207617154462003,0.1916984514893873,-0.068420840158069,D0961
0.59678,0.00491953,0.0560842,9.701,1.3728765408198038,1.8579881151517232,0.9872814180522128,0.621646024286747,,,,,-0.0424319281281475,-0.0813164373660251,-0.2843725928032654,D0963
-2.38311,-0.0610789,0.00792454,10.856,2.5204041520754497,0.4840854942798615,0.8355215047967846,1.0290411555767058,,,,,0.0034047874144876,-0.0721986199749338,0.5860178406874184,D0964
1.54815,0.0661753,0.00927802,10.535,2.5073694229125976,0.4554722627003987,0.7619385935109237,0.8338802444438139,,,,,-0.016441541103182,-0.3818270718319418,-0.8132497145488742,D0965
1.19936,0.0383784,0.00572878,10.304,0.8034703989823659,0.8318893074989319,0.6320453265617634,0.962699649333954,,,,,-0.0067105967342783,0.030356397167006,0.2316692353633698,D0966
-0.0267074,0.0442502,0.00650114,10.241,0.8042335351308186,0.8270439833402634,0.6589163233493937,0.91565322637558,,,,,-0.0868292290709868,-0.1275098441651344,-0.4965577075490728,D0967
-1.68098,-0.229936,0.0164399,11.18,1.2964635054270426,1.1597189009189606,1.5438208210057225,0.913997488717238,,,,,0.1361594949518624,-0.1260152362750495,0.2208728188343229,D0968
-1.29064,0.0298229,0.0231638,10.637,1.3949484467506408,1.2364731947580974,1.0075560808181765,1.222103488445282,,,,,-0.0321141433604569,0.406945383374537,-1.1518147506358218,D0969
1.00019,-0.0520799,0.00727038,10.375,2.512231542666753,0.4827843596537908,0.8263188220303634,0.980322023232778,,,,,0.019625428488072,0.0037345628792444,0.0032763645722297,D0970
-1.51124,-0.124671,0.0104611,10.719,2.5058973411719005,0.4547829031944275,0.7501408118626167,0.8193477379779021,,,,,0.0503406089372981,0.2192936447177218,0.312510887037206,D0971
-2.61343,-0.162677,0.0270483,11.259,1.449434741338094,1.2230679670969644,1.1732442666744365,1.3176402854919431,,,,,0.0911590211468813,0.0438346739434449,0.1870044088573195,D0972
1.08758,0.14948,0.0293065,10.645,1.3623217980066935,1.7240948061148325,1.1015243920786628,0.6702685618400573,,,,,-0.0695923345838742,-0.3236118944458164,-0.1353866538629518,D0973
1.88504,0.0670536,0.0105505,11.046,2.5072133004665376,0.4575248718261718,0.7535572010895302,0.8278419251243273,,,,,-0.146113234163857,-0.4791200702668869,-0.4471428185715922,D0974
-0.330682,-0.0676507,0.0105153,10.609,2.4637465020020803,0.4196615387996038,0.6324261005582481,0.6821491885185241,,,,,0.0608586969113938,-0.4786454025808962,-0.2088998820618144,D0975
-2.62079,-0.0191422,0.0158385,11.011,1.2843390981356302,1.1597190062204996,1.5086515093671864,0.8734475920597712,,,,,0.0213344284998225,-0.0842844133582549,-0.0034994267480215,D0976
-0.022704,-0.0396464,0.0231758,9.36,1.4271636168162027,1.2186079839865367,1.0684410148653491,1.2480029712120693,,,,,0.048481523865614,-0.6028479761888744,-0.4384095645727939,D0979
0.51299,-0.123504,0.0296055,10.801,1.379185950756073,1.717870012919108,1.0724891701648975,0.6467149903376898,,,,,0.1280718626679916,-0.1643259851851575,0.1762334296508925,D0980
-0.938685,0.0578556,0.00603887,8.878,2.519134205579758,0.4911723732948303,0.8446842873918599,1.0978563296794892,,,,,-0.3312053135766954,0.8028701028434764,1.0807899209976313,D0981
-1.87582,-0.0925872,0.0484474,10.955,1.3226538181304932,1.9318482418855032,0.9596012841010916,0.6329528018832207,,,,,0.0109973094213031,-0.4891624480200582,0.103815174603369,D0982
-0.660399,-0.0969652,0.0197117,10.235,1.3517752091089883,1.16946240067482,1.3240659483547867,1.1013879084587097,,,,,-0.0019203054196259,0.036077680267162,-0.0184944020365946,D0983
-0.526306,-0.0678055,0.0293654,10.893,1.4423884868621826,1.221196460723877,1.1338389783070004,1.2716200184822082,,,,,0.0725668967648551,-0.3914657990228165,0.9300180674981676,D0984
-1.15189,-0.0832732,0.00940943,11.004,0.8025622685750325,0.8439122746388118,0.6090663887303451,1.0126279425621032,,,,,0.0473875265919092,0.1281428656220626,-0.1918718715241993,D0985
-1.85562,-0.0599978,0.00812821,10.582,0.8023605624834697,0.8608737806479136,0.6039907243745081,1.0207410752773285,,,,,-0.0949396893446233,-0.3324141664870899,-0.4865611735949642,D0986
0.35263,0.0217902,0.0072058,9.77,2.509435802698136,0.4706742227077484,0.8156695098712526,1.0220230281352998,,,,,0.0053515753823073,0.0356232044048256,0.0472528818791033,D0987
0.13075,0.1531,0.0209491,10.096,1.4353192687034606,1.209383350610733,1.2338056029944584,1.2849942033107464,,,,,-0.0395569296039947,-0.4074210274611466,-0.3985724116791971,D0988
-0.203518,-0.165158,0.0213416,10.685,1.3669994751612344,1.1719938735167186,1.4135560701633323,1.1355816507339478,,,,,,,,D0989
0.5334,-0.0242298,0.00786779,8.623,0.8048085888226827,0.7307666967312495,0.6635172192392678,1.1606304240226746,,,,,-0.0425376793785871,-0.0170027430904728,-0.2786004676745506,D0990
0.061654,-0.089639,0.0098179,10.111,2.4715950012207037,0.4243488172690073,0.6744337133292494,0.6809385692079862,,,,,-0.034355238098173,-0.0047912314858366,-0.3013565778092015,D0991
-0.875846,0.11037,0.0223711,10.246,1.411565124988556,1.1956950863202414,1.1972679968537956,1.2397111749649048,,,,,-0.1269536052303059,0.3446391752575162,-0.7124760786100524,D0992
-0.738739,-0.0617513,0.0252472,10.376,1.419505778948466,1.1984152019023897,1.2300022470540013,1.2643537783622742,,,,,0.0787629256793914,-0.0281082131463076,0.3035734065706492,D0993
-0.759729,-0.0336851,0.0221663,9.626,1.3589839577674865,1.171175762017568,1.3827644031623314,1.1343296046058338,,,,,-0.0613769633765279,-0.1493090511117687,0.0103248013110714,D0994
-0.269339,-0.0447373,0.0351991,9.249,1.415300420920054,1.2341048459211983,1.0181131342361711,1.2002318000793455,,,,,0.0356936668772276,-0.1917937842558388,0.3168633607128868,D0995
1.63906,0.0274879,0.0285159,8.549,1.3607663631439209,1.727472315231959,1.0997877665634812,0.6706709885597228,,,,,-9.189378493697914e-05,-0.0384996970305626,0.2813672550255433,D0996
-0.969705,0.0658614,0.0618798,9.235,1.3373052636782328,1.967965946594874,0.9555486892831736,0.6394091010093689,,,,,-0.0041081964319481,0.0667651234129335,-0.066986417339649,D0997
-1.29956,0.00143879,0.0230083,10.777,1.441602102915446,1.211176942785581,1.2402441892130622,1.298502314549226,,,,,-0.0245206830239417,-0.1856892477060887,0.2244587484019575,D0998
-1.25247,0.11712,0.0229115,10.899,1.4461536606152852,1.2153125117222467,1.2238051891326904,1.2987847947157347,,,,,0.0084737779119103,-0.6129803758029002,1.2403793414850952,D0999
-0.125428,0.2116,0.00805922,10.681,0.8047951360543569,0.7971824437379837,0.6820058473225298,0.8838190698623657,,,,,-0.0497115994365549,-0.0743297946757449,-0.0821462247695308,D1000
0.30366,-0.00617535,0.00750225,9.502,0.8048978904883067,0.7653272906939189,0.6670675586009848,0.9402474379539488,,,,,0.0135816088198471,-0.0657445620807558,0.076219014939852,D1001
-1.13193,0.0865902,0.0052877,10.075,0.8036320507526398,0.9274369835853576,0.6491493130552357,0.9280297350883484,,,,,-0.0359520707364549,0.0465852642067339,0.0264092759171035,D1002
0.99703,-0.0291981,0.0110227,9.615,2.4810319085915884,0.430758410692215,0.6572528173183573,0.7254693400859833,,,,,0.0503775492642532,-0.1165723021920905,0.0791097955952864,D1003
0.18751,-0.105931,0.0222978,10.32,1.362854790687561,1.1727944215138753,1.3279732486297344,1.1314758706092831,,,,,-0.0233575456339444,0.3898095775605573,-1.4284905747917946,D1005
-0.375478,0.0787636,0.00746773,10.395,2.502110755443573,0.4792127470175425,0.7974061472662564,0.9569402697185676,,,,,-0.0005761783882888,-0.0984898978443171,0.0481921877944842,D1006
0.34057,0.1004,0.00966366,9.271,2.5025997042655943,0.4529673248529434,0.7284165733847124,0.8420089507102966,,,,,-0.1218686679616709,-0.7731187271769004,-1.154121655032213,D1007
-2.44009,0.0770191,0.0336869,9.429,1.3755047599474588,1.7407773832480111,1.055817234105077,0.6410830914974213,,,,,0.0083690219457552,-0.0946069005737522,0.1019620631632278,D1008
0.44243,0.13708,0.01207,10.965,0.8030149777730305,0.7533663809299469,0.6432190588836012,1.1231309152566469,,,,,0.085091956450763,-0.5963418002343058,0.0835173222003504,D1009
-1.43976,-0.10991,0.00603536,9.663,2.505181805292765,0.4615417947371801,0.7969121162233681,0.9663796317577362,,,,,-0.2259239979736302,-1.7581294884572694,1.7471140823763562,D1010
-1.90164,0.0513949,0.0229108,11.188,1.384690805276235,1.1981880843639374,1.073470228704913,1.2555504391590755,,,,,-0.1438004942577258,-1.598268226747649,0.4436010612989776,D1011
-1.76089,-0.0560691,0.0275284,11.214,1.4059701244036356,1.2270811061064402,1.0207900939316583,1.2214240407943726,,,,,0.0011115647287965,-0.0907092519699359,0.2947025004468742,D1012
1.11949,0.13395,0.0238726,10.352,1.385784534613291,1.193583712975184,1.1056208487214714,1.248940775791804,,,,,-0.0547876149962343,-0.3097477754765464,-0.1027139328798512,D1013
0.89442,-0.0684116,0.00690471,8.848,2.515676883856456,0.4764158815145493,0.8278713596278223,1.0437226176261902,,,,,-0.002498178909666,-0.0573544087126842,0.253326147874759,D1014
2.11417,0.17436,0.048342,9.217,1.323946976661682,1.9877636631329851,0.9400102187847268,0.6432908868789673,,,,,-0.0628641861612029,-0.4302033752564382,-0.406354443723103,D1015
-0.605499,-0.0195381,0.0243026,11.046,1.415247372786204,1.1953181395928063,1.2512342909286762,1.2583612942695617,,,,,-0.0212843382290675,0.1021443910613861,0.078495357724023,D1016
0.21482,-0.0980053,0.00824034,10.536,2.4765564143657683,0.4290750642617543,0.7013596429907042,0.704818973938624,,,,,0.0090696739285261,0.0845923435925612,-0.3194504844068433,D1017
-0.383649,-0.0783411,0.00678918,9.664,0.8041654487450918,0.773464388648669,0.6441854063806862,1.0162482357025149,,,,,0.0794502647856642,-0.4164372955090948,-0.5507384462180198,D1018
0.53583,-0.0798526,0.0110067,11.005,2.482730899254481,0.4317660361528396,0.6620843359108629,0.7310916888713836,,,,,-0.0032588106881791,-0.0899900393777892,0.0422512972436379,D1019
0.31111,0.0351925,0.0110025,11.062,2.482721428076426,0.4317617605129877,0.6620223326929684,0.7310463261604309,,,,,0.1250492293277076,-0.21069452872607,-0.1352359502998297,D1020
1.01254,0.0178169,0.0216659,9.811,1.3733339508374531,1.2080372075239818,1.0441090567358609,1.2348831057548524,,,,,0.0237728899699271,-0.0770842371715566,-0.0733258721447782,D1021
1.27214,0.0707945,0.0259163,9.661,1.4243852734565734,1.2033413151899974,1.1898586914457123,1.2616685128211975,,,,,-0.0199582789233043,0.1480381865520277,0.070123041899933,D1022
0.50772,0.00572338,0.0182244,11.044,1.314037764072418,1.1581204950809478,1.3040841365682667,0.9971165204048156,,,,,-0.1046930513390932,-0.864642843363898,-0.4082621577981626,D1023
0.62297,-0.0450829,0.021737,10.317,1.388022251923879,1.2213382442792258,1.0217105931249155,1.239861159324646,,,,,0.005123789789024,0.0478286830185928,0.1427656577652669,D1024
1.7445,-0.0637768,0.0116416,8.544,2.4773272295792896,0.4279917885859807,0.6627821798982292,0.7184225201606751,,,,,0.0283558232930118,-0.3891254646994473,1.1871578677892105,D1025
1.04133,-0.0473902,0.0344505,10.783,1.2975979804992677,1.9318322360515596,0.962950214229781,0.6563406491279602,,,,,-0.0162328277633887,-0.3812358053912683,-0.4009912869296386,D1026
2.23063,-0.00697612,0.00668676,9.925,0.8050795654455821,0.7479532430569331,0.6654383827900064,0.998511073589325,,,,,0.0683129269369219,-0.1155578248137678,-0.4017333827869151,D1027
-0.951957,-0.0683743,0.0232915,10.947,1.397880999247233,1.2362322171529134,1.008332478589025,1.2193009400367736,,,,,-0.0792365522624976,0.0006840341685965,-0.0239925911955651,D1028
0.63946,-0.0567802,0.0287636,10.322,1.3830108642578125,1.6642987072467803,1.1275202837483635,0.6739628958702087,,,,,-0.0026550663587864,-0.0120834048780827,0.0973947331367526,D1029
0.19602,0.0872525,0.00805038,10.337,2.5213284730911254,0.4867895652850469,0.8307724482026594,0.9283311342199644,,,,,-0.0595949247213077,-0.8301234801815102,1.4477867500245338,D1031
-0.0924821,0.19768,0.0043343,10.654,0.8029414534568786,0.8681612948576609,0.6180004354180961,0.973884346485138,,,,,-0.0351709039719808,0.1593819322755885,0.3918236066019744,D1032
-0.909066,-0.00622901,0.0217352,11.025,1.3700608611106873,1.1727944294611612,1.4075298823159317,1.1259087645090544,,,,,0.0205227815658088,-0.1088656311373511,0.5958196853098343,D1033
-1.67406,-0.0679654,0.0216713,10.863,1.3408671776453651,1.1745904068152109,1.1735626027501862,1.1265081644058228,,,,,0.0301770473666251,0.0168055890113918,0.5709308073637658,D1034
0.29105,-0.0642164,0.0118088,10.125,2.507375278075536,0.4987583100795746,0.802471189663328,1.1059327745437622,,,,,0.0615734327397496,0.2031864215788609,0.0992063223675359,D1035
-1.35575,-0.14829,0.0212886,10.789,1.4032395641009012,1.18285371363163,1.3882272634012949,1.2309499979019165,,,,,0.0693947943275293,0.0093224522440693,0.0973470785320387,D1036
1.26452,-0.0468279,0.0247228,9.451,1.4320351998011271,1.2044963220755258,1.264373843012185,1.2811040442723494,,,,,0.0932961336798809,0.1845130075250858,0.3030300203099614,D1037
-2.20566,-0.0611251,0.00753423,10.321,2.519303697347641,0.4811978429555893,0.8360856360402601,1.0527754271030425,,,,,,,,D1038
-1.20811,-0.125094,0.00757264,10.788,2.514460265636444,0.4707862903674443,0.80861093977402,0.9893050372600556,,,,,-0.0537384239299681,-0.1874213354995675,-0.0021634479780914,D1039
0.65438,-0.00430258,0.0245949,8.952,1.4350129206975302,1.2068097035090128,1.255784458127515,1.287811455818323,,,,,-0.0006879461828125,-0.3886175038944857,-0.4302256148002925,D1040
-2.10882,-0.0269418,0.0502247,10.49,1.265174925327301,2.0783234695593515,0.8735587329700075,0.6579412770271301,,,,,0.0261115354082306,0.0660404618775913,-0.6308114837374887,D1041
1.32063,0.0627502,0.0088933,10.478,0.8049896756807963,0.777913416425387,0.6791917948887266,0.8928062582015991,,,,,-0.0141211984750008,0.0029820367974926,0.1137766189713147,D1042
-1.18743,0.033454,0.0206745,10.723,1.4278716603914896,1.2259101470311482,1.044369666740812,1.2314878925681114,,,,,0.0334391648868759,-0.5379867087147883,-0.1353283371499856,D1043
-1.272,-0.0750401,0.00732875,10.575,2.508887912829717,0.4673368255297342,0.8094982813144552,1.001373598575592,,,,,-0.0012227199923952,0.1736736223315893,-0.2049014321601134,D1044
0.71054,0.24749,0.00912335,9.584,2.477140843868256,0.4286628971497218,0.6970895025236853,0.7017247018714746,,,,,0.0429131910890207,-0.2034475216861608,-0.1634700456706923,D1045
1.42399,-0.0400312,0.0115617,8.948,2.506582349538803,0.4714845597743988,0.7219849074709004,0.8487323880195617,,,,,-0.0160691072137776,-0.4161141406544932,-0.2282170487305848,D1046
0.35412,-0.00401462,0.00725341,9.593,2.510456262032191,0.4827114860216776,0.8199252773975504,0.9793801258007684,,,,,-0.0195550249895981,-0.0567318103315699,0.1017943883489351,D1047
0.1205,-0.00520534,0.00949097,10.768,0.8027072747548422,0.8929303189118704,0.6108315165700584,0.9832480597496032,,,,,0.0401133818570282,0.3394702004615292,0.1695402351542725,D1048
0.61094,-0.0800377,0.0107025,9.216,2.5077178915341696,0.4588134358326594,0.7561699645272617,0.8328285925090313,,,,,-0.035074067528023,-0.3937149901174036,-0.4263399901901721,D1049
-0.202593,-0.00381426,0.022998,9.775,1.4275238990783692,1.216084933280945,1.0870674971876473,1.257669945557912,,,,,0.076660796786217,0.0861589878030594,0.2647351849736878,D1051
0.5309,0.0647779,0.0210849,9.957,1.3998233834902445,1.1812694191932678,1.3999168852279926,1.2224529886245727,,,,,,,,D1052
-1.16612,-0.0767713,0.00826565,9.281,2.494054307540258,0.4574092477560043,0.7761380466921576,0.9308469200134276,,,,,0.0651594222464298,0.2400877054952701,0.2004546001335256,D1053
1.15212,0.0998918,0.00731056,9.205,2.492077692349752,0.4474491755167643,0.7601280623468859,0.8616722893714904,,,,,-0.0106960253836003,0.1212293465798335,-0.2647001461518812,D1054
-0.950949,0.0572962,0.00841884,11.037,2.509788888692856,0.4881369809309641,0.8158665659098789,0.9944522840281328,,,,,-0.0232394574289644,-0.6197698903027207,-0.4275292860911577,D1055
1.35986,0.0287405,0.0449548,9.192,1.3515819986661275,1.845181973775228,0.9994233045084724,0.6376675200462342,,,,,0.0145449889586837,-0.2609362357382483,-0.1428657535070669,D1057
-1.23899,0.0204801,0.00854743,10.626,2.515384002526601,0.4746553619702657,0.8005839617087923,0.9679320561885834,,,,,0.0015531304011112,0.1789259381458972,0.1441338032745989,D1058
0.0182954,-0.126565,0.00734725,10.038,0.8082518100738525,0.676178099711736,0.7348376430314163,1.045318582057953,,,,,0.0115857032401177,-0.0166087316062843,0.0051360926227062,D1059
-1.16973,0.0416292,0.0082507,10.853,2.504052344957988,0.4569391638040542,0.784635134812059,0.9324597775936126,,,,,-0.4077805434434764,-0.4945698410973711,-1.5656625497504135,D1060
-0.488453,0.14234,0.00914299,10.314,2.4748242139816283,0.4338013778130213,0.7178628146648407,0.763435925245285,,,,,0.0512567983116788,-0.0150439836107849,0.3973769858857849,D1061
-0.810392,0.1438,0.00827986,10.007,2.513209088643392,0.468976667523384,0.7959176620532726,0.9640326166152954,,,,,-0.1115837516130112,-0.4008998875384659,-0.0865204624205944,D1062
-1.05209,0.13298,0.00609446,10.03,0.8101857364177704,0.6555494209130605,0.7808034050053564,1.1890040779113769,,,,,0.0402506720180571,0.1491507853138304,-0.2041197359576472,D1063
0.34473,-0.136471,0.0100333,10.43,2.515539379914601,0.4801472713549932,0.7829962506376463,0.8697723560035229,,,,,0.1263394173036656,-0.47669241285052,0.9044964527056436,D1064
-0.739357,0.1708,0.0102132,10.742,2.467293677727381,0.4228122552235921,0.6759013954935402,0.6781662863989671,,,,,-0.0153687498007596,0.1323761152032364,-0.5139413669458008,D1065
1.71842,0.058451,0.00976785,10.292,2.504593533277512,0.4565421015024185,0.7331365737421759,0.8551653814315796,,,,,-0.0191412019540475,-0.0783698500091623,0.5730169341841247,D1066
0.14308,0.0653844,0.0116423,10.695,2.4526057481765746,0.4153342554966608,0.6505312837403396,0.6575647840897242,,,,,-0.0225212641901935,-0.1303989792187443,-0.3411022843283717,D1067
0.0639921,-0.111262,0.0182332,10.092,1.3460855960845948,1.16778973142306,1.328756599590696,1.0851492047309876,,,,,-0.1308061404050333,-0.5989904191224587,-1.6944360978304758,D1068
-0.124887,-0.0832534,0.00647841,10.623,0.8055193881193797,0.7184580733378728,0.6914560877043625,1.2490520228942237,,,,,-0.1008188488044165,-0.0841675232599515,0.2476150542715913,D1069
-0.811982,0.0238601,0.0106927,10.338,2.4929096082846325,0.4407291938861211,0.7279082855273937,0.7559977124134699,,,,,-0.0341728311913373,-0.3169293614653896,-0.4188317562075099,D1070
0.0248133,0.0392841,0.0090158,10.847,2.4748965303103128,0.4340990831454595,0.718552081749357,0.765009468793869,,,,,0.0095297701174107,0.253672697970725,0.6745370450225892,D1071
0.11618,-0.0154773,0.00913939,8.488,2.4941443602244058,0.4695148686567942,0.7770314083017152,0.9855660235881806,,,,,0.0131255158634372,-0.1505504666315819,-0.0755596167000476,D1072
1.29219,0.0736027,0.00571143,9.788,0.8039046963055928,0.8142556846141815,0.6428254791374864,0.950352909564972,,,,,-0.0480557146305119,0.0874815417491179,-0.3040950638460344,D1073
-2.79075,0.0236506,0.0077483,10.399,2.513172280788422,0.4687417010466257,0.7966363152553295,0.9657426702976228,,,,,-0.032002056123312,-0.0058862378284247,0.5560058500414016,D1074
1.32376,0.0498539,0.00542602,10.016,0.8030701677004496,0.8322188635667165,0.6210531797902338,0.990332453250885,,,,,0.0492478311014188,0.1697233009621404,0.009907648920489,D1075
-1.43409,-0.0850218,0.0213109,11.083,1.3933019836743672,1.1788270344336829,1.4098678601199184,1.207106409072876,,,,,0.0456193437326011,-0.1690767579642793,0.3376570285108755,D1076
-0.596286,0.044939,0.00565362,10.618,0.8065005620320638,0.705588381489118,0.7065924611584894,1.2834735413392384,,,,,-0.1369803003321819,-0.3893710743258982,-0.3861869115935405,D1077
-0.0586208,0.077848,0.00812938,9.446,2.507163995504379,0.4927875220775604,0.8056806295082487,1.0014169526596863,,,,,0.0279952136515881,0.0210325794937029,-0.0942572105996077,D1078
-0.757565,-0.028093,0.00737526,10.087,2.4928418536980947,0.4753510197003682,0.7698267708564627,1.0011232602596285,,,,,-0.0131108499607942,0.1257285564918697,0.0347618667874485,D1080
1.3874,0.2451,0.00860314,9.721,2.4797666629155475,0.4331733097632726,0.7177797720350069,0.7242291408280531,,,,,-0.2668698204301843,-1.0839042125247524,-0.7212988537430647,D1081
0.35581,-0.157271,0.00961892,9.396,2.4693417847156525,0.4292260825634003,0.7043388845591709,0.7382955193519593,,,,,0.0540846667542349,0.0392964216372349,-0.1002404792670859,D1082
-1.54401,-0.0667837,0.0259741,9.681,1.3636126359303793,1.2201222161451974,1.0220417030926408,1.2347216534614562,,,,,-0.2108505405319569,-0.2685758945807155,-0.1248335242635221,D1083
-1.30933,0.19542,0.0096094,11.403,2.5112684925397235,0.4747031927108764,0.756692694178943,0.8878741383552551,,,,,0.0195583787849769,-0.0156151553638788,0.0423247319849906,D1084
1.17216,-0.0556804,0.00728634,10.798,2.519022750854492,0.4821687132120132,0.8187128973418268,0.9186849320928256,,,,,0.0395213761804402,0.0002899174826445,0.3215242107253289,D1085
-2.48552,-0.118851,0.00978941,11.084,2.498012810945511,0.4452869375546773,0.7162105225283524,0.8083507406711579,,,,,-0.0199217965231401,-0.3060140220117913,-0.5011208114228793,D1086
-0.782709,0.17208,0.00722086,10.226,2.5048946936925254,0.4555703292290369,0.7767067418016237,0.8462919034063816,,,,,0.0027505262662023,-0.1300637492414189,-0.1232346747565316,D1087
0.76722,0.051958,0.00928865,10.293,2.516083194812139,0.4805720597505569,0.7869968434859966,0.8745654374361038,,,,,-0.0010625718660496,0.1487094304087799,0.1361451414923067,D1088
-1.38144,-0.0337938,0.0203364,10.377,1.3632121205329897,1.1728145360946656,1.3412973181954746,1.1519576807816825,,,,,-0.01574374241847,0.0322603844430013,-0.0585359740070998,D1089
0.99318,0.0434231,0.048221,9.291,1.291277496019999,2.014290241400401,0.9133969596747694,0.6372464324037234,,,,,-0.1563521484706912,-1.0056658925035422,-0.8170705705124419,D1090
1.22229,0.0402654,0.0089145,9.661,2.4985025187333423,0.4468554606040318,0.7465340320406288,0.8482676112651825,,,,,-0.0526868939481693,-0.1427500242769268,-0.2348676101319142,D1091
-1.94346,0.11699,0.022116,11.582,1.394728167851766,1.1839139938354493,1.2952258669096848,1.2157256555557252,,,,,0.0372075813651828,0.0276127648558595,0.1020960219830158,D1092
-0.206528,-0.133192,0.00974889,10.42,2.492306752999624,0.4409969687461853,0.7345042197868742,0.7611597664654255,,,,,0.1055761250935951,-0.02346317475515,-0.2890355105628259,D1093
-1.19383,-0.0581256,0.00605872,10.458,0.8064179559548695,0.7088293770949046,0.6917422968765785,1.0663615703582765,,,,,-0.0047178388874229,-0.4384519590248781,-0.6022173835008289,D1094
-0.566144,0.0993034,0.005784,10.352,0.8060333589712779,0.717823322614034,0.6843294994584446,1.0460698127746582,,,,,0.0030714502551898,0.0214104231423521,0.1459902623682865,D1095
1.90269,-0.246339,0.00568598,10.264,0.8085304001967112,0.676164048910141,0.7374478794377426,1.2020788049697877,,,,,,,,D1097
1.56277,0.24382,0.00597858,10.656,0.8086170315742492,0.6751087814569473,0.7395121239382645,1.2036736822128296,,,,,-0.0193558963332047,-0.0565068266333101,0.2281330753758084,D1098
0.30788,-0.113103,0.00629382,8.967,0.8036593139171601,0.8311319053173065,0.637638029353372,0.9509334754943848,,,,,-0.1167125928920013,0.2570826937704704,-1.1842997725179885,D1099
-0.497181,-0.0907228,0.022462,11.318,1.3980630914370218,1.193465918302536,1.1476902591771092,1.226434392929077,,,,,0.0168860163443425,-0.0200404415817517,-0.1576581319823162,D1100
-0.885051,-0.00582849,0.00897816,10.002,2.488949449857076,0.4365825474262237,0.7137050464235503,0.7333788921435674,,,,,0.0642007900103285,0.3951913661306395,0.7647396325701266,D1101
1.21533,-0.024977,0.0177398,9.542,1.306857124964396,1.1590492049853007,1.487227961934846,0.9465674683451653,,,,,-0.0412126800811715,0.112698240955511,-0.0408131912845419,D1102
1.68127,0.0164167,0.00987349,10.648,2.517568576335907,0.4844202558199564,0.7921160634221702,0.874558632572492,,,,,-0.0523453943362571,-0.5598456452206713,-0.4400234302374883,D1103
-1.98979,0.00334459,0.00989235,11.009,2.46998759706815,0.429693525036176,0.7058876177360272,0.7407390236854553,,,,,,,,D1104
-0.993844,-0.0751513,0.00637677,10.441,0.8097624043623607,0.6668917884429296,0.7688875650537426,1.280388121604919,,,,,-0.0102544438561725,0.2333281449310975,0.2211413455152069,D1105
-0.917499,-0.203229,0.00540575,10.47,0.8060273806254069,0.7200567205746968,0.6844419621188065,1.0248266410827638,,,,,0.0671875558948433,0.1085785201905706,-0.5075493841140997,D1106
0.49931,-0.148385,0.0189793,9.87,1.3082791686058044,1.159119059642156,1.4577366175322697,0.953547383348147,,,,,0.0596677064730291,-0.035916642644422,-0.2977409794111736,D1107
-0.48254,0.0857357,0.0248015,10.306,1.458768332004547,1.229562117656072,1.1719371820318287,1.31629540681839,,,,,0.0097210881269906,-0.1850544127329464,0.164150722346676,D1108
1.198,-0.0440191,0.0321222,9.819,1.3816430608431498,1.7246659835179647,1.0602346977283217,0.6403124059240023,,,,,0.0414174991815747,-0.0497436563405171,0.3378172962911776,D1109
-0.0595027,-0.210056,0.00988263,10.848,2.51572281519572,0.4805265714724858,0.7837982578524227,0.8703806015352408,,,,,0.0195464220324077,0.0008257857386881,0.3067196394622442,D1110
-0.328935,0.0200838,0.00626556,10.652,0.803799323240916,0.8734755446513494,0.6506983678916405,0.9226945638656616,,,,,-0.041914547299645,-0.1548605689014939,0.366828624450136,D1111
0.65621,0.25566,0.00715136,11.027,0.8096313575903574,0.6658598413070043,0.7648085386588656,1.2514253997802731,,,,,-0.1137672489389191,-0.3232598879210978,0.3158017832029145,D1112
-2.65031,-0.104689,0.00979622,10.858,2.497429235776265,0.4493651866912841,0.6968160744371086,0.8046908402442932,,,,,0.0608612717844823,-0.0392808581728663,-0.0454706031086971,D1113
-2.32437,0.07306,0.0231525,10.894,1.380065421263377,1.2335313260555267,1.008396697455439,1.2288036227226258,,,,,0.0380243173200371,0.4776812698927439,0.3655781692359596,D1114
0.40662,-0.0140997,0.00716648,10.34,0.8045814255873363,0.781059933702151,0.659825886118001,0.9388469338417054,,,,,-0.0249928901634998,1.4011142372415477,1.4166071197905694,D1115
0.11636,0.071414,0.0097562,10.088,2.5036301374435426,0.4560631414254506,0.7264383630505924,0.8471076023578644,,,,,-0.0634720785825691,0.1282510392966842,0.4348519907216541,D1116
0.70953,0.10379,0.011471,10.076,2.503281577428182,0.4570408403873444,0.7196841414632469,0.8419627714157104,,,,,-0.0553986771525421,0.0310276361050741,-0.0096091568848351,D1117
0.1988,-0.0578531,0.00984478,8.526,2.469869780540466,0.4286149948835372,0.7026545744517754,0.7360707306861878,,,,,0.0284146406782541,0.060403725255561,0.080587727985403,D1118
0.25038,-0.0244862,0.0106914,10.468,2.4758063813050586,0.4368758618831634,0.7248172482539867,0.7803020215034485,,,,,0.0649634626837881,-0.0320191906143557,0.0193447507408563,D1119
-0.0604217,0.23102,0.021074,10.916,1.366316548983256,1.189613757530848,1.0980445763160442,1.2271898910403252,,,,,0.0170319014991721,-0.1141430632230714,-0.0386737408407498,D1120
-0.780214,-0.0904668,0.0233154,8.877,1.3878358364105223,1.1945590098698935,1.1032137048655544,1.2516288633147876,,,,,0.0192230702735164,0.0510028512637371,0.0106250001772423,D1121
0.20495,-0.0436642,0.0220654,10.529,1.3689129988352458,1.1848141809304555,1.140051679364566,1.1897593069076535,,,,,-0.0058578566883317,-0.0849195704821892,-0.0353835776913911,D1122
0.45322,-0.0194402,0.00620089,9.659,0.8043181439240773,0.8036156247059504,0.6556145127477317,0.9296793055534364,,,,,0.0332818052358601,-0.2292312975448183,-0.3079688341094879,D1123
-0.143024,0.000334435,0.0175186,11.061,1.2821175734202066,1.159197727839152,1.453936404195325,0.864698015153408,,,,,-0.0030321684701981,-0.3464449791533427,-0.08411397637974,D1124
-0.449871,-0.0431842,0.00606177,8.793,0.8047052721182505,0.76905171473821,0.6590320652928846,0.9639124035835266,,,,,0.0041623918513749,-0.0947018074392521,-0.1660950912919361,D1125
-0.328547,0.0421861,0.0276502,10.361,1.3379072229067484,1.1871689935525258,1.090400317619587,1.179906063079834,,,,,-0.0059317590319459,0.1100487674053226,0.0238255758886225,D1126
-0.260066,-0.149904,0.00751415,10.34,2.514668794473012,0.4715270549058914,0.8070751880777294,0.9854426085948944,,,,,0.0412440370502487,-0.1384650389632424,0.2355691155898966,D1127
-1.86141,-0.162996,0.00878279,10.434,0.8047133346398672,0.7320414652427037,0.6622393501215967,1.161229145526886,,,,,-0.0007325700967863,0.1647504908802575,-0.4267411609689588,D1128
-0.53918,-0.147314,0.0228801,9.495,1.377407463391622,1.2043229619661966,1.0540516910881832,1.2322814750671387,,,,,-0.2180482660517226,0.1235981204284372,0.4357505689695244,D1129
1.14972,-0.115142,0.0303081,10.536,1.383959170182546,1.6813836932182311,1.1048690882222405,0.6618091988563538,,,,,-0.0262643535300343,-0.3993018120232321,-0.8766656510197208,D1130
1.11445,0.0237316,0.00739065,10.338,2.5168358027935027,0.4759746164083481,0.8180652425206941,1.0043938446044922,,,,,-0.0210613272923075,-0.2569057627261562,0.1980250829801662,D1131
-2.42849,-0.0438,0.0176966,10.822,1.3140326937039692,1.1596180558204652,1.4138523011372006,0.964555242061615,,,,,-0.1015219311783424,0.1667683656596321,0.3152165904975845,D1132
1.0653,0.0388084,0.00650085,9.639,0.8039444148540497,0.8290430744489033,0.6465388947519762,0.9349831247329712,,,,,-0.0021992466177211,0.0071146372724513,-0.7072045128297759,D1133
-1.55021,-0.039427,0.0223682,10.73,1.327224862575531,1.1866179982821146,1.0839401298555835,1.1672961854934691,,,,,0.0998532959839916,0.1447878988897837,0.0646396884330897,D1134
0.7373,-0.0178329,0.0310557,10.348,1.3389990131060283,1.84512682557106,1.0162064844164356,0.6474028038978576,,,,,-0.0021570219615261,0.0479584206202072,0.2182402511098189,D1135
0.82039,-0.0915593,0.0084739,10.867,2.520171695947647,0.5007730533679327,0.8435507560598439,1.1120953476428983,,,,,-0.0172009962094347,0.0138246827131529,-0.1622022971423575,D1136
-0.981344,-0.0485295,0.0233646,10.511,1.4165488878885906,1.2024888495604198,1.1507585151442166,1.239368131160736,,,,,-0.0617833130723241,0.143217115662788,-0.0957441937134717,D1137
-0.59644,-0.147242,0.0234539,10.702,1.336676251888275,1.1758561650911967,1.1476599615195702,1.1542596593499184,,,,,0.078066611326795,0.2408424121762599,0.166643280252174,D1138
2.29087,0.21522,0.00987822,9.807,2.4796272854010266,0.4394053906202316,0.7339574889890079,0.7989401936531066,,,,,-0.0962484157662698,-0.4431660942069584,-0.2651293620874639,D1139
-0.134685,-0.0854116,0.00858065,10.434,2.5145515700181327,0.472986493508021,0.7967245321849297,0.962009242773056,,,,,0.1056716767179906,1.0785161028405703,0.8466861187043833,D1140
-0.356164,-0.0714218,0.00598685,10.317,0.805181751648585,0.7291897525389989,0.667130879287062,1.1054741191864013,,,,,-0.0582508186339497,-0.1843639801462968,0.13624421357963,D1141
1.11146,-0.0390673,0.0182722,9.806,1.2953925848007202,1.155626493692398,1.3471380389969925,0.9215496397018432,,,,,-0.0594514556294366,-0.2689561235877065,-0.2439433884210302,D1142
-1.74847,-0.15512,0.00618682,10.229,0.8072540521621704,0.6949480613072713,0.7111852497890078,1.245639932155609,,,,,0.0298282155699429,0.0316776818178086,0.0021483871169039,D1143
-1.46827,-0.108585,0.0232538,8.975,1.4230013370513916,1.2197395702203115,1.051911882285414,1.240983818968137,,,,,-0.1666022747119868,-0.4768857234280861,-1.4117655394220492,D1144
-0.296329,-0.0976363,0.00992061,9.989,2.4577594498793283,0.4181491096814473,0.6605707633084265,0.6645710070927938,,,,,-0.0146193857952603,-0.5253449517802007,-0.6432720605662325,D1145
-0.599275,-0.130024,0.0106807,10.394,2.475524173180262,0.4363539199034373,0.7234815831842094,0.7772317385673523,,,,,0.047646153851448,0.0615160722546651,-0.0661971555891796,D1146
1.83619,0.11481,0.00607655,11.155,0.8085608541965484,0.6833201328913371,0.7447312340654176,1.3310331205526988,,,,,-0.1095346223738181,-0.8145691785846911,-0.5528497242339654,D1147
-0.525617,-0.147029,0.0283147,10.547,1.3798724134763083,1.683413859208425,1.1132892575757256,0.6673720335960388,,,,,-0.0432067138900037,0.200840142012024,-0.234009618521668,D1148
-2.30863,-0.145782,0.00777747,10.407,0.8044713894526164,0.7852501432100932,0.656397492721163,0.9444157266616822,,,,,0.0721623286599198,0.0706899529914482,-0.3632127001110348,D1149
0.66349,0.0197554,0.0220311,10.239,1.36485728820165,1.1801511645317078,1.1780674621976654,1.1707587695121766,,,,,-0.0214706592684946,0.1707828483403778,-0.2690835386092658,D1150
-0.1279,-0.0215397,0.00603064,10.884,0.8090558151404063,0.6692594538132349,0.7504086083379286,1.1978493356704711,,,,,0.0058265980920567,0.2579630999190935,0.2769520399378962,D1151
-0.962441,0.00211321,0.0240909,10.705,1.3524208307266234,1.7120953897635145,1.1172653775790642,0.6944284057617187,,,,,0.0204993921165215,0.0356783439482212,0.0653161395821371,D1153
-2.38557,0.16636,0.00887183,11.042,0.8041698773701985,0.7392412861188252,0.6561239269273035,1.1487248952572162,,,,,-0.0573338866148218,0.2733151678285819,0.6417418142373208,D1154
1.46331,-0.0651265,0.0173149,11.079,1.276360519727071,1.1609347065289817,1.400770214097253,0.8391001439094543,,,,,-0.0557818873184698,-0.3646308019683548,-0.3040108080094796,D1155
0.85075,-0.0343019,0.00703171,9.447,2.500231860081355,0.4581773022810618,0.786932903117147,0.9439467215538024,,,,,-0.0579220983424192,-0.0783970326308223,-0.3912988474257872,D1157
-0.868607,0.0505718,0.00607586,9.757,2.4908231099446616,0.4475416829188665,0.7598669261767946,0.8615954065322876,,,,,0.0310892160662442,-0.2458686624014038,0.0971143847782514,D1158
0.52195,-0.109914,0.0194675,8.972,1.3413113315900167,1.167001203695933,1.3733547823182468,1.0631109166145325,,,,,0.0054586104476738,0.07071672078945,0.2435141432360978,D1159
1.07419,0.0954422,0.0217348,10.483,1.3449644406636556,1.167611010869344,1.429085476645108,1.0854046220580738,,,,,0.0103515408918874,0.0979146640819326,-0.1556212177238194,D1160
-2.39612,0.0342004,0.0212695,10.379,1.3340927282969155,1.1650289257367452,1.4810736528758346,1.0455141464869182,,,,,-0.0514530178989459,0.4058608798542276,-0.0501897835056297,D1161
-1.37605,-0.0727503,0.00592576,10.536,0.8057680626710256,0.7278945128122966,0.679809594976491,1.005581693649292,,,,,-0.0074522476406893,-0.0889494114840871,-0.255831697199028,D1165
0.0245431,0.0406082,0.039931,10.103,1.3026678085327148,1.935484778881073,0.960790618740279,0.6519305968284607,,,,,-0.0523176572652455,0.1071863032120936,-0.0248762293922482,D1166
2.56116,0.10498,0.00534586,10.131,0.8036360263824462,0.8587519417206446,0.6409610715405695,0.9362536764144898,,,,,0.0243159161825711,2.2169122180940617,-3.354668142485025,D1167
0.00415576,0.0512896,0.0214403,10.263,1.3431472579638164,1.174321577946345,1.1860322109584152,1.1262970924377442,,,,,0.0300191514099512,0.0197034364603506,-0.1449324258719571,D1168
-1.35518,-0.24748,0.00595922,10.939,0.8076498945554097,0.6864740073680877,0.7184407957668962,1.0948714089393616,,,,,0.1428910613016112,0.544841229162614,0.2655738143439521,D1169
-0.00746289,0.0691148,0.010457,11.186,2.456410652399063,0.4165104498465856,0.6510423226603146,0.6785685777664184,,,,,0.0109410389025328,0.6049522722127716,-0.9005893799039768,D1170
-1.77884,0.0925897,0.00625358,10.471,0.804670645793279,0.7354143182436625,0.6589659524374994,1.1322806787490844,,,,,-0.0019384918533622,-0.0286242509383392,-0.3110913299460662,D1171
-0.221507,-0.0671589,0.00760519,10.931,2.490407504638036,0.4505093932151794,0.7643863949282416,0.8807288610935211,,,,,0.0359746612153225,0.0407554988143937,-0.0753202231207978,D1172
-0.549808,-0.0381971,0.0189322,10.605,1.289371705055237,1.155729365348816,1.3335871470385583,0.9037776184082033,,,,,0.0094968939203676,0.1034802885519687,0.3022654529631836,D1173
-0.379922,0.0299962,0.0247864,11.092,1.3534488836924234,1.1818397223949433,1.134520070306186,1.1929370611906052,,,,,0.0371728548382787,0.0153777323992789,0.0220659130282001,D1174
-0.400959,0.15798,0.00830195,10.609,2.496037342151006,0.4627692838509877,0.784064577571277,0.8831456663707892,,,,,-0.0114745848806897,0.0197580874182828,0.0229169549129437,D1175
-0.0115862,-0.0761162,0.00620232,9.601,0.8089373747507731,0.6704710831244787,0.7474713417990454,1.1926317882537842,,,,,0.0220389923257923,-0.2592458444940694,-0.5511996532513876,D1176
-0.173542,-0.00101411,0.00733314,9.975,2.4925581852595013,0.4520749469598134,0.7691011911836164,0.8940697741508484,,,,,0.0161976345132224,0.1427842760082074,0.2930616199446376,D1177
-0.158388,-0.195504,0.0217584,10.128,1.3735993425051372,1.1750975916783015,1.3614395528004086,1.1384563744068146,,,,,0.0439265299794694,0.5705166825148279,-0.9335428371850868,D1178
-0.246467,-0.0728221,0.00780285,8.761,2.51434889237086,0.4886823167403539,0.83060782839512,0.996370087067286,,,,,-0.2909852479615038,-0.3192418154569865,0.8989397514014854,D1179
-0.215486,0.18925,0.00538554,9.222,0.8036682724952697,0.8175682852665583,0.6356265770977941,0.9667115235328674,,,,,0.0408135005692327,1.1510074328206554,-0.9279200514502008,D1180
0.88581,0.0177186,0.0079585,9.702,2.5021249731381734,0.4760088841120402,0.7987123542818529,0.9456744169195492,,,,,-0.0554915186124328,0.015118550504967,-0.0616435267584165,D1181
-0.0118094,0.17803,0.0164647,10.869,1.301485804716746,1.1576840023199717,1.4252615509362057,0.9237730026245116,,,,,-0.035456594474871,-0.2135870523286816,-0.0904881809910875,D1182
-1.12802,-0.100267,0.004749,9.12,0.8056690156459808,0.7207359611988068,0.6775338690856407,1.087975606918335,,,,,-0.0034971749277046,-0.0607332215788929,-0.0174574738412047,D1183
0.79387,0.11141,0.00865676,9.028,0.8040127217769623,0.9002512941757838,0.6696278648129825,0.9079485678672792,,,,,,,,D1184
-1.15754,-0.0692325,0.00968688,10.794,0.8040441234906515,0.7404125452041626,0.6554933601412279,1.148631419126804,,,,,0.022633009431964,-0.0983758174319997,1.3318349735345691,D1185
-0.709446,-0.259534,0.0197983,10.8,1.3256839156150817,1.163929812113444,1.543132118109999,1.0117018297314644,,,,,0.1180959935582084,0.0250800358696386,-0.6665967439985252,D1186
-0.117998,-0.0922035,0.00523056,10.644,0.8034575382868449,0.8808578799168268,0.6375661636220997,0.9386384630203248,,,,,0.0421381532520992,0.0204767511092417,-0.2364888373558642,D1187
-2.09758,0.14906,0.0280098,10.281,1.309380288918813,1.882983789841334,0.9983942570357488,0.661485071182251,,,,,-0.0337896645892216,0.0489441213907211,-0.4028673489738139,D1188
0.2114,-0.0154996,0.00495961,10.355,0.8081944386164347,0.6805335541566213,0.7295677785215706,1.2012530970573423,,,,,-0.1043824844761107,-0.2856887761051584,-0.2045821127612725,D1189
-1.73395,-0.0715299,0.0307821,10.978,1.3309845566749572,1.8613131920496624,1.0079237150734868,0.649629282951355,,,,,-0.0897695934677155,-0.8904869784013321,-0.2447317890910199,D1190
-0.012905,-0.0856176,0.00622349,10.88,0.8039242664972941,0.8662082046270371,0.6550013854585844,0.9181029891967774,,,,,-0.0405023065194925,-0.2251487112791359,-0.725568786408985,D1191
0.5841,-0.142724,0.0213553,9.386,1.366272242863973,1.171546678741773,1.4249759583637631,1.1323156809806825,,,,,0.0086872065500356,0.0190709150023159,-0.4331619813601719,D1192
-2.0856,-0.00268129,0.0583668,10.93,1.2957045555114746,2.015335760513941,0.915130931755592,0.6361124043663343,,,,,-0.0290149809076951,-0.3208919586213961,-0.1769994779242552,D1193
-1.42703,-0.00840677,0.0168957,10.3,1.302760084470113,1.1578721940517425,1.4264606730691318,0.9277579593658448,,,,,0.0019996148473114,-0.0218217240229021,0.0960969593797926,D1194
2.01223,0.00628778,0.00676216,11.023,0.8041009902954102,0.7732844183842341,0.6429286527222601,1.0222193455696107,,,,,0.0975457961196609,0.2927775337558347,-0.0754927533998852,D1195
0.0128116,-0.0380257,0.00725386,9.592,2.52126345038414,0.4952156613270441,0.8493381214552912,1.1024490344524382,,,,,0.0367854043930256,0.1790799962067326,0.1424416786685469,D1196
1.0941,0.13376,0.0212811,10.433,1.3658246835072836,1.171428339680036,1.4261157081044953,1.1309157133102417,,,,,-0.0361314964546605,-0.0900985458985152,0.3698180441861041,D1197
-2.61051,-0.0458137,0.0386336,10.651,1.3355156461397806,1.874426027139028,0.994734543150869,0.6430118489265442,,,,,0.0172116186992751,0.2038615254274582,0.104373829512042,D1198
-0.782409,-0.0694726,0.0228684,11.084,1.4014572262763978,1.196097129583359,1.1359886362634857,1.2295514011383055,,,,,0.1241791270629789,0.1651393351899399,0.1283441403065808,D1200
0.65748,0.13776,0.00624471,10.06,0.8032312075297038,0.8288550565640131,0.6254119338660404,0.982492218017578,,,,,-0.0605706791588845,-0.4878736913221637,0.4040245465075713,D1201
1.18891,0.15221,0.0098277,9.664,2.506082566579183,0.4563785344362259,0.7457741838077019,0.8168403829137484,,,,,-0.2100840012053697,-0.5271241683940995,-0.4154650978816789,D1202
-0.205267,0.15515,0.00713695,10.194,0.8041329463322957,0.8012800425291061,0.6478255452780888,0.950481369495392,,,,,-0.1340893637999175,0.1381037898541133,0.1509188610507408,D1203
-1.60906,-0.254038,0.0258865,11.026,1.3022593100865685,1.8006675640741985,1.0543120380105644,0.7089117503166199,,,,,0.1112597337953376,0.7173285225338084,-0.3339875468809623,D1204
-2.07836,-0.0757666,0.0119911,10.885,2.46053552031517,0.4172874540090561,0.6339962554389033,0.6766371071338654,,,,,-0.020460523256373,0.0457160928975528,-1.1417328035095125,D1205
-0.499597,-0.0780525,0.018683,9.828,1.2726079940795898,1.1628840188185374,1.432773164634047,0.8305129110813141,,,,,0.0028205173804175,0.0962503603659115,-0.1669761208177078,D1206
1.00238,-0.0857593,0.0209489,9.808,1.36895010471344,1.1744036227464676,1.3429813631649674,1.1692071755727131,,,,,-0.0294095906438414,-0.3578576944252147,-0.5438145833977615,D1207
0.12555,-0.0366579,0.00637197,9.587,2.492857601245244,0.4497760613759359,0.7660901382051665,0.8789693331718444,,,,,-0.0081333112689015,0.5099512706689033,-2.044297345055384,D1208
1.52081,0.0100796,0.0250824,10.599,1.2910174171129862,1.8173473219076792,1.040295238124913,0.7110064554214478,,,,,0.0602865734463071,0.123501885096863,-0.0966883577493717,D1209
1.22301,0.0724895,0.0369814,10.917,1.394843053817749,1.6915940503279367,1.0694491298034274,0.6416518926620484,,,,,-0.1165530507991083,-0.6936798425227759,-0.3638774751525488,D1210
-1.35706,-0.00623188,0.00953976,10.52,2.4905801276365915,0.4368312656879425,0.6843919342961805,0.759095252752304,,,,,-0.1340615589707751,-0.3164826966290903,-1.18287466577749,D1211
-0.713393,0.0214393,0.00753617,11.049,0.80492156346639,0.7648110757271449,0.6683229660165722,0.9360230898857116,,,,,0.0902595642838543,-0.0769862007491768,-0.5060749986951123,D1212
0.75989,-0.00616674,0.0234684,9.46,1.3435807347297668,1.7510923544565835,1.0898674592889588,0.6823785352706909,,,,,-0.0197376549082255,-0.0016534948910897,-0.1669822229378041,D1213
1.08927,-0.0150806,0.0182911,10.022,1.3273900945981345,1.161880616346995,1.3200358933415903,1.030929522514343,,,,,0.002661697583272,0.192822710917311,0.4089564912137575,D1214
-0.591133,-0.11888,0.00904191,9.927,2.507441775004069,0.4688432375590006,0.7323180837877865,0.8621200215816498,,,,,0.0383979955127855,-0.157049172832084,-0.1156580926544847,D1215
-1.48622,0.00215265,0.0237902,11.299,1.3739508191744487,1.2146733363469442,1.0295657330545886,1.237016487121582,,,,,0.0195758547096326,0.1022162504908206,-0.3439245351255522,D1216
-0.23626,0.0363653,0.00847266,10.016,2.500635651747386,0.4507810552914937,0.7653127302383554,0.8834921503067017,,,,,0.1063752809763268,0.4131754755193192,-0.9914629780832912,D1217
-0.864324,-0.130794,0.019981,10.8,1.3412932872772216,1.1670410017172494,1.2928649351514618,1.0824655771255494,,,,,-0.0016671881261527,0.1882004303602378,0.3659558953077066,D1218
0.51119,-0.0646991,0.0439606,9.496,1.3661580046017965,1.7825131873289743,1.0327889446554512,0.6406392216682434,,,,,0.0939604786216217,0.2918872422893833,0.046717049430299,D1219
-0.0977323,-0.0239871,0.023095,11.001,1.3788365721702576,1.2212576846281686,1.0209074678092167,1.2372452378273011,,,,,0.0717968993982485,-0.1440536895048378,-0.0527440099103841,D1220
-1.68079,0.0267538,0.0655131,10.523,1.269309115409851,2.1258465508619944,0.872558515647362,0.6728982639312744,,,,,0.0252998735838575,0.0679124005169344,0.0220714213210158,D1221
-0.279955,-0.133567,0.00674277,9.762,0.8041648586591085,0.7450409541527431,0.649909396623743,1.120093252658844,,,,,0.0483106022504254,0.0507187060519089,-0.0655170558020472,D1222
0.58201,0.10556,0.016773,10.988,1.2862260699272157,1.158042019605637,1.3997126961576527,0.8754736423492432,,,,,0.0296114793340357,0.0039568453708002,-0.2534360650315648,D1223
1.80363,-0.0594185,0.0414039,10.53,1.2859390457471211,1.998746981223424,0.9180054736548456,0.6411974802613258,,,,,0.0194150697805519,-0.1097426088447706,-0.0039745196336298,D1224
-0.271378,-0.015661,0.00658464,11.035,0.8041584610939025,0.8247412105401357,0.6546635586639931,0.9229592704772948,,,,,0.0089604512942131,-0.1912864997060904,0.6401844381398405,D1225
1.24855,0.012862,0.00570577,9.245,0.8031946063041687,0.869552947084109,0.6262154507225958,0.9578507685661316,,,,,0.0105157991236653,-0.1642757324872714,-0.2251632174666156,D1226
1.32379,0.0954871,0.0250411,9.584,1.3738799095153809,1.666760887702306,1.1414585123802057,0.6885851836204528,,,,,-0.0230482436904832,-0.1803459298389609,0.4064498481020564,D1227
-1.69205,-0.0653533,0.0276141,10.154,1.3231075684229532,1.793795202175776,1.062951553484489,0.6866860389709473,,,,,0.0851618132432781,0.0621447432391573,-0.3740002753183944,D1228
0.0564698,-0.0263966,0.0257874,9.358,1.394308340549469,1.2431756496429442,1.003434288090673,1.21209547996521,,,,,0.0347239179581198,0.0562886225172856,0.0098822834988823,D1229
-1.29521,-0.00386344,0.00898345,10.722,2.51228310863177,0.4678871482610702,0.7863279837986519,0.9465239477157592,,,,,-0.0166981615958362,0.0786805580268557,0.0639195819749147,D1230
-1.11112,0.018254,0.00816257,10.562,0.8053607225418091,0.7545337617397309,0.6804203308861831,0.9096499538421632,,,,,-0.0553629118366256,-0.2853263577942839,0.2367657150680315,D1231
0.90522,-0.119811,0.00620145,11.008,0.8044917166233063,0.7395274549722671,0.6553785585123917,1.1228965520858765,,,,,0.0243933412657367,0.1095249672103412,-0.648442769459507,D1232
-0.0696389,-0.0283724,0.0489511,10.461,1.3000252405802408,1.993224134047826,0.9254006003511364,0.6356518318255743,,,,,0.0786935393237417,0.3029747044768746,0.0145986161805922,D1233
1.5205,0.11529,0.00589559,11.151,0.804057224591573,0.7852559129397074,0.642124866617137,0.995219955444336,,,,,-0.0088186762265574,-0.2030655826439378,-0.1891091092329588,D1234
-0.715769,-0.132873,0.0108432,10.119,2.460657012462616,0.4178907006978988,0.6485264681536576,0.6811683118343353,,,,,-0.0098848340204282,0.1120178746696725,-0.5692068361022393,D1235
0.80712,0.0565798,0.0203604,10.8,1.3994437217712403,1.184487662712733,1.3381146356977265,1.203527739414802,,,,,0.0618732138161713,0.1024872299551115,-0.1023613530487637,D1236
1.02481,0.15982,0.0109746,10.411,2.4722409109274546,0.4246386706829071,0.6683326702693413,0.7070955801010131,,,,,0.0372173822243487,0.086097054481578,0.2240024668499245,D1237
0.19489,-0.0630009,0.0209817,9.24,1.3722338835398356,1.1744495779275894,1.3715509525660812,1.1339885294437408,,,,,0.0017981247476306,-0.0516826921456213,0.4963695268161245,D1238
0.11526,-0.111975,0.0277566,10.839,1.331582820415497,1.7023616174856822,1.125061401005449,0.7396932935714722,,,,,0.0750166655944211,0.3920989827695025,0.0896210897335549,D1239
-1.33318,-0.153533,0.0108759,10.51,2.454394563039144,0.4168554008007049,0.6575787797056395,0.6623215824365616,,,,,0.1013685691628118,0.1064263857958089,-0.1092963202536339,D1240
-1.35736,0.0565839,0.00974012,10.152,2.4564517358938853,0.418386643131574,0.6641580349412458,0.6669883864621321,,,,,-0.0344588633067087,-0.3808861674589945,-0.5901162051668507,D1241
2.49589,0.15847,0.0194296,9.468,1.3025678674379984,1.1583281973997752,1.473259282523188,0.934216263393561,,,,,-0.043018882335327,-0.3177567339262901,-0.3481271815835498,D1242
1.71667,-0.0289575,0.0216189,9.172,1.4370506366093954,1.2102730602025986,1.2353005306474094,1.289319593172807,,,,,-0.0081721215224846,-0.2729262340282865,0.119287742236338,D1243
0.67473,-0.0112004,0.0115864,11.035,2.45295442144076,0.4154252260923385,0.6505383211990883,0.6575343882044157,,,,,-0.0058793170600527,-0.3968502245108894,-0.3492960095900344,D1244
-1.9934,-0.113075,0.0109245,10.393,2.4650059223175047,0.4201059351364771,0.6496796803227787,0.6875900614261627,,,,,-0.0018020102607329,-0.2192164586348719,-0.5199142461351585,D1245
-1.38321,0.20482,0.0114941,11.112,2.459164839982986,0.4169542958339055,0.6443482524362104,0.6779592061042785,,,,,0.0239041257837111,0.0531056148728872,-0.2590765725763049,D1246
2.15852,0.0609675,0.0102958,10.637,2.4652773002783457,0.4203277577956517,0.653551878600285,0.6889733123779297,,,,,-0.1272675987620931,-1.1262077035935214,-1.0987827898570686,D1247
-1.36977,0.22953,0.0470017,10.858,1.2804761052131652,2.0436595141887666,0.8965596495003536,0.639568475385507,,,,,-0.0991495129871181,-0.2135397085724126,0.0021012669385527,D1248
1.00477,-0.0321021,0.00618237,10.204,0.8033922056357066,0.913620932896932,0.6349600450745945,0.943232033252716,,,,,-0.0234407049798539,-0.2890528993014659,-0.0616294428618857,D1249
0.76676,-0.0682062,0.0109589,11.26,2.472606807947159,0.4248819440603256,0.6698752980807732,0.7084003162384033,,,,,0.0024382310985692,0.2432643633805208,0.2318730812548892,D1250
0.0440686,0.11128,0.00644435,10.714,2.516374609867732,0.4747827331225077,0.8189201858536951,1.010441133975983,,,,,0.0083603998166387,-0.069806380872448,-0.0014576613393728,D1251
-1.83084,-0.175537,0.055622,10.472,1.363832628726959,1.8827280879020687,0.9788371396475825,0.6221269071102142,,,,,0.1731997556435512,0.947856240498762,0.8049973656306975,D1252
-0.905263,-0.0882466,0.0472471,10.332,1.2816320141156514,2.0425727208455404,0.8977824007642681,0.6392603168884913,,,,,0.1580287384526167,0.5152360938394129,0.19204358447314,D1253
1.23175,-0.0364648,0.0570617,9.375,1.316738760471344,2.010418542226156,0.9327880226332566,0.6474099826812744,,,,,0.0354600001590787,0.1975594549623296,0.2810834283445729,D1254
-0.246594,-0.051134,0.00815915,9.277,2.4954251289367675,0.4565926174322764,0.7781538655017984,0.9278753316402436,,,,,0.0333940032743138,0.141908264006196,-0.4147172193261212,D1255
-0.0900336,-0.0264827,0.00768859,10.596,2.5151593526204428,0.4725822985172271,0.8090553417288023,0.9887356615066528,,,,,-0.0914931591042689,-0.3817758173894361,-0.5221013547343318,D1256
-2.53906,-0.265295,0.0200789,11.038,1.314820675055186,1.1607817808787029,1.2565827986289717,1.0188965153694154,,,,,0.0820735469544599,-0.0694814417411291,-0.0668079809838673,D1257
-1.29589,-0.136699,0.0311351,11.28,1.4481744567553203,1.2266261676947277,1.1256175616691853,1.2768260407447816,,,,,0.1606045830785044,0.781809309906816,0.3646269303062581,D1258
0.79968,-0.0395776,0.00557978,9.475,0.8056912203629811,0.7284416258335114,0.6781789598793819,1.0140434575080872,,,,,-0.0161112525497213,-0.1478700597837015,0.0876623272051801,D1259
-0.253225,-0.16807,0.00657644,10.787,0.805901050567627,0.7290846765041351,0.6841169821804968,0.9675273942947388,,,,,-0.0303677709122487,-0.40161186814477,-0.1908383084228262,D1260
0.40542,0.12399,0.0224452,9.827,1.3480448444684348,1.1746325035889944,1.1979832936977517,1.1323547530174256,,,,,0.0080942897008973,0.0041779382594885,0.111473813522025,D1261
0.33649,-0.0155924,0.00921228,10.669,2.475186999638875,0.4271384924650192,0.6900586383096103,0.6945489024122556,,,,,-0.0443946986328504,-0.3437192038102024,-0.118218426083331,D1262
0.68721,0.17171,0.00807795,10.943,2.496809728940328,0.4540372053782145,0.7759531849417193,0.911521339416504,,,,,0.0013149016027597,0.0224595275421823,-0.0016143865650519,D1263
0.77873,-0.26579,0.0192929,10.58,1.3207211097081502,1.1602592249711354,1.297518014907837,1.0180457520484925,,,,,0.0413630612575047,0.3745586939890616,-0.399800517669064,D1264
-0.0883604,0.10835,0.00838321,11.13,2.504708355665207,0.4536761303742727,0.7666083872318268,0.8320877713461717,,,,,-0.0234351556516759,-0.0643200846770114,-0.2280616541320341,D1265
-0.175269,-0.0431149,0.00569354,10.63,0.8056840022404989,0.7161308924357096,0.6824768535022078,1.227393353978793,,,,,0.0444738809761342,0.079849905657017,0.0459958868887042,D1266
-0.0801632,0.05829,0.00716585,10.865,2.504479654630025,0.455038512746493,0.7754342761533014,0.91440136551857,,,,,0.008807249462812,0.0968284692661833,0.1080455771370907,D1267
-1.37306,-0.0553796,0.0214875,10.905,1.338881504535675,1.173116491238276,1.1843789445942845,1.1165194058418273,,,,,-0.03700258671029,-0.2786609730048452,-0.1491743023871095,D1268
-0.673216,-0.0354106,0.0243621,8.81,1.3565591812133788,1.219168202082316,1.023116531043217,1.2339136624336242,,,,,-0.0043491244490939,-0.1281510691262302,-0.2170848591122194,D1269
0.0604632,0.0895326,0.007886,10.234,0.8060098469257355,0.7126550565163294,0.7007241403234417,1.269399682680766,,,,,0.0628578811976902,0.0923127158440411,-0.4594151443234295,D1270
1.43555,0.0132327,0.00715875,9.232,2.511719604333242,0.4647558371225992,0.7934118612059231,0.961592342853546,,,,,-0.1152831359997847,-0.271076306779203,-0.1838646135220187,D1271
-1.30297,0.0130044,0.0244535,10.538,1.353515636920929,1.2223666926225027,1.0195549253759713,1.2331018137931824,,,,,-0.0238487963768588,-0.2918372619158507,1.002128806336259,D1272
0.61085,-0.0988544,0.0171191,11.099,1.3216813484827676,1.1647663593292237,1.2256430839670116,1.0362337162861457,,,,,-0.0851511763177735,-0.4909170187304283,-0.1220851851976476,D1274
0.0557215,0.20128,0.00526305,10.772,0.8034273227055867,0.8813282608985901,0.6360787358777277,0.940624566078186,,,,,-0.0574520756275306,-0.3281990163031394,-0.2901117508736206,D1275
-0.526336,-0.096297,0.0164703,8.903,1.319964381059011,1.164518916606903,1.2224135439971398,1.0492100286483763,,,,,0.033372337629901,-0.2774485044816481,-0.1261252834083279,D1276
-2.0267,0.23305,0.0224655,11.025,1.3781180739402772,1.1855046272277832,1.1568691031686191,1.200796880722046,,,,,0.0220412796440404,0.1482631966234384,-0.2036397028568899,D1277
0.21538,-0.077638,0.00632012,10.853,0.808748060464859,0.6713563193877538,0.7435892419568424,1.1542681050300598,,,,,-0.0611844730739812,-0.1543106043858683,-0.797446165139263,D1278
0.9667,0.21963,0.0238945,10.654,1.3829884966214498,1.1967975358168284,1.0787808792344455,1.2522040059169133,,,,,0.0148665042043334,0.0085265854430359,0.0952179540327051,D1279
-0.0912409,0.1196,0.00606334,10.832,2.516247038046519,0.4744318932294845,0.8203079135253512,1.0158201730251313,,,,,0.029341084053098,0.166778640466189,0.1568465983509668,D1280
0.65861,-0.0928697,0.0217921,9.666,1.3820726076761882,1.1858806570370992,1.1659923401372183,1.2055415248870849,,,,,0.0327487042134915,0.0582178993006583,0.0665743853314779,D1281
-0.558684,-0.0731532,0.00819772,10.936,2.512803294261297,0.4720759948094686,0.8189762481327715,1.0228454875946045,,,,,0.0178527899638762,-0.1269196280765653,-0.2722510936364415,D1282
-1.99218,0.0193996,0.0202517,10.329,1.4164007186889649,1.1903060048818588,1.3406110303155307,1.2636901021003724,,,,,-0.0220447327549972,-0.2436314605483345,-0.0271392479771748,D1283
1.53657,0.17253,0.0102002,9.339,2.4669878323872885,0.4271632194519043,0.6975721953244045,0.7283192205429078,,,,,-0.012106828476133,0.135635811240961,-0.2340052153085707,D1284
0.1267,0.050191,0.00853817,9.51,2.486113355557124,0.4451150765021642,0.7504080585364638,0.840732843875885,,,,,-0.0383115682175191,-0.1977334701238751,-0.0043755508449976,D1285
-0.264543,0.00587559,0.0227215,9.699,1.3852007826169332,1.1984594523906709,1.0727846601913715,1.2562405690550804,,,,,0.0001451331836001,-0.0368919768264776,0.0051994472232763,D1287
-0.131072,-0.0779717,0.025131,10.477,1.4241246024767558,1.24384339650472,1.0143685649181235,1.174137749671936,,,,,0.0422348941559869,0.0759465427406017,-0.209809677231533,D1288
-0.407766,0.0286774,0.0234901,9.589,1.3989702979723613,1.238445313771566,1.0069163564977974,1.214540543556213,,,,,0.0082394477689869,0.0330800100263535,-0.0582328722157399,D1289
-0.713861,-0.192125,0.011729,11.043,2.481387011210124,0.4305795043706893,0.6802879993257851,0.734139084815979,,,,,0.0942002718120037,0.2690148337887195,-0.299225918664888,D1290
-1.23891,-0.136312,0.0348648,10.951,1.4158191760381065,1.233767807483673,1.0187857479884708,1.2003876090049743,,,,,0.0408997239144062,0.2262281691283028,-0.0542826060263905,D1291
-0.329286,0.25262,0.00744773,10.952,2.51870282292366,0.4814637333154678,0.8173570160208077,0.917510108401378,,,,,-0.0487297386288731,-0.2875164851041084,-0.1105855371133657,D1292
-1.64887,-0.184205,0.00919399,10.268,2.5006410121917724,0.4519323130448659,0.7146459972036296,0.8267039012908936,,,,,-0.25828078545764,-1.7791826427206645,2.952192524156999,D1293
0.37625,-0.0710695,0.0240321,11.123,1.3405120333035787,1.1953878204027812,1.0667566266553157,1.20225257396698,,,,,0.0002330890309248,-0.1274267947829409,0.163311046846502,D1294
-0.34493,-0.0192272,0.0443975,9.375,1.2841605226198831,2.0221473117669424,0.9065159898379752,0.6392155016462008,,,,,0.0077321738348728,-0.0856147843493495,-0.2617020499383216,D1295
-1.3683,0.0245011,0.00868962,10.862,0.8049595932165782,0.7745550195376079,0.6754826482000023,0.9027133321762084,,,,,-0.0065714081156154,0.0992667380159353,0.3966987514868378,D1296
0.88358,0.1006,0.0215593,10.837,1.4043293237686156,1.1871691912412643,1.322665508451133,1.2146846193533678,,,,,0.0164158949635249,0.114798640506094,0.2480729257877101,D1297
-2.69517,-0.0034882,0.0627574,10.482,1.3388893047968546,1.992025911808014,0.9713118805967528,0.6453881549835205,,,,,-0.0051581788640228,-0.134499449273576,-0.4759637100214604,D1298
-1.3525,0.13042,0.0577645,10.701,1.3486233750979106,1.9374849100907643,0.9663910978826984,0.6247862676779429,,,,,0.0698307778653327,0.2809974747479971,-0.3493113612494198,D1299
-0.0413821,-0.0882744,0.028825,10.468,1.3258548219998678,1.6713116725285848,1.1357688616062034,0.7729905533790589,,,,,0.1138978782071423,0.6894362062541032,0.1494695787332602,D1300
-1.44082,-0.207948,0.0174685,10.677,1.3111403505007426,1.162063326438268,1.226277729560589,1.0079080003958485,,,,,0.1003468406977543,0.585539903360142,-0.8679061654620455,D1301
0.38955,-0.0958105,0.0234347,9.187,1.3456114768981933,1.2036683996518454,1.0471237486806408,1.2180729985237122,,,,,0.0327514064307383,0.0779691945651424,0.1806348190584685,D1302
-1.8264,0.0491151,0.00869788,10.696,2.494712762037913,0.4626434713602066,0.7805502640789953,0.8800173724691073,,,,,-0.0257885408675378,-0.0375144756589964,-0.0664069036865839,D1303
-1.60522,-0.0546793,0.00950136,10.964,2.4945200284322104,0.4641165107488632,0.7797065325852098,0.8854119541744391,,,,,0.0141853562240988,-0.0171659607567506,-0.1847376650766818,D1304
0.61756,-0.0912112,0.0749653,9.252,1.2820988496144612,2.099150139093399,0.8908966152832426,0.6674526786804199,,,,,-0.0479947195535207,-0.5063363273842383,-0.4584171698588761,D1305
0.82418,-0.0135821,0.00686299,10.797,2.508190991481145,0.4683599064747492,0.8110963465838597,1.0090072762966156,,,,,-0.0244798300881384,-0.2055031723486308,-0.0184232111496385,D1306
-0.6316,-0.0750614,0.0123747,9.774,2.499103869994481,0.4554786821206411,0.6920224191813633,0.812496782541275,,,,,-0.0061489240732055,0.0803029598922064,-0.3051969004518469,D1307
0.18417,0.0241118,0.0276566,10.564,1.363486695289612,1.6811157683531444,1.1361509171025506,0.6971051454544067,,,,,0.0115274826060472,-0.2355577543103052,0.7801473149957019,D1308
-0.549482,-0.0394003,0.0230706,10.633,1.387016979853312,1.204550705353419,1.0567332752819718,1.2621442154049871,,,,,0.0173431189227053,0.0730841557319827,0.0762140889492002,D1309
-2.5157,-0.011413,0.00852892,10.245,2.4932993233203886,0.4621642937262853,0.7766533668698936,0.8753973096609116,,,,,0.031153774851266,-0.2946099868461087,-0.4100161852547899,D1310
-2.48901,-0.124623,0.00955728,10.799,2.485085246960322,0.4332447479168574,0.7038619518280029,0.7175058349967003,,,,,0.1334090557293056,0.1544923361750352,0.3311717539254459,D1311
0.4507,-0.0247979,0.0134182,11.003,2.505109562476476,0.4975677837928136,0.7958599328994751,1.0998730075359344,,,,,0.0373619337476227,0.1591151212034652,0.0387085217444109,D1312
-1.08045,-0.080838,0.0337449,10.563,1.3911059021949768,1.697891602913539,1.069780355897443,0.6432241892814636,,,,,0.0664542941545734,0.2663111872506645,-0.285837408126099,D1313
-0.644072,0.153,0.0128289,10.483,2.4819682200749718,0.430954772233963,0.6782318918869413,0.735200480222702,,,,,0.0096180339753738,-0.1645819808663194,0.1329369789673364,D1314
-2.20688,0.0379967,0.00592561,10.763,2.507672739028931,0.4609396745761235,0.7921217073654306,0.8757140350838503,,,,,0.033813687143644,0.108653780562455,0.0724736933116219,D1315
-0.465032,-0.00883709,0.0210197,9.762,1.3349258701006572,1.172272660334905,1.1788488133200283,1.1093760967254638,,,,,0.0659439506644174,0.223973792514438,0.1376707610324956,D1316
0.8006,-0.102791,0.00679444,10.802,2.4943951924641925,0.4505482147137324,0.768410232560388,0.8853231048583985,,,,,0.0187061690694912,0.0249778947274648,0.0676773300438071,D1317
-1.78858,0.0626882,0.00816836,10.798,2.49223122994105,0.4569375435511271,0.7715683517784908,0.8503883505860964,,,,,0.0083957968419463,0.0067913547257267,-0.01653098234965,D1318
-0.439189,-0.236732,0.00781197,8.895,2.497419269879659,0.4634379843870799,0.7873520881965242,0.8882916234433651,,,,,-0.2203393869078018,-1.3102120964548256,0.583747555167065,D1319
-0.938757,0.0467941,0.040151,10.422,1.328662904103597,1.8890649418036145,0.9873849862608416,0.644597795009613,,,,,0.0639475119499005,0.1777140872639394,-0.0987388294597622,D1320
-2.1462,-0.017998,0.0342958,10.758,1.4152652184168495,1.2330237030982971,1.0192272971416343,1.2020980072021483,,,,,0.0465031864488159,-0.1134561792677355,-0.0171028396434849,D1321
-0.914505,-0.12552,0.00610417,10.013,0.8090848624706268,0.6721589237451553,0.7509174449690457,1.2535102009773254,,,,,0.0328307989325833,0.2670683505532145,-0.1541604691956308,D1322
1.05704,-0.183414,0.022344,10.818,1.362655774752299,1.1868776341279348,1.1114264644425491,1.216632331411044,,,,,,,,D1323
1.23483,-0.017643,0.0361901,8.053,1.3406105717023211,1.8575885236263276,1.004230587646879,0.6431521916389465,,,,,0.0103533791262818,-0.0634764323798195,-0.0113493533717701,D1324
0.27273,-0.111443,0.0244778,9.765,1.3428998510042829,1.1973987023035686,1.0623500223817497,1.207938208580017,,,,,0.0919592898668406,0.5935814987600743,-0.385505808822927,D1325
1.14489,-0.048148,0.0330093,9.567,1.417635484536489,1.2332229753335318,1.0206682312077489,1.1994381856918337,,,,,0.0307177956393315,0.0414150901229468,0.1289530247886432,D1326
-0.634054,0.16774,0.0210064,10.547,1.3293810963630677,1.1714411854743958,1.167271585300051,1.103441400527954,,,,,0.0204444691696586,-0.0606301807838783,-0.1006100560116465,D1327
0.53574,-0.121653,0.00785912,9.02,2.5063098390897114,0.4701150000095367,0.8098770195040209,0.9273612101872762,,,,,0.0393882185230955,-0.0457204713263256,0.0984985952964052,D1328
0.80073,0.0219847,0.00905616,9.932,2.4989419162273405,0.4877498130003611,0.7816581551370949,1.0606438410282135,,,,,-0.0027492317810008,-0.0886200536620356,-0.0206278868572553,D1329
0.13847,-0.0141457,0.0520872,10.22,1.305688194433848,1.9827094197273252,0.9316707592585992,0.6345160702864329,,,,,-0.005517070018637,-0.1621477357339906,0.0353952230652794,D1330
0.26208,0.0961099,0.00974376,10.297,2.5032981991767884,0.4539465328057607,0.7310794715223641,0.8471359276771545,,,,,0.0160070346029991,0.0129874780831671,-0.1480298850365216,D1331
0.4132,-0.030014,0.0490098,9.96,1.2745403051376345,2.0800693313280743,0.8822420280555199,0.6567940378189087,,,,,0.0864242921269732,0.4530878486791528,0.2517568602706888,D1332
0.84891,-0.166349,0.00661442,10.518,2.51739758849144,0.4770249148209889,0.8233590424060822,1.0166266393661498,,,,,0.0208733022765276,0.1464383252966576,-0.1494009773741709,D1333
-0.168088,0.0137049,0.00662947,9.63,2.509202222029368,0.4685071428616841,0.812019002848658,1.008669788837433,,,,,0.0059310448171194,0.1161173201852002,-0.0881312229757895,D1334
0.37958,0.0560768,0.0235539,9.693,1.4211500763893128,1.216078931093216,1.0624529513819465,1.2466963306069374,,,,,0.0247637945987386,-0.0256509865569435,0.059654362303263,D1335
-1.79633,-0.0317503,0.0232431,10.449,1.4156211018562317,1.1905642777681351,1.3330007113259414,1.264134397506714,,,,,0.0689806297369626,0.1161361675995638,-0.0008601542649557,D1336
-0.692037,-0.117385,0.0217408,9.48,1.368294886747996,1.184141852458318,1.1451259974775645,1.1871093010902405,,,,,0.0582316097472411,0.0149860080426519,0.0356987846753327,D1337
-0.0836159,-0.0598952,0.0229662,11.107,1.362566808859507,1.1812981088956198,1.159583593236989,1.1727079939842224,,,,,0.0320164558722476,0.1137218926134434,-0.1364038993851863,D1338
-1.81131,-0.0415002,0.023614,10.334,1.4180131951967876,1.194905224442482,1.2949740044001876,1.2465163171291351,,,,,0.0047742310117293,0.2550871041697959,-0.1136292554947431,D1339
-1.24017,-0.0310528,0.00927697,10.834,2.5208429912726085,0.4889641463756561,0.8129666396256151,0.8949348690609137,,,,,0.0319765734763273,0.0619544496607906,-0.5135144104933715,D1340
-2.4763,0.00752779,0.0252613,10.313,1.3798649827639262,1.1898264050483705,1.1211815147564328,1.2125552296638489,,,,,0.0321284320698687,0.2315729430932109,-0.1491017276493949,D1341
-1.6842,-0.0794952,0.00859161,11.006,2.5107223709424336,0.463806696732839,0.7812286142645211,0.8697780060271422,,,,,-0.0597795148543144,-0.6080967095511467,-1.0577067864214769,D1342
-0.438225,-0.0952977,0.0104405,9.428,2.505496386686961,0.4662451366583506,0.7184965867420723,0.8472380924224854,,,,,0.1233878748996995,0.153479647580863,-0.0830042602610774,D1343
-1.58069,0.00477057,0.0194141,9.285,1.3366706371307373,1.167633692423503,1.2557435734518645,1.0813283610343931,,,,,0.083612978930489,0.1325762022231942,-0.4236697807646123,D1344
2.51778,-0.102322,0.0065009,10.005,0.8084649980068207,0.6734066287676493,0.7385559708907686,1.0931768012046814,,,,,-0.1957589260000146,-0.3922304976167168,-2.4061222031959915,D1345
0.15136,-0.158693,0.0169385,10.685,1.286014461517334,1.1580838123957315,1.397897296938403,0.8750136637687683,,,,,0.0660874170561596,0.4401567601720579,0.3270877915492747,D1346
-0.409234,-0.229135,0.0275951,11.257,1.332633646329244,1.7496092677116395,1.0943765773855407,0.7004910326004028,,,,,0.1280427315879168,0.3708361708054785,-0.5618552902233205,D1347
0.17046,0.12388,0.00776847,11.215,2.5004539211591084,0.4682110697031021,0.7953744921190985,0.9128913432359697,,,,,0.0230091740575972,0.0294553543412665,0.0833240798674523,D1348
-0.0814557,0.11529,0.00619304,10.138,2.503182492653529,0.4610631535450617,0.7955162144940475,0.9643443584442138,,,,,0.0109382621232229,-0.0354449155738499,-0.0970003549737157,D1349
-0.852017,-0.0801111,0.00801689,11.25,2.512726088364919,0.4684304108222326,0.7906246976605777,0.9541297602653503,,,,,0.052632407212061,0.1573148150924946,0.0722431672329548,D1350
-1.76635,-0.046921,0.00795935,10.603,2.5002052009105684,0.4664386590321859,0.7943599326857205,0.9051038945714632,,,,,0.0438179135518799,0.1483675361639862,-0.0422576834826031,D1351
-0.959764,-0.00348589,0.0180482,10.457,1.3239118576049804,1.1619654635588328,1.3990878339471489,0.9990218043327332,,,,,-0.0747611357915827,-0.2045021036937723,0.0312505905530997,D1352
0.35782,-0.00538665,0.0216815,10.219,1.382283051808675,1.179447156190872,1.2586763480613972,1.189664545059204,,,,,-0.1066816577578468,-0.5344519348595389,-0.0602376646202174,D1353
0.75038,-0.216269,0.00684926,10.598,0.8033819198608398,0.8080667912960052,0.62811354624814,1.0010512804985046,,,,,0.1150445160782158,0.5075106927762891,0.3409576427657157,D1354
1.16171,-0.00268829,0.0175479,10.51,1.278255621592204,1.160453406969706,1.4155568871004829,0.8441892552375794,,,,,-0.0089437697144098,-0.2797024369573295,-0.2731251426666858,D1355
-0.119762,0.28105,0.00647304,9.447,2.5143967012564343,0.4715665231148402,0.8157019306873453,1.009450467824936,,,,,-0.0285678685541012,0.0662513809597104,0.2365896899500512,D1356
-0.986112,-0.036146,0.00904244,10.052,2.5132690012454986,0.4701296170552572,0.7908831290129957,0.9536918914318084,,,,,-0.1709577527030278,-0.9451359450128912,-0.5570057660806924,D1357
-0.316648,0.0318577,0.0277735,9.822,1.3630478819211325,1.66226323445638,1.1478926662741036,0.7108774280548096,,,,,0.1415749602608427,0.3845512482404915,-0.1539854177099187,D1358
1.0283,0.0914062,0.021206,9.384,1.3676422158877055,1.1899290839831034,1.0979898674734707,1.2284970531860988,,,,,0.0410968212656241,0.1606580621496252,0.0474399283993989,D1359
-0.0248351,0.0239132,0.00882615,9.276,2.500079639752706,0.480180749297142,0.7904413876862362,1.0423851263523105,,,,,0.0348960246766955,0.2189721940443119,-0.1258891753896023,D1360
-0.589169,0.17221,0.0275916,10.872,1.3677045345306396,1.6838496426741285,1.1324690344004795,0.6876691508293152,,,,,-0.0475468606041915,-0.2585789499081946,-0.1029173907663789,D1361
0.71723,-0.041706,0.00782479,10.576,2.492321153481801,0.4431912988424301,0.7467178856504375,0.8291075658798218,,,,,-0.0402809718066092,-0.323980212738399,0.1625322470572427,D1362
2.56015,0.0487599,0.0273641,9.624,1.3434314052263896,1.7004507760206855,1.127524733543396,0.7192396545410156,,,,,0.0183810800591426,-0.020484641158339,-0.3200459524887264,D1363
0.0574819,-0.153975,0.0221862,11.107,1.344523278872172,1.1809268693129222,1.124237113985522,1.185730012754599,,,,,-0.0224708392755342,-0.1476125882241067,-0.0887779351542121,D1364
0.60879,-0.0815763,0.0512942,8.534,1.3611359397570293,1.8321934501330055,0.9985424444593232,0.6334707546234131,,,,,0.0738032795389929,0.2320646231623724,-0.0567285818833624,D1365
-2.02019,-0.207454,0.0205158,10.51,1.338365948200226,1.1659524460633597,1.4591686006250053,1.0614640638232231,,,,,0.1343560531885973,0.321031854187787,0.1687429270750726,D1366
-0.591557,0.19354,0.00833986,10.49,2.5146902124087016,0.4730655401945114,0.8200015405128742,1.0217230272293092,,,,,-2.6710044754296725e-06,-0.0715203149669788,-0.0951429526903666,D1367
-0.361692,0.0686156,0.0239657,10.963,1.3292561809221903,1.795221451918284,1.0607267494859367,0.6751079186797142,,,,,0.0932877596950922,0.4042886014096499,0.1383307644719025,D1368
-0.391796,0.17142,0.0246444,9.735,1.3437517444292704,1.1979350884755453,1.0612271489768192,1.2095620942115783,,,,,-0.1741505579513782,-1.1382385553379322,-0.1246671289409278,D1369
-0.240308,0.0118674,0.0222128,10.978,1.3712897896766665,1.1840470294157663,1.1531626417719083,1.1897025322914123,,,,,0.0003408680665972,-0.0671887489465667,-0.0820178082576603,D1370
-0.757825,0.0581945,0.00773568,9.729,2.516494355599085,0.4773803104956944,0.8295815761747032,1.046266710758209,,,,,0.0185239768050048,0.0675723363199787,-0.1152320921246428,D1371
-0.438521,-0.0886047,0.0111823,9.977,2.496884697675705,0.4437249004840851,0.711843846173122,0.799803512096405,,,,,0.1194295471209073,0.7107203816627277,0.1592357931876904,D1372
-0.921964,-0.104912,0.00699715,10.208,0.804237691561381,0.7957927236954371,0.6501819984666233,0.9499932885169984,,,,,0.0375362544185441,0.235803847592911,0.0107994539430364,D1373
0.0386725,-0.123615,0.0244356,9.339,1.355056921641032,1.2237403353055318,1.0180762512930508,1.2332519316673278,,,,,-0.2293554814715363,-0.9199459116372188,-0.3049824004410766,D1374
-0.179869,-0.10755,0.00655553,9.967,2.4884988327821094,0.468177455663681,0.7585512214693529,0.8879734153548876,,,,,0.0090308803125863,-0.0242914441266249,0.0187431891390588,D1375
-2.5538,-0.0984741,0.0220498,10.557,1.3401973525683084,1.1786630213260652,1.1326107773287544,1.1720505729317665,,,,,0.0902397219746614,0.0312401443605172,-0.0717191871081013,D1376
0.92556,0.0988239,0.00639341,11.274,2.5088641663392384,0.4775613258282343,0.816802939464306,0.961403804520766,,,,,-0.0684898289348399,-0.5157388899312765,-0.1248803510461584,D1377
-1.54053,-0.0134675,0.0146592,10.394,2.5050655961036683,0.500190399090449,0.794757689895301,1.105937260389328,,,,,0.0948444353467887,0.4557799186360372,-0.3618509366060607,D1378
0.68532,0.0762306,0.0228162,9.68,1.4007922649383544,1.2336035549640656,1.0117151922193066,1.2194675254821776,,,,,0.0009418698934146,-0.0133631967021934,-0.0094483301290893,D1379
-0.0301182,0.15798,0.00780047,10.948,2.520422812302907,0.4845558822154999,0.8292937258194233,1.0083657121658325,,,,,0.0392289736860018,0.3088680883612704,-0.4550027808509185,D1380
-1.59205,-0.0251902,0.0299513,10.529,1.3275018056233725,1.766098036368688,1.0829802104111377,0.6973070740699768,,,,,-0.0149924281321506,-0.0371743380368752,0.3426124707111739,D1381
-0.128312,-0.111633,0.028875,11.173,1.3893734614054365,1.6487401843070983,1.128853084712193,0.6727847671508789,,,,,0.0592811094040828,-0.0676050376892614,0.7765978166426066,D1383
-1.89641,-0.0102074,0.00564339,10.546,0.8064572652180989,0.7041354676087698,0.6949384952413624,1.2045786094665527,,,,,-0.004784204746261,-0.1667278434122185,-0.0487490136511041,D1384
-0.19963,-0.105651,0.00623962,9.109,0.8038418014844259,0.8341853141784668,0.6438210935428225,0.9378176236152648,,,,,0.0626107421040304,0.3208678624959326,0.0155880754900863,D1385
-2.44195,0.17628,0.00901131,9.847,2.51674103140831,0.4769207785526911,0.8098244112113426,0.984046471118927,,,,,-0.054957375827237,-0.2948250677527082,0.480690391457756,D1386
-1.32222,-0.16235,0.00915666,10.539,2.4948879182338715,0.4726560215155284,0.7781963070918774,0.9988488948345184,,,,,0.0163296227769562,0.0256512685418857,-0.0186514740489656,D1387
0.24988,-0.164055,0.00730509,9.431,2.5137610018253325,0.4820199946562449,0.8311690225683409,0.9765601145724456,,,,,-0.0884775127292347,-0.356986686749227,0.8850549598500947,D1388
1.60123,-0.034627,0.0274254,10.635,1.3586668173472087,1.6493635753790536,1.1543743476785462,0.7278347873687744,,,,,0.0112148891225594,-0.019081628032942,-0.0750805819698143,D1389
-1.9388,0.28116,0.010064,9.458,2.502821771303813,0.4525118559598923,0.7317963931067236,0.7950550218423208,,,,,-0.2830032471846559,-0.8944235307856818,-0.6711930972887785,D1390
-0.707181,0.079387,0.00747837,10.746,2.520569066206614,0.4851447472969691,0.8275843314055739,0.9273142032325268,,,,,-0.0216884259605684,-0.0985904217178413,0.1101794045971473,D1391
-0.944205,-0.179179,0.0272226,10.502,1.3581705292065938,1.647304536898931,1.1551074991966117,0.730328905582428,,,,,-0.4289386641045947,0.1407853530702196,2.65582901299058,D1393
-1.56405,-0.0443384,0.0337788,10.525,1.3869317094484963,1.671260170141856,1.109392523765564,0.6630573153495789,,,,,0.0059996776772942,0.1129561729922394,0.418211102100031,D1394
-0.950191,-0.121431,0.0594065,10.798,1.3205814679463703,1.980895815292994,0.9383819236837584,0.6312845448652903,,,,,0.0381284513914309,0.0266950941194182,-0.1495654045284027,D1395
0.71985,-0.0881381,0.0181757,10.966,1.288906562328339,1.1578785240650178,1.4322445289842014,0.8905497466524442,,,,,0.0066488816941219,-0.0482126891002877,-0.4174496462219395,D1396
-2.24685,-0.164718,0.0205635,11.351,1.319896141688029,1.1619072874387106,1.4773665831006806,0.9897094517946244,,,,,0.068374880458685,0.0929898240568087,-0.2372012378182262,D1397
0.62673,-0.182076,0.0504543,11.122,1.3494778752326966,1.917681207259496,0.9652365548857328,0.6235998645424843,,,,,0.0459835741456162,0.1697873788035262,-0.3394550234515918,D1398
0.91221,0.1487,0.0183425,10.269,1.3176321347554525,1.1607881903648376,1.4221402735545718,0.9741312193870544,,,,,-0.0425213994905655,-0.1495699080943673,-0.1600413381602266,D1399
-0.511367,-0.0298297,0.0188145,10.185,1.3067189971605937,1.1606513500213622,1.5541758927805671,0.9439553767442704,,,,,0.0302110486942506,-0.014055387355952,-0.0694624810203095,D1400
-1.13626,-0.0188335,0.0123954,9.982,2.498449232180913,0.4550627529621124,0.6884948693472763,0.8085078072547912,,,,,-0.1407256730782612,-0.2777549122561575,-0.4955352978140581,D1402
-1.06719,0.0665249,0.0228631,10.345,1.3900396784146627,1.178489268819491,1.394801100780224,1.1798418233027823,,,,,-0.0395535322420379,-0.2960862382934688,-0.0218525984455482,D1403
-0.274672,0.0901053,0.00813524,10.115,0.8052628199259441,0.7650714814662933,0.6827945627015213,0.8918543648719788,,,,,-0.004033164379681,-0.1059591978824869,0.0618160382000496,D1404
1.35391,-0.086352,0.00786177,8.811,0.8060787618160248,0.7116848359505336,0.7014119470941609,1.2712816422184308,,,,,0.0373676054796811,0.0480106574115593,-0.0617059281867113,D1405
-0.114893,0.0480181,0.00828456,9.69,2.517545235157013,0.4871634980042775,0.8407116583709059,0.9878839092950026,,,,,0.0731102408283227,0.1290226703057571,-0.1591984431652235,D1406
0.46554,0.024158,0.0350053,9.543,1.3927629391352336,1.6902461032072702,1.0744631948142216,0.644358036518097,,,,,0.0036983330367211,-0.0743388992508024,-0.4147243009065278,D1407
0.73595,-0.0185351,0.00808946,10.725,0.8052572965621948,0.7650276194016139,0.6824679652164722,0.8926498651504516,,,,,-0.1004004922205532,-0.3466455111693978,-0.7499661354668206,D1408
0.7955,0.0509508,0.0202964,9.012,1.3258801539738974,1.1633579889933268,1.4813959824627845,1.0131221935153008,,,,,-0.1158169271143709,-0.1465215053084051,-1.1111056200097664,D1409
0.87317,0.0337774,0.0058554,10.202,0.8033269206682842,0.8581945021947225,0.6308492894830375,0.9525448060035706,,,,,0.030586485370876,0.0582045277133128,-0.2131244868942303,D1410
-0.887121,-0.0865565,0.00601453,11.371,0.8076191564400991,0.6929598172505697,0.7240455859693987,1.3079707796374958,,,,,-0.0020748768296392,0.1199622294426729,0.2703867575328331,D1411
0.79898,0.10131,0.0105843,9.697,2.471926335493724,0.4313851584990819,0.7107887124193126,0.749576758146286,,,,,-0.0336372490505442,-0.391814236789591,0.5982808468834264,D1412
-2.64373,-0.0331138,0.0193075,10.665,1.3183475057284038,1.1613702515761055,1.4613352952332332,0.9852947990099588,,,,,0.0453694861415249,0.1906421186355862,0.6810689456251566,D1413
-0.643078,-0.0915976,0.0414378,11.039,1.291475812594096,1.98017370502154,0.930043506211248,0.6412600378195444,,,,,0.0840935826763656,0.5288876550326209,0.1255945630546193,D1414
1.2897,0.0565818,0.0412758,10.671,1.2866596142450968,2.001269976298014,0.917112765641048,0.6404103462894758,,,,,,,,D1415
-2.21007,-0.0986956,0.0228372,11.133,1.390045519669851,1.178483811020851,1.394955010249697,1.179838865995407,,,,,0.0083043826782239,-0.1347582316091644,-0.0395184657099889,D1416
-0.737486,-0.0464169,0.00716358,10.002,2.5172908941904706,0.4896275907754898,0.839633701176479,0.9963912020126978,,,,,0.0315506256251884,0.0368471974648373,0.0820069857218186,D1417
-0.599407,-0.0696327,0.0201825,11.133,1.3802527070045472,1.1784941842158636,1.2833612458459265,1.1824646019935607,,,,,-0.0260201033988308,-0.1976423597618732,-0.1757133900027838,D1418
0.97503,0.0235553,0.020183,11.13,1.3801881631215414,1.1784707248210906,1.2836194285031022,1.1822870445251463,,,,,0.0561374930332392,0.1746597155486954,-0.18102254356927,D1419
-0.362181,-0.0361729,0.0214684,10.1,1.3931848526000976,1.183127181728681,1.304319548195806,1.212486982345581,,,,,-0.0023801111741062,-0.1769268273691763,0.1002468610895448,D1421
0.7234,-0.15166,0.00694607,9.246,2.489231508970261,0.4664904991785685,0.7623548600180395,0.8834515400230885,,,,,-0.0163921637254519,-0.1922030607017405,-0.1991136030483176,D1423
-2.16507,0.0168672,0.0112389,11.046,2.4996354579925537,0.4535101105769475,0.7011474340126432,0.8178464329242706,,,,,-0.0328653495709284,-0.0208288790254256,0.006536034255987,D1424
-1.81022,-0.0238171,0.00911843,10.805,2.5217849830786387,0.4891498237848282,0.8240387665814367,0.9116814856727918,,,,,-0.0295956628559599,-0.0520525977272787,-0.7014655685125035,D1425
0.48601,-0.0106273,0.0076618,9.813,0.8047645767529805,0.7304978440205256,0.6649254036360773,1.1756892323493957,,,,,0.0106766964097109,-0.0409885238029282,0.0315670188792864,D1426
1.42234,-0.0760778,0.011875,9.653,2.4694783131281537,0.423149628440539,0.6465911659701117,0.6957859802246094,,,,,-0.0071164997854488,-0.2386463095051103,0.0327821390310418,D1427
1.17559,0.027846,0.023778,9.536,1.4230216463406882,1.2279591997464498,1.0359193394924031,1.2276057849327724,,,,,-0.4274459695818054,-2.501251619949864,-3.0689594203722663,D1428
0.20218,0.0480934,0.0321806,10.756,1.3122594992319745,1.896020269393921,0.988309205606066,0.6549771213531494,,,,,-0.1615674297366805,-1.0271839654512438,0.763492172700353,D1429
-2.28313,-0.225249,0.0391926,10.938,1.2895811239878336,1.9605672895908357,0.9418112758932442,0.6552579140663147,,,,,0.1889957535891083,0.8963647778260218,-0.0859753313561668,D1430
-2.79474,-0.245087,0.00938363,10.416,2.5122921586036684,0.4695882807175318,0.7796523642951044,0.8702650877336661,,,,,0.1159841539243645,0.6900686809596639,0.2551517995743779,D1431
-1.29513,-0.0289688,0.00596526,9.102,0.8102513273557027,0.6633675843477249,0.782864759708273,1.2943548250198365,,,,,-0.0504401284336168,-0.1976377041814079,-0.3128358666363056,D1432
0.36228,-0.255627,0.00890942,9.52,2.4806045492490134,0.4302874028682709,0.697225801903626,0.7058334313333035,,,,,-0.0500441444188108,-0.7864508465557378,-0.8854126882069977,D1433
-0.249717,-0.201513,0.0192038,10.801,1.348393340905507,1.170344877243042,1.258839321547541,1.1101722502708435,,,,,0.0070233179204379,0.0409742453107391,-0.306604864570545,D1434
-1.00309,0.0716096,0.00620975,11.316,0.8099811911582947,0.6655354936917622,0.7752904686434515,1.2896986031532287,,,,,0.035257765104537,0.0761852629346829,-0.0886144557443913,D1435
1.5746,-0.125688,0.00488974,9.68,0.8057606856028239,0.7174606611331303,0.6796174830403822,1.1055231618881225,,,,,0.0304951409577086,0.2325235696844538,-0.3831650669380906,D1436
0.26818,0.044951,0.0275444,10.891,1.4549736658732095,1.2276657571395238,1.1665735984670704,1.315565936565399,,,,,0.0129180892937697,-0.0022909123751621,-0.0338078319182386,D1437
-0.252715,-0.0214344,0.0122451,9.848,2.4769921362400056,0.4276880731185277,0.6813252311328362,0.722815316915512,,,,,-0.1313846125998374,-0.3907191508575318,-0.0105228142929263,D1438
1.71659,0.073545,0.00630303,9.426,0.808721653620402,0.671583890914917,0.7430318234295681,1.1499335670471191,,,,,0.0051802331147606,-0.2184337876847184,-0.2989699009485775,D1439
-0.14809,0.16815,0.00575853,10.983,0.8033605436484019,0.7812804341316223,0.6303174547080336,1.0585614492495854,,,,,0.0464933553829374,0.5930168301655341,0.3630053208617028,D1440
1.63022,-0.0392097,0.0122742,10.23,2.498072463274002,0.4548103183507919,0.6865279921169939,0.8063048756122589,,,,,0.086793591316345,0.5916789339815876,0.1101922544039553,D1441
1.23419,-0.000118222,0.0120752,10.2,2.503759495417277,0.4935553779204686,0.793601720497526,1.088234555721283,,,,,0.0204811959742147,0.1942792118680816,0.0291475419071503,D1442
0.46982,-0.114256,0.00541899,10.529,0.8053760131200155,0.7333771248658498,0.6711911497444942,1.0350040078163147,,,,,-0.0287375206254766,-0.1351349975134234,-0.0202346616715658,D1443
1.6197,0.042749,0.0495984,9.934,1.2675476590792338,2.1052051544189454,0.8706444954049999,0.6625837111473083,,,,,0.0199700171653163,0.0119493647480886,0.0494679385228664,D1444
1.46438,-0.053552,0.0260674,10.292,1.355258293946584,1.645611399412155,1.1553092198125248,0.7372547388076782,,,,,-0.0305482509112716,-0.1398513655021016,-0.2856310703064082,D1445
1.27398,0.0381447,0.00701621,9.151,2.514016270637512,0.4764568736155828,0.8275791447738121,1.051448323726654,,,,,-0.0413999598957749,0.1822492083169675,-0.3583969826868269,D1446
0.74989,0.0419808,0.00601261,8.816,0.8031994819641113,0.8356313705444336,0.6251881451442324,0.9767446970939636,,,,,-0.0427502870308927,-0.4491959000420724,-0.5509323130754638,D1447
-0.919252,-0.0326333,0.0184111,10.211,1.3390382568041483,1.1658362209796906,1.3170783273104965,1.068832585811615,,,,,0.0416490789047133,0.1885076272750575,-0.1221972640778403,D1448
0.76789,-0.0155596,0.00844784,9.734,2.50489697655042,0.4675123204787572,0.8047934184814322,1.0041880238056182,,,,,-0.0057457352505157,0.0652023174722349,-0.0656619423243682,D1449
-0.64463,-0.108965,0.00604415,10.855,0.8064476410547893,0.7081988036632538,0.6923522384002291,1.068029727935791,,,,,0.0274445411908084,0.1967666078822245,0.0015862721556914,D1450
-0.250942,-0.187051,0.0489568,10.962,1.2500381310780844,2.109564785162608,0.8494958528156938,0.664271912574768,,,,,0.0988949222279376,0.5292871065138336,-0.1238882066390942,D1451
-2.15004,-0.208975,0.00674161,10.937,0.8075025339921316,0.6894256701072057,0.7142839431762695,1.19048841714859,,,,,-0.0217902465200267,0.0410922036278096,-0.847014084822149,D1452
-0.717107,-0.023305,0.0164031,10.811,1.3214696606000265,1.1598881423473355,1.3316330457555836,1.0087261009216308,,,,,-0.0591759577357435,-0.3052501612197079,-0.2094597632385557,D1453
0.55477,-0.0594008,0.0105401,9.327,2.455968475341797,0.4156101683775584,0.6434834435068327,0.6748786270618439,,,,,-0.0850879684492799,-0.3348792197009136,-0.1570639000638038,D1454
-0.0743698,-0.0406121,0.00605257,10.591,0.8080375711123149,0.6844381580750147,0.7265579906003229,1.245065269470215,,,,,-0.0766571469647425,-0.4718982338688712,-0.3691496361861937,D1455
-1.13217,0.15672,0.0218574,10.377,1.337011154492696,1.1770761907100675,1.1374693286829982,1.162192980448405,,,,,0.0073510845131171,0.0171133878223042,-0.0761646158643998,D1456
-0.232573,-0.0598523,0.00588166,10.647,0.8097527345021566,0.6681183854738871,0.7694279962572558,1.2915382885932922,,,,,-0.0051777343429204,-0.7548400254423678,1.3093475618516095,D1457
-1.45945,-0.131548,0.0223961,10.259,1.4214700977007548,1.2060538132985432,1.1425297774117569,1.242963433265686,,,,,0.0687165716892825,0.2037219545822224,-0.2050863497352111,D1458
0.27273,-0.0516962,0.0536813,9.303,1.360556920369466,1.837792032957077,0.9953573325584676,0.6329963850975037,,,,,0.0734224503819418,0.0742616846891872,0.1820971524939523,D1459
-0.647664,0.0419499,0.0080583,10.095,2.521381676197052,0.4963912636041641,0.8494547913814413,1.10406334400177,,,,,0.0089570021276759,-0.0280156464571184,0.0218191415115143,D1460
0.13891,-0.054474,0.00703355,9.911,2.5128478944301604,0.4672865559657415,0.7992724591288073,0.9725557923316956,,,,,0.0720342119689685,0.2855324285295016,0.0966943480088957,D1461
-0.560079,-0.0693216,0.023568,10.823,1.3818140943845114,1.1765044887860616,1.384662272601292,1.159376330100573,,,,,0.0451079641591542,0.0433440357002542,0.0824214746317011,D1462
1.71977,0.0458323,0.00612157,11.261,0.8034032801787059,0.8213208635648092,0.6289052521360332,0.9808697175979614,,,,,0.0689000479940389,0.0109660085342817,-0.5398321587708779,D1463
0.35196,0.0547537,0.0106123,9.175,2.514534191290537,0.4818098415931066,0.7713033063658352,0.8957768309116364,,,,,0.0068431065177859,-0.0530214700053946,-0.0696382612077286,D1464
-0.323633,0.20286,0.0119031,10.237,2.506732394297918,0.4742277771234512,0.7209203037722357,0.8450257813930512,,,,,-0.1199544312055423,-0.5880775861203391,-0.7194828646097449,D1465
-0.938708,0.0142775,0.0115461,9.784,2.505656240383784,0.4677253007888794,0.7181538867539373,0.8465037369728088,,,,,-0.012017645174625,-0.18187504534752,-0.0189636081995558,D1466
1.04829,-0.0507127,0.0538731,9.206,1.3609087705612182,1.9271817048390707,0.9840300062607076,0.6249538337190946,,,,,-0.0230357259119167,-0.2647106118537781,-0.0070497131164302,D1467
-2.89799,0.00634069,0.00916979,11.03,2.5080013195673625,0.4615009973446528,0.7527926677259905,0.8320051891108354,,,,,-0.0015790036193584,-0.2366467040110569,0.0508824309508781,D1468
2.15905,0.15008,0.0079927,9.036,2.521383901437124,0.4869771132866541,0.8304378883592014,0.9275412522256374,,,,,-0.0168915484732706,-0.2027786445221926,-0.0380829821806401,D1469
0.54215,-0.121724,0.00847422,10.206,0.8025961657365163,0.8491646399100622,0.6091794094135021,1.0072869729995728,,,,,0.0210629854580171,-0.009955174844456,-0.0393914547967142,D1470
1.14243,0.0200118,0.0083774,9.339,2.5132371962070463,0.4734182804822922,0.8219087000550895,1.031928254365921,,,,,-0.0099199895640083,-0.1477640370947834,-0.0250398856442188,D1471
-0.63406,-0.152566,0.00586946,9.021,0.8070041954517364,0.7002538869778315,0.7155956245701889,1.2988396758834522,,,,,-0.0690081551744244,-0.4126135014351698,-0.2156170996895525,D1472
-0.764261,-0.0526496,0.00741629,10.535,2.50123384197553,0.4530278881390889,0.7743292317308229,0.9028152537345886,,,,,0.0215910771069256,0.238767570814568,-0.0976262025724281,D1473
-0.0123222,-0.0917781,0.0237994,9.107,1.3901147365570068,1.1789684901634851,1.3845739015217484,1.1809619275423198,,,,,-0.0106487725102412,-0.062719689391199,0.2340958568020141,D1474
1.24962,0.10762,0.0204692,10.358,1.3666950901349386,1.1908195853233337,1.0909024579771631,1.231459530691306,,,,,-0.0047304411093845,0.9224867164832028,0.3025285504991188,D1475
0.37967,-0.0406351,0.00424962,9.259,0.8069017668565114,0.6982187330722809,0.7024384819228073,1.1996720051765442,,,,,-2.160425251569037e-05,-0.2183422492773471,-0.2266739073966164,D1476
-2.10591,-0.127849,0.00718248,10.22,2.5186522006988525,0.4848270356655121,0.8410122096538544,0.9800106833378474,,,,,-0.2442694693889424,-0.7882318106100055,-0.8857050134902238,D1477
-0.846807,-0.143483,0.0225578,11.022,1.3993364294370016,1.1952156682809194,1.135056904677687,1.2286508965492249,,,,,-0.215817792512228,-1.3376075964227052,-0.0759118006681092,D1478
0.15764,0.27596,0.00820484,10.199,2.515934149424235,0.4806992679834366,0.8344254236796806,1.0693941271305083,,,,,0.0218596352647655,0.0356021924036068,0.1513237635808764,D1479
0.78885,0.10518,0.024896,10.35,1.4469106435775756,1.2201917161544165,1.1900826877561108,1.3219815182685852,,,,,-0.0957593506778214,-0.3196200344578623,-0.2927884882665239,D1480
0.0951913,-0.0370763,0.0241808,10.523,1.3800522923469545,1.1926282544930775,1.1004358386171276,1.2424553632736206,,,,,-0.0002352924440212,-0.0444945267236139,0.0753837100928649,D1481
0.9108,0.0941113,0.0389674,10.194,1.3616120974222818,1.783854075272878,1.0406789861876389,0.6404022996624311,,,,,-0.0564027107713556,-0.3635239403356922,-0.497081417190202,D1482
-0.508476,-0.105545,0.00713789,11.087,0.804247361421585,0.7446858197450638,0.6508094668388367,1.1293447762727735,,,,,-0.0087595444329884,-0.0552435792889455,0.1933109821184189,D1483
-0.595837,-0.0269145,0.017114,11.034,1.2836023767789204,1.15891548593839,1.4252105663562644,0.8624302411079406,,,,,0.0681442268965747,0.0521055258584435,-0.1907023858220782,D1484
-0.118084,-0.108086,0.0192292,10.888,1.3012068430582682,1.1581264714399973,1.4684939692760337,0.9300290470321974,,,,,0.0988423150370079,0.2529357150128312,-0.1408603286326979,D1485
0.30393,-0.148908,0.0173092,10.643,1.284901781876882,1.158584225177765,1.4273825000072349,0.8669011616706848,,,,,0.0784246069055524,0.277398235040672,-0.3917434407048858,D1486
-0.839022,-0.184969,0.0229781,11.024,1.3954384565353393,1.2338700731595358,1.0097725185854682,1.225183801651001,,,,,0.0690624407328881,0.2032558498891518,0.1330049594616866,D1487
-1.82199,0.12236,0.00765806,11.435,2.5187099238236743,0.4838000734647115,0.8400048932124828,1.074957368373871,,,,,-0.0227937080588851,0.0115590580970412,-0.0599593463630299,D1488
0.0459141,-0.209338,0.00767865,9.622,2.516653029123942,0.4822421789169311,0.8365265942853073,0.9751385003328324,,,,,0.0752910752530013,0.7148056673010618,0.5222451352892676,D1489
0.88717,0.0414755,0.0126703,10.718,2.4594264606634777,0.4166836669047674,0.6390106493029101,0.6762529253959656,,,,,-0.0344135190855922,-0.3232704681914095,0.5523628517839825,D1490
0.49695,0.0622632,0.00738915,11.067,2.513879777987798,0.4787995477517446,0.8298077788846246,0.964355414112409,,,,,-0.0164285076810212,-0.3305302262984435,0.2054144154244568,D1491
-0.590457,-0.131498,0.00766027,10.795,2.514782883723577,0.4799996475378672,0.8322112303355644,0.9682290069758892,,,,,-0.0055401989821398,-0.1109624963382526,-0.2295416420747642,D1492
-2.2826,-0.156079,0.00793397,10.729,2.5120712478955585,0.4713717937469482,0.8177731129629858,1.0206167471408845,,,,,0.0975088796262138,0.465112803281122,-0.1752999737000209,D1493
-1.27695,-0.0489379,0.0239637,9.385,1.3586817423502604,1.2223776261011758,1.0192179515444,1.2342070269584655,,,,,0.0072850836065868,-0.1711201189408502,0.0107246188126737,D1494
1.76078,-0.0593064,0.0226019,10.187,1.4436901132265727,1.2167846937974294,1.2087163123591194,1.3246240353584289,,,,,-0.0564430697420196,-0.3904090769270372,-0.5672579058227711,D1495
-1.28681,0.00609728,0.0777466,10.612,1.2871110280354818,2.105911839008331,0.9069388508796692,0.6954892438191634,,,,,0.0040705368470385,-0.0965772246298395,0.0848373429762432,D1496
-1.15729,0.14192,0.00725363,11.324,2.508958089351654,0.4711489667495092,0.815453571492228,1.0250202023983002,,,,,-0.0047888710735151,0.0539575611270592,-0.0806502208215533,D1497
0.35956,0.16453,0.00961079,10.808,2.5112465898195904,0.4746882398923238,0.7565195570731985,0.8876540040969849,,,,,0.0192721729159953,0.1403133830640343,-0.1506899970845552,D1498
-0.411324,0.1298,0.00783222,10.687,2.513284534215927,0.4711671829223632,0.8162538213976498,1.0126976573467257,,,,,-0.0699071724048867,-0.5680258798345846,-0.3421703465282917,D1499
-0.358972,-0.13323,0.00745424,11.268,0.8042522490024566,0.878514735897382,0.6812969600332195,0.8964124369621277,,,,,0.0559116957342273,-0.0283319850884233,0.0312578188459156,D1500
-2.35106,-0.146517,0.0230047,8.985,1.3783572435379028,1.2194538672765096,1.023083727935265,1.2377739500999452,,,,,-0.2483037608428831,-0.4678494698218154,-0.4222405206601252,D1501
-0.351984,-0.0120527,0.0113247,10.839,2.494904351234436,0.4419783413410186,0.7002145514406007,0.7860245108604431,,,,,-0.0701893254131816,-0.3715348213726094,-0.3293004947772715,D1502
0.75287,0.1075,0.0250746,10.809,1.4013404528299966,1.2006173372268676,1.0967331939730152,1.2579146871964135,,,,,0.0073802173990317,-0.0517701172219083,-0.0105544469479355,D1503
-0.527956,0.00680771,0.00898856,10.881,2.5146945198376973,0.4776388108730316,0.7809520425467655,0.8696352255841097,,,,,0.0537696148415564,0.1870295895481692,-0.0461986937007168,D1504
0.76356,-0.121305,0.0102957,10.841,2.508457346757253,0.4591969092686971,0.7645697480645673,0.8438609912991524,,,,,-0.0555233160600617,0.0256996661302659,-0.0929648661913233,D1505
-1.00837,-0.139804,0.00748661,10.927,2.505451456705729,0.4697013656298319,0.8074605444381977,0.9250227150817713,,,,,0.0175638828230856,0.0793949515384727,-0.0246050521091092,D1506
-2.13083,0.0170233,0.00700617,11.189,2.503723029295604,0.4747221748034159,0.8030994647535784,0.9439414540926616,,,,,0.0143650939740845,0.1780585232678364,0.1388382775476202,D1507
0.0532397,0.10762,0.00915852,10.283,2.5131423473358154,0.4729620665311813,0.778405572833686,0.8690386501451334,,,,,0.0002946135406869,-0.0429746052176884,0.2219019843905698,D1508
0.69324,-0.00118163,0.00777921,10.737,2.510533559322357,0.4744116475184758,0.8206326571004144,0.947906579822302,,,,,0.0001074476053056,-0.2328859363814551,-0.2022310095198918,D1509
-0.0757194,-0.252498,0.00848983,10.735,2.5124440848827363,0.4706959048906962,0.7776188459889642,0.867848506818215,,,,,0.1230385199343078,0.9237399317910604,0.0142011702992022,D1510
0.28935,-0.0453182,0.0235017,9.744,1.421884306271871,1.218673813343048,1.0530490176431064,1.2424109900991125,,,,,0.0003409687247931,-0.1098399739704712,-0.1040008081545238,D1511
0.37621,-0.0113486,0.00712129,10.278,2.51278563340505,0.4737051645914713,0.8224516058790272,1.03622047662735,,,,,-0.0006944034966839,-0.0200029425981731,-0.1816838392915087,D1512
-1.05322,0.0689185,0.0070581,10.437,2.5034618298212687,0.4708687603473663,0.8026396827451114,0.9273671644429364,,,,,-0.0395830684342399,-0.3114648904749009,-0.030653517889732,D1513
1.30573,0.085981,0.0465872,9.277,1.3348010182380676,1.8932569324970243,0.9803823160714116,0.6404597783088684,,,,,-0.0306273282315378,-0.1652306715553069,-0.2851960321859224,D1514
1.28736,-0.0262453,0.00704887,10.023,2.4898350973924,0.4637439370155334,0.7660854068295709,0.8746048795680205,,,,,0.0129470950258016,-0.0307182829095371,0.0774549794732593,D1515
-0.871266,-0.100038,0.00760565,10.921,2.503279449542364,0.4636362353960673,0.7984935096625624,0.9813213574886324,,,,,0.0140912510926129,-0.1009007709685237,0.0942180530546465,D1516
-0.535843,-0.154545,0.00654903,10.553,2.5027142504851025,0.4575271805127461,0.7879261693050121,0.9396133708953858,,,,,0.029777820526353,0.1337534238371189,0.0403875742849777,D1517
2.53968,0.0283824,0.00464776,9.817,0.8053660770257314,0.7318327307701111,0.6707574303807884,1.050070321559906,,,,,0.0135189684362157,-0.0236574187225966,-0.1054131352066178,D1518
-0.053007,-0.121435,0.00734282,11.044,0.8047730445861816,0.7717822740475336,0.6646445599095575,0.9374846601486206,,,,,0.0857700748359639,0.4586460018094896,0.2816984516539378,D1519
-1.734,0.0473692,0.026223,10.415,1.4365635593732198,1.2117770383755366,1.199794430157234,1.3003843688964845,,,,,-0.080155658815149,-1.0626305064227035,-0.5209988224814879,D1520
-0.248123,-0.0574009,0.00791962,9.815,2.503913011153539,0.4642445683479309,0.8002925073278362,0.9853758108615877,,,,,0.0338197366331967,0.1128188214647569,0.0176517088693799,D1521
-0.579527,-0.0997887,0.00711168,10.794,2.505747038125992,0.4641948858896891,0.8023474391164451,0.9847215223312378,,,,,0.0251804627556772,0.0261807728414191,-0.0219350159532041,D1522
-0.142431,-0.134863,0.00908844,10.877,2.5045060594876607,0.4522033135096232,0.7549766261002113,0.818235540141662,,,,,0.013597657455887,0.0569620529315276,0.1969801692757755,D1523
0.29201,0.19793,0.00744496,11.102,2.5106729388237,0.4910756448904673,0.8171403048367336,1.0017432185510795,,,,,0.0036677366945037,-0.0137002777915312,-0.0443643475518911,D1524
-0.481769,0.0169779,0.00622759,9.551,0.8043863256772359,0.7786156306664149,0.650302863326566,0.9770967841148376,,,,,0.0108281063143225,0.0188775913991543,-0.0432932245457777,D1525
-0.456951,-0.109783,0.0392906,11.002,1.3990320007006327,1.6627535223960876,1.0921546179672768,0.6493054628372192,,,,,-0.0243712933453705,-0.1467123137345882,-0.3259370942687383,D1526
-0.294888,-0.0490066,0.0240694,10.498,1.4074027816454568,1.1908061454693477,1.256360308877353,1.2409495306015017,,,,,0.0233621873440889,-0.5553506348121211,-0.1208557949503301,D1527
0.56687,0.0416034,0.00750008,9.175,2.500785118341446,0.4728925734758377,0.7961731501694383,0.9317758455872536,,,,,-0.0694014363860428,-0.1538036789317056,0.0152177827112609,D1528
-0.486315,-0.0385158,0.00715635,10.729,2.5032173613707225,0.4741101493438085,0.8020221858189024,0.94080779949824,,,,,0.0323753781441531,-0.1081619486869789,-0.1178485607015318,D1529
-1.17142,0.10303,0.00966597,11.078,2.524355026086172,0.4967089295387268,0.8560800665411455,1.001346239199241,,,,,0.0248481388778061,-0.0737908905733193,0.074893452838296,D1530
1.03897,-0.200054,0.0257575,11.321,1.3042443871498108,1.750484001636505,1.087117157105742,0.7410118213066688,,,,,0.0279382547492548,0.145684652345603,-0.546032899095735,D1531
-0.510987,-0.024238,0.00612384,10.849,2.5113820989926654,0.4660254041353861,0.8021167239238476,0.980147408246994,,,,,0.0234913445263627,0.0982126813893351,-0.1486708373340661,D1532
0.62207,-0.0606193,0.00970246,9.815,2.5095934251944225,0.4652851512034734,0.7615644983176527,0.8451032365361849,,,,,0.0132039790125561,-0.0227846608579137,0.0536036098419572,D1533
0.74899,-0.0440006,0.0210021,10.337,1.3856322685877482,1.2192190368970235,1.024069105756694,1.2405562162399293,,,,,0.0046603677080274,0.086428202004769,-0.1410167662252206,D1534
-1.00036,-0.0097769,0.0197306,11.005,1.3327975869178772,1.164959466457367,1.4648292434626613,1.041625755528609,,,,,-0.0299563381667121,-0.3406099957562689,-0.3221009281769511,D1535
0.20995,-0.104393,0.0349226,10.17,1.3395848274230957,1.830722192923228,1.027359816534766,0.651132698059082,,,,,0.1128794379529019,0.341433680917097,0.1716401971207233,D1536
0.54379,-0.110401,0.00870887,9.84,0.8024973650773366,0.8282550146182378,0.6098193711247938,1.0354206959406536,,,,,0.0399171037225571,0.0528994456357119,0.0502714071699301,D1537
0.12932,0.11634,0.0292419,10.565,1.316739551226298,1.7407597422599792,1.097809825477929,0.732412428855896,,,,,-0.0599149076153531,-0.3662981750903809,-0.230058795066725,D1538
0.24029,-0.0125113,0.0493452,10.365,1.3296597321828207,1.953017920255661,0.9479934912303398,0.6286291405558586,,,,,-0.0796541442280353,-0.7471298376528267,0.2910326868950506,D1539
-0.227251,0.0121142,0.0239261,9.721,1.3867969870567325,1.2100948750972749,1.0437153372271308,1.239838914871216,,,,,-0.0403172365025436,0.1190060916126163,-0.0085299994825618,D1540
0.17364,-0.029011,0.00860263,10.747,2.497582048177719,0.4572293857733409,0.7822097375475127,0.9352542078495024,,,,,0.0233969158494548,0.0428641101563675,-0.0286189615071634,D1541
-0.167133,-0.0382942,0.0260951,10.979,1.3462121764818826,1.782154842217763,1.062831276449664,0.6594158460696539,,,,,0.0376308912653969,0.192893640736977,-0.2835451716964599,D1542
-1.49723,-0.0976418,0.0226435,11.193,1.3773510018984476,1.2062535464763642,1.0493751949277417,1.23407217502594,,,,,-0.0078968880066771,0.1254952795613182,-0.3643988795665791,D1543
-1.1812,-0.185393,0.0223803,10.805,1.3885569334030152,1.1817269424597423,1.2774166690892186,1.2020232844352725,,,,,-0.0041972115856055,-0.1959141471434975,-0.0173825768506503,D1544
1.16602,0.15079,0.0230926,11.042,1.35610773563385,1.1825104931990305,1.13381873122577,1.1969745780030887,,,,,0.0139986948584119,-0.0697216545006083,-0.0060385549004422,D1545
-1.45772,-0.198328,0.0605541,9.933,1.3121261795361836,2.011634796857834,0.9282095576154774,0.647296404838562,,,,,0.1179841483514032,0.5809797922443927,-0.1403414295054972,D1546
-2.38136,-0.0815196,0.0289947,11.405,1.420519479115804,1.240498266617457,1.0151200417814583,1.1835881280899048,,,,,0.0530038131680073,0.3279786112125795,0.1164189404444187,D1547
1.57337,-0.0429356,0.0180007,9.273,1.3181257685025534,1.1618415812651317,1.5325347287901516,0.9811150282621384,,,,,-0.1314611947448583,-0.7004196179494213,-0.7755085574826808,D1548
-0.815367,0.10229,0.0249538,10.376,1.360005509853363,1.2055864830811818,1.046239908399253,1.22904967546463,,,,,0.0074486394045377,-0.0184281597260516,-0.246800478111254,D1549
-0.232156,-0.0628853,0.00710311,10.996,2.504725227753321,0.4565876374642054,0.7817918935726429,0.9273703122138977,,,,,0.020251806791136,0.0883209725035372,-0.2553100095610716,D1550
1.71905,0.26045,0.00788044,9.491,2.5027133961518606,0.4537416259447733,0.7743812593920477,0.9064487898349762,,,,,0.0134625418547954,-0.0328445879268251,-0.1140117076356546,D1551
1.91864,-0.0903804,0.0109571,10.024,2.494869234164556,0.4485682874917984,0.6803749738068416,0.7888554620742798,,,,,0.0691078855294085,0.2181738491976328,-0.5157397650837083,D1552
-0.537593,-0.186577,0.0256327,10.175,1.3412456552187602,1.7848662475744883,1.06339762025866,0.6645895714561144,,,,,0.0207955414585429,-0.1808013742218776,-0.5530924011909519,D1553
0.55287,-0.172063,0.016832,10.857,1.3270169377326966,1.1622525870800018,1.3685940668500702,1.0159483528137208,,,,,0.1001013942961295,0.334572158093575,-0.3270098557622987,D1554
0.70158,-0.100411,0.00875293,9.102,2.489192221562068,0.4532029569149017,0.7634142441996212,0.8947444725036621,,,,,0.0240901984287236,0.0446285444993368,-0.0667817303256015,D1555
-0.6392,0.12204,0.00808511,10.014,2.4962604463100435,0.461122598250707,0.7839098459687727,0.876647042731444,,,,,0.0301294307279925,0.0268987151731806,-0.0826095374723081,D1556
0.76738,0.0257344,0.0218241,9.63,1.355688714981079,1.1804430504639944,1.151208655587558,1.1651634407043456,,,,,0.0026371309229026,0.0094510853864889,0.0066128475664299,D1557
-0.039917,-0.11144,0.0104259,8.754,2.456039967139562,0.4161805123090744,0.6490704612485294,0.6773290014266968,,,,,-0.040443168840112,-0.1861207856356204,-0.0657979797542793,D1558
0.19331,0.10772,0.00649365,9.726,0.8037939429283142,0.8428008486827214,0.6438367613430681,0.935422432422638,,,,,0.0142264436826712,0.0350149287468124,0.1179740967854741,D1559
-1.29958,-0.102773,0.017491,10.108,1.3032360275586443,1.1568966209888458,1.3832843817513565,0.9379966187477112,,,,,0.0786549599281912,0.1292540061452185,-0.0763461276146699,D1560
-0.448412,-0.0391336,0.00766741,10.678,2.520468314488729,0.4904924223820368,0.84764521389172,0.9926409497857094,,,,,0.0056569882118858,0.0319016380450015,0.1430486590179498,D1561
-1.3143,-0.127914,0.0231827,10.674,1.3850853045781453,1.2037899593512218,1.0577445174085682,1.260777587691943,,,,,0.083766358566293,0.4059869599664593,-0.4983999633186613,D1562
-0.447139,-0.0197853,0.0238876,9.974,1.4024839719136557,1.223489656051,1.0248099647719284,1.2294778943061828,,,,,-0.013469538602855,-0.140406690065744,-0.1187094611304928,D1563
-2.39365,-0.222297,0.00575707,11.111,2.509087113539378,0.4645164608955383,0.8015874387889073,0.9795735216140748,,,,,-0.1968085491984776,-1.2375423053203738,-1.1340606442317949,D1564
0.5717,0.0412661,0.0241649,10.77,1.3623071869214376,1.2119937678178152,1.0333694692315727,1.232908947467804,,,,,-0.0089356697641003,-0.0743365788979404,-0.1383593571081292,D1565
1.49692,-0.0343557,0.00810296,10.237,2.5153422892093658,0.4747014840443929,0.8239321965595772,1.0321659171581268,,,,,0.0123535917709581,0.1560816985368314,0.1116871595659176,D1566
0.51963,-0.0527324,0.0221575,10.457,1.4216886242230733,1.22187287012736,1.0462154910482209,1.2372717062632244,,,,,0.0327465187778939,0.1006070618089255,0.1562803989945678,D1567
1.74583,-0.0317208,0.0229272,10.808,1.3538064122200013,1.1888671080271402,1.091792384098316,1.2210831170280774,,,,,0.0260049214039701,0.0558841936001692,-0.1715632615450886,D1568
0.40454,-0.0512191,0.0229953,10.042,1.4236826697985332,1.2280663589636485,1.0364593555187356,1.2272560422619183,,,,,0.0126649638675907,0.0226785230444748,-0.0475758560060057,D1569
-2.13934,0.20808,0.0110333,10.654,2.494639891386032,0.4656384974718094,0.7796797505740461,0.8916997946798801,,,,,-0.0187597304579361,0.1890430976856456,0.1107430631163879,D1570
0.5447,-0.165568,0.00529626,9.715,0.8066600859165192,0.703624407450358,0.7085782495038263,1.2865010450283687,,,,,-0.0485175712937523,-0.3152881538848548,0.3652157376272953,D1571
-1.03336,0.20465,0.00874173,10.742,2.516580784320831,0.4870061179002126,0.8381757355969528,0.9892229835192362,,,,,0.0371260017996096,-0.0210168733171163,-0.0649340006639249,D1572
-1.36329,-0.199765,0.0281786,10.089,1.4196551203727723,1.2404339849948882,1.0146452948964877,1.1843481159210203,,,,,0.0687109128917203,0.1890455620932847,0.0714186873883591,D1573
0.1259,-0.0658997,0.0178243,11.15,1.3292540351549784,1.1635869204998015,1.3931125299683933,1.0191397380828855,,,,,-0.0360968956324179,-0.2378955793080707,-0.1088938424145453,D1574
-1.68129,-0.0528469,0.00788121,10.771,2.520137806733449,0.4834486991167068,0.8353555849913893,1.0315139043331143,,,,,-0.0243012136254321,-0.1509773645549097,0.099136107150116,D1575
-0.42049,-0.0718692,0.0256152,9.823,1.3532140413920084,1.6413957317670187,1.1559792469287742,0.7446600103378296,,,,,-0.0673840620409789,-0.3079213273174254,-0.1538760803960031,D1576
0.50368,-0.121414,0.0102746,10.796,2.474683608611425,0.4263318687677383,0.6829809515640654,0.6890278533101082,,,,,0.0714245068492431,0.245002403052111,-0.2625178638045327,D1577
-1.2398,-0.0872993,0.0229552,10.518,1.4496180574099222,1.221162383755048,1.1984234082287757,1.2990291118621826,,,,,-0.0761729094306599,-0.5310043874363088,-0.5160329742720933,D1578
-1.10461,-0.232064,0.0112737,11.282,2.5191246807575225,0.4899111857016881,0.7948240421969315,0.8657141886651516,,,,,0.078951285271162,0.1129532675575263,0.1396234317944618,D1579
0.3408,-0.202203,0.00603212,11.054,0.803071790933609,0.89210800131162,0.62158180413575,0.9631086754798888,,,,,0.0319346889364175,0.5890083704579885,0.1645313714761869,D1580
1.58138,0.0037002,0.0239456,10.355,1.4359373807907103,1.2082256178061168,1.2484247252858918,1.288788350728842,,,,,-0.0517325604029809,-0.2674240570192074,0.1906285360309993,D1581
-1.5876,-0.0858855,0.00709514,10.931,2.485972978671392,0.4468914806842804,0.7528848925541187,0.8514167654514313,,,,,0.1052915588974728,0.4502149859316724,0.447796466476575,D1582
0.12987,0.0957711,0.0239071,9.908,1.3677491943041484,1.218023991584778,1.0248058684940995,1.2350700330734252,,,,,0.0265578498389078,0.0614414835746842,0.0239273801489616,D1583
-0.636337,-0.000203166,0.0105897,11.385,2.470694828033447,0.4321475396553675,0.7105299193283607,0.7524420726299286,,,,,-0.1226208563342312,-0.6732894434267115,-0.6436954347154824,D1584
-0.311807,0.13513,0.0250654,10.694,1.411397675673167,1.2098403771718342,1.0674842719374031,1.2531312232216198,,,,,-0.0195538412627521,-0.0526638663451542,-0.1590758714082767,D1586
-2.62866,-0.163168,0.0117197,10.648,2.4770287315050763,0.4277088155349096,0.6679610394198319,0.7188545894622803,,,,,0.0442029305925791,0.0287183410623295,-0.093914364624652,D1587
-1.28452,-0.13972,0.00654737,10.593,2.5043902774651845,0.4600588599840799,0.793830451266519,0.956416563987732,,,,,,,,D1588
0.92628,0.112,0.0211677,9.765,1.334342896938324,1.1790006001790363,1.114974973530605,1.174622818827629,,,,,-0.0305930935577138,-0.5378248868618136,-0.5741298904249561,D1589
-0.197967,-0.182133,0.0112676,10.355,2.4799618979295093,0.4297584583361943,0.6633446555713127,0.7247185957431793,,,,,0.020681342804618,0.0186050736387351,0.0796173700218787,D1590
0.57285,-0.070614,0.00991195,10.701,2.5067784527937573,0.4594698905944824,0.7441408449205859,0.8202522185941538,,,,,0.0263862153494682,0.1105203564080266,0.128605138095736,D1591
0.0889008,-0.13647,0.00984903,10.269,2.4878854831059773,0.4355417797962824,0.6718898888291984,0.7477155041694641,,,,,-0.0325553734335482,-0.3136653323914353,0.1835691396045149,D1592
-0.828409,-0.0665392,0.00990793,11.218,2.492336555322012,0.4385379314422607,0.6915080547332764,0.769067599773407,,,,,0.0347517668951179,0.0437886897974123,-0.216109498993319,D1593
-0.879307,-0.20002,0.00968958,10.653,2.5033966938654584,0.4541738708813985,0.7311472265884794,0.8477626764774322,,,,,0.0845619260454628,0.1065839192761387,-0.090037795191165,D1594
0.20254,-0.145299,0.00844659,9.436,2.505988677342733,0.4543082575003306,0.7639608403732037,0.8330987853308519,,,,,-0.0129478253739916,0.2619530907955815,0.1191613176197279,D1595
0.33659,-0.168655,0.0218397,11.191,1.3981950680414836,1.2128256062666576,1.044033056703107,1.2626625473300617,,,,,-0.0311927465706176,-0.5216602055770345,-0.3217861656885361,D1596
-1.09533,-0.0860189,0.006535,11.08,2.493055442969004,0.4503219236930211,0.7672917298201857,0.8829060304164886,,,,,0.0224913102945848,0.0616858362385739,0.0839594901917735,D1597
-0.446232,-0.227426,0.00707397,11.021,2.4914643545945485,0.4453134228785833,0.7540159770127001,0.8455767476558685,,,,,-0.0141207840846867,-0.0051410375983347,-0.1551275820602313,D1598
-0.801098,-0.0394281,0.00763962,11.113,2.5140229324499765,0.4698657741149266,0.8058774615156239,0.984233969449997,,,,,0.005960994115799,0.2668154188496602,-0.096115667191043,D1599
0.33143,-0.019058,0.00959349,10.797,2.518794707457225,0.4832222074270248,0.8093435281309588,0.9032006214062372,,,,,0.0068009105286933,0.0461395279079515,0.0749446417321451,D1600
-0.0328169,-0.127126,0.0214404,9.871,1.3426409324010211,1.1718111634254456,1.217801385912402,1.1124365830421448,,,,,-0.0090839493919216,-0.4076353367184737,-0.3746510786877479,D1601
0.72682,-0.134402,0.0521359,10.785,1.3309525767962138,1.929073522488276,0.9581153485281714,0.6294881477952003,,,,,0.0199006460432286,0.0437932483264801,0.0752083501865854,D1602
0.85247,0.17984,0.00648638,9.951,2.497069843610128,0.449991371234258,0.7680278625981561,0.8816673243045807,,,,,0.0153000991839437,0.0483316202892926,0.0793014381124521,D1603
-2.2709,-0.120187,0.0218016,11.214,1.3746013243993125,1.19178364276886,1.096680678170303,1.236803079644839,,,,,0.0604042848554373,0.5688180863138808,-0.5454301929130452,D1604
1.15632,-0.0492801,0.00824585,11.191,2.51280335187912,0.4722459395726522,0.8193801641464233,1.0242737245559692,,,,,0.0240100700725594,-0.0077631794836796,-0.1231601150138885,D1605
-1.6364,0.12857,0.00696751,9.322,2.505040019750595,0.4602984249591827,0.7940877131346998,0.9573184549808502,,,,,0.0236648213575578,0.0146869057942016,0.107129652860749,D1606
-2.27264,-0.0828811,0.00646655,10.503,2.5034524341424307,0.4589299122492472,0.7913299788688791,0.9491154336929322,,,,,-0.0132586176498382,0.1797821312520948,-0.2046388884264161,D1607
-1.0803,0.0574181,0.00724938,9.965,2.5002589503924053,0.4570457955201467,0.7851468078021345,0.9360469675064088,,,,,-0.1201994949172093,0.0573514910076693,0.9306208296693512,D1608
-0.16052,-0.115861,0.0060118,10.403,2.5066763341426848,0.4727111786603927,0.8115505483643762,0.9386508253713448,,,,,-0.0170118728667915,-0.1180691547327213,-0.1286554322286974,D1609
0.42711,-0.075432,0.0234186,9.658,1.3550304969151814,1.1907966176668805,1.0862866352344382,1.2263241335749626,,,,,-0.0616433561782283,-0.7046687390864117,-0.781999534345232,D1610
0.26367,-0.0761753,0.00726295,9.777,2.5113866686820985,0.4639064619938532,0.7923055167855888,0.8842851196726164,,,,,-0.0088227611234027,-0.1437296562967654,0.204032754911168,D1611
0.32835,-0.131904,0.0196424,10.816,1.320553481578827,1.1615350902080537,1.2709761878539776,1.0279552483558654,,,,,0.0895308317624755,0.4761293913972399,0.0335433746513444,D1612
0.35866,-0.224126,0.0088518,11.025,2.505743044614792,0.453465469678243,0.7578141165190729,0.8245517884691557,,,,,0.1286008890205782,0.4765256997674049,0.232465548440814,D1613
1.19965,0.0765882,0.00743364,10.985,2.5174134373664856,0.4823220292727152,0.8373099329142735,1.0729475212097168,,,,,0.0077634396928748,0.1021822258287277,0.1364577994318097,D1614
1.23265,0.11109,0.00848197,10.178,2.515145468711853,0.4839945793151855,0.83467246129595,0.9819049388170242,,,,,-0.0087986774450449,-0.0275863798654145,-0.0488729333810624,D1615
-1.52775,-0.0261689,0.00608347,11.05,0.8038552045822144,0.8591284980376561,0.6499275626807377,0.9243278408050536,,,,,0.0455760625521465,-0.0756620080435079,0.0187656141715706,D1616
0.40969,0.0583393,0.0253598,10.571,1.331816323598226,1.1835037410259246,1.0973709369527882,1.1636401677131654,,,,,0.0118851909833335,-0.1006078385276306,-0.024962342933577,D1617
-0.196428,0.0794289,0.0197029,10.933,1.3612009008725483,1.1776362558205922,1.1975132596903837,1.1576622176170348,,,,,-0.0139241937398119,-0.0282846639510237,-0.2068552413111319,D1618
-0.757385,-0.218705,0.021984,11.195,1.339629602432251,1.1712541659673057,1.2144201110149253,1.1060107922554017,,,,,0.0634661158857887,-0.0792970859219779,-0.0928173899810644,D1619
-1.06322,0.0843694,0.00796494,9.861,2.516111503044764,0.4749796191851298,0.8239395289585508,1.029342919588089,,,,,0.0116073579428324,0.0938425295769346,-0.0274873105227015,D1620
1.65103,0.0439547,0.00861876,10.659,2.5200338820616404,0.4890534947315851,0.846290065296765,0.9892525598406792,,,,,-0.0401542383715838,-0.4789249866354315,-0.5114786619960796,D1621
-0.592645,-0.176636,0.0105403,11.021,2.4550538738568624,0.4150509208440781,0.6412939439559805,0.6734479641914368,,,,,-0.0138963806405521,-0.0542211430908579,0.3800053591767209,D1622
-0.203613,0.1271,0.00761137,9.835,2.5142615258693697,0.4844913889964422,0.8320084111443882,0.9848235249519348,,,,,0.0316615179834303,0.1089087596074342,0.0113511021845624,D1623
-0.176347,0.20283,0.00963533,10.125,2.493855224053065,0.4680303523937861,0.7766526279778316,0.9794961178302763,,,,,0.0250028849132973,0.1019640539191939,-0.0010607248041196,D1624
0.7648,0.0616139,0.00810441,9.6,2.49700661500295,0.4690394391616185,0.7858253316632633,0.9094162272910276,,,,,0.0215608063586588,0.1322323403116648,-0.0625844700844027,D1625
0.21966,0.00290235,0.00873367,9.363,2.471330310901006,0.4249589214722315,0.6828351267452898,0.6859028227627277,,,,,0.0377886961376805,0.0763782672627645,0.064867857057834,D1626
-2.0007,-0.000255138,0.0114509,11.148,2.46445717215538,0.4197853088378906,0.642285118842947,0.6850561022758483,,,,,0.0238020219816897,0.1484695817907577,-0.1092681386580807,D1627
-0.418382,-0.202363,0.0272133,10.864,1.3335501114527384,1.7459929247697197,1.09690009417205,0.7015564012527465,,,,,0.08399991905886,0.8657904438409199,-0.1537629811937222,D1628
-1.4585,-0.0912022,0.00842394,10.592,2.479809494813283,0.4303581515947978,0.7031569018446165,0.7091461184124151,,,,,0.0204181543521966,0.1172179216301532,0.0109459394443547,D1629
-0.366696,-0.183247,0.0214043,10.938,1.3595258911450705,1.1879185060660045,1.0993960499763489,1.2204442421595256,,,,,0.0337497946207713,0.1027243121944893,-0.0507010153742157,D1630
-0.00708005,-0.0478041,0.00802667,10.168,2.4766279717286426,0.4299528966347376,0.7061953205486824,0.7092640834550062,,,,,-0.0860367261635432,-0.7170486439493954,-0.2245532535162056,D1631
1.24833,-0.0692663,0.0223139,10.679,1.3660492777824402,1.1843005855878197,1.1379219273041037,1.1861997056007385,,,,,0.0009868067617998,-0.2700852981242025,-0.2890174275089521,D1632
0.24142,-0.0923125,0.00891256,9.861,2.495946158965429,0.4587741216023763,0.7814077231390723,0.943235125541687,,,,,-0.0099456836538896,-0.0424526418113515,-0.1513953115791082,D1633
0.075502,-0.0631754,0.0119145,10.827,2.5081815997759502,0.4739949246247609,0.7314940886250858,0.8576220214366913,,,,,0.0074690917163989,-0.0299144858262658,-0.1254081905499333,D1634
-1.13645,-0.148153,0.0216709,10.961,1.3311038573582967,1.1771505653858183,1.1210397029745167,1.1629671156406405,,,,,-0.2864174121280473,-2.344920264106821,1.7289642644973355,D1635
-0.36621,-0.117161,0.00823583,10.449,2.4978352904319765,0.4547925273577372,0.7782175160687546,0.9176175904273988,,,,,0.0249970054154242,0.213869980008127,-0.1331879671706701,D1636
-0.465109,-0.0743533,0.0234276,10.216,1.3699427882830302,1.2237757305304209,1.0177407244156147,1.2346769523620609,,,,,0.0466980081879059,0.0440379581668865,0.1651633616638719,D1637
-2.14127,-0.167102,0.00862286,11.327,2.497398825486501,0.4560265709956487,0.7800345328347437,0.9263278949260711,,,,,0.1106644557097751,0.1537961686390938,-0.3079332160923513,D1638
0.48612,-0.0623186,0.0065306,10.974,2.5037664075692496,0.4622195521990458,0.7977443666293703,0.972152569293976,,,,,0.0041699438332654,-0.0905322736227969,-0.1041155311540933,D1639
-0.0884475,-0.19662,0.0103322,10.761,2.515300881862641,0.4799884309371312,0.7811990041157295,0.8676545557876428,,,,,0.0171265240518888,-0.1888744485761436,-0.5946153006589157,D1640
-0.714613,-0.0117389,0.00603702,10.953,0.804229215780894,0.8011654605468114,0.6516118378474794,0.9401634240150452,,,,,0.0188657129880636,0.1459092793311855,0.1169868576471344,D1641
-0.117578,0.0232472,0.00779852,10.99,2.5145087500413257,0.4899293581644694,0.8304700645907171,0.9995040148496628,,,,,-0.0007772382739048,0.0160079591335007,0.0532628234286676,D1642
-2.36717,0.22561,0.00699738,10.808,2.5210181335608164,0.4851421803236008,0.8422508383619374,1.0580690824985504,,,,,-0.0872072918961501,0.082325052526345,0.0956683678668923,D1643
-0.0555007,-0.114212,0.00557723,10.807,0.808770642677943,0.6759534031152725,0.7434337211066279,1.2535343146324158,,,,,-0.006321261564615,0.8144944862085379,0.0293573371600359,D1644
-0.516343,0.16681,0.00705564,10.628,2.5012471516927084,0.4722403367360433,0.7975220947430052,0.930202583471934,,,,,,,,D1645
1.36073,-0.0855797,0.00814567,10.96,2.492133669058482,0.4574636250734329,0.771733710478092,0.8527793313066164,,,,,0.030055348787139,0.0093652260904211,0.2516097761690616,D1646
-1.79825,-0.0712683,0.0249666,10.781,1.3663140137990315,1.2231135368347168,1.0184559267142723,1.234721875190735,,,,,0.0161425766416714,-0.0362880932452898,-0.0086168267807806,D1647
-0.284169,-0.170733,0.00670158,10.342,0.8042433341344197,0.8255567610263824,0.6589515589434525,0.9158541655540466,,,,,-0.0263814017774857,-0.7487581910310438,0.0722965501190628,D1648
-0.779632,0.10864,0.0226314,10.048,1.3773291985193887,1.2104227105776468,1.0396476079677712,1.237795045375824,,,,,-0.0153149745447793,-0.1150441497958917,0.0824768037055037,D1649
0.7262,-0.0229387,0.00625526,10.798,0.8039303143819173,0.8108919153610865,0.6428490034465132,0.9540046954154968,,,,,0.018523970472678,0.1893470701010875,0.2291719230706803,D1650
-1.35669,-0.0854436,0.00742346,9.229,2.5144940435886385,0.4711129158735275,0.8065658951627797,0.9847125947475434,,,,,-0.0401760664925748,0.0868621843876045,-0.1374667166965082,D1651
-0.621813,-0.0267352,0.0075257,10.552,2.498851372798284,0.4689886887868245,0.7912245043392839,0.9130707730849584,,,,,-0.0066125317582164,-0.0412719220645092,-0.0839518523716833,D1652
-0.211728,-0.0234942,0.0234941,10.972,1.432082192103068,1.2237191160519918,1.0566993191324432,1.2408952166636784,,,,,0.0014921123362901,-0.1023671932114561,-0.0146275391598464,D1653
-0.264897,0.0665718,0.023697,8.953,1.390250603357951,1.1971323013305664,1.0910652485387078,1.255931516488393,,,,,0.0051274896926538,-0.451717755919344,0.3809177952352911,D1654
0.72071,-0.12959,0.00600638,9.864,0.802783054113388,0.842392568786939,0.6135103332585302,1.0010489273071288,,,,,0.0366371621980959,0.0540911906712484,-0.1859178008162416,D1655
0.17304,-0.150418,0.0370509,10.689,1.3816253542900083,1.7402619580427805,1.0462669565759857,0.6346047992507616,,,,,-0.0189971529624245,0.1519996188052955,-0.0410004267541808,D1656
-1.184,-0.0673779,0.0181335,11.168,1.3071630597114563,1.156796000401179,1.2951161532566464,0.9793086314201356,,,,,0.0015565911731916,0.0804180572115516,0.2294104932370828,D1657
0.67699,0.27346,0.00707071,10.015,2.5113250414530435,0.4780951122442881,0.8245683281586088,0.9630866746107736,,,,,-0.009157223159169,0.0776573904008941,0.0409681882738368,D1658
-0.202762,0.16815,0.00704008,9.176,0.8071685492992401,0.6950741122166316,0.7076223924242216,1.0696986651420592,,,,,-0.0013854203613016,-0.0316640698682805,0.0355481454389519,D1659
-0.270396,-0.163889,0.0120443,9.998,2.503505269686381,0.492957533399264,0.7932050330885525,1.086456791162491,,,,,-0.0179058315682451,-0.0010752188924591,-0.2482661287795053,D1660
-1.29936,-0.0625915,0.0067022,11.217,2.5072772602240243,0.4666377524534861,0.8075671041833943,0.9989906489849092,,,,,-0.0072276707011689,-0.0925821664989485,-0.0684403995983302,D1661
0.31483,-0.0829286,0.00919838,10.548,2.4797770500183107,0.4296873758236567,0.6945210119773602,0.7029083967208862,,,,,-0.0317224249456842,0.0280488803760224,-0.0710780043300474,D1662
-2.73817,0.21581,0.00727852,10.138,2.5114135424296062,0.4639465500911077,0.7925556415113909,0.8846584558486938,,,,,,,,D1663
0.53763,-0.112659,0.00854613,10.393,2.496958476305008,0.4758083601792653,0.7833600177847105,1.0165799975395202,,,,,0.0219798521154434,0.2407310503541807,0.0422247172682546,D1664
1.03112,0.18471,0.0263884,9.842,1.4313379923502605,1.2452262341976166,1.0165331856957798,1.1687595629692078,,,,,-0.0342740901294965,-0.122643797393421,-0.0385936727179796,D1665
0.10571,-0.0127806,0.00955305,10.789,2.4954918285210925,0.4440998901923497,0.7412931867714586,0.8298825907707215,,,,,-0.0525732039671137,-0.254977632515719,-0.3064609792927513,D1666
-0.241034,-0.0119578,0.0238297,10.789,1.431728180249532,1.2212507943312327,1.0694972400007576,1.2491565942764282,,,,,-0.0032648306408683,0.0496364386026915,-0.0782133700340637,D1667
-0.0438473,0.0371197,0.0061262,11.084,2.5073495705922446,0.4639523883660634,0.8017998152765734,0.9809328579902648,,,,,0.0153483134420912,0.0491848476490347,0.0126715613077976,D1668
-0.0581509,-0.178617,0.00998763,10.539,2.459362347920736,0.4184780498345693,0.6598243600335615,0.6641770464678606,,,,,0.0694010375193145,0.094233618849239,0.0342377479682909,D1669
-0.44923,-0.221936,0.0243147,11.284,1.414741007486979,1.220047563314438,1.0428407397763482,1.2420073052247365,,,,,0.2333788672530009,-0.0240729413831344,0.026140561705688,D1670
-1.32952,0.0572107,0.0238225,11.291,1.432420253753662,1.2222038785616556,1.0664574031172127,1.2473120614886284,,,,,0.0178196483799382,-0.0155003029684142,-0.0803892891781288,D1671
-0.996356,-0.105003,0.00536646,10.728,0.8056352019309998,0.7190251698096594,0.6770836382076658,1.1276058125495911,,,,,0.0013035011208799,-0.1788358344228795,-0.0393651562044397,D1672
-0.00441493,0.0562627,0.00778484,10.899,0.8027168929576873,0.8621755013863246,0.6112620830535889,0.9929261875152589,,,,,-0.0056130062697604,-0.1033496109909956,-0.0072069760790327,D1673
0.43692,-0.149225,0.0225278,10.549,1.3314614097277324,1.167469209432602,1.2331679710026444,1.0756139826774598,,,,,0.0338660436720133,-0.3700510937370302,0.0911757960566319,D1674
-0.647311,-0.221826,0.00922909,10.586,2.5046285490194955,0.4526829322179158,0.7588919473105463,0.8231500710050265,,,,,0.0459763857077058,0.3363221565523013,0.2596846294909483,D1675
1.0692,0.0968184,0.0234833,9.257,1.400838553905487,1.22100364168485,1.0286721648841068,1.2333623695373537,,,,,-0.0312803400173436,0.058612136279087,0.0114502783617354,D1676
0.44722,-0.15856,0.0183863,10.552,1.3345245917638142,1.1650968571503957,1.3827885882607822,1.0397449564933776,,,,,0.0170370884058867,-0.0921400947543785,0.3011132537794765,D1677
0.64537,-0.179024,0.0247857,11.164,1.412718951702118,1.2114556729793549,1.06204400185881,1.2516169125835102,,,,,0.0350652824472602,0.2414626337551895,0.0518882633841712,D1678
-1.19231,-0.067316,0.0213171,10.861,1.4363590558369954,1.2352561195691427,1.0350860953330994,1.2154968703786533,,,,,-0.0090437657826187,0.1201652812733724,-0.0218464428544393,D1679
0.12846,-0.22225,0.00936639,10.348,2.501977783441544,0.4519557446241379,0.7265665089261943,0.8376243019104004,,,,,0.0292231242633917,0.7966560798576986,-0.0612275366220274,D1680
0.93399,-0.0866843,0.00594518,10.236,0.8027882655461629,0.8581043710311254,0.6131587706763169,0.990556252002716,,,,,-0.023102568193291,0.1315509075562254,0.1683827510059927,D1681
-0.978074,0.10884,0.00797571,9.333,2.520462648073832,0.4839039434989293,0.8405649908657732,1.0603360629081726,,,,,0.016090558573859,0.0088376553658643,-0.1817267920778249,D1682
-0.739852,0.0179022,0.00660516,10.394,0.8054320196310679,0.7366028110186259,0.6735603192756916,0.9994073843955994,,,,,0.0339073737493009,-0.0492828536730476,0.2097672274685464,D1683
2.11427,-0.00648136,0.00800108,9.779,2.5181434571743013,0.4879195123910904,0.8421821995028134,0.9892471134662628,,,,,-0.0122937236581637,0.3312160200350162,-0.4421136489327182,D1684
0.95912,-0.0961884,0.00706208,11.366,2.510296865304311,0.4831003278493881,0.8189942302375004,0.9803773388266565,,,,,-0.0099191559310135,0.1880809592589674,-0.0615696909371763,D1685
0.6491,0.0854487,0.00889714,10.472,2.50954981247584,0.4865199426809947,0.815757550042251,0.9903845389684042,,,,,0.0090934773787069,-0.1053458513148493,0.0208310446760151,D1686
0.44896,-0.0432809,0.00933159,11.613,2.5130449910958608,0.4989286184310913,0.8196279982040668,1.1105763804912567,,,,,-0.0302347268061127,-0.0953856052312482,0.0551071205045445,D1687
-2.38856,-0.0168641,0.0067727,10.577,2.521073019504547,0.4928471386432648,0.849178998634733,0.9985455200076104,,,,,0.0502335629892847,0.1390733111091213,0.1677389810138265,D1688
-0.292681,-0.0864795,0.0234442,11.047,1.3567636450131737,1.1931545237700143,1.079497623032537,1.207882890701294,,,,,0.0003825570766728,-0.0437947309543478,0.0886992060186457,D1689
0.8221,-0.0590782,0.0206003,10.557,1.4368353168169656,1.2321638564268749,1.0409373969867313,1.2239204545815785,,,,,-0.0306324020661072,-0.2959601626103125,0.1591852896090131,D1690
0.15214,-0.0228847,0.0218387,10.988,1.395665176709493,1.2092568457126618,1.050349015614082,1.2639849210778873,,,,,0.0327152342543777,0.2457147408824491,0.0437560060090618,D1691
0.78138,-0.133469,0.0268998,11.317,1.3438178062438966,1.1894933938980103,1.086733565248292,1.190975432395935,,,,,0.0056527472385701,-0.1564802332841861,0.1107135768834268,D1692
0.9721,0.0118455,0.0250286,9.395,1.3510596036911011,1.1907945772012074,1.085308210603122,1.1996871304512025,,,,,0.0098133571890227,-0.1208013222472342,-0.050205770334287,D1693
-0.645419,-0.00261928,0.00706628,9.284,2.5102170050144195,0.4828838437795639,0.8188107969432041,0.9796370503803096,,,,,0.015169718932978,0.0647726410848953,-0.1066994628272368,D1694
-0.518639,-0.107363,0.0213688,10.59,1.3413010199864706,1.1713437577088677,1.219460364045768,1.1084081864356994,,,,,-0.0168683468167163,-0.0740500772876372,-0.1368090895048226,D1695
0.13794,-0.0363006,0.00781034,9.737,0.8055141568183899,0.7560214161872864,0.6884876736279192,0.8843315052986145,,,,,0.0070658663514128,0.1005291649045773,0.1579514343829942,D1696
0.36025,-0.068479,0.0218726,10.424,1.3455209732055664,1.1741033673286438,1.1975082364575615,1.127329843044281,,,,,-0.0267756134669089,-0.49864438774262,0.4425780997116817,D1697
0.48707,-0.0918512,0.0109017,10.885,2.5092483162879944,0.4621477802594503,0.7660498557419613,0.848492139329513,,,,,-0.0711832994767352,-0.6874060928834629,-0.2959930423821788,D1698
1.08924,-0.186794,0.00688911,10.917,0.8040254612763723,0.7608816176652908,0.6431353287450199,1.063784453868866,,,,,-0.0330255406147386,0.0538607357900138,-0.3837006711401045,D1699
0.28372,-0.0754281,0.00582339,10.743,0.8037321547667186,0.7828446865081787,0.6356319507648205,1.0252471470832825,,,,,0.0513143966326426,0.1011499999265222,0.0158473648480139,D1700
-1.54762,0.0233209,0.00726362,10.786,2.493946917851766,0.4767576307058334,0.7729754149913788,1.0095617377758026,,,,,-0.0120532100762231,-0.2463769479764184,-0.1759417255743756,D1701
-0.265113,0.21143,0.0242483,9.783,1.3477740248044332,1.1785186330477395,1.152386998308116,1.1518643355369569,,,,,0.0208452764602239,0.0316325829655418,-0.0178762948926305,D1702
1.9361,-0.0669389,0.00851199,10.945,2.5165922045707703,0.486225954691569,0.8383776792164507,0.9865900625785192,,,,,0.0011832223434323,-0.1545273471832204,0.3561034035883494,D1703
-1.87652,0.24843,0.00816247,9.97,2.5127293189366657,0.4719351877768834,0.8186915588789972,1.02203577876091,,,,,0.0356165492917711,0.2823152865747822,-0.0493011227299575,D1704
-1.66525,-0.233328,0.00615523,11.205,0.8080040335655212,0.6816994835933049,0.7257207159338326,1.1456090641021728,,,,,0.0872734598868513,-0.5220445208746605,-0.3233834751445101,D1705
0.0791299,-0.000804968,0.00607436,9.853,0.8038131892681122,0.8584080030520757,0.6478604109122835,0.9268815612792968,,,,,-0.0080546145770177,-0.0929645183162866,-0.1289913023792905,D1706
0.39649,-0.0953174,0.0244678,11.043,1.3441370844841003,1.199997846285502,1.0553937965425952,1.2125287818908692,,,,,-0.0004234674100134,0.0733472990292353,0.0190826242032926,D1707
-0.259121,0.0881897,0.0260141,10.749,1.4074006001154582,1.2067869047323865,1.074023762653614,1.2559450194239616,,,,,-0.0409845384611718,-0.3419415369438632,-0.3304765999710071,D1708
-0.33234,-0.159662,0.00518857,11.253,0.803528368473053,0.772894428173701,0.6341683792656866,1.0699608698487282,,,,,-0.0489320658589092,0.334339649793551,0.5796795825954177,D1709
-1.36889,-0.0711167,0.0253082,11.289,1.3498900175094604,1.179566353559494,1.1472105527746266,1.1579627656936646,,,,,0.0280202004617015,-0.0898609685025959,-0.1542863147551543,D1710
-1.87178,0.28106,0.0202495,10.102,1.3671805063883464,1.1801426668961843,1.1846488940304722,1.1731186270713807,,,,,0.0395842222755397,0.1325281074449307,0.0552831455715931,D1711
-0.435658,0.020346,0.0250831,10.508,1.3486677130063376,1.1797924002011615,1.142853814980079,1.1810543884833653,,,,,0.0065131492851219,0.0106998306744119,-0.0092031454114476,D1712
-1.9564,-0.155317,0.0248682,11.087,1.348165249824524,1.1792912304401395,1.1462526444731087,1.178279809653759,,,,,0.0140144196120938,0.1727110535931877,-0.0455804187004105,D1713
-1.46907,-0.0259516,0.00761594,10.748,2.5068326691786447,0.4707136730353037,0.8114012633932048,0.9302164105077584,,,,,0.0343905534998861,0.1159366619628394,0.0195070342961116,D1714
0.93033,0.0358877,0.0237564,10.549,1.3590811808904013,1.1990175366401672,1.0634528049107257,1.2196443939208983,,,,,-0.0131425178055302,-0.1306927120606602,-0.1715682818830828,D1715
-1.22653,0.12169,0.0212465,10.873,1.3520536422729492,1.1781978726387023,1.1658428003048074,1.1525920629501345,,,,,-0.0041219208126115,-0.0678224875251967,0.2100515417259885,D1716
-2.24757,0.0129709,0.00694724,11.028,2.5095292886098224,0.4748584300279617,0.81913544288997,0.9499427638947964,,,,,-0.0090733318554376,0.4141418445665974,0.1510231270149233,D1717
0.16595,0.13762,0.0230232,10.756,1.3660980463027954,1.181361347436905,1.1679948917750655,1.1760827898979187,,,,,7.5028916197456e-05,-0.0602527067427677,0.0278596056523383,D1718
-1.26581,0.0365,0.0211282,10.963,1.3362603108088176,1.1730251689751945,1.1752695626225964,1.1147005224227906,,,,,-0.0503476808019014,-0.0724653019821588,-0.5087830616903375,D1719
-0.501351,0.18303,0.00686279,11.156,2.501230619351069,0.4591180841128031,0.790039677044441,0.9507913160324096,,,,,0.0183462361633385,0.0065017119674046,-0.0197575033816974,D1720
-0.918914,0.17796,0.00699315,10.395,2.5145494043827057,0.4757569342851638,0.826566141227196,1.044399046897888,,,,,0.0308014970909053,-0.1525131245236188,-0.1036874445708235,D1721
-1.08866,-0.0662163,0.020685,10.519,1.3753773331642152,1.196060941616694,1.07420178734023,1.2471623371044795,,,,,-0.0534820299789918,-0.2109718470867256,0.2186406880791764,D1722
-1.33742,-0.0893341,0.00938802,10.77,2.4958910743395486,0.469126104315122,0.7824356997835225,0.9904778146743776,,,,,0.0032244660089948,-0.0356947081976306,-0.0659006331843556,D1723
-1.84805,-0.0968671,0.0236087,10.789,1.4294647653897603,1.2175400058428447,1.085165663012143,1.2575792918602626,,,,,0.0461307434750543,0.3964226868208875,-0.1172471450772718,D1724
1.35098,-0.121222,0.0287749,11.009,1.436617362499237,1.2431303282578787,1.0218915713244472,1.173987271785736,,,,,0.008723751292499,0.0473145982689235,0.0658492240108898,D1725
0.0233535,0.0788293,0.0234831,10.249,1.337015545368195,1.1751101752122244,1.1560452662665268,1.1495134110252063,,,,,-0.0241195921992747,-0.1103277587020002,0.1457057466395781,D1726
-0.0465102,0.00299299,0.00597999,10.066,2.512429223457972,0.467584823568662,0.805628279159809,0.987522019147873,,,,,0.0205769436450336,-0.0576681344228759,-0.1832333471465972,D1727
0.43179,-0.0954928,0.0217746,10.858,1.339224378267924,1.1783049762248994,1.133055738333998,1.1698428342739742,,,,,0.0417566574708581,-0.1181719532783636,0.0924681810938636,D1728
0.84136,-0.0568487,0.00791121,10.909,2.5146852135658264,0.4917419572671254,0.8299079979288166,1.0041542736192544,,,,,0.0348078572865306,0.0550706924420821,-0.2770074144209502,D1729
-0.08683,0.0690323,0.0068776,10.147,2.51337135831515,0.4745569298664728,0.8241619683545212,1.040348724126816,,,,,-0.0791261391614691,0.3448363163582503,-0.8865423030947568,D1730
-1.18831,0.0409612,0.00672561,10.299,2.5025165736675263,0.4612670958042145,0.7947948009803377,0.9656268501281738,,,,,0.1087601772700285,0.5924226854848058,0.4250999864743789,D1731
-2.4527,-0.20513,0.0215405,10.807,1.3828363021214802,1.2171045780181884,1.0268821469668683,1.2404405927658082,,,,,0.1218187429063716,0.7784143213432542,0.3296691484283656,D1732
-1.89445,0.12472,0.00665836,10.491,2.50938125650088,0.4664481868346532,0.8070703827101608,0.99401180267334,,,,,,,,D1733
-0.541062,0.0261457,0.00948674,10.937,2.5156149129072825,0.49239069322745,0.8330398818542217,1.1015730011463165,,,,,0.0087302693416437,-0.1548251997223219,-0.2732945798197761,D1734
-1.84433,0.17367,0.00751222,11.519,2.5210109889507293,0.4956255475680033,0.8486365439562962,1.1032631754875184,,,,,-0.0262741772995444,0.1288324111740635,0.2775402724000742,D1735
-0.22947,-0.230432,0.00874775,11.161,2.49557584921519,0.4584820240736008,0.7804071944335411,0.940917273759842,,,,,0.173352681083084,-0.7848439733361554,-0.616824933924363,D1736
0.8677,-0.00431932,0.0211757,9.856,1.36651744445165,1.1803961396217346,1.179780261269931,1.173340654373169,,,,,0.1033231125976889,1.348511527861027,0.8227453554063686,D1737
-0.937636,0.084975,0.00606613,10.829,2.5097487926483155,0.4652114570140838,0.802759829266318,0.9819576203823088,,,,,-0.2252475870860515,0.5305117885438446,-0.1016579565985011,D1738
0.86361,-0.0797556,0.0213713,10.72,1.3845000346501668,1.2168899794419608,1.0278209694500626,1.2412443447113035,,,,,0.0632435588969486,0.1910191653890749,0.0004600653992383,D1739
0.71912,0.0168667,0.0222706,11.18,1.3750359972318014,1.1854839662710823,1.1485350954121556,1.1974041533470154,,,,,-0.0413513906450905,0.1865951904297111,0.3386013833005563,D1740
-2.11646,0.10838,0.00667241,11.1,2.5041276037693025,0.4596262027819951,0.7928574146895573,0.9535140466690064,,,,,0.0005543244683284,-0.3366064904244785,-0.115242965381185,D1741
-0.240284,-0.0080335,0.025275,11.422,1.3450592199961344,1.186960462729136,1.0953734660970753,1.185596604347229,,,,,-0.0768762367285171,0.7592093337356844,-0.1619056805357104,D1742
-1.08008,-0.120071,0.0227725,10.669,1.377194309234619,1.1871927042802175,1.1375999758983482,1.203939061164856,,,,,0.0109295785205552,0.5167071962689729,0.3765540045351372,D1743
-0.374157,0.0355177,0.0228204,9.304,1.3557542045911153,1.186984101931254,1.1002621917889035,1.216505967080593,,,,,-0.176353159946081,-1.511125841904979,-0.468863096597488,D1744
-0.701224,-0.0643119,0.0238566,10.755,1.3705341418584187,1.1873949388662974,1.1209458215483303,1.222592423359553,,,,,5.344818568182863e-05,-0.1598929611547627,-0.3564167612275923,D1745
1.45669,-0.0772074,0.0210711,10.443,1.334944748878479,1.178854556878408,1.1172585651792328,1.1738445137937863,,,,,0.1094428534859399,-0.4042354800123544,1.2340056524262764,D1746
0.19707,0.13651,0.00709369,11.372,2.495151964823405,0.4522040039300918,0.771864986625211,0.897703537940979,,,,,-0.0912923712461483,0.2804516842536616,-0.2216455864981981,D1747
-1.38751,-0.139625,0.00755208,9.674,2.512308911482493,0.4759457598129908,0.8249151213415737,1.0517345762252808,,,,,-0.3380956488765008,-1.262797161294628,-1.9759210935008011,D1748
0.58719,0.00808655,0.0217231,10.642,1.3389867146809895,1.1701609412829082,1.2273214397759271,1.0991725492477418,,,,,0.0881348367457363,-0.0647029493074383,0.2821285313912085,D1749
-1.53786,-0.135362,0.0232358,11.221,1.3727739135424295,1.189865565299988,1.106807256567067,1.2307541072368622,,,,,0.0963204454591269,-0.4618829793893058,-0.6897845666680951,D1750
1.69038,0.11832,0.00730474,9.543,2.5193408290545145,0.4854863415161768,0.8423526071268936,0.9809309331079324,,,,,-0.1272666551905224,0.4303487255845761,0.2332901431727805,D1751
-1.49714,0.17769,0.00716495,9.905,2.4924690584341684,0.4768762727578481,0.7673001905967449,1.0053490948677064,,,,,-0.0517251069761819,-0.1009955758527048,0.5533433143427828,D1752
-1.14743,-0.255855,0.00788838,11.225,2.4971773246924083,0.4625748852888743,0.7864568254043316,0.8842782266438007,,,,,0.1825835895864998,-0.8008580748213905,0.5534229788827361,D1753
0.82025,-0.0107353,0.00788547,11.232,2.497185097138087,0.4625834077596664,0.7864766418933868,0.8843266392747561,,,,,0.0368606505666041,-0.0057900509335213,-0.1462653958369628,D1754
-1.32143,0.0502186,0.0249141,10.985,1.3634033401807149,1.215020348628362,1.0288979061718644,1.2339025712013243,,,,,-0.1982399643989113,-0.2480491455773619,0.3147145922630443,D1755
-0.841251,-0.0155462,0.023614,10.72,1.3580293575922648,1.1943653146425883,1.076214981490168,1.2108500909805298,,,,,-0.1439322480562376,0.2735177889568472,0.069632955295674,D1756
0.57614,0.15323,0.0281673,11.431,1.4180464347203572,1.2270186642805736,1.032360958641973,1.2074922561645507,,,,,-0.034612205721472,-0.1350980144051429,-0.0298655936639988,D1757
-0.810718,0.0262122,0.00696343,10.42,2.50259051322937,0.4814846247434616,0.7977374370755821,0.9655004578332106,,,,,0.2603334522415744,-0.5106234908283256,-1.6908733886666596,D1758
-2.85485,0.20114,0.0226143,10.91,1.3797746936480204,1.2016186992327371,1.061409372707893,1.256040299932162,,,,,0.1095292264220718,-0.4306148375879073,-0.7862165697661112,D1759
-1.1396,0.24281,0.00622599,11.182,2.500910651683808,0.4552209009726842,0.7817284680646042,0.9220222282409668,,,,,-0.3758130557668767,0.6094965327767851,-0.6489506445577717,D1760
-0.0311666,-0.233567,0.0244256,11.351,1.435849650700887,1.238079265753428,1.0297381980665798,1.185188491344452,,,,,0.1447032385334047,-0.0266345571936006,0.1709885908421711,D1761
-1.66347,0.23421,0.0211147,10.943,1.397835652033488,1.2096066574255626,1.050838018285817,1.2627131566405296,,,,,0.1407382020518891,0.16301415058801,-0.0719592256282339,D1762
-0.163982,-0.029259,0.00872913,10.906,2.5110025982062023,0.4937183330456415,0.8168008851593939,1.0081381710867088,,,,,-0.0285911123022021,0.4021903538918684,-0.9779013513762038,D1763
-2.16718,-0.0995939,0.00654171,10.934,2.50907321770986,0.4805333495140075,0.8156673887680317,0.9712390142182508,,,,,-0.4066175509986208,-2.667414862463213,0.8673056166808237,D1764
0.92634,-0.0514999,0.0221393,10.481,1.3466224869092305,1.1737393975257873,1.205145572793895,1.126572115421295,,,,,0.0667569550614008,-0.3266230178443682,1.6569350560966996,D1765
-1.33002,-0.216061,0.0075719,10.756,2.503388923406601,0.4635020414988199,0.7985704047926541,0.9804974400997162,,,,,0.0231184051335309,1.1339629934515247,0.4325639661983587,D1766
1.43704,-0.0410376,0.02417,9.846,1.372677501042684,1.2161694327990211,1.0273251122441784,1.2364795327186584,,,,,,,,D1767
0.0514544,-0.051301,0.00637761,10.059,2.509609667460124,0.4690779874722163,0.8133113528120106,1.0117912709712982,,,,,0.0674803441137191,-0.0316092599832348,1.0190490222230435,D1768
0.26239,-0.180528,0.0237357,11.014,1.397245744864146,1.1999638040860494,1.089346659594569,1.258383996784687,,,,,0.0001756215296923,0.3133055189217656,-0.3324810955455177,D1769
-0.995819,-0.0338322,0.0246093,10.475,1.4189468224843342,1.2242502828439077,1.0388923513478243,1.2345604846874874,,,,,0.1671171831095596,-0.6719499352292693,0.8271339000493754,D1770
-0.630758,-0.0561798,0.0224831,11.211,1.3780040423075357,1.1857593059539795,1.153923092217281,1.2012914776802064,,,,,-0.1257728398763644,0.0161465584853276,0.0159865287423599,D1771
-2.29729,-0.0777664,0.00895436,10.834,2.496322286128998,0.457969265182813,0.7813447837171883,0.93885049700737,,,,,-0.1121801920045251,0.5690647925950114,0.0232272706343792,D1772
-0.746657,0.11548,0.00864177,10.859,2.49608825246493,0.4818946590026219,0.7762284463849561,1.0344875288009645,,,,,-0.2109761712010532,-0.6741280019158858,-0.0411805098265176,D1773
0.11667,-0.0196192,0.0220513,10.735,1.4234604318936666,1.2271905879179636,1.0378566281548862,1.2286623194813728,,,,,0.1426397628091723,-0.4293112861884012,0.5050439182377886,D1774
-2.1582,-0.231535,0.0228582,11.119,1.3862266580263771,1.201640897989273,1.063150338057814,1.2600428014993668,,,,,-0.0791806838501766,0.4163973035888357,-0.4924921220590477,D1775
-0.86016,-0.176329,0.0223807,9.867,1.3771575808525085,1.2092903137207032,1.0422715256954065,1.2368689680099487,,,,,0.1949461732416275,-0.3046412883810527,-0.6441127176512964,D1776
1.02733,0.10839,0.00816148,9.576,2.4954069594542188,0.4603867590427398,0.7815057337284088,0.8720903086165587,,,,,0.006099115282283,0.0556188560061765,-0.7955791954736924,D1777
-1.46138,-0.29074,0.00895177,10.939,2.4961890439192453,0.4583475172519684,0.7814793977244147,0.9411362195014954,,,,,0.1395215804403708,0.1388921795541331,0.3267768634177628,D1778
-1.18424,-0.0669104,0.0232742,10.716,1.3618439873059591,1.1985988756020864,1.06518960410151,1.219724249839783,,,,,-0.0625153494047537,0.0300415683858839,-0.23553495532542,D1779
-0.450265,-0.217895,0.00770452,9.422,2.5102848927179973,0.4741421908140182,0.8199816849725,0.9466669410467148,,,,,0.322926845581267,-0.1663606163425033,0.5587747749668779,D1780
-0.139573,-0.142246,0.0068901,10.254,2.501230784257253,0.4575597455104192,0.7874029977568264,0.9405634224414824,,,,,0.1309322081321618,-0.1324629342366703,-0.160709693460376,D1781
-0.624185,0.0371928,0.00676799,11.312,2.503804544607798,0.4625186155239741,0.7981723341448553,0.9741599249839784,,,,,-0.0635395955756956,-0.2317867432699542,0.1728024892363464,D1782
-0.220857,0.0191476,0.0206651,11.075,1.371187655131022,1.194892644882202,1.0767851307474334,1.2427106599013011,,,,,-0.1473738048485753,-0.077249396586723,-1.1690546081736102,D1783
1.42032,0.00886411,0.00722633,10.644,2.5019557933012644,0.4555165449778239,0.7821799228931295,0.9235298788547516,,,,,0.0789863840228408,0.1212903983056592,0.2252453982655424,D1784
-1.21015,-0.272864,0.022789,10.155,1.328527029355367,1.1863814493020377,1.085484895212897,1.1683434391021728,,,,,0.0202651852407118,-0.8147908173021525,0.1175471502065192,D1785
-1.81779,0.0654414,0.0246857,11.408,1.392010788122813,1.240762722492218,1.0043150371518628,1.2177436661720276,,,,,-0.1347778458101425,-0.4644840805184107,0.3155407181257033,D1786
-0.205038,-0.163642,0.00762102,9.485,2.49389905333519,0.456083290775617,0.7746164624033303,0.9218079042434691,,,,,0.0654552040782712,0.0464690287237193,-0.300434756973118,D1787
-0.168176,-0.139623,0.0229803,10.424,1.3840440074602762,1.2356759369373322,1.0068688433745812,1.2266298413276673,,,,,0.0910697364084453,0.1781521963602254,0.9034119333518902,D1788
-0.321525,-0.128924,0.00810859,11.206,2.5129464348157247,0.4731749484936396,0.8214597979496265,1.0313313698768616,,,,,0.1870140027145247,-0.1190719732570014,-0.2296330589524586,D1789
-0.733728,-0.0393527,0.00669634,10.246,2.5193748394648234,0.4813842803239822,0.835702128451446,1.0476660907268525,,,,,0.0614847617231953,0.0970164998044821,0.0930940080870641,D1790
-1.17198,-0.0122137,0.00665004,11.491,2.510902057091395,0.4715801099936167,0.817984543997666,1.0258044040203094,,,,,-0.0257618091923675,0.1900001685724703,-1.458623683800397,D1791
0.56294,0.0337836,0.0247264,9.667,1.4127848386764523,1.2116182108720144,1.0612982943140228,1.2514780809481938,,,,,-0.0584953823713555,0.4971834231226082,0.4678907624547719,D1792
-0.479309,-0.14484,0.00556303,10.901,2.510316143433253,0.4644885390996933,0.7987538565849436,0.9726374733448028,,,,,0.0785458265106952,-0.6863395929752294,-1.1386309768276988,D1793
0.97971,0.0339904,0.00685364,11.793,2.519970524311065,0.4827447394529978,0.8383186582861275,1.054064747095108,,,,,-0.1595098796110362,0.0125110941984036,-0.4642389993168763,D1794
0.41422,0.0808551,0.00778641,10.476,2.5052940169970195,0.468946306904157,0.8066230488234553,0.9215019904077052,,,,,-0.0217030701810938,-0.3008505440831291,-0.511478396379971,D1795
-0.972712,0.0459078,0.00624935,10.971,2.5084317962328595,0.4752243667840957,0.8164945686685627,0.9509633705019952,,,,,0.0354366318081188,-0.0351076820147553,-0.084082920642686,D1796
-0.956233,-0.264611,0.0238493,11.23,1.4012666066487631,1.2247820138931274,1.0215855446355095,1.2299498844146728,,,,,0.343469514052696,0.0333924235310345,0.8312624907048303,D1797
0.64512,0.24744,0.00668655,10.599,2.5125390668710077,0.469222542643547,0.8115121187834904,1.0009287989139557,,,,,-0.1435845518998307,0.2174656564806021,0.9442142932020944,D1798
0.76662,0.0768549,0.0239822,10.469,1.3676639795303345,1.2208999931812283,1.021114926913689,1.2349716758728029,,,,,0.0270401176111486,-0.0033631245976351,-0.1031583465301082,D1799
0.2957,-0.124849,0.00885737,10.768,2.493770589431127,0.4693842162688573,0.7759452667729608,0.9837996566295624,,,,,0.1787480543125086,-0.2481886394743384,-0.4704410991616896,D1800
0.71845,0.0490454,0.00758467,11.204,2.505775578816732,0.459725425640742,0.7916584025169241,0.9513308143615724,,,,,0.0463634573485961,0.0373056030377636,0.0767158990711323,D1801
0.15535,0.0993686,0.0247647,10.913,1.3840824166933696,1.2121908605098723,1.0379595489337528,1.2405848503112793,,,,,0.0172840888533389,-0.5285938192826014,0.7002083144470816,D1802
-1.27114,-0.205867,0.00687873,9.49,2.503070179621379,0.4809610764185587,0.7994956199465126,0.9649362216393153,,,,,0.2294654610334739,0.5410971471628878,0.0792381366700283,D1803
-2.12051,-0.0134629,0.00623236,11.25,2.504628481467565,0.4607863674561183,0.7953932388075466,0.9614899301528932,,,,,-0.0275930272954841,0.0186455697668894,0.2166215253892005,D1804
-0.111529,0.0196846,0.00814864,11.339,2.4927485466003416,0.4565296798944473,0.7724443797407479,0.8493438946704069,,,,,-0.0545727260412471,0.0289363465653293,-0.1328984723513713,D1805
0.77228,-0.0704985,0.00786336,11.254,2.5063120047251384,0.4667840043703715,0.8068876102052885,1.0003576612472531,,,,,-0.072384136042325,0.1865339268145363,-1.1330213465553245,D1806
1.59858,-0.176038,0.00771946,9.741,2.4947066406408944,0.479623661438624,0.7732045691588829,1.021893221139908,,,,,-0.2224274697042434,-0.742427604241837,1.2667585993549435,D1807
-0.144673,-0.145416,0.00706437,10.391,2.515193450450897,0.4755757669607798,0.8261790542766966,1.0399872314929963,,,,,0.1429392840681436,-0.079537871940929,0.7968549413199071,D1808
0.29392,0.17926,0.00727437,10.74,2.5141919891039533,0.4767627855141957,0.8281237020574767,1.0526284098625185,,,,,-0.1184751960008403,-0.1058758324654736,-0.3561409698886564,D1809
1.17187,-0.0298291,0.00602356,10.046,2.515051015218099,0.4718243360519409,0.8147601454422392,1.0048404836654663,,,,,-0.010080194975592,-0.1183428500118199,-0.9481746209712584,D1810
0.00938258,0.0280881,0.00814592,11.538,2.5134910464286806,0.471703631679217,0.8174968444067856,1.0161872041225433,,,,,-0.1281573076214627,-0.1385613076645289,-0.130496954661794,D1811
-2.73533,-0.0880107,0.0223218,11.446,1.3700152913729349,1.2067252695560455,1.0463336295094985,1.2329070734977725,,,,,0.0535489300783532,0.3747191019360563,0.5599160201963969,D1812
-0.205799,-0.210249,0.00854595,11.292,2.52302361925443,0.4933696627616882,0.8528926506124693,0.9953571731845536,,,,,0.0502500201045772,-0.012858922737457,-0.2968568200958543,D1813
1.47929,0.187,0.00909724,10.827,2.49854721625646,0.4792134096225103,0.7861374164449757,1.033726420402527,,,,,-0.0086541242978849,-0.3069592683142084,-0.0410786183128948,D1814
0.65676,-0.24447,0.00668457,11.277,2.4967166423797607,0.4510855823755264,0.7705381286555323,0.8903123545646667,,,,,0.2192054065552895,0.5029107425538035,-0.4812707754972507,D1815
1.73273,-0.0650222,0.00811968,10.183,2.512799386183421,0.471767524878184,0.8182606265462679,1.0202523231506349,,,,,0.082805049513649,-0.0892192613109441,0.1190636380997602,D1816
1.01109,-0.0799701,0.00697422,10.902,2.496065553029378,0.4512806514898936,0.7706487476825714,0.8915286815166473,,,,,-0.1122727724886059,-0.8982783118831971,-1.011299844685709,D1817
0.22559,-0.131263,0.00825032,11.011,2.5137951989968617,0.4722824702660242,0.8187800707488224,1.0195765101909635,,,,,-0.0781194717870245,0.2790523758646577,3.1999652470403817,D1818
0.34074,-0.123923,0.00802762,10.256,2.5059084335962933,0.4672197053829829,0.8067417093392076,1.0029240334033966,,,,,-0.0962760518574684,-0.3554245395747701,-1.6144136287184665,D1819
