category,uid_i,uid_j,delta_z,angle_deg,W_cosine,same_survey
same_z_different_direction,P0162,P0165,0.0,135.5337557030015,0.0,True
same_z_different_direction,P0205,P0207,0.0,109.02048188095169,0.0,True
same_z_different_direction,P0394,P0395,0.0,65.73518957306257,0.0,True
same_z_different_direction,P0438,P0439,0.0,129.24660306940794,0.0,True
same_z_different_direction,P0498,P0499,0.0,63.54322422011708,0.0,True
same_z_different_direction,P0563,P0566,0.0,101.68552242727884,0.0,True
same_z_different_direction,P0602,P0603,0.0,72.5072490962497,0.0,True
same_z_different_direction,P1457,P1459,9.99999999995449e-06,73.61172228466765,0.0,True
same_z_different_direction,P0143,P0146,9.999999999999593e-06,90.22127545987321,0.0,True
same_z_different_direction,P0157,P0158,9.999999999999593e-06,89.98447173428255,0.0,True
same_z_different_direction,P0318,P0319,9.999999999999593e-06,69.03681131160913,0.15869815836849385,True
same_z_different_direction,P0396,P0397,9.999999999999593e-06,142.0799662946828,0.0,True
same_z_different_direction,P0459,P0460,9.999999999999593e-06,89.91425665640944,0.0,True
same_z_different_direction,P0489,P0490,9.999999999999593e-06,78.46250431131477,0.0,True
same_z_different_direction,P0171,P0173,1.0000000000001327e-05,117.0100787101452,0.0,True
same_z_different_direction,P0492,P0495,1.0000000000003062e-05,110.32823020244165,0.0,True
same_z_different_direction,P1118,P1119,1.0000000000010001e-05,78.80886026140041,0.0,True
same_z_different_direction,P1359,P1360,1.0000000000010001e-05,163.7705015410552,0.0,True
same_z_different_direction,P1482,P1483,1.0000000000010001e-05,73.5940910636246,0.0,True
same_z_different_direction,P1301,P1302,1.999999999996449e-05,153.0995875558591,0.0,True
same_z_different_direction,P0117,P0118,1.9999999999999185e-05,110.42344703132407,0.0,True
same_z_different_direction,P0291,P0292,1.9999999999999185e-05,84.04096540482672,0.0,True
same_z_different_direction,P0400,P0404,1.9999999999999185e-05,116.33120069942863,0.0,True
same_z_different_direction,P0314,P0316,2.0000000000002655e-05,89.08137053850515,0.0,True
same_z_different_direction,P0377,P0378,2.9999999999998778e-05,145.03346553605726,0.0,True
same_z_different_direction,P0379,P0384,2.9999999999998778e-05,106.79172349230635,0.0,True
same_z_different_direction,P0461,P0462,2.9999999999998778e-05,149.73057302001394,0.0,True
same_z_different_direction,P0478,P0479,2.9999999999998778e-05,95.01105968077856,0.0,True
same_z_different_direction,P0362,P0365,3.0000000000002247e-05,158.215618789077,0.0,True
same_z_different_direction,P0957,P0958,3.0000000000002247e-05,75.99453936376723,0.0,True
same_z_different_direction,P1085,P1086,3.0000000000002247e-05,66.00224249184514,0.0,True
same_z_different_direction,P1429,P1430,3.0000000000030003e-05,63.790876593516415,0.0,True
same_z_different_direction,P1126,P1127,3.999999999998449e-05,127.41174431081036,0.0,True
same_z_different_direction,P0232,P0235,3.999999999999837e-05,102.07224387892506,0.0,True
same_z_different_direction,P0267,P0271,4.000000000000184e-05,157.5107035367557,0.0,True
same_z_different_direction,P0430,P0433,4.000000000000184e-05,117.61063292350435,0.0,True
same_z_different_direction,P0510,P0512,4.000000000000531e-05,96.27614298353495,0.0,True
same_z_different_direction,P0890,P0891,4.000000000001225e-05,94.12193933959259,0.0,True
same_z_different_direction,P0871,P0872,4.999999999999449e-05,90.52485165585874,0.0,True
same_z_different_direction,P0212,P0213,4.999999999999796e-05,79.7558968419091,0.0,True
same_z_different_direction,P0344,P0346,5.000000000000143e-05,139.83188832615912,0.0,True
same_z_different_direction,P0472,P0473,5.000000000000143e-05,150.0470228160927,0.0,True
same_z_different_direction,P0480,P0481,5.000000000000143e-05,94.07619844339405,0.0,True
same_z_different_direction,P0648,P0649,5.000000000000143e-05,125.61361157384242,0.0,True
same_z_different_direction,P0595,P0596,5.9999999999997555e-05,60.81862316125029,0.0,True
same_z_different_direction,P0295,P0298,6.0000000000001025e-05,61.98197978347977,0.0,True
same_z_different_direction,P0455,P0457,6.0000000000001025e-05,111.44190344941816,0.0,True
same_z_different_direction,P0482,P0486,6.0000000000001025e-05,135.16158981609013,0.0,True
same_z_different_direction,P1272,P1273,6.0000000000004494e-05,101.32367576586108,0.0,True
same_z_different_direction,P1322,P1323,6.999999999995898e-05,88.53019073315942,0.0,True
same_z_different_direction,P0192,P0193,7.000000000000062e-05,117.19797385402731,0.0,True
same_z_different_direction,P0215,P0216,7.000000000000062e-05,127.30859930372684,0.0,True
same_z_different_direction,P0426,P0428,7.000000000000062e-05,87.16248524853137,0.0,True
same_z_different_direction,P0518,P0519,7.000000000000062e-05,159.45581848462314,0.0,True
same_z_different_direction,P0622,P0623,7.000000000000062e-05,82.89145390496621,0.0,True
same_z_different_direction,P1149,P1150,7.00000000000145e-05,136.47278530437003,0.0,True
same_z_different_direction,P1258,P1259,7.999999999996898e-05,128.85750696596534,0.0,True
same_z_different_direction,P1337,P1338,7.999999999996898e-05,73.37707719434145,0.0,True
same_z_different_direction,P1659,P1660,7.999999999996898e-05,131.43917274579957,0.0,True
same_z_different_direction,P0285,P0287,7.999999999999674e-05,111.47387341230932,0.0,True
same_z_different_direction,P0551,P0553,7.999999999999674e-05,110.3119785424091,0.0,True
same_z_different_direction,P0701,P0704,7.999999999999674e-05,141.79709982905544,0.0,True
same_z_different_direction,P0945,P0946,7.999999999999674e-05,149.91872754291032,0.0,True
same_z_different_direction,P0125,P0127,8.000000000000021e-05,65.66428867775181,0.0,True
same_z_different_direction,P0348,P0349,8.000000000000021e-05,97.42636854250583,0.0,True
same_z_different_direction,P0310,P0311,8.99999999999998e-05,152.3335017492472,0.0,True
same_z_different_direction,P0331,P0333,8.99999999999998e-05,147.76531223770567,0.0,True
same_z_different_direction,P0367,P0372,8.99999999999998e-05,126.06692642064517,0.0,True
same_z_different_direction,P0370,P0376,8.99999999999998e-05,78.62709427708049,0.0,True
same_z_different_direction,P0382,P0390,8.99999999999998e-05,79.27290110686957,0.0,True
same_z_different_direction,P0442,P0444,8.99999999999998e-05,69.91128005791622,0.0,True
same_z_different_direction,P0509,P0514,8.99999999999998e-05,110.01286056811962,0.0,True
same_z_different_direction,P1120,P1121,9.00000000000345e-05,75.22646351037503,0.0,True
same_z_different_direction,P1210,P1211,9.999999999998899e-05,157.54913021938856,0.0,True
same_z_different_direction,P1221,P1222,9.999999999998899e-05,124.32891379595544,0.0,True
same_z_different_direction,P0253,P0256,9.99999999999994e-05,74.82544735439679,0.0,True
same_z_different_direction,P0275,P0279,9.99999999999994e-05,118.04406613127748,0.0,True
same_z_different_direction,P0289,P0290,0.00010000000000000286,90.6607582920823,0.0,True
same_z_different_direction,P0571,P0572,0.00010000000000000286,121.87866722426821,0.0,True
same_z_different_direction,P0780,P0781,0.00010000000000001674,85.07912352459748,0.0,True
same_z_different_direction,P0558,P0559,0.00010999999999999899,99.92369657450976,0.0,True
same_z_different_direction,P0928,P0930,0.00010999999999999899,101.7382935943095,0.0,True
same_z_different_direction,P0969,P0971,0.00010999999999999899,122.7344115759928,0.0,True
same_z_different_direction,P1423,P1424,0.00011999999999995348,90.89006594104723,0.0,True
same_z_different_direction,P0542,P0543,0.00011999999999999511,95.22941942235057,0.0,True
same_z_different_direction,P0241,P0245,0.00011999999999999858,65.0025166422166,0.2589147385350838,True
same_z_different_direction,P0465,P0466,0.00011999999999999858,158.94902956192726,0.0,True
same_z_different_direction,P1068,P1069,0.00012000000000000899,123.09326197658338,0.0,True
same_z_different_direction,P1560,P1561,0.00012999999999996348,131.7914492508716,0.0,True
same_z_different_direction,P0889,P0892,0.00012999999999999123,130.67563553820716,0.0,True
same_z_different_direction,P0450,P0452,0.00012999999999999817,93.02460619846508,0.0,True
same_z_different_direction,P0133,P0134,0.0001299999999999999,99.21999499171797,0.0,True
same_z_different_direction,P0160,P0161,0.0001299999999999999,128.13592893281745,0.0,True
same_z_different_direction,P0184,P0185,0.0001299999999999999,93.01536286874725,0.0,True
same_z_different_direction,P0249,P0250,0.00013000000000000164,114.86185836107407,0.0,True
same_z_different_direction,P0719,P0720,0.00013999999999998736,129.23737044873513,0.0,True
same_z_different_direction,P0538,P0540,0.00014000000000000123,62.59556385346102,0.0,True
same_z_different_direction,P0555,P0556,0.00014000000000000123,120.00892597541927,0.0,True
same_z_different_direction,P0691,P0692,0.00014000000000000123,94.9093868438964,0.0,True
same_z_different_direction,P0176,P0179,0.0001499999999999991,152.87464773832187,0.0,True
same_z_different_direction,P0221,P0225,0.00015000000000000083,92.93946113271653,0.0,True
same_z_different_direction,P1066,P1067,0.00015000000000001124,96.5123603729361,0.0,True
same_z_different_direction,P0196,P0200,0.00015999999999999868,135.84603127711824,0.0,True
same_z_different_direction,P0413,P0416,0.00017,80.24412911942755,0.0,True
same_z_different_direction,P0415,P0424,0.00017,118.20054996624303,0.0,True
same_z_different_direction,P0475,P0477,0.00017,83.42924085602569,0.0,True
same_z_different_direction,P0544,P0549,0.00017000000000000348,93.90389934941248,0.0,True
same_z_different_direction,P0606,P0607,0.00017000000000000348,155.9185656815594,0.0,True
same_z_different_direction,P0841,P0842,0.00017000000000000348,101.32893933763565,0.0,True
same_z_different_direction,P1100,P1101,0.00017000000000000348,62.19806092948875,0.0,True
same_z_different_direction,P1261,P1262,0.00017000000000000348,114.43171038827992,0.0,True
same_z_different_direction,P0183,P0186,0.0001799999999999996,118.37372439120738,0.0,True
same_z_different_direction,P0243,P0246,0.0001799999999999996,70.18024888445134,0.0,True
same_z_different_direction,P0636,P0637,0.00018000000000000654,120.14405807297925,0.0,True
same_z_different_direction,P0812,P0813,0.00018999999999999573,72.13750374614351,0.0,True
same_z_different_direction,P0297,P0300,0.0001899999999999992,62.57471457551613,0.0,True
same_z_different_direction,P0335,P0343,0.0001899999999999992,117.44035212432294,0.0,True
same_z_different_direction,P0169,P0175,0.00019000000000000093,143.4584061846116,0.0,True
same_z_different_direction,P1077,P1081,0.00019000000000002348,61.767903187932035,0.0,True
same_z_different_direction,P0581,P0584,0.0001999999999999988,129.5636584403465,0.0,True
same_z_different_direction,P0608,P0611,0.0001999999999999988,96.57580066486045,0.0,True
same_z_different_direction,P0809,P0810,0.00020000000000000573,99.6050089832042,0.0,True
same_z_different_direction,P1317,P1318,0.00020999999999998797,99.74273898628961,0.0,True
same_z_different_direction,P1407,P1408,0.00020999999999998797,105.84407306041986,0.0,True
same_z_different_direction,P0277,P0282,0.00020999999999999838,124.35588626044063,0.0,True
same_z_different_direction,P0453,P0456,0.00020999999999999838,86.67123001694652,0.0,True
same_z_different_direction,P0223,P0228,0.00022000000000000144,70.94434925743062,0.2902990002850459,True
same_z_different_direction,P0230,P0239,0.00022000000000000144,90.72856327469138,0.0,True
same_z_different_direction,P0436,P0445,0.00022000000000000144,132.94606105799102,0.0,True
same_z_different_direction,P0830,P0832,0.00022999999999998022,73.41375982632006,0.0,True
same_z_different_direction,P0898,P0900,0.00022999999999998022,85.64452341596943,0.0,True
same_z_different_direction,P0328,P0334,0.00023000000000000104,73.25762363209857,0.0,True
same_z_different_direction,P1473,P1474,0.00023000000000000798,121.09888174810979,0.0,True
same_z_different_direction,P0136,P0141,0.0002500000000000002,122.32877096393348,0.0,True
same_z_different_direction,P0586,P0588,0.0002500000000000002,165.59604294338547,0.0,True
same_z_different_direction,P0868,P0869,0.0002500000000000002,78.11919957334176,0.0,True
same_z_different_direction,P1045,P1047,0.0002500000000000002,76.64095943387706,0.0,True
same_z_different_direction,P0779,P0782,0.00025999999999998247,67.39538176615368,0.0,True
same_z_different_direction,P1641,P1642,0.00026999999999999247,113.64948093330699,0.0,True
same_z_different_direction,P0601,P0604,0.0002699999999999994,83.16790585139617,0.0,True
same_z_different_direction,P1644,P1645,0.00027999999999994696,114.16632972449528,0.0,True
same_z_different_direction,P0577,P0579,0.00027999999999999553,100.52871059195463,0.0,True
same_z_different_direction,P0412,P0421,0.000279999999999999,64.31087694657245,0.0,True
same_z_different_direction,P0548,P0550,0.0002899999999999986,65.87122368006403,0.0,True
same_z_different_direction,P0678,P0681,0.0002899999999999986,153.26831801614915,0.0,True
same_z_different_direction,P0351,P0360,0.00029000000000000206,105.01582887177908,0.0,True
same_z_different_direction,P1057,P1058,0.00029000000000001247,150.3421456375548,0.0,True
same_z_different_direction,P1224,P1225,0.00029000000000001247,123.25685009187994,0.0,True
same_z_different_direction,P1319,P1320,0.00029000000000001247,126.26634615295302,0.0,True
same_z_different_direction,P1562,P1563,0.00029000000000001247,62.6896420364756,0.0,True
same_z_different_direction,P0209,P0218,0.00030000000000000165,116.62697088113867,0.0,True
same_z_different_direction,P0497,P0504,0.00030000000000000165,120.63995691450693,0.0,True
same_z_different_direction,P1305,P1306,0.00030000000000002247,97.60190088139679,0.0,True
same_z_different_direction,P0182,P0189,0.0003099999999999995,90.91024262911976,0.0,True
same_z_different_direction,P0721,P0724,0.0003100000000000047,82.16291973069461,0.0,True
same_z_different_direction,P1168,P1169,0.00031000000000003247,129.94105765091354,0.0,True
same_z_different_direction,P1506,P1507,0.00031999999999998696,164.8886067176178,0.0,True
same_z_different_direction,P1363,P1364,0.00032999999999999696,131.82302739199258,0.0,True
same_z_different_direction,P0308,P0321,0.00034,114.87217198868116,0.0,True
same_z_different_direction,P0573,P0576,0.00034,81.9393500984563,0.0,True
same_z_different_direction,P0644,P0646,0.00034,129.62119760428948,0.0,True
same_z_different_direction,P0826,P0827,0.00034000000000000696,95.92979852729535,0.0,True
same_z_different_direction,P0906,P0908,0.00034000000000000696,66.90151814334406,0.0,True
same_z_different_direction,P1649,P1650,0.00034000000000000696,74.0336544544512,0.0,True
same_z_different_direction,P1655,P1656,0.00034000000000000696,121.02413832827287,0.0,True
same_z_different_direction,P1189,P1191,0.00034999999999996145,90.50765459548803,0.0,True
same_z_different_direction,P0706,P0708,0.0003499999999999892,157.25565952662996,0.0,True
same_z_different_direction,P0534,P0537,0.00034999999999999615,107.01310411706922,0.0,True
same_z_different_direction,P1188,P1190,0.00035999999999997145,86.59702006021254,0.0,True
same_z_different_direction,P1141,P1143,0.00036999999999998145,101.43814589276279,0.0,True
same_z_different_direction,P1385,P1386,0.00036999999999998145,105.59034421640146,0.0,True
same_z_different_direction,P0784,P0786,0.0003700000000000092,69.30341175726797,0.0,True
same_z_different_direction,P1525,P1526,0.00037999999999993594,164.61826391325766,0.0,True
same_z_different_direction,P0679,P0683,0.0003799999999999984,143.18640689922145,0.0,True
same_z_different_direction,P0769,P0770,0.00038000000000000533,97.75899692129218,0.0,True
same_z_different_direction,P0962,P0963,0.00039000000000000146,80.62560908434564,0.0,True
same_z_different_direction,P1002,P1004,0.00039000000000000146,75.52102666512629,0.0,True
same_z_different_direction,P0254,P0258,0.00040000000000000105,88.21610619823738,0.0,True
same_z_different_direction,P0309,P0322,0.00040000000000000105,129.28257634087842,0.0,True
same_z_different_direction,P0651,P0652,0.0004000000000000045,128.48382844450387,0.0,True
same_z_different_direction,P1252,P1254,0.00040000000000001146,61.05040659513614,0.0,True
same_z_different_direction,P1329,P1330,0.00040000000000001146,89.65891119048338,0.0,True
same_z_different_direction,P1027,P1028,0.0004099999999999937,152.61692406036363,0.0,True
same_z_different_direction,P0399,P0407,0.00041000000000000064,108.93996397657976,0.0,True
same_z_different_direction,P1103,P1105,0.00041000000000002146,65.66618977784069,0.0,True
same_z_different_direction,P1137,P1138,0.00041000000000002146,89.96638166534487,0.0,True
same_z_different_direction,P1592,P1593,0.00041999999999997595,164.044817967536,0.0,True
same_z_different_direction,P0590,P0592,0.00041999999999999676,71.14705535010641,0.0,True
same_z_different_direction,P0794,P0795,0.0004200000000000037,71.69809347383597,0.0,True
same_z_different_direction,P0425,P0429,0.0004299999999999998,99.84008404688043,0.0,True
same_z_different_direction,P0700,P0705,0.0004299999999999998,70.36979994835278,0.0,True
same_z_different_direction,P0501,P0506,0.00043999999999999595,86.8458667755617,0.0,True
same_z_different_direction,P1443,P1444,0.00043999999999999595,129.68480303033374,0.0,True
same_z_different_direction,P0112,P0120,0.0004399999999999994,105.36098923166269,0.0,True
same_z_different_direction,P1435,P1436,0.00044000000000005146,97.89554524109442,0.0,True
same_z_different_direction,P0860,P0861,0.00045000000000000595,114.82946942099228,0.0,True
same_z_different_direction,P1633,P1634,0.00045999999999990493,62.87830632745244,0.0,True
same_z_different_direction,P0375,P0383,0.0004600000000000021,145.45349737835622,0.0,True
same_z_different_direction,P1479,P1481,0.00046999999999997044,63.1346320445078,0.0,True
same_z_different_direction,P1626,P1627,0.00046999999999997044,62.260240569316366,0.0,True
same_z_different_direction,P0659,P0660,0.0004699999999999982,97.65511221913268,0.0,True
same_z_different_direction,P1080,P1083,0.0004699999999999982,61.126536561804166,0.0,True
same_z_different_direction,P1595,P1597,0.00047000000000008146,63.2903574310759,0.0,True
same_z_different_direction,P0326,P0341,0.0004799999999999978,61.361747635327234,0.0,True
same_z_different_direction,P0303,P0313,0.00048000000000000126,83.2602788950727,0.0,True
same_z_different_direction,P0743,P0744,0.0004800000000000082,136.57858971082567,0.0,True
same_z_different_direction,P0877,P0878,0.0004899999999999904,61.5140222836406,0.0,True
same_z_different_direction,P0208,P0210,0.0004900000000000009,119.7261106458324,0.0,True
same_z_different_direction,P0150,P0153,0.0005000000000000004,145.96134819887382,0.0,True
same_z_different_direction,P0640,P0643,0.0005099999999999966,81.63245419577015,0.0,True
same_z_different_direction,P0330,P0345,0.00051,139.60148886958424,0.0,True
same_z_different_direction,P0520,P0528,0.0005100000000000035,127.00245602571087,0.0,True
same_z_different_direction,P1555,P1557,0.0005199999999999649,63.410809717912656,0.0,True
same_z_different_direction,P1437,P1438,0.0005200000000000204,63.10231951461883,0.0,True
same_z_different_direction,P0694,P0696,0.0005300000000000027,96.50908711370654,0.0,True
same_z_different_direction,P0711,P0713,0.0005300000000000027,67.30935295945078,0.0,True
same_z_different_direction,P1049,P1051,0.0005300000000000027,76.97497490095616,0.0,True
same_z_different_direction,P0463,P0471,0.0005399999999999988,76.90079745839267,0.0,True
same_z_different_direction,P1203,P1206,0.0005400000000000404,87.22058647355048,0.0,True
same_z_different_direction,P0288,P0299,0.0005500000000000019,82.49404306755962,0.0,True
same_z_different_direction,P0741,P0742,0.0005599999999999911,74.16602965889966,0.0,True
same_z_different_direction,P0332,P0350,0.000559999999999998,67.95561161589883,0.0,True
same_z_different_direction,P1064,P1065,0.0005600000000000049,78.12735241624168,0.0,True
same_z_different_direction,P1344,P1345,0.0005600000000000049,131.80373604325723,0.0,True
same_z_different_direction,P1580,P1581,0.0005600000000000049,121.86322808873386,0.0,True
same_z_different_direction,P0264,P0281,0.0005700000000000011,88.23920443924028,0.0,True
same_z_different_direction,P1417,P1419,0.0005799999999999694,123.78547505990352,0.0,True
same_z_different_direction,P0325,P0336,0.0005800000000000007,173.46357384867144,0.0,True
same_z_different_direction,P0393,P0398,0.0005999999999999998,89.04478904101023,0.0,True
same_z_different_direction,P0625,P0631,0.0006000000000000033,85.48787077190907,0.0,True
same_z_different_direction,P0846,P0848,0.0006099999999999994,73.60370802215164,0.0,True
same_z_different_direction,P0427,P0446,0.0006100000000000029,60.93799977628329,0.0,True
same_z_different_direction,P0955,P0959,0.0006200000000000094,61.52393894331545,0.0,True
same_z_different_direction,P1379,P1380,0.0006299999999999639,123.30873205991237,0.0,True
same_z_different_direction,P0777,P0778,0.0006300000000000194,74.78661604652929,0.0,True
same_z_different_direction,P1523,P1524,0.0006300000000000194,164.15556018698805,0.0,True
same_z_different_direction,P0148,P0155,0.0006399999999999999,62.8291133788224,0.0,True
same_z_different_direction,P1012,P1014,0.0006400000000000017,98.92528111979382,0.0,True
same_z_different_direction,P1374,P1375,0.0006400000000000294,130.05723589678368,0.0,True
same_z_different_direction,P1055,P1056,0.0006500000000000117,65.24403625930687,0.0,True
same_z_different_direction,P1207,P1209,0.0006899999999999684,66.77649854688148,0.0,True
same_z_different_direction,P0973,P0975,0.0006899999999999962,94.66514429721632,0.0,True
same_z_different_direction,P0464,P0474,0.0006899999999999996,139.5171660586895,0.0,True
same_z_different_direction,P1403,P1405,0.0006900000000000239,129.69568866790277,0.0,True
same_z_different_direction,P0837,P0838,0.0006999999999999784,72.16984422781645,0.0,True
same_z_different_direction,P0526,P0535,0.0006999999999999992,153.42899086960193,0.0,True
same_z_different_direction,P1030,P1032,0.0007000000000000062,131.3792406461786,0.0,True
same_z_different_direction,P0654,P0658,0.0007100000000000023,163.13711753693323,0.0,True
same_z_different_direction,P0476,P0500,0.0007199999999999984,105.09089956462654,0.0,True
same_z_different_direction,P0881,P0885,0.0007199999999999984,77.28146781545307,0.0,True
same_z_different_direction,P1394,P1395,0.0007199999999999984,97.51010056468861,0.0,True
same_z_different_direction,P0524,P0530,0.0007299999999999945,149.4100680325991,0.0,True
same_z_different_direction,P0129,P0131,0.0007299999999999997,101.99769412494133,0.0,True
same_z_different_direction,P0263,P0280,0.0007300000000000015,114.57891481995703,0.0,True
same_z_different_direction,P1622,P1625,0.0007399999999999629,164.05267803315937,0.0,True
same_z_different_direction,P0639,P0641,0.0007500000000000007,123.51574009999135,0.0,True
same_z_different_direction,P0803,P0804,0.0007500000000000007,81.50475512236267,0.0,True
same_z_different_direction,P1082,P1084,0.0007600000000000107,61.52735243340668,0.0,True
same_z_different_direction,P0578,P0585,0.0007699999999999999,128.00073224055103,0.0,True
same_z_different_direction,P1184,P1185,0.0007800000000000029,85.00536754913496,0.0,True
same_z_different_direction,P0240,P0252,0.000789999999999999,66.73893648657742,0.0,True
same_z_different_direction,P0522,P0532,0.000789999999999999,134.57725902699113,0.0,True
same_z_different_direction,P0774,P0776,0.000789999999999999,73.5589003214723,0.0,True
same_z_different_direction,P1502,P1503,0.0007900000000000684,66.08289461536212,0.0,True
same_z_different_direction,P1647,P1648,0.0008000000000000229,73.3344674261752,0.0,True
same_z_different_direction,P0557,P0562,0.0008100000000000052,126.4022245653961,0.0,True
same_z_different_direction,P0914,P0915,0.0008100000000000052,94.03982536230963,0.0,True
same_z_different_direction,P0613,P0618,0.0008299999999999974,62.66234318847181,0.1205567880731839,True
same_z_different_direction,P0170,P0187,0.0008599999999999997,124.71898943658653,0.0,True
same_z_different_direction,P0435,P0454,0.0008599999999999997,104.74115880985552,0.0,True
same_z_different_direction,P1397,P1399,0.0008700000000000374,121.35986082516268,0.0,True
same_z_different_direction,P0621,P0628,0.0008900000000000019,158.9583678227312,0.0,True
same_z_different_direction,P0972,P0974,0.0008900000000000019,62.76049635156484,0.0,True
same_z_different_direction,P1202,P1205,0.0009000000000000119,78.38582015323183,0.0,True
same_z_different_direction,P1551,P1553,0.0009099999999999664,73.61430451552953,0.0,True
same_z_different_direction,P0575,P0583,0.0009099999999999941,64.59204449163809,0.13343858862130373,True
same_z_different_direction,P1362,P1367,0.0009100000000000219,121.05384031917517,0.0,True
same_z_different_direction,P0942,P0947,0.0009299999999999864,119.26820269794595,0.0,True
same_z_different_direction,P0401,P0410,0.0009300000000000003,87.21926074243815,0.0,True
same_z_different_direction,P1455,P1458,0.0009399999999999964,71.77767475320135,0.0,True
same_z_different_direction,P1037,P1040,0.0009400000000000241,122.47958385118518,0.0,True
same_z_different_direction,P0327,P0353,0.0009499999999999995,98.36338658101886,0.0,True
same_z_different_direction,P1176,P1181,0.0009500000000000064,64.2571569798559,0.0,True
same_z_different_direction,P1280,P1283,0.0009500000000000064,115.00158442029561,0.0,True
same_z_different_direction,P0723,P0726,0.0009599999999999886,122.91015985362829,0.0,True
same_z_different_direction,P1204,P1208,0.0009700000000000264,62.653040375082185,0.0,True
same_z_different_direction,P1449,P1450,0.0009799999999999809,73.8280802331991,0.0,True
same_z_different_direction,P1233,P1235,0.0009899999999999909,98.0077070008861,0.0,True
same_z_different_direction,P0197,P0214,0.0010100000000000005,66.56376007982708,0.0,True
same_z_different_direction,P1212,P1214,0.0010100000000000109,121.74285875268724,0.0,True
same_z_different_direction,P1163,P1165,0.0010199999999999654,75.25336446820579,0.0,True
same_z_different_direction,P1431,P1433,0.0010200000000000209,95.09896032544471,0.0,True
same_z_different_direction,P1248,P1251,0.0010300000000000309,60.788436153377766,0.0,True
same_z_different_direction,P0505,P0517,0.0010599999999999984,85.16772648097164,0.0,True
same_z_different_direction,P1536,P1537,0.0010799999999999699,73.56913116781159,0.0,True
same_z_different_direction,P0853,P0854,0.0010799999999999976,73.70253683804287,0.0,True
same_z_different_direction,P1411,P1415,0.0010800000000000254,73.13880926081501,0.0,True
same_z_different_direction,P0204,P0224,0.0011100000000000033,67.84070007776769,0.0,True
same_z_different_direction,P1587,P1588,0.0011299999999999644,73.13983403758841,0.0,True
same_z_different_direction,P0174,P0202,0.0011400000000000004,106.5204006709186,0.0,True
same_z_different_direction,P0449,P0470,0.0011400000000000021,96.37423678503013,0.0,True
same_z_different_direction,P0737,P0738,0.0011600000000000082,123.85505771144686,0.0,True
same_z_different_direction,P1133,P1135,0.0011700000000000044,67.07845492210882,0.0,True
same_z_different_direction,P0883,P0888,0.0011899999999999966,64.03333673064056,0.0,True
same_z_different_direction,P0879,P0882,0.0011999999999999789,130.8528812593861,0.0,True
same_z_different_direction,P1217,P1220,0.0011999999999999789,82.63767399211808,0.0,True
same_z_different_direction,P0467,P0488,0.0011999999999999997,91.51758826782813,0.0,True
same_z_different_direction,P0933,P0937,0.0012000000000000066,66.36201679367845,0.0,True
same_z_different_direction,P0236,P0255,0.0012299999999999985,110.68888686299643,0.0,True
same_z_different_direction,P0541,P0554,0.001239999999999998,165.46817875472456,0.0,True
same_z_different_direction,P0284,P0307,0.0012400000000000015,119.34648724979998,0.0,True
same_z_different_direction,P0981,P0982,0.0012500000000000011,75.59423816062245,0.0,True
same_z_different_direction,P0816,P0820,0.0012599999999999834,152.79439561548503,0.0,True
same_z_different_direction,P0116,P0130,0.0012700000000000003,90.18042894470682,0.0,True
same_z_different_direction,P1358,P1366,0.0013000000000000234,87.9076819980315,0.0,True
same_z_different_direction,P0927,P0931,0.00133999999999998,69.2685645045893,0.0,True
same_z_different_direction,P0722,P0727,0.001339999999999994,164.91746961593773,0.0,True
same_z_different_direction,P0123,P0132,0.001340000000000001,115.87234574827714,0.0,True
same_z_different_direction,P0822,P0825,0.0013400000000000079,62.20546516514793,0.0,True
same_z_different_direction,P1140,P1142,0.0013400000000000079,87.73280199806378,0.0,True
same_z_different_direction,P1350,P1352,0.0013400000000000079,130.2024777942399,0.0,True
same_z_different_direction,P0852,P0855,0.0013500000000000179,73.2290182767282,0.0,True
same_z_different_direction,P1246,P1249,0.0013500000000000179,130.43152898597899,0.0,True
same_z_different_direction,P0274,P0301,0.00136,87.13157838517178,0.0,True
same_z_different_direction,P1124,P1130,0.0013699999999999823,152.4382716652305,0.0,True
same_z_different_direction,P0669,P0674,0.0013699999999999962,154.17288178034167,0.0,True
same_z_different_direction,P0828,P0831,0.0014099999999999946,64.8459737599543,0.0,True
same_z_different_direction,P1157,P1160,0.0014200000000000323,70.32393266708596,0.0,True
same_z_different_direction,P1658,P1661,0.0014300000000000423,62.5876716120131,0.0,True
same_z_different_direction,P0656,P0662,0.0014400000000000038,93.77356276137792,0.0,True
same_z_different_direction,P0766,P0768,0.0014500000000000068,65.49765335967916,0.0,True
same_z_different_direction,P1613,P1614,0.0014699999999999713,121.71703173972104,0.0,True
same_z_different_direction,P0521,P0539,0.001470000000000006,155.9855990649738,0.0,True
same_z_different_direction,P1567,P1568,0.0014800000000000368,62.746354456024676,0.0,True
same_z_different_direction,P1569,P1570,0.0014999999999999458,62.18980377434677,0.0,True
same_z_different_direction,P0880,P0887,0.0015199999999999936,68.8758834844481,0.0,True
same_z_different_direction,P0419,P0448,0.0015200000000000005,158.71311341819742,0.0,True
same_z_different_direction,P1576,P1579,0.0015399999999999858,164.0196149937522,0.0,True
same_z_different_direction,P1079,P1087,0.0015800000000000258,100.14866948620235,0.0,True
same_z_different_direction,P0689,P0693,0.001590000000000008,165.84982581253612,0.0,True
same_z_different_direction,P1489,P1490,0.0015999999999999903,61.90069691243522,0.0,True
same_z_different_direction,P0324,P0364,0.00162,68.03619988176311,0.0,True
same_z_different_direction,P1078,P1088,0.0016200000000000103,101.2776157585313,0.0,True
same_z_different_direction,P1651,P1653,0.0016299999999999093,120.78972119024029,0.0,True
same_z_different_direction,P0156,P0188,0.0016299999999999995,152.70324139845405,0.0,True
same_z_different_direction,P0759,P0762,0.0016499999999999987,60.26683063425358,0.0,True
same_z_different_direction,P0987,P0990,0.001679999999999987,63.704225040316736,0.0,True
same_z_different_direction,P0997,P1005,0.001679999999999987,83.42294749317534,0.0,True
same_z_different_direction,P0874,P0875,0.0016800000000000148,74.02071101453981,0.0,True
same_z_different_direction,P0897,P0903,0.0017199999999999993,64.05203793293518,0.0,True
same_z_different_direction,P1643,P1646,0.0018000000000000238,72.65349738860034,0.0,True
same_z_different_direction,P1600,P1602,0.0018599999999999728,73.31779834679966,0.0,True
same_z_different_direction,P0177,P0219,0.0019000000000000024,63.055678380034536,0.0,True
same_z_different_direction,P0617,P0629,0.0019500000000000003,150.817317504064,0.0,True
same_z_different_direction,P1091,P1094,0.0019699999999999718,118.9250937631488,0.0,True
same_z_different_direction,P0237,P0260,0.0020000000000000018,116.57763685694091,0.0,True
same_z_different_direction,P1326,P1332,0.0020000000000000018,96.00717529660355,0.0,True
same_z_different_direction,P1615,P1618,0.0020000000000000018,131.81561229565847,0.0,True
same_z_different_direction,P0582,P0591,0.002009999999999998,148.10744499217228,0.0,True
same_z_different_direction,P0695,P0702,0.00202999999999999,168.391455384149,0.0,True
same_z_different_direction,P1107,P1114,0.0020300000000000318,118.2899672263364,0.0,True
same_z_different_direction,P1093,P1098,0.0020800000000000263,60.53592623020422,0.0,True
same_z_different_direction,P1552,P1556,0.0021200000000000108,65.57901181193581,0.0,True
same_z_different_direction,P1504,P1505,0.0021800000000000708,113.56392588056721,0.0,True
same_z_different_direction,P0386,P0420,0.0022299999999999993,115.0289190839044,0.0,True
same_z_different_direction,P0895,P0901,0.0022400000000000198,62.31399738005335,0.0,True
same_z_different_direction,P0970,P0976,0.002250000000000002,73.60339822444963,0.0,True
same_z_different_direction,P0793,P0800,0.0022599999999999842,61.88914205677257,0.0,True
same_z_different_direction,P0138,P0178,0.00234,96.22431043129549,0.0,True
same_z_different_direction,P0791,P0796,0.002360000000000001,74.62690638407814,0.0,True
same_z_different_direction,P0807,P0811,0.002360000000000001,61.90658896139571,0.0,True
same_z_different_direction,P1274,P1286,0.0023799999999999932,132.2161275397814,0.0,True
same_z_different_direction,P1637,P1639,0.0023999999999999577,121.80082954791854,0.0,True
same_z_different_direction,P1491,P1496,0.0024900000000001032,113.72252105906858,0.0,True
same_z_different_direction,P0198,P0248,0.0024999999999999988,126.66136370848622,0.0,True
same_z_different_direction,P0597,P0610,0.0025000000000000022,130.30688414349535,0.0,True
same_z_different_direction,P1608,P1609,0.002569999999999961,131.44545339934385,0.0,True
same_z_different_direction,P0306,P0374,0.0026099999999999977,146.13000445039202,0.0,True
same_z_different_direction,P1572,P1574,0.002610000000000001,121.12915537865021,0.0,True
same_z_different_direction,P1197,P1201,0.0026599999999999957,123.05021677975188,0.0,True
same_z_different_direction,P1654,P1657,0.0026599999999999957,114.22273927391544,0.0,True
same_z_different_direction,P1227,P1236,0.00269999999999998,65.00723731646917,0.0,True
same_z_different_direction,P0599,P0614,0.00272,69.08374439939128,0.0,True
same_z_different_direction,P1623,P1628,0.0027399999999999647,163.8733676526986,0.0,True
same_z_different_direction,P0227,P0265,0.002829999999999999,90.74820108940396,0.0,True
same_z_different_direction,P1183,P1192,0.002850000000000019,124.9969638133056,0.0,True
same_z_different_direction,P1019,P1023,0.0028699999999999837,120.08938532323272,0.0,True
same_z_different_direction,P0792,P0798,0.0028700000000000114,61.19665858152455,0.0,True
same_z_different_direction,P1046,P1053,0.0028799999999999937,64.44277189387184,0.0,True
same_z_different_direction,P0181,P0247,0.0029299999999999986,62.60908408368757,0.0,True
same_z_different_direction,P1383,P1387,0.002950000000000008,129.5815118870643,0.0,True
same_z_different_direction,P0760,P0765,0.0029800000000000104,82.63402431168899,0.0,True
same_z_different_direction,P1054,P1061,0.0029899999999999927,60.786234141654305,0.0,True
same_z_different_direction,P0626,P0642,0.003009999999999999,113.16316507827939,0.0,True
same_z_different_direction,P1512,P1513,0.003029999999999977,72.79197872131405,0.0,True
same_z_different_direction,P0893,P0904,0.0030999999999999917,75.6077908384039,0.0,True
same_z_different_direction,P0589,P0600,0.0031199999999999978,129.0559574011362,0.0,True
same_z_different_direction,P0507,P0547,0.00315,90.86453012648346,0.0,True
same_z_different_direction,P1145,P1148,0.0031500000000000417,116.02117313315946,0.0,True
same_z_different_direction,P0968,P0979,0.003180000000000016,72.4397967575731,0.0,True
same_z_different_direction,P0356,P0414,0.003190000000000002,63.52730158747047,0.0,True
same_z_different_direction,P0989,P1001,0.0032200000000000006,98.34835592772738,0.0,True
same_z_different_direction,P0710,P0717,0.0032299999999999968,177.7505135609217,0.0,True
same_z_different_direction,P0533,P0567,0.003270000000000002,77.77973619307855,0.0,True
same_z_different_direction,P0673,P0684,0.0032900000000000013,67.02869922822123,0.0,True
same_z_different_direction,P0612,P0632,0.0032999999999999974,70.74296528327099,0.0,True
same_z_different_direction,P0135,P0199,0.0033199999999999983,133.87224100548062,0.0,True
same_z_different_direction,P0283,P0352,0.0033400000000000027,63.927437260789475,0.22305135084520802,True
same_z_different_direction,P1159,P1164,0.0034500000000000086,130.68869994521546,0.0,True
same_z_different_direction,P1316,P1324,0.0034700000000000286,113.55410942890173,0.0,True
same_z_different_direction,P1230,P1242,0.003479999999999983,60.19057286415311,0.0,True
same_z_different_direction,P0531,P0570,0.0035199999999999954,107.405867324843,0.0,True
same_z_different_direction,P1590,P1591,0.0035200000000000786,62.679835909723856,0.0,True
same_z_different_direction,P0951,P0961,0.0035500000000000254,114.64845467043234,0.0,True
same_z_different_direction,P0262,P0340,0.0036699999999999997,109.77571923285284,0.0,True
same_z_different_direction,P1621,P1629,0.0037399999999999656,163.51889097555608,0.0,True
same_z_different_direction,P0851,P0856,0.0038000000000000256,63.66085084435756,0.0,True
same_z_different_direction,P0266,P0354,0.0038499999999999993,103.40874245485757,0.0,True
same_z_different_direction,P0624,P0647,0.004069999999999997,126.80762419721052,0.0,True
same_z_different_direction,P0357,P0431,0.00409,98.26286850453263,0.0,True
same_z_different_direction,P1559,P1564,0.004149999999999987,131.13412217059184,0.0,True
same_z_different_direction,P1611,P1612,0.004169999999999896,113.97243808962905,0.0,True
same_z_different_direction,P0697,P0712,0.004169999999999993,83.05896710099366,0.0,True
same_z_different_direction,P1495,P1499,0.004190000000000027,130.610453273551,0.0,True
same_z_different_direction,P0912,P0921,0.004250000000000004,97.75077988310329,0.0,True
same_z_different_direction,P0385,P0458,0.00434,63.668178210776155,0.18340109247063216,True
same_z_different_direction,P1662,P1664,0.0044399999999999995,62.622749168856615,0.0,True
same_z_different_direction,P0858,P0870,0.004489999999999994,67.43278798377013,0.0,True
same_z_different_direction,P1231,P1245,0.004489999999999994,72.50473943395431,0.0,True
same_z_different_direction,P0790,P0799,0.0045399999999999885,82.36690439207646,0.0,True
same_z_different_direction,P1102,P1116,0.004579999999999973,63.906565258056226,0.0,True
same_z_different_direction,P0233,P0304,0.004629999999999999,162.86191803588935,0.0,True
same_z_different_direction,P1343,P1348,0.0046499999999999875,112.89461260076985,0.0,True
same_z_different_direction,P0594,P0619,0.004679999999999997,157.49722581604655,0.0,True
same_z_different_direction,P0355,P0447,0.0047199999999999985,121.4457919396703,0.0,True
same_z_different_direction,P1017,P1026,0.0047699999999999965,71.21845125991649,0.0,True
same_z_different_direction,P1468,P1469,0.0047900000000000165,121.45930487770266,0.0,True
same_z_different_direction,P0763,P0773,0.004819999999999991,121.11838721046865,0.0,True
same_z_different_direction,P0124,P0203,0.0049099999999999994,64.5419209347394,0.0,True
same_z_different_direction,P1289,P1290,0.0,163.42866971391268,0.0,False
same_z_different_direction,P1339,P1340,0.0,123.6309919415597,0.0,False
same_z_different_direction,P0996,P0998,1.9999999999992246e-05,71.80250783190633,0.0,False
same_z_different_direction,P0483,P0485,1.9999999999999185e-05,76.27656660055,0.0,False
same_z_different_direction,P0750,P0751,2.0000000000006124e-05,176.39847893344316,0.0,False
same_z_different_direction,P1199,P1200,2.999999999997449e-05,70.21042748559813,0.0,False
same_z_different_direction,P1275,P1277,2.999999999997449e-05,60.63681797394344,0.0,False
same_z_different_direction,P1493,P1494,2.999999999997449e-05,113.89249452183208,0.0,False
same_z_different_direction,P0965,P0966,3.0000000000002247e-05,78.79142144864267,0.0,False
same_z_different_direction,P0866,P0867,3.999999999998449e-05,118.35889755563925,0.0,False
same_z_different_direction,P0387,P0391,3.999999999999837e-05,130.7085553412602,0.0,False
same_z_different_direction,P1074,P1075,4.000000000001225e-05,124.96385937089319,0.0,False
same_z_different_direction,P0565,P0568,5.000000000000143e-05,71.62804151232432,0.0,False
same_z_different_direction,P0948,P0949,6.0000000000004494e-05,111.5436453021128,0.0,False
same_z_different_direction,P1154,P1155,6.0000000000004494e-05,61.79915532989958,0.0,False
same_z_different_direction,P1016,P1018,8.999999999997899e-05,145.07678676344196,0.0,False
same_z_different_direction,P0817,P0818,9.999999999998899e-05,66.41154715145875,0.0,False
same_z_different_direction,P0111,P0114,9.99999999999994e-05,103.80254973018627,0.0,False
same_z_different_direction,P0932,P0934,0.00010999999999999899,98.55005216467806,0.0,False
same_z_different_direction,P0685,P0686,0.00011999999999999511,102.56723954091794,0.0,False
same_z_different_direction,P1298,P1299,0.00012000000000000899,137.14402104403393,0.0,False
same_z_different_direction,P1533,P1534,0.00012000000000000899,105.4087949834694,0.0,False
same_z_different_direction,P1287,P1288,0.00012999999999996348,97.13305348456922,0.0,False
same_z_different_direction,P1519,P1520,0.0001300000000000745,125.77002324621832,0.0,False
same_z_different_direction,P1303,P1304,0.000160000000000049,151.71459132988636,0.0,False
same_z_different_direction,P1007,P1009,0.00018000000000001348,127.47413166884053,0.0,False
same_z_different_direction,P1605,P1606,0.000180000000000069,133.12606571810517,0.0,False
same_z_different_direction,P1325,P1327,0.00018999999999996797,152.75466488121765,0.0,False
same_z_different_direction,P0894,P0896,0.00018999999999999573,96.2303170794058,0.0,False
same_z_different_direction,P1267,P1268,0.00019999999999997797,112.33629209211188,0.0,False
same_z_different_direction,P0752,P0753,0.00019999999999999185,121.94232298428577,0.0,False
same_z_different_direction,P0670,P0671,0.0001999999999999988,123.88804228765186,0.0,False
same_z_different_direction,P1667,P1668,0.00020999999999993246,72.1487004414089,0.0,False
same_z_different_direction,P1413,P1414,0.00020999999999998797,78.80132695586792,0.0,False
same_z_different_direction,P1377,P1378,0.00023999999999996247,96.48164933502093,0.0,False
same_z_different_direction,P0615,P0616,0.00023999999999999716,73.93045283113663,0.0,False
same_z_different_direction,P1335,P1336,0.00025999999999998247,80.85675354205601,0.0,False
same_z_different_direction,P0408,P0411,0.0002600000000000033,81.20955300085743,0.0,False
same_z_different_direction,P0863,P0864,0.0002700000000000202,100.09208553248084,0.0,False
same_z_different_direction,P0716,P0718,0.00028000000000000247,87.09477906161304,0.0,False
same_z_different_direction,P1402,P1404,0.00029000000000001247,70.1100651607846,0.0,False
same_z_different_direction,P0819,P0821,0.00031999999999998696,63.02458635080367,0.0,False
same_z_different_direction,P1071,P1072,0.00031999999999998696,143.5935097274566,0.0,False
same_z_different_direction,P1266,P1269,0.00032999999999999696,123.73068227931536,0.0,False
same_z_different_direction,P0645,P0650,0.00034,140.90013379019257,0.0,False
same_z_different_direction,P1278,P1279,0.00034000000000000696,72.80126307034944,0.0,False
same_z_different_direction,P1237,P1238,0.00035000000000001696,125.90957659420157,0.0,False
same_z_different_direction,P0211,P0222,0.0003600000000000027,80.038509268399,0.0,False
same_z_different_direction,P1308,P1309,0.00036999999999998145,132.54192906016578,0.0,False
same_z_different_direction,P0729,P0730,0.0003700000000000092,127.12786090755284,0.0,False
same_z_different_direction,P0667,P0668,0.0003899999999999945,122.78880902827046,0.0,False
same_z_different_direction,P1475,P1476,0.00041000000000002146,106.67457591404334,0.0,False
same_z_different_direction,P1585,P1586,0.00041999999999997595,95.72389481669866,0.0,False
same_z_different_direction,P1432,P1434,0.00043999999999999595,109.06670534042073,0.0,False
same_z_different_direction,P1062,P1063,0.00045000000000000595,107.4947818736851,0.0,False
same_z_different_direction,P1471,P1472,0.00045000000000000595,61.55336284378172,0.0,False
same_z_different_direction,P1521,P1522,0.00046000000000001595,95.41662981379453,0.0,False
same_z_different_direction,P1371,P1372,0.00047000000000002595,113.33942761020485,0.0,False
same_z_different_direction,P1125,P1128,0.00047999999999998044,124.63339566675657,0.0,False
same_z_different_direction,P1292,P1293,0.00047999999999998044,101.2228680625893,0.0,False
same_z_different_direction,P0936,P0938,0.0004899999999999904,60.040696747471145,0.0,False
same_z_different_direction,P1006,P1008,0.0004899999999999904,142.917750570371,0.0,False
same_z_different_direction,P0993,P0994,0.0005100000000000104,71.00362425826047,0.0,False
same_z_different_direction,P0805,P0808,0.0005199999999999927,78.93756079336869,0.0,False
same_z_different_direction,P1294,P1295,0.0005200000000000204,137.26600578074203,0.0,False
same_z_different_direction,P0707,P0709,0.0005500000000000088,101.78006420528746,0.0,False
same_z_different_direction,P1528,P1529,0.0005500000000000504,101.19270139826278,0.0,False
same_z_different_direction,P0443,P0451,0.000559999999999998,69.04095582819527,0.0,False
same_z_different_direction,P1412,P1416,0.0005899999999999794,64.5662056950399,0.0,False
same_z_different_direction,P1161,P1162,0.0005900000000000349,134.33725909675545,0.0,False
same_z_different_direction,P1156,P1158,0.0005999999999999894,125.97198147592425,0.0,False
same_z_different_direction,P1601,P1603,0.0006000000000000449,132.35856703671385,0.0,False
same_z_different_direction,P1193,P1194,0.0006700000000000039,134.0423847986362,0.0,False
same_z_different_direction,P0653,P0655,0.00068,135.89003059901378,0.0,False
same_z_different_direction,P1115,P1117,0.0006800000000000139,122.62447361349415,0.0,False
same_z_different_direction,P1136,P1139,0.0006900000000000239,152.27963513326594,0.0,False
same_z_different_direction,P0986,P0988,0.0007099999999999884,81.85153339154105,0.0,False
same_z_different_direction,P1229,P1232,0.0007099999999999884,68.7177802046307,0.0,False
same_z_different_direction,P1341,P1342,0.0007099999999999884,151.49340433769504,0.0,False
same_z_different_direction,P0663,P0666,0.0007300000000000015,74.23862246062423,0.0,False
same_z_different_direction,P1146,P1147,0.0007499999999999729,66.10759361799339,0.0,False
same_z_different_direction,P0983,P0985,0.0007500000000000007,78.44555339379598,0.0,False
same_z_different_direction,P1439,P1440,0.0007699999999999929,157.4634069328459,0.0,False
same_z_different_direction,P1516,P1517,0.0007800000000000029,150.1366867291303,0.0,False
same_z_different_direction,P1446,P1447,0.0008199999999999874,160.9099784900736,0.0,False
same_z_different_direction,P0634,P0638,0.0008299999999999974,150.58187142554362,0.0,False
same_z_different_direction,P1285,P1291,0.0008400000000000074,137.93914011140967,0.0,False
same_z_different_direction,P0788,P0789,0.0008499999999999897,124.03373092124923,0.0,False
same_z_different_direction,P0687,P0688,0.0008699999999999958,94.37504851510766,0.0,False
same_z_different_direction,P0502,P0508,0.0008799999999999988,124.18556841115104,0.0,False
same_z_different_direction,P0675,P0677,0.0008799999999999988,105.33406547698172,0.0,False
same_z_different_direction,P0361,P0388,0.0008900000000000019,80.38163359179659,0.0,False
same_z_different_direction,P0754,P0755,0.0009300000000000003,131.85038187629314,0.0,False
same_z_different_direction,P1631,P1632,0.0009399999999999409,131.82199341037872,0.0,False
same_z_different_direction,P1219,P1223,0.0009500000000000064,113.33416730818568,0.0,False
same_z_different_direction,P0814,P0815,0.0009600000000000164,87.08067643874938,0.0,False
same_z_different_direction,P1296,P1297,0.0010000000000000009,67.9942437899271,0.0,False
same_z_different_direction,P1373,P1376,0.0010099999999999554,135.52470315276003,0.0,False
same_z_different_direction,P1392,P1393,0.0010600000000000054,71.38333714288393,0.0,False
same_z_different_direction,P1022,P1024,0.0011000000000000176,65.9148855661457,0.0,False
same_z_different_direction,P1215,P1218,0.0011099999999999999,70.29953221660503,0.0,False
same_z_different_direction,P1456,P1460,0.0011200000000000099,176.33716837206867,0.0,False
same_z_different_direction,P1396,P1398,0.0011500000000000399,112.9557581553422,0.0,False
same_z_different_direction,P0857,P0859,0.0011799999999999866,174.56748568570737,0.0,False
same_z_different_direction,P1452,P1453,0.0012199999999999989,158.90986424979727,0.0,False
same_z_different_direction,P1442,P1445,0.0012300000000000089,132.31724687831263,0.0,False
same_z_different_direction,P1498,P1500,0.0012400000000000189,71.66340920148508,0.0,False
same_z_different_direction,P1328,P1331,0.0013400000000000079,96.50852390971811,0.0,False
same_z_different_direction,P1195,P1198,0.0014299999999999868,75.08507934836858,0.0,False
same_z_different_direction,P0950,P0952,0.0014399999999999968,114.06400876520301,0.0,False
same_z_different_direction,P1333,P1334,0.0014700000000000268,89.29881547913952,0.0,False
same_z_different_direction,P0964,P0967,0.0014899999999999913,61.42841214460985,0.0,False
same_z_different_direction,P1170,P1174,0.0014899999999999913,66.44810767191508,0.0,False
same_z_different_direction,P1010,P1013,0.0015000000000000013,73.1651152317897,0.0,False
same_z_different_direction,P1421,P1425,0.0015199999999999658,62.171599467001236,0.0,False
same_z_different_direction,P1478,P1480,0.0015999999999999903,96.34295739861112,0.0,False
same_z_different_direction,P0545,P0560,0.0016699999999999979,90.90154384813657,0.0,False
same_z_different_direction,P0140,P0167,0.0016700000000000013,170.6539172166096,0.0,False
same_z_different_direction,P0735,P0736,0.001689999999999997,129.95727302145042,0.0,False
same_z_different_direction,P1264,P1265,0.0017000000000000348,145.66910317081457,0.0,False
same_z_different_direction,P0273,P0305,0.0017399999999999985,109.93733397595798,0.0,False
same_z_different_direction,P1465,P1466,0.0017900000000000138,131.6494790427936,0.0,False
same_z_different_direction,P1604,P1607,0.0019199999999999218,152.32644072632309,0.0,False
same_z_different_direction,P1636,P1638,0.0019199999999999218,134.06226056893698,0.0,False
same_z_different_direction,P0587,P0598,0.0019899999999999987,82.62637449746893,0.0,False
same_z_different_direction,P1531,P1535,0.0021199999999998997,72.85588551655542,0.0,False
same_z_different_direction,P0358,P0405,0.0021399999999999995,71.84167516655634,0.0,False
same_z_different_direction,P1620,P1624,0.0021400000000000308,71.357613507577,0.0,False
same_z_different_direction,P0876,P0884,0.0023900000000000032,61.274143970083706,0.0,False
same_z_different_direction,P1021,P1025,0.0025200000000000222,68.32254720196872,0.0,False
same_z_different_direction,P1389,P1390,0.0025499999999999967,95.95758696150143,0.0,False
same_z_different_direction,P1029,P1036,0.002809999999999979,69.02425394538588,0.0,False
same_z_different_direction,P1347,P1349,0.0029799999999999827,64.50936410326057,0.0,False
same_z_different_direction,P1368,P1370,0.0032300000000000106,74.67398397380951,0.0,False
same_z_different_direction,P1530,P1532,0.0033600000000000296,176.6263128781516,0.0,False
same_z_different_direction,P1095,P1099,0.0035600000000000076,63.83528060525963,0.0,False
same_z_different_direction,P1167,P1175,0.0036599999999999966,62.69844267798942,0.0,False
same_z_different_direction,P0122,P0168,0.0037100000000000015,64.09864401962119,0.0,False
same_z_different_direction,P1617,P1619,0.0038200000000000456,72.40897512927252,0.0,False
same_z_different_direction,P1409,P1410,0.003909999999999969,109.5797370875002,0.0,False
same_z_different_direction,P0690,P0698,0.004019999999999996,106.2957104983332,0.0,False
same_z_different_direction,P0740,P0745,0.004109999999999989,146.68412323981514,0.0,False
same_z_different_direction,P0940,P0953,0.0042099999999999915,68.4747598357594,0.0,False
same_z_different_direction,P0703,P0714,0.004299999999999998,103.34644603255609,0.0,False
same_z_different_direction,P1134,P1144,0.0045399999999999885,123.07204221194317,0.0,False
same_z_different_direction,P0835,P0843,0.004779999999999979,62.087738262543894,0.0,False
same_z_different_direction,P1515,P1518,0.004789999999999961,95.72573886828096,0.0,False
same_z_different_direction,P1492,P1497,0.00495000000000001,139.1357731373886,0.0,False
same_direction_different_z,P1489,P1583,0.11998000000000003,0.010091165805564484,1.0,True
same_direction_different_z,P1474,P1536,0.08201999999999998,0.010897492222031938,0.9999999999999999,True
same_direction_different_z,P1301,P1380,0.044989999999999974,0.013963658505017844,0.9978191418189513,True
same_direction_different_z,P1265,P1629,0.37745999999999996,0.021637284690186023,0.997747570623158,True
same_direction_different_z,P0859,P1004,0.049750000000000016,0.026501507931764808,0.9978261077293022,True
same_direction_different_z,P1353,P1562,0.21502000000000004,0.02956431216273329,0.9999999999999999,True
same_direction_different_z,P1007,P1378,0.16021,0.035595412535810875,0.9957995365718362,True
same_direction_different_z,P1415,P1648,0.32310999999999995,0.03611348662387249,0.9945456989957305,True
same_direction_different_z,P1507,P1625,0.18523,0.03620806671106384,0.9923410854873991,True
same_direction_different_z,P1590,P1620,0.06993000000000005,0.04124325475031089,1.0000000000000002,True
same_direction_different_z,P1316,P1615,0.3427,0.04274420607220788,0.9975216814438146,True
same_direction_different_z,P1555,P1593,0.05394999999999994,0.0428695936071446,0.994845326495725,True
same_direction_different_z,P1574,P1623,0.09589999999999999,0.04330832128130985,0.9975402155483203,True
same_direction_different_z,P1640,P1665,0.047680000000000056,0.04345435453622165,0.9917855116552856,True
same_direction_different_z,P1109,P1311,0.08265,0.04417448660719579,0.9976442841248871,True
same_direction_different_z,P0808,P1284,0.18922000000000003,0.04470179283389685,0.9975498787409367,True
same_direction_different_z,P1111,P1346,0.10357,0.04632906533617067,0.9955288409173711,True
same_direction_different_z,P0822,P1085,0.10177,0.04826730979051296,0.9829531430597893,True
same_direction_different_z,P1438,P1627,0.26570999999999995,0.04865892280547033,0.9949622166246851,True
same_direction_different_z,P1367,P1506,0.14283999999999997,0.04921698725447382,0.9999999999999999,True
same_direction_different_z,P1360,P1404,0.038959999999999995,0.04993954464062797,0.9883173799046922,True
same_direction_different_z,P0753,P1289,0.22353,0.050609838683394213,0.9966338090084202,True
same_direction_different_z,P1513,P1537,0.031039999999999957,0.0508614718437366,0.9976359338061465,True
same_direction_different_z,P1671,P1674,0.09604000000000001,0.0514242541439573,0.9881206700161875,True
same_direction_different_z,P1393,P1469,0.06592999999999999,0.05381723222580282,0.9948586118251926,True
same_direction_different_z,P1500,P1614,0.17779999999999996,0.054756321865685145,0.9974259931569824,True
same_direction_different_z,P1308,P1553,0.23606999999999995,0.055828183896171654,0.9977316363383242,True
same_direction_different_z,P0935,P1371,0.1817,0.05619853164042099,0.9975992627497255,True
same_direction_different_z,P1540,P1608,0.10331000000000001,0.05650421046901144,0.9974747800923203,True
same_direction_different_z,P0966,P1521,0.32474000000000003,0.05668735314866863,0.9999999999999999,True
same_direction_different_z,P1544,P1658,0.20282999999999995,0.058136437326783065,0.9952380681784353,True
same_direction_different_z,P1450,P1588,0.17822,0.059271800036647164,0.9976126005870538,True
same_direction_different_z,P1125,P1618,0.42712,0.0626725556047836,0.9975399716733133,True
same_direction_different_z,P1523,P1642,0.20023000000000002,0.06351287137839841,1.0,True
same_direction_different_z,P0820,P1552,0.42840999999999996,0.06476313098573358,0.9980506972209775,True
same_direction_different_z,P1505,P1591,0.1169,0.06481411278606049,0.9976254840624215,True
same_direction_different_z,P1226,P1454,0.14199999999999996,0.06690372181352253,0.9956238037595442,True
same_direction_different_z,P1432,P1522,0.10411999999999999,0.06706874139050178,0.995478305108782,True
same_direction_different_z,P1388,P1416,0.030459999999999987,0.06755216768490128,0.9976107336649374,True
same_direction_different_z,P1587,P1613,0.06301999999999996,0.06862341708069497,0.9977003643913783,True
same_direction_different_z,P1261,P1458,0.12956,0.07116257047655682,0.995271867612293,True
same_direction_different_z,P0736,P1197,0.20548000000000002,0.07134958554779508,0.9914622058273049,True
same_direction_different_z,P0861,P1403,0.23765999999999998,0.07219145354015363,0.9951493595979499,True
same_direction_different_z,P1548,P1669,0.23180999999999996,0.0722902091756226,0.9952040629846001,True
same_direction_different_z,P1412,P1501,0.08888999999999997,0.07271164616393698,0.9975186413622412,True
same_direction_different_z,P1324,P1650,0.39658,0.0727408443600212,0.9987554756579027,True
same_direction_different_z,P1075,P1655,0.51416,0.07297014237924972,0.9976333497853009,True
same_direction_different_z,P1134,P1391,0.13066,0.07339368461085297,0.9946233482065086,True
same_direction_different_z,P1563,P1621,0.11487999999999998,0.07441048381356405,0.9875896897074392,True
same_direction_different_z,P1628,P1654,0.057070000000000065,0.07501055646307427,0.994812311621613,True
same_direction_different_z,P1437,P1564,0.14888,0.07699603507209665,0.9975430275763973,True
same_direction_different_z,P1567,P1595,0.05194999999999994,0.07874330073897291,0.9782865548045996,True
same_direction_different_z,P1626,P1657,0.06095000000000006,0.0791582804084924,0.9904333051978254,True
same_direction_different_z,P1531,P1639,0.18179999999999996,0.0799146824018419,0.9974683872973683,True
same_direction_different_z,P1421,P1661,0.34462000000000004,0.08097547877324515,0.9925403843404859,True
same_direction_different_z,P1459,P1560,0.12904000000000004,0.08149096183777188,0.9952398770570375,True
same_direction_different_z,P1449,P1649,0.3031,0.08162942502331624,0.9902200488997555,True
same_direction_different_z,P1490,P1619,0.19579000000000002,0.08573598865169625,0.994818652849741,True
same_direction_different_z,P1337,P1635,0.36232000000000003,0.08664203526720254,0.9880637253269287,True
same_direction_different_z,P1072,P1361,0.12440000000000001,0.08675085314761026,0.995983935742972,True
same_direction_different_z,P1159,P1267,0.044999999999999984,0.08841065403002245,0.9953305297966245,True
same_direction_different_z,P1022,P1339,0.13091000000000003,0.0903902816762917,0.9932459502852125,True
same_direction_different_z,P0821,P0918,0.04126000000000002,0.09067295259783097,0.99549802040034,True
same_direction_different_z,P1243,P1594,0.32103000000000004,0.09255133619002215,0.9950980096954045,True
same_direction_different_z,P1013,P1517,0.30488000000000004,0.09400761686815388,0.9977753031397176,True
same_direction_different_z,P1397,P1610,0.26609,0.0940135346661662,0.9881204455709898,True
same_direction_different_z,P1057,P1330,0.10977000000000003,0.09946005650461365,0.9957459459824056,True
same_direction_different_z,P1571,P1592,0.040039999999999965,0.10046155064801617,0.9930080251990964,True
same_direction_different_z,P1145,P1444,0.16794000000000003,0.10280927103248572,0.9976218753494591,True
same_direction_different_z,P1473,P1525,0.06492000000000003,0.10362248351840081,0.9901748152557177,True
same_direction_different_z,P0738,P1417,0.32831,0.10433804404302285,0.9977300408126766,True
same_direction_different_z,P1087,P1318,0.09697999999999996,0.1045050540136072,0.9882352941176469,True
same_direction_different_z,P1362,P1660,0.39611999999999997,0.10555917304489874,0.9882325021423121,True
same_direction_different_z,P1266,P1342,0.03469,0.10590725950164082,0.9953379953379952,True
same_direction_different_z,P1179,P1515,0.23715000000000003,0.10672513362447741,0.9951836120919052,True
same_direction_different_z,P1175,P1605,0.36008,0.10722348656450591,0.9906540005658934,True
same_direction_different_z,P1076,P1578,0.36167,0.1073479736994907,0.9903641665923106,True
same_direction_different_z,P1534,P1651,0.19878000000000007,0.10863257341807925,0.9872481103242025,True
same_direction_different_z,P1611,P1633,0.04196,0.1100273499588578,0.9928431469864726,True
same_direction_different_z,P1442,P1575,0.16736,0.11042103379542693,0.9882738023677861,True
same_direction_different_z,P1359,P1457,0.0811,0.11091876407634883,0.9952634849365631,True
same_direction_different_z,P1334,P1491,0.14547999999999994,0.11160784756636728,0.9759643582590842,True
same_direction_different_z,P1009,P1549,0.34729,0.1123419093792894,0.994514495099393,True
same_direction_different_z,P1461,P1554,0.12409000000000003,0.11249314715807679,0.99550580370441,True
same_direction_different_z,P0855,P1045,0.07032999999999998,0.11254458234014995,0.9935017783527416,True
same_direction_different_z,P0807,P0890,0.03955,0.11391687541830915,0.9875771574795098,True
same_direction_different_z,P0909,P1558,0.39385000000000003,0.11510662289600426,0.9955381944042831,True
same_direction_different_z,P1148,P1349,0.09166999999999997,0.11600852199570791,0.9956617721259805,True
same_direction_different_z,P0879,P1158,0.10203999999999996,0.11653291237320991,0.9943691736351926,True
same_direction_different_z,P1038,P1451,0.21000000000000002,0.11656267321690791,0.9930598724243107,True
same_direction_different_z,P1303,P1646,0.39913000000000004,0.11729199584093725,0.9796103171096558,True
same_direction_different_z,P1368,P1399,0.031970000000000054,0.1176470871245165,0.9922713368615975,True
same_direction_different_z,P1483,P1643,0.25429999999999997,0.1187324753266995,0.9977401101057178,True
same_direction_different_z,P1512,P1580,0.09102999999999994,0.1197737912509296,0.9849201840977272,True
same_direction_different_z,P1182,P1440,0.14765,0.11984831845194159,0.9953730623758138,True
same_direction_different_z,P1234,P1547,0.25385,0.12086825546569825,0.9950980096954045,True
same_direction_different_z,P1082,P1156,0.03039,0.12100235639331887,0.9855339231337641,True
same_direction_different_z,P1096,P1280,0.07621999999999995,0.12294119833700053,0.9904370769802008,True
same_direction_different_z,P1602,P1631,0.07503000000000004,0.1253282476853496,0.9931168763510733,True
same_direction_different_z,P1302,P1429,0.08949000000000001,0.1264872941553949,0.9950804038812756,True
same_direction_different_z,P1524,P1581,0.07691999999999999,0.12767201306485215,0.982353626457546,True
same_direction_different_z,P0970,P1157,0.07119999999999999,0.1287421082151426,0.9880411049498599,True
same_direction_different_z,P1476,P1514,0.051960000000000006,0.137160433081042,0.9796405162716005,True
same_direction_different_z,P1139,P1609,0.39609999999999995,0.13889307647937424,0.971216974392189,True
same_direction_different_z,P1117,P1260,0.05956,0.1395545857573894,0.9907621247113163,True
same_direction_different_z,P1236,P1430,0.11615000000000003,0.14009830201971815,0.983380872010499,True
same_direction_different_z,P1386,P1445,0.05232000000000003,0.14304784919354033,0.9902676399026763,True
same_direction_different_z,P1262,P1510,0.19662000000000002,0.14553611880946793,0.990171751667109,True
same_direction_different_z,P0849,P1250,0.15356999999999998,0.14569916346673334,0.989159571394798,True
same_direction_different_z,P1659,P1670,0.03196999999999994,0.1457060681856029,0.9951257201981792,True
same_direction_different_z,P1372,P1475,0.09310999999999997,0.15089594533322445,0.9952857869992964,True
same_direction_different_z,P1485,P1541,0.06994,0.1524117399247809,0.9904874205559594,True
same_direction_different_z,P0921,P1058,0.05199000000000001,0.15258185036451472,0.9931698831300526,True
same_direction_different_z,P1604,P1637,0.08004,0.1529646415638156,0.9930077015898785,True
same_direction_different_z,P1053,P1222,0.06597999999999998,0.15377300404402922,0.996104908817391,True
same_direction_different_z,P1099,P1382,0.12785999999999997,0.15470116312064092,0.9631336405529952,True
same_direction_different_z,P1496,P1539,0.05465999999999993,0.15568771177339968,0.988135471232095,True
same_direction_different_z,P0899,P1402,0.22689,0.1566589221753891,0.990743395127964,True
same_direction_different_z,P1034,P1538,0.32179,0.1611738715707833,0.9887240432775006,True
same_direction_different_z,P0884,P1663,0.5898,0.1628305787295316,0.9912241734381092,True
same_direction_different_z,P1181,P1511,0.22992,0.1643515200417268,0.9936124459969109,True
same_direction_different_z,P1287,P1419,0.09003999999999995,0.16462598322266442,0.9857142857142859,True
same_direction_different_z,P0905,P1036,0.049089999999999995,0.16583071295631857,0.979864352278853,True
same_direction_different_z,P1244,P1598,0.32570000000000005,0.1669641978597772,0.9808408777839619,True
same_direction_different_z,P1508,P1542,0.04454999999999998,0.16701191493756423,0.9887536488879347,True
same_direction_different_z,P0843,P1486,0.33240000000000003,0.1687963804106433,0.9790866631168534,True
same_direction_different_z,P1312,P1487,0.15053,0.1695285483394725,0.9896856126772273,True
same_direction_different_z,P1030,P1383,0.15508000000000002,0.16958197515060808,0.9919655342989496,True
same_direction_different_z,P1019,P1398,0.17905000000000001,0.16980315005003246,0.9916174775845912,True
same_direction_different_z,P0954,P1165,0.08166999999999999,0.17151468056884514,0.9904985968940959,True
same_direction_different_z,P1080,P1407,0.16277999999999998,0.17203844899084972,0.9921190045135074,True
same_direction_different_z,P0863,P0995,0.04611000000000001,0.17219208583896708,0.9857610996711603,True
same_direction_different_z,P1161,P1543,0.28062000000000004,0.17506041072216322,0.9900165866844065,True
same_direction_different_z,P1012,P1286,0.10704000000000002,0.17539846426048664,0.9956550974506021,True
same_direction_different_z,P1465,P1550,0.11657000000000006,0.17553122638171026,0.9851881883544885,True
same_direction_different_z,P0831,P0924,0.03706000000000001,0.17608256774460979,0.9861854732324725,True
same_direction_different_z,P0703,P0891,0.10992,0.17906005880130632,0.9792322574437056,True
same_direction_different_z,P1504,P1579,0.09811999999999999,0.1796004423237048,0.9865268176422122,True
same_direction_different_z,P1238,P1447,0.12969999999999998,0.18016421993056764,0.9865495650194175,True
same_direction_different_z,P1576,P1622,0.09091000000000005,0.18055207643397697,0.9822619768801318,True
same_direction_different_z,P1015,P1573,0.37662000000000007,0.18090479460279224,0.9835169724337235,True
same_direction_different_z,P1325,P1612,0.3324099999999999,0.1809172663997933,0.995488503440725,True
same_direction_different_z,P1471,P1656,0.29268,0.18158005175442762,0.9917137939685692,True
same_direction_different_z,P1572,P1630,0.11503999999999992,0.1822612126101063,0.9828850855745721,True
same_direction_different_z,P1040,P1313,0.10976,0.18228909744470564,0.9946529752942661,True
same_direction_different_z,P0896,P1113,0.07806999999999997,0.18255199745178108,1.0000000000000002,True
same_direction_different_z,P0902,P1354,0.18464,0.18256152193696507,0.9930312739844154,True
same_direction_different_z,P1209,P1344,0.06002000000000002,0.18454779102280006,0.9889867841409692,True
same_direction_different_z,P1477,P1645,0.26030999999999993,0.18610950762885306,0.971351681096182,True
same_direction_different_z,P1221,P1494,0.19747000000000003,0.1866947561450464,0.9861865713384929,True
same_direction_different_z,P1498,P1607,0.14347,0.18884638783574162,0.993325843114267,True
same_direction_different_z,P1599,P1624,0.05998000000000003,0.19035738179765938,0.9914620449500668,True
same_direction_different_z,P1084,P1251,0.06651000000000001,0.19334799047471465,0.9960864010921058,True
same_direction_different_z,P1043,P1409,0.17746000000000003,0.19385108509692234,0.9784222367869128,True
same_direction_different_z,P0956,P1044,0.03226999999999999,0.19433971076665163,0.9927079632410873,True
same_direction_different_z,P1288,P1569,0.25776000000000004,0.19452524002194987,0.9776795335917778,True
same_direction_different_z,P1387,P1436,0.04125000000000001,0.19534140285905044,0.9904532420579417,True
same_direction_different_z,P0938,P1535,0.35263999999999995,0.19728291443107066,0.9925622022735965,True
same_direction_different_z,P0766,P1492,0.38012,0.19877722635506517,0.9977116947228685,True
same_direction_different_z,P1462,P1527,0.08596000000000004,0.2008665386424679,0.9775503043875922,True
same_direction_different_z,P0771,P1074,0.12299,0.2023593978249134,0.9880550786523856,True
same_direction_different_z,P0816,P1479,0.33289,0.20380579974003496,0.9923086388198153,True
same_direction_different_z,P1331,P1600,0.29036,0.2045778927996408,0.9756091935473893,True
same_direction_different_z,P0972,P1170,0.07717000000000002,0.20644684150141404,0.9954339848000645,True
same_direction_different_z,P1263,P1488,0.17342999999999997,0.20650307963715417,0.9755501222493888,True
same_direction_different_z,P0988,P1147,0.057729999999999976,0.20706503448378366,0.9853745407510288,True
same_direction_different_z,P0794,P0917,0.05249999999999999,0.20797240961349528,0.9876417344813655,True
same_direction_different_z,P1153,P1310,0.06443000000000004,0.20843475953299587,0.9773900197960984,True
same_direction_different_z,P1370,P1585,0.24265000000000003,0.2097475301692915,0.9845035466807737,True
same_direction_different_z,P1410,P1526,0.11914999999999998,0.21221901077527325,0.987476290153038,True
same_direction_different_z,P1365,P1463,0.0832,0.2122496287515378,0.9862068965517241,True
same_direction_different_z,P0826,P1395,0.25243000000000004,0.21356094014899035,0.9900866342718765,True
same_direction_different_z,P1006,P1097,0.03275000000000003,0.2142110824718739,0.9919013636173138,True
same_direction_different_z,P1241,P1425,0.11131999999999997,0.21491782404088977,0.9806775258376597,True
same_direction_different_z,P0836,P1264,0.1674,0.2151396257421451,0.9852867640107917,True
same_direction_different_z,P1363,P1452,0.07701999999999998,0.21605192116657534,0.9695599109400821,True
same_direction_different_z,P0840,P1443,0.27970000000000006,0.21630083081136134,0.9855339231337641,True
same_direction_different_z,P1041,P1351,0.13232000000000002,0.2186962150013129,0.9733267746049634,True
same_direction_different_z,P1211,P1317,0.04543999999999998,0.22010353850259365,0.993247286249377,True
same_direction_different_z,P0854,P1220,0.13922999999999996,0.2203735519609618,0.9918980310116412,True
same_direction_different_z,P1195,P1584,0.32371,0.2266669633552823,0.9840285235259157,True
same_direction_different_z,P1155,P1414,0.14177999999999996,0.2268795152680396,0.9853163955906895,True
same_direction_different_z,P0745,P0991,0.11331000000000001,0.22738028170492483,0.9793427639254269,True
same_direction_different_z,P0723,P1143,0.19161999999999996,0.22808173825208453,0.9886208659502351,True
same_direction_different_z,P1431,P1518,0.10305999999999998,0.23098102197973405,1.0000000000000002,True
same_direction_different_z,P1219,P1314,0.04000999999999999,0.2325365941114431,0.9759165873311645,True
same_direction_different_z,P0875,P1054,0.06314999999999998,0.23379156728009973,0.9791238294461818,True
same_direction_different_z,P1071,P1323,0.10353999999999997,0.23583377870679878,0.9910345138539138,True
same_direction_different_z,P1283,P1389,0.062080000000000024,0.23776939466139077,0.9822233530405954,True
same_direction_different_z,P1422,P1493,0.08033000000000007,0.24244810095593852,0.9873920459431499,True
same_direction_different_z,P0388,P1193,0.26781,0.2425687545150927,0.6146605787320016,True
same_direction_different_z,P0690,P1208,0.23376000000000002,0.2432775256551176,0.9816897058422048,True
same_direction_different_z,P1210,P1484,0.18022,0.24364369219895712,0.9737396611290196,True
same_direction_different_z,P1021,P1240,0.08536000000000002,0.24430621140494174,0.9908363121238543,True
same_direction_different_z,P0740,P0860,0.07174,0.24475393052286087,0.9897695519176715,True
same_direction_different_z,P1570,P1664,0.18280000000000007,0.24851927695260914,0.9784781322922792,True
same_direction_different_z,P1098,P1242,0.05862999999999996,0.24886145185461467,0.9799771226576145,True
same_direction_different_z,P1320,P1424,0.07449999999999996,0.25007197143207405,0.9871183494973299,True
same_direction_different_z,P1427,P1638,0.30297999999999997,0.25056916806556234,0.9674714135316537,True
same_direction_different_z,P1056,P1528,0.30011999999999994,0.25133618565685484,0.9729573903118175,True
same_direction_different_z,P0744,P1130,0.16166,0.25195756895119903,0.9915810418530449,True
same_direction_different_z,P1322,P1533,0.20088999999999996,0.253123541937742,0.9458272269330841,True
same_direction_different_z,P0773,P1079,0.12478,0.2544331046856022,0.9964587818518648,True
same_direction_different_z,P0825,P1248,0.16579999999999998,0.2545176801922656,0.9794761203759313,True
same_direction_different_z,P1589,P1666,0.16282000000000008,0.2559178426904418,0.9772727272727273,True
same_direction_different_z,P1003,P1112,0.039579999999999976,0.25689247219762246,0.9802730975086541,True
same_direction_different_z,P1396,P1472,0.06519000000000003,0.2574141454207913,0.9693801448945495,True
same_direction_different_z,P0940,P1336,0.15971999999999997,0.25748575318121825,0.9712413150073015,True
same_direction_different_z,P0817,P1448,0.29508,0.26378865394520434,0.9878507314679085,True
same_direction_different_z,P1352,P1556,0.21040999999999999,0.26554546838673015,0.9946689386447685,True
same_direction_different_z,P0726,P0932,0.11625,0.2665624940403245,0.9978014010593258,True
same_direction_different_z,P0627,P1586,0.57327,0.26788147464726847,0.8202801953364401,True
same_direction_different_z,P1411,P1647,0.32338999999999996,0.26921951744837214,0.9867317191000524,True
same_direction_different_z,P0885,P1047,0.05690999999999999,0.2692916171609854,0.9712286248935351,True
same_direction_different_z,P0946,P1405,0.21043,0.2696132084832689,0.9762031204798698,True
same_direction_different_z,P0757,P0920,0.07560000000000001,0.27097345547492097,0.9770356276802358,True
same_direction_different_z,P0986,P1299,0.12003,0.2725908252819803,0.9949951483643235,True
same_direction_different_z,P1338,P1551,0.21727000000000002,0.27389186880030303,0.9870594334908296,True
same_direction_different_z,P1016,P1305,0.11275999999999997,0.2765853414062498,0.9756156783416058,True
same_direction_different_z,P0865,P1369,0.20105000000000003,0.2775792360188084,0.9894579875495463,True
same_direction_different_z,P0937,P1064,0.046130000000000004,0.28028841685569195,0.9903145417322039,True
same_direction_different_z,P0912,P1366,0.18626000000000004,0.2841030492125016,0.9835890524283866,True
same_direction_different_z,P1274,P1345,0.03295999999999999,0.2854859869308223,0.9860115997545501,True
same_direction_different_z,P1028,P1340,0.12827000000000002,0.28764918955766483,0.9743696160034601,True
same_direction_different_z,P1258,P1467,0.14007999999999998,0.28841665777197967,0.9736053382833559,True
same_direction_different_z,P1460,P1532,0.09663,0.288615215428902,0.9776005914678733,True
same_direction_different_z,P0934,P1213,0.10676999999999998,0.2895374203260088,0.9555586687785904,True
same_direction_different_z,P0776,P1167,0.16005999999999998,0.28971318428362924,0.9808107289715411,True
same_direction_different_z,P1400,P1617,0.2829,0.29069895617880637,0.9790974736298955,True
same_direction_different_z,P0804,P0945,0.059980000000000006,0.2914169497062611,0.9816498172140428,True
same_direction_different_z,P1468,P1653,0.28909999999999997,0.29492817677069644,0.9882238539732269,True
same_direction_different_z,P0929,P1418,0.22534999999999997,0.2952953271233156,0.9758146000030804,True
same_direction_different_z,P1062,P1503,0.26811,0.2978513442368452,0.9549408645339356,True
same_direction_different_z,P1068,P1379,0.13674000000000003,0.30036028066404524,0.9928172026250452,True
same_direction_different_z,P1561,P1641,0.15288000000000002,0.30236110856903503,0.9830212912041953,True
same_direction_different_z,P1328,P1377,0.03114,0.30269209548364423,0.9678141366014791,True
same_direction_different_z,P0760,P0914,0.06968,0.3045092180100989,0.9934354485776806,True
same_direction_different_z,P1115,P1519,0.27016999999999997,0.3049447893022024,0.986270022883295,True
same_direction_different_z,P0998,P1566,0.36490999999999996,0.309224235371587,0.9733876867011645,True
same_direction_different_z,P1293,P1390,0.06273000000000001,0.31008607012573597,0.9844180100922434,True
same_direction_different_z,P1355,P1401,0.04037999999999997,0.31153625872852503,0.9746374308135489,True
same_direction_different_z,P1146,P1520,0.25848000000000004,0.31655653809681344,0.9458974673894213,True
same_direction_different_z,P0889,P1246,0.13379999999999997,0.3187489501839172,0.9746282493532643,True
same_direction_different_z,P1033,P1497,0.27429,0.3215121583688745,0.9827683563885367,True
same_direction_different_z,P0910,P1035,0.04766999999999999,0.3220956716578695,0.9643882538230614,True
same_direction_different_z,P1119,P1190,0.030779999999999974,0.324253622269508,0.9953703455052879,True
same_direction_different_z,P0997,P1118,0.04274,0.3270461656393964,0.9747041817148867,True
same_direction_different_z,P1037,P1225,0.07303000000000004,0.32990042627684657,0.9832441001477152,True
same_direction_different_z,P1032,P1255,0.08688000000000001,0.3303836042333298,0.985851191417609,True
same_direction_different_z,P0751,P1470,0.35941,0.3307964276140493,0.9778960845343762,True
same_direction_different_z,P0798,P0962,0.06700999999999999,0.3329007615383844,0.981067444909606,True
same_direction_different_z,P0815,P1200,0.15056999999999998,0.33334879486420965,0.9854721549636803,True
same_direction_different_z,P0788,P1456,0.31825000000000003,0.33430674477203015,0.9864788427593179,True
same_direction_different_z,P0947,P1168,0.08587,0.3353362464030952,0.9703028940457658,True
same_direction_different_z,P1582,P1632,0.10790999999999995,0.3417186854415832,0.971233034615846,True
same_direction_different_z,P0853,P1059,0.07668999999999998,0.34639387060106736,0.987784105608912,True
same_direction_different_z,P0796,P0904,0.04688999999999999,0.34805362023722897,0.9674289684743348,True
same_direction_different_z,P1392,P1652,0.34985999999999995,0.3514589366245067,0.9839827366550571,True
same_direction_different_z,P0858,P1049,0.06722,0.35188885978116125,0.9739358874133294,True
same_direction_different_z,P1644,P1662,0.032970000000000055,0.353534621651469,0.9812887878568576,True
same_direction_different_z,P0735,P1095,0.1639,0.35419250918355594,0.9759610421501067,True
same_direction_different_z,P0764,P0834,0.03497,0.35800798183772503,0.9461462098887085,True
same_direction_different_z,P0741,P1375,0.27896,0.3599289747901077,0.9720046468614334,True
same_direction_different_z,P0793,P1319,0.21267,0.36247742185388543,0.9551888307610386,True
same_direction_different_z,P0844,P0941,0.03853000000000001,0.36506757064266354,0.9818007959730282,True
same_direction_different_z,P1010,P1171,0.06434999999999999,0.3676833984221842,0.967876532672468,True
same_direction_different_z,P0785,P0984,0.08448,0.36897511813941236,0.9810902120158911,True
same_direction_different_z,P0811,P1138,0.125,0.3718971050269476,0.9804927056750984,True
same_direction_different_z,P1183,P1259,0.030959999999999988,0.3743703166969189,0.9702136640918896,True
same_direction_different_z,P0805,P1066,0.10361999999999999,0.37498187369693337,0.9733124389453885,True
same_direction_different_z,P1162,P1603,0.36105,0.37584825224753826,0.9887163642229614,True
same_direction_different_z,P1055,P1502,0.26996,0.3766348716525498,0.9260969976905311,True
same_direction_different_z,P0827,P1249,0.16504,0.3771583864309835,0.9977090462459977,True
same_direction_different_z,P0999,P1668,0.56987,0.3778951248211813,0.9649019413915498,True
same_direction_different_z,P1008,P1332,0.13017000000000004,0.38969266783529094,0.9746062394213814,True
same_direction_different_z,P1091,P1455,0.20005,0.3983901893024018,0.9144719116119207,True
same_direction_different_z,P0769,P1184,0.16766999999999999,0.40088843815232533,0.9437724810406657,True
same_direction_different_z,P1559,P1606,0.06903000000000004,0.40129181079218895,0.9683646936868238,True
same_direction_different_z,P1253,P1509,0.20079000000000002,0.40254025800482335,0.9626243115082455,True
same_direction_different_z,P0772,P1106,0.13436000000000003,0.40286162547183896,0.9619583548684549,True
same_direction_different_z,P0892,P1169,0.10502000000000003,0.4032338890120012,0.997834699830138,True
same_direction_different_z,P1186,P1545,0.27244,0.40705707678006187,0.9529009313371782,True
same_direction_different_z,P1061,P1154,0.03496000000000002,0.40749393204319123,0.9723528115751612,True
same_direction_different_z,P0926,P1123,0.06889999999999999,0.4115885955400478,0.9661130231013517,True
same_direction_different_z,P0750,P1185,0.18412,0.41170885986614864,0.9813486758626431,True
same_direction_different_z,P0747,P1232,0.20442,0.4123893540111095,0.9721790625139205,True
same_direction_different_z,P1140,P1233,0.04075000000000001,0.41262943565125737,0.965763738321764,True
same_direction_different_z,P1078,P1499,0.25865,0.41636482135173314,0.9475322082595078,True
same_direction_different_z,P0951,P1423,0.22220000000000004,0.41654980693451005,0.9731373326171516,True
same_direction_different_z,P0782,P1002,0.09246000000000001,0.4188693245993715,0.0,True
same_direction_different_z,P1295,P1616,0.35585,0.4222247882096359,0.9681048280493454,True
same_direction_different_z,P1001,P1329,0.13087000000000001,0.4222465381751051,0.9677419354838709,True
same_direction_different_z,P0666,P0743,0.047049999999999995,0.42337698927738304,0.8774880484071798,True
same_direction_different_z,P1083,P1374,0.13087999999999997,0.42369322923100416,0.9547768830913044,True
same_direction_different_z,P0971,P1223,0.09702000000000002,0.43251794481044625,0.959525591367921,True
same_direction_different_z,P0787,P0976,0.07926,0.4379593821875129,0.9492801652200473,True
same_direction_different_z,P0749,P0839,0.05149000000000001,0.43811860527548685,0.9574819884145516,True
same_direction_different_z,P1278,P1341,0.030390000000000028,0.43899589704739383,0.9531759751869954,True
same_direction_different_z,P0841,P0930,0.03625999999999999,0.44121266394498937,0.9652441863143983,True
same_direction_different_z,P0886,P1229,0.12903,0.4431299202745183,0.9633813228139129,True
same_direction_different_z,P0873,P0974,0.03592999999999999,0.45056188328308205,0.9575312806222098,True
same_direction_different_z,P1296,P1529,0.20801999999999998,0.4505872124524249,0.974977327491494,True
same_direction_different_z,P0792,P0944,0.06373000000000001,0.4510294297842285,0.951327607716946,True
same_direction_different_z,P0789,P1406,0.27757,0.4551253106284755,0.9497286407998294,True
same_direction_different_z,P1128,P1228,0.04426000000000002,0.4563668924865509,0.9745134780773812,True
same_direction_different_z,P1027,P1306,0.10807,0.45691335066109223,0.9828693790149893,True
same_direction_different_z,P0748,P0866,0.06713000000000001,0.4588269873082982,0.9683387679624523,True
same_direction_different_z,P0768,P1333,0.23140999999999998,0.4593396807541597,0.9718232837353611,True
same_direction_different_z,P1094,P1481,0.22727999999999998,0.4624580734809773,0.887453496917037,True
same_direction_different_z,P1202,P1413,0.12084,0.46332379536766344,0.9760673215653,True
same_direction_different_z,P0800,P1191,0.15416,0.46672547803670467,0.9725769895443709,True
same_direction_different_z,P1597,P1634,0.08190999999999993,0.4693860896442918,0.9475266495617836,True
same_direction_different_z,P0728,P1282,0.24828,0.4698805021836584,0.981547227319459,True
same_direction_different_z,P0878,P1048,0.058990000000000015,0.4727440179163976,0.9651397684251466,True
same_direction_different_z,P1376,P1435,0.048839999999999995,0.47321923309300623,0.9954956824897285,True
same_direction_different_z,P1050,P1216,0.06682999999999997,0.48054925772072193,0.9311728956758738,True
same_direction_different_z,P1126,P1294,0.06905,0.48502250111372963,0.9669336407474488,True
same_direction_different_z,P0846,P1516,0.36798,0.4894605371118273,0.9460954907964487,True
same_direction_different_z,P1136,P1307,0.07106000000000001,0.4902689290424975,0.9515025711248198,True
same_direction_different_z,P0907,P1020,0.04161000000000001,0.4932696057250544,1.0000000000000002,True
same_direction_different_z,P0943,P1092,0.05212,0.4957717131315086,0.965282662122788,True
same_direction_different_z,P0759,P0895,0.06483,0.4960317916015863,0.9945024702639602,True
same_direction_different_z,P1093,P1230,0.05723,0.496841574323633,0.9607105308181706,True
same_direction_different_z,P0797,P0880,0.04107000000000002,0.49792924262758836,0.9612139830092684,True
same_direction_different_z,P1042,P1187,0.05701999999999999,0.5049231886082892,0.8612443149346732,True
same_direction_different_z,P0758,P0833,0.037070000000000006,0.511420170518467,0.955606274416079,True
same_direction_different_z,P0721,P0959,0.12507000000000001,0.5144705028132457,0.95278446620394,True
same_direction_different_z,P1245,P1356,0.05575000000000002,0.5199544971690231,0.9445997161825997,True
same_direction_different_z,P0978,P1464,0.24343,0.5217729478422586,0.9574634633162038,True
same_direction_different_z,P1088,P1189,0.04199000000000003,0.5263047486021918,0.9512669648980863,True
same_direction_different_z,P1144,P1298,0.06403999999999999,0.5272984653390407,0.9572446555819476,True
same_direction_different_z,P0939,P1060,0.044029999999999986,0.5299819120899698,0.9355016886237311,True
same_direction_different_z,P1110,P1546,0.30518000000000006,0.5322559670211383,0.9192573024930342,True
same_direction_different_z,P0960,P1063,0.038599999999999995,0.5326731403541107,0.9637219876056401,True
same_direction_different_z,P0989,P1315,0.12894999999999998,0.5378672355766407,0.9684037555582594,True
same_direction_different_z,P1174,P1381,0.09476999999999997,0.5452738773469383,0.9059728345425518,True
same_direction_different_z,P0752,P1052,0.13015,0.5462454829492779,0.9414688716912717,True
same_direction_different_z,P1023,P1254,0.08957000000000001,0.5506469911274139,0.9517325405224715,True
same_direction_different_z,P0801,P0901,0.04509000000000002,0.5511064107160022,0.9573903992449344,True
same_direction_different_z,P0508,P0707,0.03931,0.5591027715074484,0.7003624471864925,True
same_direction_different_z,P1073,P1206,0.05297000000000002,0.5602703401380447,0.9523815947355572,True
same_direction_different_z,P0730,P0790,0.0509,0.5708333152177785,0.946010678664216,True
same_direction_different_z,P0952,P1039,0.03164,0.5825597134987944,0.9296559433445606,True
same_direction_different_z,P1275,P1480,0.15077999999999997,0.5836251873586155,0.9527932507984265,True
same_direction_different_z,P0842,P0928,0.035979999999999984,0.5849130404795718,0.9410294354946784,True
same_direction_different_z,P0762,P1151,0.15766999999999998,0.5858271209384145,0.8907000830213285,True
same_direction_different_z,P0756,P0958,0.09075,0.5865893595104618,0.9304259474589157,True
same_direction_different_z,P1453,P1577,0.1599,0.5881868526466447,0.9482379190013326,True
same_direction_different_z,P0887,P1142,0.09017,0.5929529167159937,0.9001264064370634,True
same_direction_different_z,P0894,P1291,0.15020999999999998,0.6011970752044993,0.9556381287742145,True
same_direction_different_z,P0718,P1343,0.28446,0.6012286838952156,0.9390893191361266,True
same_direction_different_z,P0763,P1214,0.18451,0.6022806292075741,0.9522318520309706,True
same_direction_different_z,P0829,P1089,0.09752,0.6076587749728912,0.932011128297295,True
same_direction_different_z,P0819,P1017,0.07771999999999998,0.6111378804531113,0.9497602220916852,True
same_direction_different_z,P1292,P1394,0.07032,0.6190646234044818,0.8578004213701221,True
same_direction_different_z,P1408,P1466,0.04903000000000002,0.6315054253070169,0.8800995598801922,True
same_direction_different_z,P0746,P0862,0.06881999999999999,0.6369108464753747,0.9888992743362796,True
same_direction_different_z,P0852,P0963,0.04091,0.6371758240576211,0.9215713955353095,True
same_direction_different_z,P0980,P1285,0.11862999999999999,0.6422713052760798,0.9104537784139144,True
same_direction_different_z,P0953,P1103,0.05481999999999998,0.6516367110100119,0.9520772172135444,True
same_direction_different_z,P1124,P1358,0.10699999999999998,0.6578962988800666,0.9385021236101082,True
same_direction_different_z,P1081,P1217,0.05540999999999999,0.6603276280373238,0.955039368403008,True
same_direction_different_z,P0969,P1069,0.03655,0.6651816889078982,0.926372344723496,True
same_direction_different_z,P0774,P0981,0.08832,0.6694092023325963,0.9082055440236135,True
same_direction_different_z,P0882,P1273,0.14937,0.6695675675852122,0.9382544087914629,True
same_direction_different_z,P0810,P0915,0.04464000000000001,0.6697446307106387,0.9539037515125719,True
same_direction_different_z,P0818,P1297,0.18703000000000003,0.6843947439779784,0.930820436293788,True
same_direction_different_z,P0806,P1132,0.12478,0.6848216095659352,0.9261589357555258,True
same_direction_different_z,P0961,P1164,0.07922000000000001,0.6893507329131296,0.9172068602373088,True
same_direction_different_z,P1137,P1227,0.040000000000000036,0.6908033702248415,0.9048493802825599,True
same_direction_different_z,P1107,P1224,0.04793000000000003,0.7028767120499546,0.9224141908782565,True
same_direction_different_z,P0916,P1101,0.06730999999999998,0.7055409838864642,0.9173711903383823,True
same_direction_different_z,P1196,P1277,0.032909999999999995,0.7185879897213413,0.9131480558016314,True
same_direction_different_z,P0877,P1203,0.12155999999999997,0.7297989322862184,0.9283257869288332,True
same_direction_different_z,P1257,P1364,0.051939999999999986,0.7324844384950667,0.9253196395313688,True
same_direction_different_z,P0867,P1439,0.26305,0.7339361977868244,0.912897527591074,True
same_direction_different_z,P0832,P0925,0.03703000000000001,0.7349740944805292,0.8818854111738683,True
same_direction_different_z,P1348,P1433,0.06396000000000002,0.7614046981816052,0.8816424058215514,True
same_direction_different_z,P0848,P1237,0.15022,0.7654282903262689,0.9342133360934901,True
same_direction_different_z,P0893,P1067,0.06367,0.7701731293580333,0.8867214042453011,True
same_direction_different_z,P0977,P1070,0.034390000000000004,0.7721078822723622,0.9081635695497731,True
same_direction_different_z,P0993,P1215,0.08570999999999998,0.7748938398299255,0.8860976410327693,True
same_direction_different_z,P0737,P0950,0.10998,0.7793278712540369,0.9303584469220464,True
same_direction_different_z,P0761,P1152,0.15839,0.7853141780288555,0.8658544175768565,True
same_direction_different_z,P0871,P1065,0.06972,0.7919952800686422,0.9266715157699841,True
same_direction_different_z,P0985,P1149,0.060689999999999994,0.7993663985937839,0.9137679263283556,True
same_direction_different_z,P0883,P1268,0.14648999999999998,0.8000752151289294,0.8639957695992005,True
same_direction_different_z,P0775,P1327,0.22563,0.8025962954763719,0.9282956619275237,True
same_direction_different_z,P1428,P1596,0.21191999999999994,0.8027428412337461,0.8822713333038396,True
same_direction_different_z,P1090,P1177,0.038429999999999964,0.8093527862065573,0.9138299394038539,True
same_direction_different_z,P0617,P0715,0.030330000000000003,0.8124112669662139,0.8112991753795027,True
same_direction_different_z,P1568,P1667,0.20177,0.8378533411713588,0.9063733982562303,True
same_direction_different_z,P0823,P1601,0.49476999999999993,0.8438805633779048,0.8744472378514322,True
same_direction_different_z,P0770,P0856,0.04512000000000001,0.857792034529584,0.9366563872341199,True
same_direction_different_z,P0906,P1247,0.13047,0.8605153920724615,0.8514286087834327,True
same_direction_different_z,P1108,P1281,0.07102999999999998,0.8655806965291546,0.8803217413927249,True
same_direction_different_z,P0845,P0992,0.056889999999999996,0.8763453159073152,0.8896392395728446,True
same_direction_different_z,P1482,P1636,0.24610000000000004,0.8797089086324879,0.776978417266187,True
same_direction_different_z,P0814,P1373,0.23449000000000003,0.883334395965576,0.9389463108247367,True
same_direction_different_z,P0780,P0996,0.09187000000000001,0.8979333527093869,0.9020680696511116,True
same_direction_different_z,P1178,P1271,0.03903000000000001,0.9196241604336923,0.9013018580979806,True
same_direction_different_z,P1005,P1235,0.08995,0.9558935023368237,0.8342862591258982,True
same_direction_different_z,P1212,P1326,0.04698000000000002,0.9587146401066053,0.900276796616671,True
same_direction_different_z,P0948,P1104,0.056589999999999974,0.961330107574467,0.8746131090929532,True
same_direction_different_z,P0851,P0990,0.05241000000000001,0.9644012600156808,0.8873818472817793,True
same_direction_different_z,P0731,P1172,0.20449,0.972913355533785,0.8752735657406218,True
same_direction_different_z,P0795,P0933,0.059209999999999985,0.9741977190467099,0.9102835688855844,True
same_direction_different_z,P0908,P1231,0.12444999999999998,1.0004822099257045,0.90966868642721,True
same_direction_different_z,P1270,P1426,0.09827000000000002,1.0036661548522376,0.829584183187168,True
same_direction_different_z,P0777,P0903,0.05829000000000001,1.0122254021099777,0.9118971999070368,True
same_direction_different_z,P0812,P1086,0.10582,1.0175687564525215,0.7925407925407925,True
same_direction_different_z,P0765,P1120,0.14116999999999996,1.0182274046452506,0.8770891844020265,True
same_direction_different_z,P0724,P1133,0.18677,1.0190048826684954,0.9071715047117338,True
same_direction_different_z,P0729,P1114,0.17817000000000002,1.021445356644263,0.858528044816866,True
same_direction_different_z,P0779,P1279,0.20234999999999997,1.0365732129800165,0.8593489612666321,True
same_direction_different_z,P0803,P1350,0.22776,1.0522163142085617,0.8886515894223356,True
same_direction_different_z,P0786,P0965,0.0779,1.055796290988664,0.8367479063753488,True
same_direction_different_z,P0888,P1160,0.10082000000000002,1.0939637316872681,0.9130135986970007,True
same_direction_different_z,P1218,P1304,0.03302000000000005,1.09545752905522,0.8510666231510137,True
same_direction_different_z,P1198,P1335,0.06126999999999999,1.1027945451503927,0.8913149152311765,True
same_direction_different_z,P1141,P1272,0.058219999999999994,1.1339487382899307,0.9118031081567246,True
same_direction_different_z,P0983,P1102,0.043179999999999996,1.14376437572916,0.8963470929734335,True
same_direction_different_z,P0835,P1173,0.13249,1.1445481663897086,0.9414756947947212,True
same_direction_different_z,P0830,P0955,0.05001999999999998,1.1448741222089742,0.8979134168061431,True
same_direction_different_z,P0767,P1077,0.12639,1.1452165939437178,0.8809837706684411,True
same_direction_different_z,P0897,P1163,0.10127000000000003,1.1679643343434656,0.718708011839966,True
same_direction_different_z,P0754,P1204,0.19024999999999997,1.199575371743154,0.7929825546460554,True
same_direction_different_z,P0973,P1127,0.05381999999999998,1.216244899303766,0.8241185449412388,True
same_direction_different_z,P0813,P1199,0.15269000000000002,1.251065252030521,0.8805440580035863,True
same_direction_different_z,P0994,P1347,0.1448,1.276738225946088,0.8741207782646149,True
same_direction_different_z,P0783,P1026,0.10099999999999998,1.2843476901505257,0.8099929020009927,True
same_direction_different_z,P0837,P0987,0.0592,1.3053412407181333,0.8163426414574149,True
same_direction_different_z,P0742,P0857,0.06703,1.3090525422334887,0.830768727893713,True
same_direction_different_z,P1150,P1530,0.27029,1.3445018840737148,0.7948943041812165,True
same_direction_different_z,P0733,P1129,0.17846999999999996,1.3645373553961575,0.8898903442847825,True
same_direction_different_z,P0964,P1321,0.14220999999999998,1.4417895006600066,0.7576350953515925,True
same_direction_different_z,P0872,P1105,0.08329,1.4522636081566733,0.7565350078263937,True
same_direction_different_z,P0869,P0979,0.03757000000000002,1.4571111796404588,0.81929651857219,True
same_direction_different_z,P0968,P1188,0.08359000000000003,1.5792242422973883,0.7730036127742766,True
same_direction_different_z,P1384,P1420,0.035229999999999984,1.584775634541446,0.7625382828798499,True
same_direction_different_z,P0714,P1135,0.19180000000000003,1.648276933964436,0.8296402884432634,True
same_direction_different_z,P1014,P1205,0.07496,1.8206121423020045,0.6455593052240575,True
same_direction_different_z,P0864,P0975,0.03786999999999999,1.8870019728221328,0.7969405613241585,True
same_direction_different_z,P0931,P1100,0.06051999999999999,1.9201186317782508,0.7179745932672641,True
same_direction_different_z,P1046,P1201,0.06191000000000002,1.987156296577882,0.6159857900054578,True
same_direction_different_z,P0847,P1131,0.10385999999999998,1.9886624277475606,0.717542115919689,True
same_direction_different_z,P0755,P1495,0.39304999999999995,2.1220068408651858,0.7453883438785383,True
same_direction_different_z,P0824,P1024,0.08030000000000001,2.126260734610504,0.601861937086995,True
same_direction_different_z,P0838,P0919,0.032580000000000026,2.169206876708523,0.6095663670535398,True
same_direction_different_z,P0214,P0682,0.04471,2.235311772928369,0.5000592496635794,True
same_direction_different_z,P0784,P0898,0.053080000000000016,2.2976030691680145,0.6816835650913975,True
same_direction_different_z,P1018,P1194,0.06814000000000003,2.3195305363730823,0.600014948655523,True
same_direction_different_z,P0850,P1357,0.20611999999999997,2.3471070474994002,0.6047636189469275,True
same_direction_different_z,P0553,P0734,0.051280000000000006,2.4335030797905857,0.6064222003604558,True
same_direction_different_z,P0621,P0722,0.033,2.5084400650733643,0.5977101797527313,True
same_direction_different_z,P1180,P1300,0.047640000000000016,2.6057939536007395,0.5497645767316224,True
same_direction_different_z,P0809,P0927,0.051090000000000024,2.6371122553419717,0.7535451320845908,True
same_direction_different_z,P1011,P1122,0.038510000000000016,2.6875024953204885,0.5087932751059114,True
same_direction_different_z,P0300,P0739,0.07139999999999999,2.878372497284686,0.5081505838519809,True
same_direction_different_z,P0168,P0626,0.03193,2.8949303449548824,0.5325240985185029,True
same_direction_different_z,P0243,P0656,0.034179999999999995,2.9671655662967495,0.6126808035926673,True
same_direction_different_z,P0323,P0665,0.03236,3.4012516729497873,0.6296603643784918,True
same_direction_different_z,P0957,P1051,0.034150000000000014,3.488343958467965,0.48052060615704584,True
same_direction_different_z,P0440,P0679,0.0325,3.5293796091032203,0.6443372751559632,True
same_direction_different_z,P0276,P0695,0.048510000000000005,4.0265432991177335,0.4572375213797696,True
same_direction_different_z,P0466,P0717,0.04585,4.358503033869337,0.5166597826269071,True
same_direction_different_z,P1276,P1434,0.10035,4.370024500185073,0.4049368545948248,True
same_direction_different_z,P0334,P0676,0.03565,4.6060536402420995,0.48968166570680244,True
same_direction_different_z,P0322,P0686,0.04128999999999999,4.652899155343202,0.6283195686959386,True
same_direction_different_z,P0223,P1269,0.30883,0.4121173670880835,0.5254924347329685,False
same_direction_different_z,P0188,P0874,0.15949,0.6166891402042909,0.49055539298278716,False
same_direction_different_z,P0269,P0653,0.03103,0.7586869125054636,0.6718630490299294,False
same_direction_different_z,P0599,P0781,0.08553000000000001,1.1269895088370812,0.784785326519084,False
same_direction_different_z,P0590,P1385,0.3473,1.2253648246214246,0.8064356841098096,False
same_direction_different_z,P0609,P1000,0.17601,1.233450150462907,0.7677823256496918,False
same_direction_different_z,P0684,P0900,0.12098999999999999,1.273729123525388,0.8559359152378584,False
same_direction_different_z,P0111,P0643,0.039689999999999996,1.4216494644441882,0.47246636299970973,False
same_direction_different_z,P0136,P0828,0.13937,1.4997345035773226,0.5238625425181082,False
same_direction_different_z,P0911,P1176,0.10332000000000002,1.5054414181849667,0.7156709615342375,False
same_direction_different_z,P0251,P0696,0.050420000000000006,1.546962585481818,0.5328734347794012,False
same_direction_different_z,P0574,P0791,0.09720999999999999,1.6357585041544234,0.797466848548037,False
same_direction_different_z,P0284,P1116,0.24059999999999998,1.643844255133443,0.5957284656009114,False
same_direction_different_z,P0616,P0923,0.14561000000000002,1.644079680918536,0.7282794851508778,False
same_direction_different_z,P0614,P1290,0.28708,1.6626919004237009,0.6820573859224424,False
same_direction_different_z,P0672,P0922,0.13171,1.7264846559561573,0.6258565754433474,False
same_direction_different_z,P1256,P1557,0.25981,1.7333978768390441,0.687517877858474,False
same_direction_different_z,P1252,P1565,0.266,1.8200731067801383,0.7304470091458451,False
same_direction_different_z,P0241,P0647,0.03254,1.8283699610906623,0.5769182881754311,False
same_direction_different_z,P0213,P0660,0.03647,1.841373044503511,0.5343548520149892,False
same_direction_different_z,P0689,P1478,0.41159,1.918706921016515,0.6837953764126466,False
same_direction_different_z,P0591,P0778,0.08588000000000001,2.1399204526901916,0.7085100324236197,False
same_direction_different_z,P0119,P0732,0.07349,2.1821684959088743,0.4004696491319478,False
same_direction_different_z,P0507,P0720,0.046579999999999996,2.2332756655868775,0.6324935240777287,False
same_direction_different_z,P0208,P0642,0.033409999999999995,2.250539003132064,0.5824767762416294,False
same_direction_different_z,P0335,P1031,0.20800000000000002,2.335210809414772,0.5096059935367461,False
same_direction_different_z,P0377,P0936,0.17242000000000002,2.4630853485456474,0.5778345843133436,False
same_direction_different_z,P1121,P1441,0.17598999999999998,2.5410028392513118,0.5666853022913281,False
same_direction_different_z,P0702,P0982,0.14261000000000001,2.745426763004919,0.6487508289334025,False
same_direction_different_z,P0321,P0677,0.03733,2.848553440281241,0.7007895190681956,False
same_direction_different_z,P0586,P0727,0.041249999999999995,2.903287197734741,0.5782318403249682,False
same_direction_different_z,P0589,P0701,0.03173,3.128164098630752,0.5878750820293557,False
same_direction_different_z,P0531,P0691,0.03338,3.207919760927259,0.629878695223036,False
same_direction_different_z,P0477,P1239,0.28126999999999996,3.404540487242131,0.5690855670501308,False
same_direction_different_z,P0546,P0716,0.040440000000000004,3.443152468204983,0.5048810085116946,False
same_direction_different_z,P0311,P0876,0.15485000000000002,3.7099328293473492,0.5588458568759596,False
same_direction_different_z,P0502,P0693,0.03638,3.7326519549529897,0.5120104515704867,False
same_direction_different_z,P0456,P0949,0.17145000000000002,3.813378856547801,0.5381542244057972,False
same_direction_different_z,P0445,P0705,0.042499999999999996,3.8180394841350087,0.5027182680150561,False
same_direction_different_z,P0301,P1675,0.95253,3.837923881575488,0.5182957068422382,False
same_direction_different_z,P0114,P1673,0.84456,3.890426259152885,0.3641770342654832,False
same_direction_different_z,P0245,P0704,0.05301,3.899008790424372,0.4922544881418115,False
same_direction_different_z,P0401,P0708,0.04594999999999999,3.9512375092294416,0.5398451649290333,False
same_direction_different_z,P0306,P0709,0.050190000000000005,4.0801484496208955,0.5664961048694197,False
same_direction_different_z,P0659,P1025,0.17716,4.179294804313868,0.4367298321924558,False
same_direction_different_z,P0451,P1446,0.41154,4.690584631564502,0.5288541346007312,False
same_direction_different_z,P0200,P0655,0.03616,4.789524621429976,0.5547564671600913,False
same_direction_different_z,P0398,P0710,0.04667,4.850845522438602,0.509715494539213,False
shared_foreground_different_z,P1489,P1583,0.11998000000000003,0.010091165805564484,1.0,True
shared_foreground_different_z,P1474,P1536,0.08201999999999998,0.010897492222031938,0.9999999999999999,True
shared_foreground_different_z,P1301,P1380,0.044989999999999974,0.013963658505017844,0.9978191418189513,True
shared_foreground_different_z,P1265,P1629,0.37745999999999996,0.021637284690186023,0.997747570623158,True
shared_foreground_different_z,P0859,P1004,0.049750000000000016,0.026501507931764808,0.9978261077293022,True
shared_foreground_different_z,P1353,P1562,0.21502000000000004,0.02956431216273329,0.9999999999999999,True
shared_foreground_different_z,P1007,P1378,0.16021,0.035595412535810875,0.9957995365718362,True
shared_foreground_different_z,P1415,P1648,0.32310999999999995,0.03611348662387249,0.9945456989957305,True
shared_foreground_different_z,P1507,P1625,0.18523,0.03620806671106384,0.9923410854873991,True
shared_foreground_different_z,P1590,P1620,0.06993000000000005,0.04124325475031089,1.0000000000000002,True
shared_foreground_different_z,P1316,P1615,0.3427,0.04274420607220788,0.9975216814438146,True
shared_foreground_different_z,P1555,P1593,0.05394999999999994,0.0428695936071446,0.994845326495725,True
shared_foreground_different_z,P1574,P1623,0.09589999999999999,0.04330832128130985,0.9975402155483203,True
shared_foreground_different_z,P1640,P1665,0.047680000000000056,0.04345435453622165,0.9917855116552856,True
shared_foreground_different_z,P1109,P1311,0.08265,0.04417448660719579,0.9976442841248871,True
shared_foreground_different_z,P0808,P1284,0.18922000000000003,0.04470179283389685,0.9975498787409367,True
shared_foreground_different_z,P1111,P1346,0.10357,0.04632906533617067,0.9955288409173711,True
shared_foreground_different_z,P0822,P1085,0.10177,0.04826730979051296,0.9829531430597893,True
shared_foreground_different_z,P1438,P1627,0.26570999999999995,0.04865892280547033,0.9949622166246851,True
shared_foreground_different_z,P1367,P1506,0.14283999999999997,0.04921698725447382,0.9999999999999999,True
shared_foreground_different_z,P1360,P1404,0.038959999999999995,0.04993954464062797,0.9883173799046922,True
shared_foreground_different_z,P0753,P1289,0.22353,0.050609838683394213,0.9966338090084202,True
shared_foreground_different_z,P1513,P1537,0.031039999999999957,0.0508614718437366,0.9976359338061465,True
shared_foreground_different_z,P1671,P1674,0.09604000000000001,0.0514242541439573,0.9881206700161875,True
shared_foreground_different_z,P1393,P1469,0.06592999999999999,0.05381723222580282,0.9948586118251926,True
shared_foreground_different_z,P1500,P1614,0.17779999999999996,0.054756321865685145,0.9974259931569824,True
shared_foreground_different_z,P1308,P1553,0.23606999999999995,0.055828183896171654,0.9977316363383242,True
shared_foreground_different_z,P0935,P1371,0.1817,0.05619853164042099,0.9975992627497255,True
shared_foreground_different_z,P1540,P1608,0.10331000000000001,0.05650421046901144,0.9974747800923203,True
shared_foreground_different_z,P0966,P1521,0.32474000000000003,0.05668735314866863,0.9999999999999999,True
shared_foreground_different_z,P1544,P1658,0.20282999999999995,0.058136437326783065,0.9952380681784353,True
shared_foreground_different_z,P1450,P1588,0.17822,0.059271800036647164,0.9976126005870538,True
shared_foreground_different_z,P1125,P1618,0.42712,0.0626725556047836,0.9975399716733133,True
shared_foreground_different_z,P1523,P1642,0.20023000000000002,0.06351287137839841,1.0,True
shared_foreground_different_z,P0820,P1552,0.42840999999999996,0.06476313098573358,0.9980506972209775,True
shared_foreground_different_z,P1505,P1591,0.1169,0.06481411278606049,0.9976254840624215,True
shared_foreground_different_z,P1226,P1454,0.14199999999999996,0.06690372181352253,0.9956238037595442,True
shared_foreground_different_z,P1432,P1522,0.10411999999999999,0.06706874139050178,0.995478305108782,True
shared_foreground_different_z,P1388,P1416,0.030459999999999987,0.06755216768490128,0.9976107336649374,True
shared_foreground_different_z,P1587,P1613,0.06301999999999996,0.06862341708069497,0.9977003643913783,True
shared_foreground_different_z,P1261,P1458,0.12956,0.07116257047655682,0.995271867612293,True
shared_foreground_different_z,P0736,P1197,0.20548000000000002,0.07134958554779508,0.9914622058273049,True
shared_foreground_different_z,P0861,P1403,0.23765999999999998,0.07219145354015363,0.9951493595979499,True
shared_foreground_different_z,P1548,P1669,0.23180999999999996,0.0722902091756226,0.9952040629846001,True
shared_foreground_different_z,P1412,P1501,0.08888999999999997,0.07271164616393698,0.9975186413622412,True
shared_foreground_different_z,P1324,P1650,0.39658,0.0727408443600212,0.9987554756579027,True
shared_foreground_different_z,P1075,P1655,0.51416,0.07297014237924972,0.9976333497853009,True
shared_foreground_different_z,P1134,P1391,0.13066,0.07339368461085297,0.9946233482065086,True
shared_foreground_different_z,P1563,P1621,0.11487999999999998,0.07441048381356405,0.9875896897074392,True
shared_foreground_different_z,P1628,P1654,0.057070000000000065,0.07501055646307427,0.994812311621613,True
shared_foreground_different_z,P1437,P1564,0.14888,0.07699603507209665,0.9975430275763973,True
shared_foreground_different_z,P1567,P1595,0.05194999999999994,0.07874330073897291,0.9782865548045996,True
shared_foreground_different_z,P1626,P1657,0.06095000000000006,0.0791582804084924,0.9904333051978254,True
shared_foreground_different_z,P1531,P1639,0.18179999999999996,0.0799146824018419,0.9974683872973683,True
shared_foreground_different_z,P1421,P1661,0.34462000000000004,0.08097547877324515,0.9925403843404859,True
shared_foreground_different_z,P1459,P1560,0.12904000000000004,0.08149096183777188,0.9952398770570375,True
shared_foreground_different_z,P1449,P1649,0.3031,0.08162942502331624,0.9902200488997555,True
shared_foreground_different_z,P1490,P1619,0.19579000000000002,0.08573598865169625,0.994818652849741,True
shared_foreground_different_z,P1337,P1635,0.36232000000000003,0.08664203526720254,0.9880637253269287,True
shared_foreground_different_z,P1072,P1361,0.12440000000000001,0.08675085314761026,0.995983935742972,True
shared_foreground_different_z,P1159,P1267,0.044999999999999984,0.08841065403002245,0.9953305297966245,True
shared_foreground_different_z,P1022,P1339,0.13091000000000003,0.0903902816762917,0.9932459502852125,True
shared_foreground_different_z,P0821,P0918,0.04126000000000002,0.09067295259783097,0.99549802040034,True
shared_foreground_different_z,P1243,P1594,0.32103000000000004,0.09255133619002215,0.9950980096954045,True
shared_foreground_different_z,P1013,P1517,0.30488000000000004,0.09400761686815388,0.9977753031397176,True
shared_foreground_different_z,P1397,P1610,0.26609,0.0940135346661662,0.9881204455709898,True
shared_foreground_different_z,P1057,P1330,0.10977000000000003,0.09946005650461365,0.9957459459824056,True
shared_foreground_different_z,P1571,P1592,0.040039999999999965,0.10046155064801617,0.9930080251990964,True
shared_foreground_different_z,P1145,P1444,0.16794000000000003,0.10280927103248572,0.9976218753494591,True
shared_foreground_different_z,P1473,P1525,0.06492000000000003,0.10362248351840081,0.9901748152557177,True
shared_foreground_different_z,P0738,P1417,0.32831,0.10433804404302285,0.9977300408126766,True
shared_foreground_different_z,P1087,P1318,0.09697999999999996,0.1045050540136072,0.9882352941176469,True
shared_foreground_different_z,P1362,P1660,0.39611999999999997,0.10555917304489874,0.9882325021423121,True
shared_foreground_different_z,P1266,P1342,0.03469,0.10590725950164082,0.9953379953379952,True
shared_foreground_different_z,P1179,P1515,0.23715000000000003,0.10672513362447741,0.9951836120919052,True
shared_foreground_different_z,P1175,P1605,0.36008,0.10722348656450591,0.9906540005658934,True
shared_foreground_different_z,P1076,P1578,0.36167,0.1073479736994907,0.9903641665923106,True
shared_foreground_different_z,P1534,P1651,0.19878000000000007,0.10863257341807925,0.9872481103242025,True
shared_foreground_different_z,P1611,P1633,0.04196,0.1100273499588578,0.9928431469864726,True
shared_foreground_different_z,P1442,P1575,0.16736,0.11042103379542693,0.9882738023677861,True
shared_foreground_different_z,P1359,P1457,0.0811,0.11091876407634883,0.9952634849365631,True
shared_foreground_different_z,P1334,P1491,0.14547999999999994,0.11160784756636728,0.9759643582590842,True
shared_foreground_different_z,P1009,P1549,0.34729,0.1123419093792894,0.994514495099393,True
shared_foreground_different_z,P1461,P1554,0.12409000000000003,0.11249314715807679,0.99550580370441,True
shared_foreground_different_z,P0855,P1045,0.07032999999999998,0.11254458234014995,0.9935017783527416,True
shared_foreground_different_z,P0807,P0890,0.03955,0.11391687541830915,0.9875771574795098,True
shared_foreground_different_z,P0909,P1558,0.39385000000000003,0.11510662289600426,0.9955381944042831,True
shared_foreground_different_z,P1148,P1349,0.09166999999999997,0.11600852199570791,0.9956617721259805,True
shared_foreground_different_z,P0879,P1158,0.10203999999999996,0.11653291237320991,0.9943691736351926,True
shared_foreground_different_z,P1038,P1451,0.21000000000000002,0.11656267321690791,0.9930598724243107,True
shared_foreground_different_z,P1303,P1646,0.39913000000000004,0.11729199584093725,0.9796103171096558,True
shared_foreground_different_z,P1368,P1399,0.031970000000000054,0.1176470871245165,0.9922713368615975,True
shared_foreground_different_z,P1483,P1643,0.25429999999999997,0.1187324753266995,0.9977401101057178,True
shared_foreground_different_z,P1512,P1580,0.09102999999999994,0.1197737912509296,0.9849201840977272,True
shared_foreground_different_z,P1182,P1440,0.14765,0.11984831845194159,0.9953730623758138,True
shared_foreground_different_z,P1234,P1547,0.25385,0.12086825546569825,0.9950980096954045,True
shared_foreground_different_z,P1082,P1156,0.03039,0.12100235639331887,0.9855339231337641,True
shared_foreground_different_z,P1096,P1280,0.07621999999999995,0.12294119833700053,0.9904370769802008,True
shared_foreground_different_z,P1602,P1631,0.07503000000000004,0.1253282476853496,0.9931168763510733,True
shared_foreground_different_z,P1302,P1429,0.08949000000000001,0.1264872941553949,0.9950804038812756,True
shared_foreground_different_z,P1524,P1581,0.07691999999999999,0.12767201306485215,0.982353626457546,True
shared_foreground_different_z,P0970,P1157,0.07119999999999999,0.1287421082151426,0.9880411049498599,True
shared_foreground_different_z,P1476,P1514,0.051960000000000006,0.137160433081042,0.9796405162716005,True
shared_foreground_different_z,P1139,P1609,0.39609999999999995,0.13889307647937424,0.971216974392189,True
shared_foreground_different_z,P1117,P1260,0.05956,0.1395545857573894,0.9907621247113163,True
shared_foreground_different_z,P1236,P1430,0.11615000000000003,0.14009830201971815,0.983380872010499,True
shared_foreground_different_z,P1386,P1445,0.05232000000000003,0.14304784919354033,0.9902676399026763,True
shared_foreground_different_z,P1262,P1510,0.19662000000000002,0.14553611880946793,0.990171751667109,True
shared_foreground_different_z,P0849,P1250,0.15356999999999998,0.14569916346673334,0.989159571394798,True
shared_foreground_different_z,P1659,P1670,0.03196999999999994,0.1457060681856029,0.9951257201981792,True
shared_foreground_different_z,P1372,P1475,0.09310999999999997,0.15089594533322445,0.9952857869992964,True
shared_foreground_different_z,P1485,P1541,0.06994,0.1524117399247809,0.9904874205559594,True
shared_foreground_different_z,P0921,P1058,0.05199000000000001,0.15258185036451472,0.9931698831300526,True
shared_foreground_different_z,P1604,P1637,0.08004,0.1529646415638156,0.9930077015898785,True
shared_foreground_different_z,P1053,P1222,0.06597999999999998,0.15377300404402922,0.996104908817391,True
shared_foreground_different_z,P1099,P1382,0.12785999999999997,0.15470116312064092,0.9631336405529952,True
shared_foreground_different_z,P1496,P1539,0.05465999999999993,0.15568771177339968,0.988135471232095,True
shared_foreground_different_z,P0899,P1402,0.22689,0.1566589221753891,0.990743395127964,True
shared_foreground_different_z,P1034,P1538,0.32179,0.1611738715707833,0.9887240432775006,True
shared_foreground_different_z,P0884,P1663,0.5898,0.1628305787295316,0.9912241734381092,True
shared_foreground_different_z,P1181,P1511,0.22992,0.1643515200417268,0.9936124459969109,True
shared_foreground_different_z,P1287,P1419,0.09003999999999995,0.16462598322266442,0.9857142857142859,True
shared_foreground_different_z,P0905,P1036,0.049089999999999995,0.16583071295631857,0.979864352278853,True
shared_foreground_different_z,P1244,P1598,0.32570000000000005,0.1669641978597772,0.9808408777839619,True
shared_foreground_different_z,P1508,P1542,0.04454999999999998,0.16701191493756423,0.9887536488879347,True
shared_foreground_different_z,P0843,P1486,0.33240000000000003,0.1687963804106433,0.9790866631168534,True
shared_foreground_different_z,P1312,P1487,0.15053,0.1695285483394725,0.9896856126772273,True
shared_foreground_different_z,P1030,P1383,0.15508000000000002,0.16958197515060808,0.9919655342989496,True
shared_foreground_different_z,P1019,P1398,0.17905000000000001,0.16980315005003246,0.9916174775845912,True
shared_foreground_different_z,P0954,P1165,0.08166999999999999,0.17151468056884514,0.9904985968940959,True
shared_foreground_different_z,P1080,P1407,0.16277999999999998,0.17203844899084972,0.9921190045135074,True
shared_foreground_different_z,P0863,P0995,0.04611000000000001,0.17219208583896708,0.9857610996711603,True
shared_foreground_different_z,P1161,P1543,0.28062000000000004,0.17506041072216322,0.9900165866844065,True
shared_foreground_different_z,P1012,P1286,0.10704000000000002,0.17539846426048664,0.9956550974506021,True
shared_foreground_different_z,P1465,P1550,0.11657000000000006,0.17553122638171026,0.9851881883544885,True
shared_foreground_different_z,P0831,P0924,0.03706000000000001,0.17608256774460979,0.9861854732324725,True
shared_foreground_different_z,P0703,P0891,0.10992,0.17906005880130632,0.9792322574437056,True
shared_foreground_different_z,P1504,P1579,0.09811999999999999,0.1796004423237048,0.9865268176422122,True
shared_foreground_different_z,P1238,P1447,0.12969999999999998,0.18016421993056764,0.9865495650194175,True
shared_foreground_different_z,P1576,P1622,0.09091000000000005,0.18055207643397697,0.9822619768801318,True
shared_foreground_different_z,P1015,P1573,0.37662000000000007,0.18090479460279224,0.9835169724337235,True
shared_foreground_different_z,P1325,P1612,0.3324099999999999,0.1809172663997933,0.995488503440725,True
shared_foreground_different_z,P1471,P1656,0.29268,0.18158005175442762,0.9917137939685692,True
shared_foreground_different_z,P1572,P1630,0.11503999999999992,0.1822612126101063,0.9828850855745721,True
shared_foreground_different_z,P1040,P1313,0.10976,0.18228909744470564,0.9946529752942661,True
shared_foreground_different_z,P0896,P1113,0.07806999999999997,0.18255199745178108,1.0000000000000002,True
shared_foreground_different_z,P0902,P1354,0.18464,0.18256152193696507,0.9930312739844154,True
shared_foreground_different_z,P1209,P1344,0.06002000000000002,0.18454779102280006,0.9889867841409692,True
shared_foreground_different_z,P1477,P1645,0.26030999999999993,0.18610950762885306,0.971351681096182,True
shared_foreground_different_z,P1221,P1494,0.19747000000000003,0.1866947561450464,0.9861865713384929,True
shared_foreground_different_z,P1498,P1607,0.14347,0.18884638783574162,0.993325843114267,True
shared_foreground_different_z,P1599,P1624,0.05998000000000003,0.19035738179765938,0.9914620449500668,True
shared_foreground_different_z,P1084,P1251,0.06651000000000001,0.19334799047471465,0.9960864010921058,True
shared_foreground_different_z,P1043,P1409,0.17746000000000003,0.19385108509692234,0.9784222367869128,True
shared_foreground_different_z,P0956,P1044,0.03226999999999999,0.19433971076665163,0.9927079632410873,True
shared_foreground_different_z,P1288,P1569,0.25776000000000004,0.19452524002194987,0.9776795335917778,True
shared_foreground_different_z,P1387,P1436,0.04125000000000001,0.19534140285905044,0.9904532420579417,True
shared_foreground_different_z,P0938,P1535,0.35263999999999995,0.19728291443107066,0.9925622022735965,True
shared_foreground_different_z,P0766,P1492,0.38012,0.19877722635506517,0.9977116947228685,True
shared_foreground_different_z,P1462,P1527,0.08596000000000004,0.2008665386424679,0.9775503043875922,True
shared_foreground_different_z,P0771,P1074,0.12299,0.2023593978249134,0.9880550786523856,True
shared_foreground_different_z,P0816,P1479,0.33289,0.20380579974003496,0.9923086388198153,True
shared_foreground_different_z,P1331,P1600,0.29036,0.2045778927996408,0.9756091935473893,True
shared_foreground_different_z,P0972,P1170,0.07717000000000002,0.20644684150141404,0.9954339848000645,True
shared_foreground_different_z,P1263,P1488,0.17342999999999997,0.20650307963715417,0.9755501222493888,True
shared_foreground_different_z,P0988,P1147,0.057729999999999976,0.20706503448378366,0.9853745407510288,True
shared_foreground_different_z,P0794,P0917,0.05249999999999999,0.20797240961349528,0.9876417344813655,True
shared_foreground_different_z,P1153,P1310,0.06443000000000004,0.20843475953299587,0.9773900197960984,True
shared_foreground_different_z,P1370,P1585,0.24265000000000003,0.2097475301692915,0.9845035466807737,True
shared_foreground_different_z,P1410,P1526,0.11914999999999998,0.21221901077527325,0.987476290153038,True
shared_foreground_different_z,P1365,P1463,0.0832,0.2122496287515378,0.9862068965517241,True
shared_foreground_different_z,P0826,P1395,0.25243000000000004,0.21356094014899035,0.9900866342718765,True
shared_foreground_different_z,P1006,P1097,0.03275000000000003,0.2142110824718739,0.9919013636173138,True
shared_foreground_different_z,P1241,P1425,0.11131999999999997,0.21491782404088977,0.9806775258376597,True
shared_foreground_different_z,P0836,P1264,0.1674,0.2151396257421451,0.9852867640107917,True
shared_foreground_different_z,P1363,P1452,0.07701999999999998,0.21605192116657534,0.9695599109400821,True
shared_foreground_different_z,P0840,P1443,0.27970000000000006,0.21630083081136134,0.9855339231337641,True
shared_foreground_different_z,P1041,P1351,0.13232000000000002,0.2186962150013129,0.9733267746049634,True
shared_foreground_different_z,P1211,P1317,0.04543999999999998,0.22010353850259365,0.993247286249377,True
shared_foreground_different_z,P0854,P1220,0.13922999999999996,0.2203735519609618,0.9918980310116412,True
shared_foreground_different_z,P1195,P1584,0.32371,0.2266669633552823,0.9840285235259157,True
shared_foreground_different_z,P1155,P1414,0.14177999999999996,0.2268795152680396,0.9853163955906895,True
shared_foreground_different_z,P0745,P0991,0.11331000000000001,0.22738028170492483,0.9793427639254269,True
shared_foreground_different_z,P0723,P1143,0.19161999999999996,0.22808173825208453,0.9886208659502351,True
shared_foreground_different_z,P1431,P1518,0.10305999999999998,0.23098102197973405,1.0000000000000002,True
shared_foreground_different_z,P1219,P1314,0.04000999999999999,0.2325365941114431,0.9759165873311645,True
shared_foreground_different_z,P0875,P1054,0.06314999999999998,0.23379156728009973,0.9791238294461818,True
shared_foreground_different_z,P1071,P1323,0.10353999999999997,0.23583377870679878,0.9910345138539138,True
shared_foreground_different_z,P1283,P1389,0.062080000000000024,0.23776939466139077,0.9822233530405954,True
shared_foreground_different_z,P1422,P1493,0.08033000000000007,0.24244810095593852,0.9873920459431499,True
shared_foreground_different_z,P0388,P1193,0.26781,0.2425687545150927,0.6146605787320016,True
shared_foreground_different_z,P0690,P1208,0.23376000000000002,0.2432775256551176,0.9816897058422048,True
shared_foreground_different_z,P1210,P1484,0.18022,0.24364369219895712,0.9737396611290196,True
shared_foreground_different_z,P1021,P1240,0.08536000000000002,0.24430621140494174,0.9908363121238543,True
shared_foreground_different_z,P0740,P0860,0.07174,0.24475393052286087,0.9897695519176715,True
shared_foreground_different_z,P1570,P1664,0.18280000000000007,0.24851927695260914,0.9784781322922792,True
shared_foreground_different_z,P1098,P1242,0.05862999999999996,0.24886145185461467,0.9799771226576145,True
shared_foreground_different_z,P1320,P1424,0.07449999999999996,0.25007197143207405,0.9871183494973299,True
shared_foreground_different_z,P1427,P1638,0.30297999999999997,0.25056916806556234,0.9674714135316537,True
shared_foreground_different_z,P1056,P1528,0.30011999999999994,0.25133618565685484,0.9729573903118175,True
shared_foreground_different_z,P0744,P1130,0.16166,0.25195756895119903,0.9915810418530449,True
shared_foreground_different_z,P1322,P1533,0.20088999999999996,0.253123541937742,0.9458272269330841,True
shared_foreground_different_z,P0773,P1079,0.12478,0.2544331046856022,0.9964587818518648,True
shared_foreground_different_z,P0825,P1248,0.16579999999999998,0.2545176801922656,0.9794761203759313,True
shared_foreground_different_z,P1589,P1666,0.16282000000000008,0.2559178426904418,0.9772727272727273,True
shared_foreground_different_z,P1003,P1112,0.039579999999999976,0.25689247219762246,0.9802730975086541,True
shared_foreground_different_z,P1396,P1472,0.06519000000000003,0.2574141454207913,0.9693801448945495,True
shared_foreground_different_z,P0940,P1336,0.15971999999999997,0.25748575318121825,0.9712413150073015,True
shared_foreground_different_z,P0817,P1448,0.29508,0.26378865394520434,0.9878507314679085,True
shared_foreground_different_z,P1352,P1556,0.21040999999999999,0.26554546838673015,0.9946689386447685,True
shared_foreground_different_z,P0726,P0932,0.11625,0.2665624940403245,0.9978014010593258,True
shared_foreground_different_z,P0627,P1586,0.57327,0.26788147464726847,0.8202801953364401,True
shared_foreground_different_z,P1411,P1647,0.32338999999999996,0.26921951744837214,0.9867317191000524,True
shared_foreground_different_z,P0885,P1047,0.05690999999999999,0.2692916171609854,0.9712286248935351,True
shared_foreground_different_z,P0946,P1405,0.21043,0.2696132084832689,0.9762031204798698,True
shared_foreground_different_z,P0757,P0920,0.07560000000000001,0.27097345547492097,0.9770356276802358,True
shared_foreground_different_z,P0986,P1299,0.12003,0.2725908252819803,0.9949951483643235,True
shared_foreground_different_z,P1338,P1551,0.21727000000000002,0.27389186880030303,0.9870594334908296,True
shared_foreground_different_z,P1016,P1305,0.11275999999999997,0.2765853414062498,0.9756156783416058,True
shared_foreground_different_z,P0865,P1369,0.20105000000000003,0.2775792360188084,0.9894579875495463,True
shared_foreground_different_z,P0937,P1064,0.046130000000000004,0.28028841685569195,0.9903145417322039,True
shared_foreground_different_z,P0912,P1366,0.18626000000000004,0.2841030492125016,0.9835890524283866,True
shared_foreground_different_z,P1274,P1345,0.03295999999999999,0.2854859869308223,0.9860115997545501,True
shared_foreground_different_z,P1028,P1340,0.12827000000000002,0.28764918955766483,0.9743696160034601,True
shared_foreground_different_z,P1258,P1467,0.14007999999999998,0.28841665777197967,0.9736053382833559,True
shared_foreground_different_z,P1460,P1532,0.09663,0.288615215428902,0.9776005914678733,True
shared_foreground_different_z,P0934,P1213,0.10676999999999998,0.2895374203260088,0.9555586687785904,True
shared_foreground_different_z,P0776,P1167,0.16005999999999998,0.28971318428362924,0.9808107289715411,True
shared_foreground_different_z,P1400,P1617,0.2829,0.29069895617880637,0.9790974736298955,True
shared_foreground_different_z,P0804,P0945,0.059980000000000006,0.2914169497062611,0.9816498172140428,True
shared_foreground_different_z,P1468,P1653,0.28909999999999997,0.29492817677069644,0.9882238539732269,True
shared_foreground_different_z,P0929,P1418,0.22534999999999997,0.2952953271233156,0.9758146000030804,True
shared_foreground_different_z,P1062,P1503,0.26811,0.2978513442368452,0.9549408645339356,True
shared_foreground_different_z,P1068,P1379,0.13674000000000003,0.30036028066404524,0.9928172026250452,True
shared_foreground_different_z,P1561,P1641,0.15288000000000002,0.30236110856903503,0.9830212912041953,True
shared_foreground_different_z,P1328,P1377,0.03114,0.30269209548364423,0.9678141366014791,True
shared_foreground_different_z,P0760,P0914,0.06968,0.3045092180100989,0.9934354485776806,True
shared_foreground_different_z,P1115,P1519,0.27016999999999997,0.3049447893022024,0.986270022883295,True
shared_foreground_different_z,P0998,P1566,0.36490999999999996,0.309224235371587,0.9733876867011645,True
shared_foreground_different_z,P1293,P1390,0.06273000000000001,0.31008607012573597,0.9844180100922434,True
shared_foreground_different_z,P1355,P1401,0.04037999999999997,0.31153625872852503,0.9746374308135489,True
shared_foreground_different_z,P1146,P1520,0.25848000000000004,0.31655653809681344,0.9458974673894213,True
shared_foreground_different_z,P0889,P1246,0.13379999999999997,0.3187489501839172,0.9746282493532643,True
shared_foreground_different_z,P1033,P1497,0.27429,0.3215121583688745,0.9827683563885367,True
shared_foreground_different_z,P0910,P1035,0.04766999999999999,0.3220956716578695,0.9643882538230614,True
shared_foreground_different_z,P1119,P1190,0.030779999999999974,0.324253622269508,0.9953703455052879,True
shared_foreground_different_z,P0997,P1118,0.04274,0.3270461656393964,0.9747041817148867,True
shared_foreground_different_z,P1037,P1225,0.07303000000000004,0.32990042627684657,0.9832441001477152,True
shared_foreground_different_z,P1032,P1255,0.08688000000000001,0.3303836042333298,0.985851191417609,True
shared_foreground_different_z,P0751,P1470,0.35941,0.3307964276140493,0.9778960845343762,True
shared_foreground_different_z,P0798,P0962,0.06700999999999999,0.3329007615383844,0.981067444909606,True
shared_foreground_different_z,P0815,P1200,0.15056999999999998,0.33334879486420965,0.9854721549636803,True
shared_foreground_different_z,P0788,P1456,0.31825000000000003,0.33430674477203015,0.9864788427593179,True
shared_foreground_different_z,P0947,P1168,0.08587,0.3353362464030952,0.9703028940457658,True
shared_foreground_different_z,P1582,P1632,0.10790999999999995,0.3417186854415832,0.971233034615846,True
shared_foreground_different_z,P0853,P1059,0.07668999999999998,0.34639387060106736,0.987784105608912,True
shared_foreground_different_z,P0796,P0904,0.04688999999999999,0.34805362023722897,0.9674289684743348,True
shared_foreground_different_z,P1392,P1652,0.34985999999999995,0.3514589366245067,0.9839827366550571,True
shared_foreground_different_z,P0858,P1049,0.06722,0.35188885978116125,0.9739358874133294,True
shared_foreground_different_z,P1644,P1662,0.032970000000000055,0.353534621651469,0.9812887878568576,True
shared_foreground_different_z,P0735,P1095,0.1639,0.35419250918355594,0.9759610421501067,True
shared_foreground_different_z,P0764,P0834,0.03497,0.35800798183772503,0.9461462098887085,True
shared_foreground_different_z,P0741,P1375,0.27896,0.3599289747901077,0.9720046468614334,True
shared_foreground_different_z,P0793,P1319,0.21267,0.36247742185388543,0.9551888307610386,True
shared_foreground_different_z,P0844,P0941,0.03853000000000001,0.36506757064266354,0.9818007959730282,True
shared_foreground_different_z,P1010,P1171,0.06434999999999999,0.3676833984221842,0.967876532672468,True
shared_foreground_different_z,P0785,P0984,0.08448,0.36897511813941236,0.9810902120158911,True
shared_foreground_different_z,P0811,P1138,0.125,0.3718971050269476,0.9804927056750984,True
shared_foreground_different_z,P1183,P1259,0.030959999999999988,0.3743703166969189,0.9702136640918896,True
shared_foreground_different_z,P0805,P1066,0.10361999999999999,0.37498187369693337,0.9733124389453885,True
shared_foreground_different_z,P1162,P1603,0.36105,0.37584825224753826,0.9887163642229614,True
shared_foreground_different_z,P1055,P1502,0.26996,0.3766348716525498,0.9260969976905311,True
shared_foreground_different_z,P0827,P1249,0.16504,0.3771583864309835,0.9977090462459977,True
shared_foreground_different_z,P0999,P1668,0.56987,0.3778951248211813,0.9649019413915498,True
shared_foreground_different_z,P1008,P1332,0.13017000000000004,0.38969266783529094,0.9746062394213814,True
shared_foreground_different_z,P1091,P1455,0.20005,0.3983901893024018,0.9144719116119207,True
shared_foreground_different_z,P0769,P1184,0.16766999999999999,0.40088843815232533,0.9437724810406657,True
shared_foreground_different_z,P1559,P1606,0.06903000000000004,0.40129181079218895,0.9683646936868238,True
shared_foreground_different_z,P1253,P1509,0.20079000000000002,0.40254025800482335,0.9626243115082455,True
shared_foreground_different_z,P0772,P1106,0.13436000000000003,0.40286162547183896,0.9619583548684549,True
shared_foreground_different_z,P0892,P1169,0.10502000000000003,0.4032338890120012,0.997834699830138,True
shared_foreground_different_z,P1186,P1545,0.27244,0.40705707678006187,0.9529009313371782,True
shared_foreground_different_z,P1061,P1154,0.03496000000000002,0.40749393204319123,0.9723528115751612,True
shared_foreground_different_z,P0926,P1123,0.06889999999999999,0.4115885955400478,0.9661130231013517,True
shared_foreground_different_z,P0750,P1185,0.18412,0.41170885986614864,0.9813486758626431,True
shared_foreground_different_z,P0747,P1232,0.20442,0.4123893540111095,0.9721790625139205,True
shared_foreground_different_z,P1140,P1233,0.04075000000000001,0.41262943565125737,0.965763738321764,True
shared_foreground_different_z,P1078,P1499,0.25865,0.41636482135173314,0.9475322082595078,True
shared_foreground_different_z,P0951,P1423,0.22220000000000004,0.41654980693451005,0.9731373326171516,True
shared_foreground_different_z,P1295,P1616,0.35585,0.4222247882096359,0.9681048280493454,True
shared_foreground_different_z,P1001,P1329,0.13087000000000001,0.4222465381751051,0.9677419354838709,True
shared_foreground_different_z,P0666,P0743,0.047049999999999995,0.42337698927738304,0.8774880484071798,True
shared_foreground_different_z,P1083,P1374,0.13087999999999997,0.42369322923100416,0.9547768830913044,True
shared_foreground_different_z,P0971,P1223,0.09702000000000002,0.43251794481044625,0.959525591367921,True
shared_foreground_different_z,P0787,P0976,0.07926,0.4379593821875129,0.9492801652200473,True
shared_foreground_different_z,P0749,P0839,0.05149000000000001,0.43811860527548685,0.9574819884145516,True
shared_foreground_different_z,P1278,P1341,0.030390000000000028,0.43899589704739383,0.9531759751869954,True
shared_foreground_different_z,P0841,P0930,0.03625999999999999,0.44121266394498937,0.9652441863143983,True
shared_foreground_different_z,P0886,P1229,0.12903,0.4431299202745183,0.9633813228139129,True
shared_foreground_different_z,P0873,P0974,0.03592999999999999,0.45056188328308205,0.9575312806222098,True
shared_foreground_different_z,P1296,P1529,0.20801999999999998,0.4505872124524249,0.974977327491494,True
shared_foreground_different_z,P0792,P0944,0.06373000000000001,0.4510294297842285,0.951327607716946,True
shared_foreground_different_z,P0789,P1406,0.27757,0.4551253106284755,0.9497286407998294,True
shared_foreground_different_z,P1128,P1228,0.04426000000000002,0.4563668924865509,0.9745134780773812,True
shared_foreground_different_z,P1027,P1306,0.10807,0.45691335066109223,0.9828693790149893,True
shared_foreground_different_z,P0748,P0866,0.06713000000000001,0.4588269873082982,0.9683387679624523,True
shared_foreground_different_z,P0768,P1333,0.23140999999999998,0.4593396807541597,0.9718232837353611,True
shared_foreground_different_z,P1094,P1481,0.22727999999999998,0.4624580734809773,0.887453496917037,True
shared_foreground_different_z,P1202,P1413,0.12084,0.46332379536766344,0.9760673215653,True
shared_foreground_different_z,P0800,P1191,0.15416,0.46672547803670467,0.9725769895443709,True
shared_foreground_different_z,P1597,P1634,0.08190999999999993,0.4693860896442918,0.9475266495617836,True
shared_foreground_different_z,P0728,P1282,0.24828,0.4698805021836584,0.981547227319459,True
shared_foreground_different_z,P0878,P1048,0.058990000000000015,0.4727440179163976,0.9651397684251466,True
shared_foreground_different_z,P1376,P1435,0.048839999999999995,0.47321923309300623,0.9954956824897285,True
shared_foreground_different_z,P1050,P1216,0.06682999999999997,0.48054925772072193,0.9311728956758738,True
shared_foreground_different_z,P1126,P1294,0.06905,0.48502250111372963,0.9669336407474488,True
shared_foreground_different_z,P0846,P1516,0.36798,0.4894605371118273,0.9460954907964487,True
shared_foreground_different_z,P1136,P1307,0.07106000000000001,0.4902689290424975,0.9515025711248198,True
shared_foreground_different_z,P0907,P1020,0.04161000000000001,0.4932696057250544,1.0000000000000002,True
shared_foreground_different_z,P0943,P1092,0.05212,0.4957717131315086,0.965282662122788,True
shared_foreground_different_z,P0759,P0895,0.06483,0.4960317916015863,0.9945024702639602,True
shared_foreground_different_z,P1093,P1230,0.05723,0.496841574323633,0.9607105308181706,True
shared_foreground_different_z,P0797,P0880,0.04107000000000002,0.49792924262758836,0.9612139830092684,True
shared_foreground_different_z,P1042,P1187,0.05701999999999999,0.5049231886082892,0.8612443149346732,True
shared_foreground_different_z,P0758,P0833,0.037070000000000006,0.511420170518467,0.955606274416079,True
shared_foreground_different_z,P0721,P0959,0.12507000000000001,0.5144705028132457,0.95278446620394,True
shared_foreground_different_z,P1245,P1356,0.05575000000000002,0.5199544971690231,0.9445997161825997,True
shared_foreground_different_z,P0978,P1464,0.24343,0.5217729478422586,0.9574634633162038,True
shared_foreground_different_z,P1088,P1189,0.04199000000000003,0.5263047486021918,0.9512669648980863,True
shared_foreground_different_z,P1144,P1298,0.06403999999999999,0.5272984653390407,0.9572446555819476,True
shared_foreground_different_z,P0939,P1060,0.044029999999999986,0.5299819120899698,0.9355016886237311,True
shared_foreground_different_z,P1110,P1546,0.30518000000000006,0.5322559670211383,0.9192573024930342,True
shared_foreground_different_z,P0960,P1063,0.038599999999999995,0.5326731403541107,0.9637219876056401,True
shared_foreground_different_z,P0989,P1315,0.12894999999999998,0.5378672355766407,0.9684037555582594,True
shared_foreground_different_z,P1174,P1381,0.09476999999999997,0.5452738773469383,0.9059728345425518,True
shared_foreground_different_z,P0752,P1052,0.13015,0.5462454829492779,0.9414688716912717,True
shared_foreground_different_z,P1023,P1254,0.08957000000000001,0.5506469911274139,0.9517325405224715,True
shared_foreground_different_z,P0801,P0901,0.04509000000000002,0.5511064107160022,0.9573903992449344,True
shared_foreground_different_z,P0508,P0707,0.03931,0.5591027715074484,0.7003624471864925,True
shared_foreground_different_z,P1073,P1206,0.05297000000000002,0.5602703401380447,0.9523815947355572,True
shared_foreground_different_z,P0730,P0790,0.0509,0.5708333152177785,0.946010678664216,True
shared_foreground_different_z,P0952,P1039,0.03164,0.5825597134987944,0.9296559433445606,True
shared_foreground_different_z,P1275,P1480,0.15077999999999997,0.5836251873586155,0.9527932507984265,True
shared_foreground_different_z,P0842,P0928,0.035979999999999984,0.5849130404795718,0.9410294354946784,True
shared_foreground_different_z,P0762,P1151,0.15766999999999998,0.5858271209384145,0.8907000830213285,True
shared_foreground_different_z,P0756,P0958,0.09075,0.5865893595104618,0.9304259474589157,True
shared_foreground_different_z,P1453,P1577,0.1599,0.5881868526466447,0.9482379190013326,True
shared_foreground_different_z,P0887,P1142,0.09017,0.5929529167159937,0.9001264064370634,True
shared_foreground_different_z,P0894,P1291,0.15020999999999998,0.6011970752044993,0.9556381287742145,True
shared_foreground_different_z,P0718,P1343,0.28446,0.6012286838952156,0.9390893191361266,True
shared_foreground_different_z,P0763,P1214,0.18451,0.6022806292075741,0.9522318520309706,True
shared_foreground_different_z,P0829,P1089,0.09752,0.6076587749728912,0.932011128297295,True
shared_foreground_different_z,P0819,P1017,0.07771999999999998,0.6111378804531113,0.9497602220916852,True
shared_foreground_different_z,P1292,P1394,0.07032,0.6190646234044818,0.8578004213701221,True
shared_foreground_different_z,P1408,P1466,0.04903000000000002,0.6315054253070169,0.8800995598801922,True
shared_foreground_different_z,P0746,P0862,0.06881999999999999,0.6369108464753747,0.9888992743362796,True
shared_foreground_different_z,P0852,P0963,0.04091,0.6371758240576211,0.9215713955353095,True
shared_foreground_different_z,P0980,P1285,0.11862999999999999,0.6422713052760798,0.9104537784139144,True
shared_foreground_different_z,P0953,P1103,0.05481999999999998,0.6516367110100119,0.9520772172135444,True
shared_foreground_different_z,P1124,P1358,0.10699999999999998,0.6578962988800666,0.9385021236101082,True
shared_foreground_different_z,P1081,P1217,0.05540999999999999,0.6603276280373238,0.955039368403008,True
shared_foreground_different_z,P0969,P1069,0.03655,0.6651816889078982,0.926372344723496,True
shared_foreground_different_z,P0774,P0981,0.08832,0.6694092023325963,0.9082055440236135,True
shared_foreground_different_z,P0882,P1273,0.14937,0.6695675675852122,0.9382544087914629,True
shared_foreground_different_z,P0810,P0915,0.04464000000000001,0.6697446307106387,0.9539037515125719,True
shared_foreground_different_z,P0818,P1297,0.18703000000000003,0.6843947439779784,0.930820436293788,True
shared_foreground_different_z,P0806,P1132,0.12478,0.6848216095659352,0.9261589357555258,True
shared_foreground_different_z,P0961,P1164,0.07922000000000001,0.6893507329131296,0.9172068602373088,True
shared_foreground_different_z,P1137,P1227,0.040000000000000036,0.6908033702248415,0.9048493802825599,True
shared_foreground_different_z,P1107,P1224,0.04793000000000003,0.7028767120499546,0.9224141908782565,True
shared_foreground_different_z,P0916,P1101,0.06730999999999998,0.7055409838864642,0.9173711903383823,True
shared_foreground_different_z,P1196,P1277,0.032909999999999995,0.7185879897213413,0.9131480558016314,True
shared_foreground_different_z,P0877,P1203,0.12155999999999997,0.7297989322862184,0.9283257869288332,True
shared_foreground_different_z,P1257,P1364,0.051939999999999986,0.7324844384950667,0.9253196395313688,True
shared_foreground_different_z,P0867,P1439,0.26305,0.7339361977868244,0.912897527591074,True
shared_foreground_different_z,P0832,P0925,0.03703000000000001,0.7349740944805292,0.8818854111738683,True
shared_foreground_different_z,P1348,P1433,0.06396000000000002,0.7614046981816052,0.8816424058215514,True
shared_foreground_different_z,P0848,P1237,0.15022,0.7654282903262689,0.9342133360934901,True
shared_foreground_different_z,P0893,P1067,0.06367,0.7701731293580333,0.8867214042453011,True
shared_foreground_different_z,P0977,P1070,0.034390000000000004,0.7721078822723622,0.9081635695497731,True
shared_foreground_different_z,P0993,P1215,0.08570999999999998,0.7748938398299255,0.8860976410327693,True
shared_foreground_different_z,P0737,P0950,0.10998,0.7793278712540369,0.9303584469220464,True
shared_foreground_different_z,P0761,P1152,0.15839,0.7853141780288555,0.8658544175768565,True
shared_foreground_different_z,P0871,P1065,0.06972,0.7919952800686422,0.9266715157699841,True
shared_foreground_different_z,P0985,P1149,0.060689999999999994,0.7993663985937839,0.9137679263283556,True
shared_foreground_different_z,P0883,P1268,0.14648999999999998,0.8000752151289294,0.8639957695992005,True
shared_foreground_different_z,P0775,P1327,0.22563,0.8025962954763719,0.9282956619275237,True
shared_foreground_different_z,P1428,P1596,0.21191999999999994,0.8027428412337461,0.8822713333038396,True
shared_foreground_different_z,P1090,P1177,0.038429999999999964,0.8093527862065573,0.9138299394038539,True
shared_foreground_different_z,P0617,P0715,0.030330000000000003,0.8124112669662139,0.8112991753795027,True
shared_foreground_different_z,P1568,P1667,0.20177,0.8378533411713588,0.9063733982562303,True
shared_foreground_different_z,P0823,P1601,0.49476999999999993,0.8438805633779048,0.8744472378514322,True
shared_foreground_different_z,P0770,P0856,0.04512000000000001,0.857792034529584,0.9366563872341199,True
shared_foreground_different_z,P0906,P1247,0.13047,0.8605153920724615,0.8514286087834327,True
shared_foreground_different_z,P1108,P1281,0.07102999999999998,0.8655806965291546,0.8803217413927249,True
shared_foreground_different_z,P0845,P0992,0.056889999999999996,0.8763453159073152,0.8896392395728446,True
shared_foreground_different_z,P1482,P1636,0.24610000000000004,0.8797089086324879,0.776978417266187,True
shared_foreground_different_z,P0814,P1373,0.23449000000000003,0.883334395965576,0.9389463108247367,True
shared_foreground_different_z,P0780,P0996,0.09187000000000001,0.8979333527093869,0.9020680696511116,True
shared_foreground_different_z,P1178,P1271,0.03903000000000001,0.9196241604336923,0.9013018580979806,True
shared_foreground_different_z,P1005,P1235,0.08995,0.9558935023368237,0.8342862591258982,True
shared_foreground_different_z,P1212,P1326,0.04698000000000002,0.9587146401066053,0.900276796616671,True
shared_foreground_different_z,P0948,P1104,0.056589999999999974,0.961330107574467,0.8746131090929532,True
shared_foreground_different_z,P0851,P0990,0.05241000000000001,0.9644012600156808,0.8873818472817793,True
shared_foreground_different_z,P0782,P0888,0.053180000000000005,0.9654028650054524,0.9786809037575965,True
shared_foreground_different_z,P0731,P1172,0.20449,0.972913355533785,0.8752735657406218,True
shared_foreground_different_z,P0795,P0933,0.059209999999999985,0.9741977190467099,0.9102835688855844,True
shared_foreground_different_z,P0908,P1231,0.12444999999999998,1.0004822099257045,0.90966868642721,True
shared_foreground_different_z,P1270,P1426,0.09827000000000002,1.0036661548522376,0.829584183187168,True
shared_foreground_different_z,P0777,P0903,0.05829000000000001,1.0122254021099777,0.9118971999070368,True
shared_foreground_different_z,P0812,P1086,0.10582,1.0175687564525215,0.7925407925407925,True
shared_foreground_different_z,P0765,P1120,0.14116999999999996,1.0182274046452506,0.8770891844020265,True
shared_foreground_different_z,P0724,P1133,0.18677,1.0190048826684954,0.9071715047117338,True
shared_foreground_different_z,P0729,P1114,0.17817000000000002,1.021445356644263,0.858528044816866,True
shared_foreground_different_z,P0779,P1279,0.20234999999999997,1.0365732129800165,0.8593489612666321,True
shared_foreground_different_z,P0803,P1350,0.22776,1.0522163142085617,0.8886515894223356,True
shared_foreground_different_z,P0786,P0965,0.0779,1.055796290988664,0.8367479063753488,True
shared_foreground_different_z,P1218,P1304,0.03302000000000005,1.09545752905522,0.8510666231510137,True
shared_foreground_different_z,P1198,P1335,0.06126999999999999,1.1027945451503927,0.8913149152311765,True
shared_foreground_different_z,P1141,P1272,0.058219999999999994,1.1339487382899307,0.9118031081567246,True
shared_foreground_different_z,P0983,P1102,0.043179999999999996,1.14376437572916,0.8963470929734335,True
shared_foreground_different_z,P0835,P1173,0.13249,1.1445481663897086,0.9414756947947212,True
shared_foreground_different_z,P0830,P0955,0.05001999999999998,1.1448741222089742,0.8979134168061431,True
shared_foreground_different_z,P0767,P1077,0.12639,1.1452165939437178,0.8809837706684411,True
shared_foreground_different_z,P0897,P1163,0.10127000000000003,1.1679643343434656,0.718708011839966,True
shared_foreground_different_z,P0754,P1204,0.19024999999999997,1.199575371743154,0.7929825546460554,True
shared_foreground_different_z,P0973,P1127,0.05381999999999998,1.216244899303766,0.8241185449412388,True
shared_foreground_different_z,P0813,P1199,0.15269000000000002,1.251065252030521,0.8805440580035863,True
shared_foreground_different_z,P0994,P1347,0.1448,1.276738225946088,0.8741207782646149,True
shared_foreground_different_z,P0783,P1026,0.10099999999999998,1.2843476901505257,0.8099929020009927,True
shared_foreground_different_z,P0837,P0987,0.0592,1.3053412407181333,0.8163426414574149,True
shared_foreground_different_z,P0742,P0857,0.06703,1.3090525422334887,0.830768727893713,True
shared_foreground_different_z,P1150,P1530,0.27029,1.3445018840737148,0.7948943041812165,True
shared_foreground_different_z,P0733,P1129,0.17846999999999996,1.3645373553961575,0.8898903442847825,True
shared_foreground_different_z,P0964,P1321,0.14220999999999998,1.4417895006600066,0.7576350953515925,True
shared_foreground_different_z,P0872,P1105,0.08329,1.4522636081566733,0.7565350078263937,True
shared_foreground_different_z,P0869,P0979,0.03757000000000002,1.4571111796404588,0.81929651857219,True
shared_foreground_different_z,P0968,P1188,0.08359000000000003,1.5792242422973883,0.7730036127742766,True
shared_foreground_different_z,P1384,P1420,0.035229999999999984,1.584775634541446,0.7625382828798499,True
shared_foreground_different_z,P0714,P1135,0.19180000000000003,1.648276933964436,0.8296402884432634,True
shared_foreground_different_z,P0784,P1002,0.09057000000000001,1.6948622562992846,0.9059411858578917,True
shared_foreground_different_z,P1014,P1205,0.07496,1.8206121423020045,0.6455593052240575,True
shared_foreground_different_z,P0864,P0975,0.03786999999999999,1.8870019728221328,0.7969405613241585,True
shared_foreground_different_z,P0931,P1100,0.06051999999999999,1.9201186317782508,0.7179745932672641,True
shared_foreground_different_z,P1046,P1201,0.06191000000000002,1.987156296577882,0.6159857900054578,True
shared_foreground_different_z,P0847,P1131,0.10385999999999998,1.9886624277475606,0.717542115919689,True
shared_foreground_different_z,P0755,P1495,0.39304999999999995,2.1220068408651858,0.7453883438785383,True
shared_foreground_different_z,P0824,P1024,0.08030000000000001,2.126260734610504,0.601861937086995,True
shared_foreground_different_z,P0927,P1160,0.08698,2.1398364874803018,0.7683836617029526,True
shared_foreground_different_z,P0838,P0919,0.032580000000000026,2.169206876708523,0.6095663670535398,True
shared_foreground_different_z,P0214,P0682,0.04471,2.235311772928369,0.5000592496635794,True
shared_foreground_different_z,P1018,P1194,0.06814000000000003,2.3195305363730823,0.600014948655523,True
shared_foreground_different_z,P0850,P1357,0.20611999999999997,2.3471070474994002,0.6047636189469275,True
shared_foreground_different_z,P0553,P0734,0.051280000000000006,2.4335030797905857,0.6064222003604558,True
shared_foreground_different_z,P0621,P0722,0.033,2.5084400650733643,0.5977101797527313,True
shared_foreground_different_z,P1180,P1300,0.047640000000000016,2.6057939536007395,0.5497645767316224,True
shared_foreground_different_z,P1011,P1122,0.038510000000000016,2.6875024953204885,0.5087932751059114,True
shared_foreground_different_z,P0300,P0739,0.07139999999999999,2.878372497284686,0.5081505838519809,True
shared_foreground_different_z,P0168,P0626,0.03193,2.8949303449548824,0.5325240985185029,True
shared_foreground_different_z,P0243,P0656,0.034179999999999995,2.9671655662967495,0.6126808035926673,True
shared_foreground_different_z,P0323,P0665,0.03236,3.4012516729497873,0.6296603643784918,True
shared_foreground_different_z,P0440,P0679,0.0325,3.5293796091032203,0.6443372751559632,True
shared_foreground_different_z,P0466,P0717,0.04585,4.358503033869337,0.5166597826269071,True
shared_foreground_different_z,P0322,P0686,0.04128999999999999,4.652899155343202,0.6283195686959386,True
shared_foreground_different_z,P0199,P0629,0.03104,5.569104338980543,0.514022561111827,True
shared_foreground_different_z,P0365,P0674,0.033979999999999996,5.792209502247708,0.5795211716810424,True
shared_foreground_different_z,P0216,P0658,0.03544,8.299496102430497,0.5956488631380831,True
shared_foreground_different_z,P1276,P1557,0.25014,0.2986082703004267,0.9782965524290343,False
shared_foreground_different_z,P0223,P1269,0.30883,0.4121173670880835,0.5254924347329685,False
shared_foreground_different_z,P0188,P0668,0.04103999999999999,0.6806723314020057,0.5228382624662513,False
shared_foreground_different_z,P0334,P0942,0.17556,0.7000909294498334,0.6240445443058913,False
shared_foreground_different_z,P0269,P0653,0.03103,0.7586869125054636,0.6718630490299294,False
shared_foreground_different_z,P1051,P1434,0.19157000000000002,1.0098883642448357,0.7771655031050573,False
shared_foreground_different_z,P0599,P0781,0.08553000000000001,1.1269895088370812,0.784785326519084,False
shared_foreground_different_z,P0590,P1385,0.3473,1.2253648246214246,0.8064356841098096,False
shared_foreground_different_z,P0609,P1000,0.17601,1.233450150462907,0.7677823256496918,False
shared_foreground_different_z,P0684,P0900,0.12098999999999999,1.273729123525388,0.8559359152378584,False
shared_foreground_different_z,P0574,P0809,0.10568999999999998,1.3174262825616774,0.7974802744131806,False
shared_foreground_different_z,P0136,P0828,0.13937,1.4997345035773226,0.5238625425181082,False
shared_foreground_different_z,P0911,P1176,0.10332000000000002,1.5054414181849667,0.7156709615342375,False
shared_foreground_different_z,P0251,P0696,0.050420000000000006,1.546962585481818,0.5328734347794012,False
shared_foreground_different_z,P0284,P1116,0.24059999999999998,1.643844255133443,0.5957284656009114,False
shared_foreground_different_z,P0616,P0923,0.14561000000000002,1.644079680918536,0.7282794851508778,False
shared_foreground_different_z,P0614,P1290,0.28708,1.6626919004237009,0.6820573859224424,False
shared_foreground_different_z,P0672,P0922,0.13171,1.7264846559561573,0.6258565754433474,False
shared_foreground_different_z,P1256,P1565,0.26481,1.7358133326414236,0.7157400223845194,False
shared_foreground_different_z,P0709,P0957,0.13108999999999998,1.8125386637935306,0.7654058526843397,False
shared_foreground_different_z,P0241,P0647,0.03254,1.8283699610906623,0.5769182881754311,False
shared_foreground_different_z,P0213,P0660,0.03647,1.841373044503511,0.5343548520149892,False
shared_foreground_different_z,P0689,P1478,0.41159,1.918706921016515,0.6837953764126466,False
shared_foreground_different_z,P0591,P0778,0.08588000000000001,2.1399204526901916,0.7085100324236197,False
shared_foreground_different_z,P0507,P0720,0.046579999999999996,2.2332756655868775,0.6324935240777287,False
shared_foreground_different_z,P0208,P0642,0.033409999999999995,2.250539003132064,0.5824767762416294,False
shared_foreground_different_z,P0335,P1031,0.20800000000000002,2.335210809414772,0.5096059935367461,False
shared_foreground_different_z,P0377,P0936,0.17242000000000002,2.4630853485456474,0.5778345843133436,False
shared_foreground_different_z,P1121,P1441,0.17598999999999998,2.5410028392513118,0.5666853022913281,False
shared_foreground_different_z,P0467,P0732,0.054139999999999994,2.666466609441454,0.5569104609383442,False
shared_foreground_different_z,P0702,P0982,0.14261000000000001,2.745426763004919,0.6487508289334025,False
shared_foreground_different_z,P0321,P0677,0.03733,2.848553440281241,0.7007895190681956,False
shared_foreground_different_z,P0586,P0727,0.041249999999999995,2.903287197734741,0.5782318403249682,False
shared_foreground_different_z,P0693,P0874,0.10711999999999999,2.989949443333985,0.5195378653333163,False
shared_foreground_different_z,P0589,P0701,0.03173,3.128164098630752,0.5878750820293557,False
shared_foreground_different_z,P0531,P0691,0.03338,3.207919760927259,0.629878695223036,False
shared_foreground_different_z,P0477,P1239,0.28126999999999996,3.404540487242131,0.5690855670501308,False
shared_foreground_different_z,P0546,P0716,0.040440000000000004,3.443152468204983,0.5048810085116946,False
shared_foreground_different_z,P0311,P0876,0.15485000000000002,3.7099328293473492,0.5588458568759596,False
shared_foreground_different_z,P0525,P0791,0.10144,3.774799538944397,0.7413830316261696,False
shared_foreground_different_z,P0456,P0949,0.17145000000000002,3.813378856547801,0.5381542244057972,False
shared_foreground_different_z,P0445,P0705,0.042499999999999996,3.8180394841350087,0.5027182680150561,False
shared_foreground_different_z,P0301,P1675,0.95253,3.837923881575488,0.5182957068422382,False
shared_foreground_different_z,P0401,P0708,0.04594999999999999,3.9512375092294416,0.5398451649290333,False
shared_foreground_different_z,P0380,P1025,0.20468,4.552841837097855,0.5759206419028747,False
shared_foreground_different_z,P0451,P1446,0.41154,4.690584631564502,0.5288541346007312,False
shared_foreground_different_z,P0200,P0655,0.03616,4.789524621429976,0.5547564671600913,False
shared_foreground_different_z,P0398,P0710,0.04667,4.850845522438602,0.509715494539213,False
shared_foreground_different_z,P0198,P0681,0.045450000000000004,5.111272006676887,0.5347594129488619,False
shared_foreground_different_z,P0306,P0898,0.16026,5.474829730528292,0.569695175740629,False
shared_foreground_different_z,P0486,P0704,0.03977,5.675901044313615,0.5181449181870968,False
shared_foreground_different_z,P0338,P0669,0.03351,5.760979541505555,0.5195551738667394,False
shared_foreground_different_z,P0376,P0913,0.16201,6.184389118646273,0.6072037813956924,False
shared_foreground_different_z,P0195,P0646,0.034609999999999995,6.7822846700304895,0.5312244106679619,False
shared_foreground_different_z,P0281,P1207,0.27968000000000004,7.022810631146038,0.5490446351272784,False
shared_foreground_different_z,P0112,P0618,0.03504,7.077662807893218,0.5402872016293209,False
shared_foreground_different_z,P0233,P0637,0.031030000000000002,7.5608026629046945,0.5645350674921674,False
shared_foreground_different_z,P0174,P0623,0.03123,15.860203352490501,0.5147230386798728,False
