x1,c,MWEBV,HOST_LOGMASS,shell0_density_proxy,shell1_density_proxy,shell2_density_proxy,shell3_density_proxy,shell4_density_proxy,shell5_density_proxy,shell6_density_proxy,shell7_density_proxy,lc_delta_c,lc_delta_x1,lc_delta_t0,uid
0.35982,0.008178,0.0840917,10.5748,2.144073883692424,8.295585632324219,,,,,,,0.01507798850506,0.1905823525763596,-0.150021205219673,P0111
0.11098,0.040623,0.0395528,9.83179,0.8555271546045939,0.5757753252983093,,,,,,,-0.0005343851870954,-0.265069059950437,-0.1446633640007348,P0112
0.16103,0.038135,0.0395528,9.83179,0.8555271546045939,0.5757753252983093,,,,,,,0.0249995016859341,-0.2053390625946954,0.2869798530155094,P0113
-1.33873,0.009596,0.016006,10.5117,2.3032889048258465,1.735079646110535,,,,,,,-0.0076072047326816,0.054923962664855,-0.2719103220733814,P0114
-1.4709,0.010704,0.016006,10.5117,2.3032889048258465,1.735079646110535,,,,,,,-0.0279985477909393,0.0961692371334923,-0.1892170012652059,P0115
-1.68127,-0.095147,0.0228622,10.501,0.7670036951700846,1.781433582305908,,,,,,,-0.0166600610241594,0.1854337956188416,-0.4971039256561198,P0116
-0.181708,-0.00638,0.0857975,7.0,1.7780418992042542,2.21191143989563,,,,,,,0.0018721419743247,-0.0499066740783175,0.5099852933053626,P0117
0.24592,0.045569,0.0209058,6.952,1.942347594102224,1.2230255603790283,,,,,,,-0.0023775606831633,-0.191633410785961,0.1739370067516574,P0118
-0.125605,0.077144,0.0420618,10.53,0.5511812448501587,0.7726767063140869,,,,,,,-0.0112748867868747,-0.5996222078517667,0.0822173474516603,P0119
-0.883313,0.006885,0.0420618,10.53,0.5511812448501587,0.7726767063140869,,,,,,,0.0252614046400721,0.0428019377746818,-0.0926834052443155,P0120
0.39341,0.077583,0.0531043,9.594,0.6389090379079183,0.5224499831949628,,,,,,,0.0046080748416781,0.2711315380001541,-0.013010713046242,P0121
-0.609001,0.085938,0.0215171,12.588,1.943998948733012,1.2701364054988598,,,,,,,-0.0114619063947409,-0.1137094809757173,0.1346702618175186,P0122
0.73924,0.11153,0.0206824,8.37261,1.943057374159495,1.2699757057001724,,,,,,,-0.0209069690668874,0.0252277047132682,-0.0224612020610948,P0123
-1.97973,-0.031719,0.0203573,8.01649,0.9597995519638062,1.1740143502171143,,,,,,,0.0545085918079691,0.1530187707311165,0.157078389871458,P0124
-2.41474,0.023414,0.0665791,11.5,0.7504875143369039,1.5333673274880315,,,,,,,0.0181443797825578,0.7828575575979801,-0.3194813335212529,P0125
-2.15768,0.019191,0.0665791,11.5,0.7504875143369039,1.5333673274880315,,,,,,,0.047230834298847,-0.105661800023781,-0.076149683627591,P0126
-2.46319,0.012558,0.12089,7.25539,1.369565776983897,2.4557884277687325,,,,,,,0.1004304372921474,0.1105744698586153,-0.5127240407673526,P0127
-0.341166,-0.036939,0.12341,8.72661,1.3677380760510762,2.451732327503313,,,,,,,-0.0110467622514546,0.1121306320538038,-0.3650822506824625,P0128
-0.40726,-0.092801,0.12341,8.72661,1.3677380760510762,2.451732327503313,,,,,,,-3.807516484585771e-05,-0.4066155458552351,-0.4375902101164683,P0129
-1.00248,-0.048333,0.18406,9.3236,0.9021067221959432,2.171700536986412,,,,,,,0.04550587583595,0.0202668359859584,-0.1572674341805395,P0130
0.41451,-0.084504,0.0173722,7.12388,3.05274654229482,1.1942472639022037,,,,,,,0.0703378149811831,-0.2233931220200232,0.2013818630366586,P0131
0.12432,0.041271,0.0789624,7.0,2.2787784258524577,9.562698849975352,,,,,,,0.0085735495936535,0.0756220217595416,-0.0608155388545128,P0132
-1.33511,-0.120964,0.11827,9.51953,1.3613141814867655,1.7247004521677374,,,,,,,-0.0163808285264759,-0.0626132517935764,0.012575669279613,P0133
-2.58836,-0.068675,0.0114994,10.1182,2.1889987707138063,1.6198309000686275,,,,,,,0.0325918215910489,0.1286317551314768,-0.0996708323946222,P0134
-2.23955,0.013559,0.0620208,11.0466,2.04340132077535,1.5982247774002685,,,,,,,-0.0146269623809134,0.048798828920848,-2.0923298386260285,P0135
-1.46565,-0.09141,0.0879147,10.6057,0.3691040317217509,0.8801666894761266,,,,,,,0.0187999881383689,-0.146027540677393,0.0242052557878196,P0136
-1.30067,-0.073286,0.0879147,10.6057,0.3691040317217509,0.8801666894761266,,,,,,,-0.0010006126412857,-0.0492088086489486,-0.1671197534087696,P0137
-0.139165,-0.054923,0.0352884,7.75299,0.9150062799453736,0.609024213074887,,,,,,,-0.0061781158534277,0.1202566558621759,-0.1492363721263245,P0138
-0.087808,-0.036886,0.0352884,7.75299,0.9150062799453736,0.609024213074887,,,,,,,0.0166592992178019,0.3913400431088741,-0.5418677755878889,P0139
-0.922972,0.14144,0.0561,10.7524,0.90666188398997,3.571119601233353,,,,,,,0.0165373691668196,0.1143532109260071,0.069619930582121,P0140
-0.894852,0.000829,0.0407166,9.88173,1.0779671748479207,2.505276560633092,,,,,,,0.0561884100887654,0.0355631752984559,0.1004371336312033,P0141
-0.953229,0.060154,0.0407166,9.88173,1.0779671748479207,2.505276560633092,,,,,,,0.021129666679768,0.0166579539828121,0.0161849900250672,P0142
-0.513534,-0.023595,0.0496334,10.4638,1.510937718550364,1.826108967967584,,,,,,,0.0132488409119796,0.0213347464915584,-0.0826005507915397,P0143
-0.93035,-0.094135,0.0496334,10.4638,1.510937718550364,1.826108967967584,,,,,,,0.0835400580908175,0.3811085794990759,-0.2463883354721474,P0144
-0.52942,0.050626,0.0190022,10.6316,1.5996052424112956,2.2227227506111955,,,,,,,-0.006861712665727,0.0024701722749344,-0.0703071434109006,P0145
-0.79384,0.058475,0.0190022,10.6316,1.5996052424112956,2.2227227506111955,,,,,,,0.02227454685265,0.1083355034972716,-0.0740890135566587,P0146
0.82043,-0.028732,0.0938371,10.854,0.7538726647694906,1.2695362737127316,,,,,,,0.092745427927361,0.0823967313854034,0.0082603239279706,P0147
0.86663,0.011228,0.0938371,10.854,0.7538726647694906,1.2695362737127316,,,,,,,0.0604949461702741,-0.0513767003469279,0.0497040587579249,P0148
-2.30035,0.0991,0.0757605,10.8348,0.6483845273653667,1.4049904419939403,,,,,,,0.0413388704155457,-0.0928921458252345,-0.6935342785218381,P0149
-2.06693,0.095255,0.0757605,10.8348,0.6483845273653667,1.4049904419939403,,,,,,,0.0220175927924792,-0.0914533485711608,-2.816666782266111,P0150
-2.20461,0.10594,0.0757605,10.8348,0.6483845273653667,1.4049904419939403,,,,,,,0.0183049734573842,-0.1703386195346743,-0.4141858780931216,P0151
-1.38336,-0.129604,0.0274359,10.5379,1.0289328336715695,0.7518539379794388,,,,,,,-0.0030059423787385,0.1969040565364406,-0.0431471056508598,P0152
-1.24313,-0.107777,0.0274359,10.5379,1.0289328336715695,0.7518539379794388,,,,,,,-0.0396035934597721,-0.0323004518257619,0.0589844665882992,P0153
-1.47007,-0.131478,0.0274359,10.5379,1.0289328336715695,0.7518539379794388,,,,,,,-0.0335868147118755,-0.1218083085744421,0.1584238884679507,P0154
-1.75207,0.016054,0.10956,8.75604,1.3030624667803443,2.177956457283226,,,,,,,0.0074055142282207,-0.0637525771804479,0.1145917975154588,P0155
-2.14639,-0.005726,0.0609267,9.00235,1.5327737132708232,5.512932047085571,,,,,,,-0.0436904404734758,0.0513278394735636,-0.1658493861032184,P0156
-0.284092,-0.130405,0.0292763,10.0338,1.1350369373957316,1.2737669725321985,,,,,,,0.0217245331636392,0.1364530793248963,-0.0088914405641844,P0157
0.54421,0.019292,0.0432866,9.64099,1.003218404452006,0.9138848023791718,,,,,,,0.0095012748963919,0.1201868678274266,-0.0551305133703863,P0158
-0.329226,-0.002704,0.0432866,9.64099,1.003218404452006,0.9138848023791718,,,,,,,-0.025180123697302,0.2657608200793715,-0.0916800314735155,P0159
0.47579,-0.093154,0.0326925,8.03684,1.2826446612675986,2.608605183183797,,,,,,,-0.0010609583068926,-0.0628095628685813,-0.1124821668345248,P0160
0.83157,-0.102335,0.17993,8.23133,0.8180813153584798,1.3846837735852642,,,,,,,0.0520287643658411,-0.0296012591574434,-0.0569569992512697,P0161
-0.756322,0.13431,0.11361,10.6541,0.6463400244712829,0.7845334215818205,,,,,,,0.0638991918427764,0.0709750580301606,-0.062105629745929,P0162
-0.394289,0.22174,0.11361,10.6541,0.6463400244712829,0.7845334215818205,,,,,,,0.0519907427126958,-0.0432600101235861,0.0967066423618234,P0163
0.72372,0.15106,0.0574767,9.44451,3.0421691020329797,1.7038233204121385,,,,,,,0.0406692346174012,-0.1916837943047692,0.4118887847216683,P0164
0.56794,0.20417,0.0574767,9.44451,3.0421691020329797,1.7038233204121385,,,,,,,0.018640730436779,0.0512183129816556,0.0115525791770778,P0165
0.54711,0.20709,0.0574767,9.44451,3.0421691020329797,1.7038233204121385,,,,,,,0.0497184802771952,-0.1351881121784754,-0.1239001827852916,P0166
-2.01175,-0.059252,0.0825684,9.70642,0.860389773050944,1.8799495899355911,,,,,,,-0.0247747709363621,0.1780861343351294,-0.5558613742978196,P0167
-1.37917,0.090675,0.0760127,9.15931,0.6982309341430664,2.8702546014799197,,,,,,,0.0001753719590319,0.0682750861160019,-0.2245272087238845,P0168
-0.740468,-0.102076,0.0486677,10.8931,0.757891054948171,0.6677029336333411,,,,,,,0.0035001989547054,-0.0254389643634551,0.0428758923299028,P0169
-1.23185,-0.042029,0.0928968,9.18868,0.3770144681135813,1.103128461891114,,,,,,,0.0801758015416073,-0.0138115175253248,-0.0635721251965151,P0170
-0.19694,-0.032005,0.0942162,7.0,0.3769274532794952,1.1133459397033214,,,,,,,0.0324400156848254,0.1293818789766207,-0.0746900721933343,P0171
-1.12409,0.19426,0.039532,7.89478,4.629080220063528,3.09576796292998,,,,,,,-0.0043798165853186,-0.0375953428764637,-0.0599888024808024,P0172
-1.1289,0.22259,0.039532,7.89478,4.629080220063528,3.09576796292998,,,,,,,0.0346995368684472,0.0232668000298545,0.0594202429201686,P0173
0.7426,-0.055329,0.0192883,9.95617,1.42804270585378,0.609521471397538,,,,,,,-0.0028310824486495,-0.1173506975021205,0.0950550845445832,P0174
-0.556908,0.20583,0.0858913,8.70972,0.3810555974642435,0.9769715075908604,,,,,,,0.016437014666965,-0.0185608168387531,0.1591242111317115,P0175
-2.12328,-0.114348,0.15921,7.0,0.6437016169230143,1.5054863160179408,,,,,,,0.0916851941292581,0.0313144995393255,-0.1725475021230522,P0176
-2.55527,0.093402,0.0857212,7.58761,0.3810441037019094,1.034789482180073,,,,,,,0.0164627015467373,-0.4925335513164963,0.1338783194951247,P0177
0.20649,0.018123,0.11226,9.78368,0.5331863323847453,0.7527082886820458,,,,,,,-0.008718298003115,0.2087187436101916,-0.9423353435122408,P0178
-1.31973,-0.141785,0.0980837,8.06485,0.6199787994225819,1.7457405924009568,,,,,,,0.0056352036726306,-0.1303437875189068,-0.1403825442903326,P0179
-1.37084,-0.101843,0.0980837,8.06485,0.6199787994225819,1.7457405924009568,,,,,,,-0.0234373791431571,0.0557176274164792,-0.2118662158754887,P0180
-0.553543,0.11801,0.0508467,10.0603,0.7742682218551635,4.98436725901233,,,,,,,-0.0205360621355154,0.1328543294438348,-0.6187105891804094,P0181
-0.493131,0.01664,0.0875271,7.0,0.5235829810301463,1.5290444507118257,,,,,,,0.0169334387883679,-0.0026376721474046,-0.0180597096768906,P0182
0.60274,-0.002342,0.0632005,8.7366,0.5615390837192535,2.5773989114660205,,,,,,,3.0599099355665266e-05,0.0490553120642639,0.0384035952884005,P0183
0.10511,0.013618,0.0421356,8.61292,0.6647435545921325,3.786171836358768,,,,,,,-0.0082536552735507,0.3006773222440302,-0.005075932109321,P0184
-0.04908,0.04603,0.11019,7.98113,0.5319259345531464,1.7746245280076345,,,,,,,0.064185640741526,0.1853238294854656,-0.1559171570697799,P0185
0.046602,0.048315,0.0130772,9.05163,1.390899082024892,1.3821638865047634,,,,,,,0.0810946369654476,0.2411922443693567,0.010636678445735,P0186
0.57382,-0.132291,0.22551,9.92086,1.4336036523183189,1.580369077984129,,,,,,,0.0502338902718692,0.0507698797226603,0.0268658236527699,P0187
-1.45096,0.091116,0.0555582,10.5259,0.7170695583025615,1.0745366611303513,,,,,,,-0.0766368156093248,-0.092812704432319,-0.3578132586044376,P0188
-1.85693,-0.067445,0.0618468,10.0866,0.6138730883598328,4.124339800558375,,,,,,,0.0406135838867787,-0.087553249004344,-0.0994865359316463,P0189
-1.52281,-0.035134,0.0618468,10.0866,0.6138730883598328,4.124339800558375,,,,,,,0.0433454829148062,-0.121048718211131,0.8371178638772108,P0190
-0.766449,-0.050739,0.0463865,9.47732,0.6154200593630473,4.144942097860522,,,,,,,-0.0047878101605226,0.0119137546253874,0.0215034607172128,P0191
-0.964751,0.006147,0.0463865,9.47732,0.6154200593630473,4.144942097860522,,,,,,,0.0052333551494142,0.1446787379172531,0.1323648690522532,P0192
0.91446,-0.032722,0.0168372,10.9081,4.636092404524486,1.954095797503093,,,,,,,0.0251038225601191,-0.0695886739299891,-0.0219264992920216,P0193
0.86688,-0.054393,0.0168372,10.9081,4.636092404524486,1.954095797503093,,,,,,,0.0203067001592971,-0.1103357014698519,0.0225019851277465,P0194
-0.936791,0.07238,0.0591525,10.6407,0.7961511413256327,1.7234371270203348,,,,,,,0.0280611184723151,-0.0677274314273913,-0.0067835496520274,P0195
-0.763005,0.12997,0.0591525,10.6407,0.7961511413256327,1.7234371270203348,,,,,,,-0.0786413861236608,0.1553559750879101,-0.3265562772648991,P0196
1.06352,0.001725,0.0697224,9.01416,0.4998004933198293,2.1583870492656327,,,,,,,-0.0185721661480505,0.1083392585058526,-0.2566652365858317,P0197
-0.524383,0.0068,0.1248,10.1323,0.6042051474253337,1.4275128179285104,,,,,,,0.0173929000093596,-0.0835264922147827,-0.0956880229132366,P0198
-1.25264,-0.149074,0.0477741,10.2599,1.5757678548494976,5.16704538250022,,,,,,,0.0114725562098496,0.0471015246099262,0.1189235189158353,P0199
-1.76294,-0.141115,0.0525855,11.5,1.5965105175971983,5.150698997909706,,,,,,,0.1189418106396263,-0.0162870953080245,1.7681444724439643,P0200
0.88145,-0.086914,0.0849594,10.1288,0.5204344073931376,1.5766332432530086,,,,,,,0.1109247313246334,-0.1397335766874577,0.3443977395800175,P0201
0.53614,-0.018974,0.0849594,10.1288,0.5204344073931376,1.5766332432530086,,,,,,,0.0673791401189746,-0.4717244950032124,1.8232174912045596,P0202
-1.58413,0.027876,0.12766,10.1993,0.4350487649440765,1.5251853324536828,,,,,,,0.0580684235692477,-0.7404684788975149,-0.1913139374591992,P0203
0.30392,-0.101615,0.0180841,10.2053,3.9719630002975466,1.098190793390888,,,,,,,0.0055031064967835,0.1691435221234812,-0.2572638788115,P0204
1.57087,-0.073609,0.0341697,10.8086,0.7885920763015747,0.9661751711820672,,,,,,,0.0072969564663286,-0.440903641974097,0.3082086505892221,P0205
1.17396,-0.106794,0.0341697,10.8086,0.7885920763015747,0.9661751711820672,,,,,,,0.0155240561800017,-0.0709787200598066,-0.021913312804827,P0206
0.52807,0.012312,0.0926831,7.0,0.4441910286744435,0.3748259139866731,,,,,,,0.1201082582937009,-0.2236008903576765,0.3670196577077149,P0207
1.26874,-0.066181,0.009941,7.76651,2.3759490609169007,1.0586452049492727,,,,,,,0.0121113150286481,-0.296817588404118,-0.234691971927532,P0208
-1.30935,0.24779,0.0128674,10.31,2.167641560236613,0.7963079197424457,,,,,,,-0.0519034482317044,0.0889393423766795,-0.3625345773252775,P0209
-1.28649,0.10814,0.13388,10.2421,0.6625605404376984,2.436584102350503,,,,,,,0.0097474116179448,-6.991321311455856e-05,-0.1042902090339339,P0210
0.55558,-0.032516,0.0667434,9.7636,0.3967616061369578,1.0105751345209169,,,,,,,0.0063391739338907,0.0044107713039887,-0.0027163453778484,P0211
-0.184161,0.11788,0.0846243,7.0,0.4766664445400238,1.3982823863225249,,,,,,,0.0552035761218784,-0.0921640334655477,0.5226299513014965,P0212
-0.120328,-0.086667,0.0770365,10.6697,0.7684472878774007,3.3199273442730384,,,,,,,0.06280078014616,-0.2760574034339109,-0.1545735707113635,P0213
0.51566,-0.077829,0.0288331,10.4452,0.7947696705659231,0.7756052701545448,,,,,,,-0.0231927522664552,0.1708659026617849,-0.4630571031448198,P0214
0.12662,-0.02286,0.11479,9.56317,0.5517887830734253,2.584752473553722,,,,,,,-0.0028408907439857,0.4811269767339749,-0.3481650875110063,P0215
-0.877386,-0.020215,0.016838,9.75333,1.8093602975209555,0.9543002643400614,,,,,,,-0.0519861340692168,-0.5428071261228775,-0.3455828939331695,P0216
0.56889,0.11732,0.0633909,10.123,0.6833757956822714,1.021523038240549,,,,,,,0.0039464557236681,0.0710229647264425,-0.0655685004676343,P0217
0.39336,0.062705,0.0633909,10.123,0.6833757956822714,1.021523038240549,,,,,,,0.0554720905209502,0.0647983632860398,-0.2157893723269808,P0218
-1.98709,-0.099458,0.0595594,11.0223,0.5709892610708872,5.701050852875499,,,,,,,-0.0356890483783405,-0.4478194366690997,-0.0256378888370818,P0219
-1.01696,-0.063568,0.0633805,10.3088,0.5600073397159576,5.42884324436794,,,,,,,0.0036329235687681,0.0114711232234965,0.1076071600982686,P0220
-1.19643,-0.110187,0.0633805,10.3088,0.5600073397159576,5.42884324436794,,,,,,,0.0510938152241058,-0.0549144152788365,0.1888200231769587,P0221
-1.47904,-0.042266,0.12944,8.44463,0.788327403863271,6.272487142782137,,,,,,,0.0177220506625053,-0.0397435793799247,-0.2435786159185227,P0222
-1.11648,-0.101117,0.0255052,9.51783,1.3512648502985636,1.4633506255494602,,,,,,,-0.0106959665428543,0.3498273161890901,0.2442432973693939,P0223
0.70324,0.14673,0.0903875,10.0622,0.6629749993483226,0.6818682955257943,,,,,,,0.0363407247985868,-0.2741595502910773,0.934719938733906,P0224
-1.06703,-0.013591,0.0143306,10.0796,2.242761035760244,1.122131265759056,,,,,,,-0.0029914241820887,-0.2864403751668889,0.8675029474688927,P0225
-0.685997,0.12145,0.0498981,10.1168,0.7531801462173462,1.1816458038637283,,,,,,,-0.0234626180120116,0.2555911723266127,0.0272882039862452,P0226
-0.56437,0.075615,0.0498981,10.1168,0.7531801462173462,1.1816458038637283,,,,,,,-0.0344453217821255,-0.8703201184647795,0.4446542355726706,P0227
-1.45347,-0.09556,0.14108,10.5578,0.4324939211209615,2.152250173746746,,,,,,,0.0145408904527776,-0.0520413014285876,-0.280005901651748,P0228
-2.44176,-0.092916,0.0606091,10.0012,0.5710982898871104,6.034529504637283,,,,,,,0.0320719540004515,-0.1908909045275004,0.1068840570151223,P0229
-2.03848,-0.036961,0.0606091,10.0012,0.5710982898871104,6.034529504637283,,,,,,,-0.0041060545417151,-0.0482608131740582,-0.1047789729636861,P0230
-1.55803,-0.028838,0.047768,9.6287,0.7603911677996318,1.129635321863268,,,,,,,-0.0015315899084334,0.1304407214189984,-0.9296445291256532,P0231
-1.64181,-0.119162,0.047768,9.6287,0.7603911677996318,1.129635321863268,,,,,,,-0.0249028203582756,-0.4397060993655479,0.3283486578584416,P0232
-1.56473,-0.05665,0.0204289,7.8489,1.2781685908635458,1.967884081787559,,,,,,,-0.0171350428902427,0.2371122068868323,-0.3295467099378584,P0233
-0.695876,0.087064,0.0720476,10.0322,0.4852444728215535,0.8295782097211442,,,,,,,0.0239778032053151,0.1383734406517843,-0.4362128185020992,P0234
-0.758244,0.082622,0.0720476,10.0322,0.4852444728215535,0.8295782097211442,,,,,,,0.000184823055885,0.2375639096624824,-0.8328485492020263,P0235
-1.27514,-0.044214,0.0527609,7.0,0.7416610638300578,4.905539485197599,,,,,,,0.031519858700433,-0.2774719794184757,0.1012560853996547,P0236
0.28118,-0.091397,0.0432401,10.997,2.236238789558411,0.9900505834919872,,,,,,,0.0003920305217499,0.0587757092803184,-0.0231706081031006,P0237
0.16897,-0.127493,0.0432401,10.997,2.236238789558411,0.9900505834919872,,,,,,,0.020385077658279,-0.0039062207892079,0.1220942533182096,P0238
-0.229945,0.005479,0.16914,10.5657,0.6382346332073212,1.824659524853942,,,,,,,0.0299056133257333,-0.070014589812278,0.3707784772850573,P0239
-0.229314,0.036407,0.0167067,9.13025,1.460339943567912,0.9323546542830704,,,,,,,0.0492190116640206,-0.1449370577335669,-0.1322165337842307,P0240
-1.58162,-0.115456,0.13657,10.7703,0.8238657236099243,9.122654277528971,,,,,,,0.0269173291548007,-0.1253165518562642,-0.0702879601521999,P0241
-1.52385,-0.141932,0.13657,10.7703,0.8238657236099243,9.122654277528971,,,,,,,0.0478364852023053,-0.0448808958239823,-0.3120994185010204,P0242
0.91638,0.064918,0.0141648,10.7233,1.5075883189837138,0.9750428827136374,,,,,,,-0.047036678618104,-0.7942343422921301,-0.5718998181328061,P0243
-0.019163,0.003457,0.0141648,10.7233,1.5075883189837138,0.9750428827136374,,,,,,,-0.0077799028049516,0.06708763307915,0.1730420019011944,P0244
-2.72877,0.048082,0.017865,7.0,0.8447510878245036,0.6005501260064158,,,,,,,-0.0078616976583499,0.201921928291394,0.2957694130745949,P0245
-0.983845,0.016521,0.12249,10.2193,0.96427210966746,0.6353474402537463,,,,,,,-0.0234128506247326,0.3011519899551602,-0.4259081843119929,P0246
-2.00428,-0.063684,0.0236856,10.4023,0.9706329425175984,1.15448590861749,,,,,,,-0.0006408451457115,-0.0839409077902155,-0.1636600562414969,P0247
-1.6487,-0.119693,0.00799332,9.114,3.766393923759461,1.0116876019193328,,,,,,,-0.0005936402888769,-0.0230437020571026,-0.0126037133522913,P0248
-0.582812,0.10393,0.0907109,10.9028,0.6387062033017477,2.021689460320862,,,,,,,-0.0043220054516894,-0.1107188970004994,0.1568313726020278,P0249
1.34214,-0.036481,0.11837,8.09212,0.9806003451347352,1.2273650204616198,,,,,,,0.0356277292221218,-0.0950299523638644,-0.0316057931704563,P0250
-2.72077,0.067878,0.0218581,10.9824,2.3564683894316354,1.503592985233279,,,,,,,-0.0296832469162578,0.2925250078059376,-0.9089647402433912,P0251
-2.72446,0.036997,0.0218581,10.9824,2.3564683894316354,1.503592985233279,,,,,,,-0.0047402719668356,0.73984830979885,-0.7023812923507649,P0252
-0.612255,0.051027,0.0240212,10.1899,1.144329822063446,1.0097768357970227,,,,,,,0.0077669098876416,0.0372170812662502,0.1265848478069529,P0253
-0.957574,0.037895,0.0240212,10.0079,1.144329822063446,1.0097768357970227,,,,,,,-0.0050718946836996,1.12060576349422,-1.1895302058837842,P0254
-1.85209,-0.006091,0.0760008,7.0,0.3644847909609476,0.3789510364670525,,,,,,,0.075077972124562,0.203852858639318,-0.2139726943642017,P0255
1.18664,-0.035888,0.1009,10.877,0.4336996595064799,2.41734712598639,,,,,,,0.0191868233856157,0.0326247294537196,-0.1784953938622493,P0256
0.22883,-0.084108,0.1009,10.877,0.4336996595064799,2.41734712598639,,,,,,,0.0182379916275883,-0.0680794473890614,-0.2105238614749396,P0257
0.28962,0.033984,0.11447,9.10557,0.4668408791224162,1.5927883115176205,,,,,,,-0.0094564329108815,0.1661331674131445,0.0169405462438589,P0258
-2.07155,-0.078569,0.21116,11.0165,0.7795776526133219,0.8993113794390539,,,,,,,0.0411019654019562,-0.0413364012913715,-0.3957571470600669,P0259
-2.29704,-0.077659,0.21116,11.0165,0.7795776526133219,0.8993113794390539,,,,,,,0.0394331430116554,0.0433840149408215,-0.1989389267400838,P0260
-2.71083,-0.000986,0.0493974,11.0508,0.7837652444839478,4.43555273447492,,,,,,,-0.0393278400402014,0.5900891977598266,-0.3909782432456268,P0261
-2.50052,-0.00913,0.0493974,11.0508,0.7837652444839478,4.43555273447492,,,,,,,-0.0044316463552444,-0.4440509804640973,-0.005557297678024,P0262
-2.4148,0.14796,0.0577064,9.23827,0.6329754074414571,1.5868732132747063,,,,,,,0.0132911001382491,-0.1912591118119819,0.379336070473073,P0263
-1.42495,0.046849,0.0598882,8.45606,0.8023316383361816,4.785515646691832,,,,,,,0.0308318712806448,-0.076662549940502,0.0880607660510577,P0264
-0.988522,-0.067617,0.10027,9.26363,0.5677786648273468,1.0080801510787951,,,,,,,-0.0033355912431077,0.1618176799555083,-0.7857256708666682,P0265
0.85559,-0.138261,0.0186328,9.61338,1.885014953215917,0.5761452515777711,,,,,,,-0.0246499857622588,-0.0854665550109865,-0.0647192131873453,P0266
1.25453,0.061724,0.0334694,10.9264,3.6369778434435527,1.1571381974478443,,,,,,,0.0001894478473321,0.0298723694547469,0.0245947781222639,P0267
0.47147,-0.061337,0.0334694,10.9264,3.6369778434435527,1.1571381974478443,,,,,,,-0.018007605763964,0.0336627528996524,-0.096457234765694,P0268
-1.65658,-0.045763,0.0302161,10.1949,0.7926867961883545,2.069662064214999,,,,,,,-0.0268098583495399,-0.0651034152019347,-0.1632714760562521,P0269
-1.2573,0.057733,0.0302161,10.1949,0.7926867961883545,2.069662064214999,,,,,,,-0.0989754961020264,0.4775839829479248,-0.8481047633249545,P0270
-1.52252,-0.043913,0.0302161,10.1949,0.7926867961883545,2.069662064214999,,,,,,,-0.0572093037882596,0.1218017104364979,-0.5124216904659988,P0271
-1.0906,-0.029543,0.0302161,10.1949,0.7926867961883545,2.069662064214999,,,,,,,-0.0563652954434411,0.0378942876815671,-0.7839665604042239,P0272
0.94186,-0.037793,0.0456133,10.719,0.5589963674545289,2.310443996490956,,,,,,,0.0065327285405425,-0.3324390637770539,0.6036554612583132,P0273
0.5668,0.011898,0.0602357,7.0,0.4756264567375183,0.3557557753500904,,,,,,,0.0024245695634899,0.1505385497270742,0.0297117227673879,P0274
0.80402,0.12111,0.0602357,7.75897,0.4756264567375183,0.3557557753500904,,,,,,,-0.1203552970880281,-0.0402043225385788,0.1781845298391999,P0275
-1.61047,-0.106098,0.0274864,11.0605,2.319661871592204,0.5685721098261692,,,,,,,-0.0232292487018453,-0.1176578722950296,-0.0756716965042869,P0276
-1.45192,-0.10876,0.0274864,11.0605,2.319661871592204,0.5685721098261692,,,,,,,-0.0222432153984361,-0.0317672784298488,-0.0143814963448676,P0277
-1.30129,-0.0723,0.0274864,11.0605,2.319661871592204,0.5685721098261692,,,,,,,-0.0036320223857571,-0.0077897060108156,-0.0055385556552209,P0278
-1.2315,-0.082581,0.0265131,9.66664,6.560695509115855,0.860334301531488,,,,,,,-0.0263803366204265,-0.0861637899129446,-0.1619316961077856,P0279
0.32293,0.20428,0.0466905,7.0,0.3964240888754526,0.9176014329625408,,,,,,,0.0694270670739873,-0.1103910801637548,-0.2874558974363026,P0280
0.34806,0.097168,0.0145255,9.81701,0.7162458717823028,0.7971393242493673,,,,,,,0.0160628718906648,0.8503947269635745,0.1491280148184159,P0281
-1.62937,0.034066,0.0141893,10.7947,0.9591008345286052,0.8044335516665205,,,,,,,-0.0231632215706869,0.046097179155776,-1.027552367260796,P0282
-1.01194,0.063357,0.0762632,10.0832,0.5937880674997965,1.5227477900617434,,,,,,,0.0321654675101517,-0.1051099561235766,0.0087228980410145,P0283
0.48015,0.1036,0.0249946,9.92075,1.2145238637924194,1.4114050575582686,,,,,,,0.0052108983070825,-0.0781547757078201,-0.0527711017784895,P0284
-0.008507,0.068384,0.0411133,10.9327,1.4235299150149028,0.9303590793607824,,,,,,,0.0042569980644,0.0945017562732288,0.1583158092471421,P0285
0.048591,0.10191,0.0411133,10.9327,1.4235299150149028,0.9303590793607824,,,,,,,-0.0013861779016137,0.1793780426208701,0.0374857536298804,P0286
-1.49568,0.040127,0.0555375,7.0,0.4271441121896108,0.7914007885822782,,,,,,,-0.0135074912645758,0.1326564103958711,-0.8467694158025552,P0287
1.19177,-0.033095,0.0430669,7.0,0.9503564536571504,2.5511508080503216,,,,,,,-0.0079495757530332,-0.1191404010771715,0.0816516369304736,P0288
-1.57505,0.007093,0.0608809,10.2163,0.5521402637163798,1.7008837187356944,,,,,,,0.0201630197948173,0.0111863251614605,0.0218720825359923,P0289
-1.33321,-0.041446,0.0675076,10.4449,0.6264807899792989,1.137408720264287,,,,,,,-0.012840373668681,0.369269392879553,-0.0750682476063957,P0290
-1.18794,-0.082778,0.12097,7.0,1.5755339105923971,0.372080413740329,,,,,,,-0.0024661426185495,0.0755455763158046,-0.1224035100676701,P0291
0.65572,0.090209,0.00993478,7.0,1.5611827413241068,0.8638983957365115,,,,,,,-0.0111166498810852,0.1404975099128979,0.011530728006619,P0292
0.98431,0.08346,0.00993478,7.0,1.5611827413241068,0.8638983957365115,,,,,,,0.0250955598828796,0.1701716760258811,-0.1161241737790987,P0293
-1.01193,-0.020681,0.0186199,10.5792,3.7729229807853697,1.2248115082324105,,,,,,,0.0021732969959565,-0.1002130902176328,0.2741777469855151,P0294
-1.09301,-0.035648,0.0186199,10.5792,3.7729229807853697,1.2248115082324105,,,,,,,0.0105165867465764,0.0411914137917874,-0.0806050859973765,P0295
-1.28476,-0.020625,0.0186199,10.5792,3.7729229807853697,1.2248115082324105,,,,,,,0.0399952471349953,0.1083308093134429,0.1198066644064965,P0296
-2.93112,0.20266,0.14138,11.5,0.819577693939209,9.526903300191954,,,,,,,-0.0204277136505268,-0.4857493920903026,0.4206520106672542,P0297
2.23755,0.001301,0.0601628,10.4214,0.6916080137093862,0.6988682212208591,,,,,,,0.0485457875242607,-1.1793240895381842,0.7898444742604624,P0298
0.64773,-0.076785,0.0589611,7.0,0.9509151875972748,1.951272045641078,,,,,,,0.0103613632011311,0.1228940970807836,0.1166668262158054,P0299
0.26468,0.27395,0.0286457,9.45815,0.8469757040341696,1.0020787596470246,,,,,,,-0.0169782239395829,-0.2095140229613863,0.2086105536509421,P0300
1.18661,-0.134271,0.0179516,7.0,2.538368544975917,0.6788174676462428,,,,,,,0.0069067964782668,-0.0342793003375918,-0.03522388375859,P0301
0.78862,0.12001,0.0164841,10.1464,0.7898937642574311,0.6117464890878814,,,,,,,0.0183909395813623,-0.0868683588640374,-0.0125095088878879,P0302
0.74714,0.1084,0.0164841,10.1464,0.7898937642574311,0.6117464890878814,,,,,,,0.0157371089204155,-0.0418168043361444,0.1225378637027461,P0303
-1.76017,-0.101113,0.0338933,7.0,1.2070771118005117,0.6574300617979555,,,,,,,-0.0265350173642817,-0.0388455665097391,-0.2837924024934182,P0304
1.00995,-0.045292,0.13469,11.1055,0.5287704189618428,0.6083820406499255,,,,,,,0.0155917707140435,-0.0668712395803557,-0.1779501679702662,P0305
-1.0611,0.071673,0.0325985,10.0066,1.1296945055325829,1.965448814467612,,,,,,,0.0505486132721206,0.3175558874831601,-0.0010325967377866,P0306
-0.709364,-0.057432,0.0276399,9.88571,2.4145218869050344,0.9478437740970832,,,,,,,0.0081044103700603,0.0633217376773359,0.1040864510505343,P0307
0.56141,-0.11455,0.0361497,7.0,0.4673949062824249,0.6277065532933819,,,,,,,0.006702208421057,0.1542578013978633,-0.0085480740744969,P0308
-2.54831,0.098219,0.16073,10.8735,0.9926273067792256,1.5551527769915054,,,,,,,0.0583428859655923,0.4097482212853669,-0.1979523168993182,P0309
-1.5105,-0.18285,0.0288915,7.0,5.368016203244527,0.738569847348722,,,,,,,0.0048401480862259,0.0022143151810176,0.0212063110229792,P0310
-1.90086,-0.032922,0.0331738,11.0056,0.7368889411290487,1.22147951171077,,,,,,,0.0120302714394216,0.0702865643427146,-0.075080564864038,P0311
-1.7604,0.00159,0.0331738,11.0056,0.7368889411290487,1.22147951171077,,,,,,,-0.0084127153556047,0.462257842235968,-0.4024917821589042,P0312
-1.24683,-0.083436,0.19479,10.7732,1.3911600748697917,1.0909594226971868,,,,,,,0.0179725618340475,-0.029696779342146,-0.0463625519259949,P0313
0.19286,-0.148768,0.0189699,8.84045,3.801612842082977,1.4291314059140676,,,,,,,0.0073012357409716,0.10895151382755,-0.0213244757032953,P0314
0.58396,-0.090271,0.0189699,8.84045,3.801612842082977,1.4291314059140676,,,,,,,-0.0041053197602876,0.094249796263196,-0.6600132932144334,P0315
-1.8507,-0.003168,0.0538298,7.0,0.450273992617925,1.0577647980920732,,,,,,,-0.0239108405694661,-0.0696890234272573,0.1006047658011084,P0316
0.32303,0.056545,0.0227274,8.32354,5.782225354512533,1.0863515907207748,,,,,,,0.0054504801778074,-0.0879680822743548,0.1029235682362923,P0317
0.042377,-0.01644,0.0227274,8.32354,5.782225354512533,1.0863515907207748,,,,,,,-0.013492140771106,0.1845986714322926,0.0118895744890323,P0318
0.50832,0.041252,0.0577134,8.26184,0.5297510921955109,1.0593013683076655,,,,,,,-0.0016024250823579,-0.057823385587428,-0.0802268108309363,P0319
0.48583,0.033432,0.0577134,8.26184,0.5297510921955109,1.0593013683076655,,,,,,,0.0026518961773273,0.049202579923067,-0.0008873331971699,P0320
1.46775,-0.088084,0.1483,7.0,1.0633204340934754,1.3007870480903905,,,,,,,0.0261835837805966,-0.5832939361538959,0.607605546079867,P0321
0.1408,0.00592,0.0359668,7.0,2.8240049203236897,1.6014109648815085,,,,,,,0.0932265861744469,0.926566116263254,-0.1259551090406603,P0322
0.9422,-0.076928,0.028389,8.97146,3.631506808598836,1.3612370523003492,,,,,,,-0.0091023762402024,0.0994828020000867,0.0162408941469038,P0323
-1.67036,0.026805,0.0508714,11.2189,0.4260141432285309,0.9037924416113812,,,,,,,-0.0356727070184691,0.6675482590178037,-1.4778324659273494,P0324
-0.546957,0.25356,0.0277445,7.0,0.6702727476755778,0.5408947578381673,,,,,,,-0.0042680909907862,0.1682415956100739,-0.2946691655597533,P0325
-1.41732,0.030866,0.0295228,10.1282,5.318037100632986,0.9203600880659398,,,,,,,-0.0259723429455824,-0.561847052019546,0.8137187078173156,P0326
1.24762,-0.11218,0.14964,9.87434,0.7947832147280375,0.3363393741531468,,,,,,,0.0515553867808601,-0.1337459996841909,0.1154102409054758,P0327
-2.47558,0.071239,0.0490264,10.7339,0.4934730807940165,1.3750045827996369,,,,,,,-0.0194221629264964,-0.025392720563496,0.1421742481688852,P0328
-2.56473,0.075158,0.0490264,10.7339,0.4934730807940165,1.3750045827996369,,,,,,,-0.0171609745987188,0.3473857216813703,0.2391308935839333,P0329
0.78087,-0.063076,0.0640348,7.0,1.4851600567499796,1.1500459529540523,,,,,,,-0.0433140250324308,0.0508063621819353,-0.1988407952812849,P0330
-0.07521,0.022295,0.0371716,7.79338,0.4530555168787638,0.5147133934928456,,,,,,,0.0005826361518739,-0.0195730480666589,-0.1541742815170437,P0331
-1.00094,0.084192,0.0147017,11.5,1.319878876209259,0.9302050247354112,,,,,,,0.0070047457189596,-0.0394566362889399,0.0691280332175665,P0332
-1.93908,-0.090364,0.0174568,9.74865,2.1104958136876424,1.2383590533248667,,,,,,,-0.055779945154963,-0.1769090905182271,-0.0256800600182032,P0333
-0.046048,-0.113423,0.0102219,7.0,2.231952691078186,0.7819491333237464,,,,,,,-0.0065427387417784,-0.0462620987385925,0.0151582395264995,P0334
0.75555,-0.010924,0.022645,9.13095,1.0257484634717309,1.7584869097702949,,,,,,,0.0418186543131006,-0.3961514856926627,-0.7449628103277064,P0335
-2.4632,-0.044303,0.022204,10.8379,5.432549234231313,3.2230943801133085,,,,,,,0.0259956947348549,-0.211575433343051,-0.0714248271251563,P0336
-2.79197,0.012243,0.022204,10.8379,5.432549234231313,3.2230943801133085,,,,,,,0.0123582117671404,-0.1386834805158741,0.0984715599697665,P0337
0.26837,0.15147,0.021174,10.7706,2.7015084942181904,0.7472243332086691,,,,,,,0.0264887518635738,-0.2076277716939796,-0.2109460374340415,P0338
-0.148779,0.057782,0.021174,10.7706,2.7015084942181904,0.7472243332086691,,,,,,,0.0477548476460825,-0.4616750400562499,0.5440706638037227,P0339
-0.486661,0.056867,0.021174,10.7706,2.7015084942181904,0.7472243332086691,,,,,,,0.0433775186720441,-0.5872331033330989,0.1189769678167067,P0340
0.73538,0.00834,0.0222801,10.5159,1.2454327583312987,0.8541954695168945,,,,,,,0.0459490191385908,-0.219915699793885,-0.0208791536424541,P0341
0.70449,-0.02851,0.0222801,10.5159,1.2454327583312987,0.8541954695168945,,,,,,,0.0079005359964556,-0.1130291633073508,-0.011035427218303,P0342
1.20679,0.028589,0.11158,9.88465,0.5756678223609925,0.7810228620035476,,,,,,,0.0021532579998273,-0.1751200628079776,-0.0906191165850032,P0343
0.47024,-0.022127,0.0218071,7.0,4.678337081273397,1.1717615188195267,,,,,,,0.0067126861862891,0.1206393657696087,-0.3398236055581947,P0344
1.9832,-0.016921,0.10125,7.0,1.3253990133603415,0.54071239253045,,,,,,,0.0029194909611005,-0.0675795156518681,-0.0514323874158435,P0345
0.34568,-0.016581,0.0329468,8.34246,0.4929143567879995,1.526599847510497,,,,,,,-0.0147725112990925,0.242485373330561,0.0949710532731842,P0346
0.68284,0.044782,0.0329468,8.34246,0.4929143567879995,1.526599847510497,,,,,,,-0.0359316263012095,0.1390737615520123,0.0941253486525965,P0347
0.80072,0.027298,0.0196324,8.18544,3.1217899680137635,1.1823963307283565,,,,,,,0.0048632767333442,-0.2196120533784611,0.2293247543566394,P0348
-1.51814,0.11405,0.14106,10.1999,0.8397892514864603,4.941805613948527,,,,,,,-0.0228938481839159,-0.0875851404000469,0.1722709285459132,P0349
-0.432206,-0.093006,0.0225968,8.813,4.193200902144114,1.179260546503584,,,,,,,0.0421347574006369,-0.0495434119466758,0.0345791501385974,P0350
-1.36612,-0.015239,0.0809657,10.7951,0.5315768380959829,1.4027193288137525,,,,,,,-0.0009893329799757,0.221171322581237,-0.3241239811104606,P0351
-2.32675,0.21149,0.00965878,9.91542,3.574513145287832,2.879839353589392,,,,,,,-0.0542752323302694,-0.3227783968844324,0.0039261448400793,P0352
0.43976,0.044848,0.11701,8.53565,1.3950037002563476,0.8144610288240358,,,,,,,-0.0590324181332425,0.1954963127497178,-0.0043660439550876,P0353
0.52115,-0.11565,0.0594052,7.0,1.777078815301259,3.332137277000235,,,,,,,-0.0176514941971477,0.1505370569174012,-0.1144876436446793,P0354
-0.498481,-0.000898,0.10377,10.7671,0.6573708534240723,0.9722450530480434,,,,,,,0.0064244738288167,-0.5544370301007973,1.3512953260724316,P0355
1.22828,-0.036617,0.0654106,9.22547,0.5589061379432678,0.5886150296285357,,,,,,,0.0005927248379585,-0.5733639432789672,-0.4793892603192944,P0356
-0.512147,0.1744,0.0653841,9.22547,0.5588784674803416,0.5887414240914881,,,,,,,0.067335605884437,0.0487785129408872,-0.3521862416018848,P0357
-0.112692,-0.004958,0.0435667,9.5093,2.4988922238349915,0.8065115010962814,,,,,,,-0.0255078718317468,0.2402271710332197,-0.2934341708678403,P0358
0.40579,-0.012123,0.01493,9.63941,2.0993505994478863,0.6354195131274132,,,,,,,0.0114566654770176,0.0317195926176995,0.0077483874265453,P0359
0.53061,-0.068213,0.01493,9.63941,2.0993505994478863,0.6354195131274132,,,,,,,0.0213499395847417,0.0503596516001676,-0.0518522928468883,P0360
-2.04912,0.067637,0.0509081,10.4495,1.5328553716341655,3.7565640970292047,,,,,,,0.0140191007399101,-0.0999749041668796,-1.237164918151393,P0361
1.12918,-0.005445,0.0250197,10.4738,4.738225869337717,1.332260940191785,,,,,,,-0.0029882712314137,-0.1469180941898681,-0.2163697975192917,P0362
-0.782527,-0.04336,0.0135209,11.1921,2.672518670558929,0.9695049888823593,,,,,,,-0.0253330118639991,0.0221793641878504,-0.5148908184783068,P0363
-0.998087,0.010966,0.0135209,11.1921,2.672518670558929,0.9695049888823593,,,,,,,-0.0231794426476361,0.2640730113222223,-0.3357492398718023,P0364
0.87267,-0.069691,0.0263781,8.21725,0.7263074576854706,1.500378871366468,,,,,,,-0.0025099856070543,-0.0038043159857189,-0.1147196348319994,P0365
0.38747,-0.060615,0.0276121,9.73321,7.630825221538544,0.9167397188526888,,,,,,,-0.0080642008929326,0.3488419923497184,-0.6096397305591381,P0366
0.6502,-0.096976,0.0455357,10.1971,2.3068395992120108,0.6540286048066934,,,,,,,0.0576547497045022,0.0026240652866693,-0.0584929455726523,P0367
1.04468,-0.087507,0.0455357,10.1971,2.3068395992120108,0.6540286048066934,,,,,,,0.0021317967657986,-0.1239114624157328,0.3226182255821186,P0368
0.42486,-0.070908,0.0455357,10.1971,2.3068395992120108,0.6540286048066934,,,,,,,0.015927925556493,0.1104360719596752,-0.4002242672358989,P0369
0.37785,-0.125246,0.0577757,7.58621,0.4479689419269562,1.331592202839601,,,,,,,0.0230965096150003,-0.0937709129462324,0.0525624366709962,P0370
0.31545,-0.149234,0.0297117,10.3728,6.112088465690613,3.023746942654858,,,,,,,0.0087728674233734,-0.006796159462575,-0.0190516855145688,P0371
0.39564,-0.14861,0.0297117,10.3728,6.112088465690613,3.023746942654858,,,,,,,0.0244096683535063,0.17632506817528,-0.0879917854836094,P0372
0.33607,-0.056199,0.0297117,10.3728,6.112088465690613,3.023746942654858,,,,,,,0.0023582464562182,0.1707693868734834,-0.1111005129641853,P0373
-1.42754,0.042876,0.0195984,10.974,8.138160395622254,0.9753271525929332,,,,,,,-0.0075501224400914,-0.0141150951727309,0.1115200951389852,P0374
1.00327,-0.107568,0.019729,7.0,8.14074122508367,0.9751826374731322,,,,,,,0.0086959263491572,-0.1293535694664208,0.228560158800974,P0375
-0.271228,0.09128,0.0311734,9.55271,0.7990431547164917,1.1816994738474391,,,,,,,-0.0043552638591193,0.320397648753202,-0.4869838227605214,P0376
0.33862,0.032819,0.033686,7.0,0.7344031810760498,1.7105690801791016,,,,,,,-0.0078617046594103,0.0236473004514302,0.0973332625144394,P0377
0.71544,-0.128297,0.0120998,7.0,2.604866007963816,1.8900297249495948,,,,,,,0.0146202741499316,-0.1924475693679138,-0.0463510830595623,P0378
1.3638,0.037954,0.0571243,8.65931,1.7683319489161171,1.1602488112569946,,,,,,,-0.0150112917452897,-0.500376475992367,0.6000638742989395,P0379
-0.13142,-0.006157,0.0934993,9.36898,0.5340038021405538,0.4392372307151442,,,,,,,0.0325294174468992,0.169341151242584,-0.1157865358618437,P0380
-0.689247,-0.061404,0.0934993,9.36898,0.5340038021405538,0.4392372307151442,,,,,,,0.0310410489928227,0.2646414284961548,0.0337123423887533,P0381
-1.5665,0.026245,0.0608018,10.4235,0.4941759308179219,2.1341274503471785,,,,,,,0.0169484457601014,-0.2065590342648546,-0.1140727870588307,P0382
-0.3274,-0.113141,0.0934993,9.36898,0.5340038021405538,0.4392372307151442,,,,,,,0.0278615986815318,-0.0717479465828011,0.0129537236862233,P0383
-0.915129,-0.006368,0.0400918,10.4655,3.310323743025462,0.9388218441657612,,,,,,,0.0267136289023379,0.0873511226112528,0.007896063143562,P0384
0.21601,0.0523,0.15109,9.15925,0.3911987662315369,1.039882586433902,,,,,,,-0.1677397916825453,-0.1283979309032224,-0.919796118127124,P0385
0.074801,0.096088,0.0161382,8.41811,2.2130844632784528,0.7928253598108677,,,,,,,-0.0423251584027238,0.4678890683069294,-0.9819517772266408,P0386
-0.412737,-0.033322,0.0158608,8.41938,2.213109334309896,0.7929257377465753,,,,,,,0.0082051507443831,0.0108736860086321,0.1438463543599937,P0387
-0.288703,-0.077152,0.0158603,8.48686,2.213109334309896,0.7929257377465753,,,,,,,0.0348911791000249,0.2672523365193961,0.1446393661390175,P0388
-1.65619,-0.061326,0.0340683,10.9809,1.158674720923106,1.278382689859945,,,,,,,-0.000192474666353,-0.1614643255239281,-0.0172268720489228,P0389
-1.66703,-0.038479,0.0340683,10.9809,1.158674720923106,1.278382689859945,,,,,,,-0.0348955211531009,-0.1482692068670079,-0.0637693907337961,P0390
0.70895,-0.10281,0.0292324,7.0,2.0045389612515767,0.4566100240613295,,,,,,,0.0110938703824282,-0.0123716057553381,-0.0720101571787381,P0391
-2.2722,-0.103208,0.00963584,10.3104,1.8802473147710164,0.519222438718483,,,,,,,0.1421252773903824,0.8556808304196883,-0.2146307925213477,P0392
-0.318008,0.13662,0.00963584,10.3104,1.8802473147710164,0.519222438718483,,,,,,,-0.0222808298157152,0.1470238777144905,-0.2666967528930399,P0393
-1.67717,-0.052867,0.0330339,10.6831,2.634028979142507,0.8224686928104341,,,,,,,0.0016270804817724,-0.0252198936849372,-0.101614959174185,P0394
0.17315,-0.091254,0.0308673,9.35319,0.4373012761274973,0.471014730858007,,,,,,,0.0037101217332834,-0.217660739186032,0.0883606794959632,P0395
-0.609377,0.069316,0.0465803,10.2733,0.7535478631655376,2.4745773657191186,,,,,,,0.0285318582607542,0.0813908407123968,0.0004083184030605,P0396
0.62439,-0.027287,0.0283978,10.8634,7.466711922486623,0.9164591347855012,,,,,,,0.0054483854112817,0.3517375136541696,-0.4391477731260238,P0397
-0.676962,0.20097,0.0838552,10.3918,2.360020899772644,2.2907270615070674,,,,,,,-0.0660325091777926,0.1891913089141262,-0.5511506172406371,P0398
0.43188,-0.120033,0.00854963,8.61119,1.9876501441001893,0.8944877279759068,,,,,,,0.0096545417334729,0.787683788017788,-0.7889855747635011,P0399
-2.03886,-0.013533,0.0355061,10.5389,0.6640493432680766,1.089139621540129,,,,,,,-0.0162839446662345,-0.3096173431287834,-0.818174708278093,P0400
1.50783,-0.092071,0.026828,8.67964,1.3911911646525066,0.7575040908991267,,,,,,,0.0471079172132304,-0.257823196255174,-0.2900338432518765,P0401
1.27672,-0.016115,0.026828,8.67964,1.3911911646525066,0.7575040908991267,,,,,,,-0.0123742718997794,-0.2330015546533035,0.0337397209805203,P0402
1.55227,0.14443,0.026828,8.67964,1.3911911646525066,0.7575040908991267,,,,,,,0.229863650161492,0.219342883289318,-3.664071748738934,P0403
-0.158018,-0.027296,0.00942174,10.508,1.6901084264119466,1.6115603144870578,,,,,,,0.0237415256041445,0.1930686168118016,-0.0137392112301313,P0404
-1.91661,0.17486,0.0375157,10.5777,0.7872036576271058,1.3880197802861312,,,,,,,-0.0168368834330708,-0.2218981514499054,-0.7741499116600608,P0405
-2.6789,0.2078,0.0375157,10.5777,0.7872036576271058,1.3880197802861312,,,,,,,-0.0114402235474239,-0.08913530789567,0.3440904873714316,P0406
0.96417,0.16344,0.0588113,9.70579,0.9919626673062644,1.175773445358983,,,,,,,0.0533754322495045,-2.2425445259787438,0.8924500560751767,P0407
0.43692,-0.055584,0.0291768,8.49436,1.0713894685109455,0.7932737700186443,,,,,,,0.0208435052859815,-0.0265656743289858,-0.0304781384038506,P0408
1.66138,0.015337,0.0480734,10.9727,0.7910394271214803,3.652429567249997,,,,,,,-0.0110117787025277,-0.1465564947455633,0.0830615521626896,P0409
1.38983,-0.046336,0.0480734,10.9727,0.7910394271214803,3.652429567249997,,,,,,,0.0140460276913093,-0.0491435456742443,0.1217419978274847,P0410
-1.14563,-0.023271,0.0317787,10.9913,2.583070250352224,1.2089377748421186,,,,,,,-0.0265704652717189,0.8221705956822408,-1.170436999949743,P0411
-1.46792,-0.02295,0.0236917,10.1022,3.944384106000265,2.075052476071645,,,,,,,-0.009923044782208,-0.2758383969866027,0.216295799218642,P0412
-0.784696,0.002318,0.0594672,7.0,0.6228465557098388,1.1147438238392169,,,,,,,0.005295796745683,0.0998217650197512,-0.0730921459326054,P0413
0.037964,-0.04987,0.0342391,7.2614,0.4179746349652608,1.0851152365840542,,,,,,,0.094671373233426,0.0150970871980975,-0.1403891000154544,P0414
0.78251,-0.07121,0.0520682,7.0,0.4575291415055593,0.5335124171510763,,,,,,,0.0222959800632065,0.0812944063004519,0.0430162287302664,P0415
-0.065862,0.021976,0.0973434,9.81719,0.455814923842748,1.3202239901766897,,,,,,,-0.0028280175344241,0.0571237245565464,-0.1199577230872819,P0416
-0.697511,0.066694,0.0973434,9.81719,0.455814923842748,1.3202239901766897,,,,,,,0.0706633108626181,0.1388632956064449,-0.1958685047793551,P0417
-0.210051,0.054766,0.0973434,9.81719,0.455814923842748,1.3202239901766897,,,,,,,0.0499761667880869,0.6571998615490549,-0.3118273981745005,P0418
0.15615,-0.104397,0.0175178,10.1744,9.366881163914998,0.7257952003015642,,,,,,,0.0108256783361852,-0.1605317489651567,0.2047349367931019,P0419
0.24547,0.17494,0.0715845,8.47416,0.5099776546160381,0.9022662493601094,,,,,,,-0.0072747094242454,0.514561185729614,-0.4634782534703845,P0420
0.83709,0.053892,0.0235997,10.6915,0.6923611342906952,1.117206584906435,,,,,,,-0.0020120066886421,-0.7985744665345104,0.461208840359177,P0421
-0.435652,-0.130216,0.0668144,8.83614,0.4950299163659413,0.6636588202859239,,,,,,,0.02396047176839,-0.001375403620472,0.2923733902571257,P0422
-0.361526,-0.073397,0.0668144,8.83614,0.4950299163659413,0.6636588202859239,,,,,,,-0.0010444776640136,-0.2774781626783124,0.6438021101203049,P0423
-0.319979,-0.087572,0.0668144,8.83614,0.4950299163659413,0.6636588202859239,,,,,,,0.0007285064109639,-0.0261840440746847,-0.0959366971219424,P0424
0.78114,0.16057,0.0236045,10.9106,5.158104423681895,4.31898459186995,,,,,,,0.0141929605328904,-0.2919737274737067,-1.042791794599907,P0425
-2.10847,0.23987,0.0724582,10.9096,1.4435063163439432,2.0065208677094417,,,,,,,0.0100776218081465,-0.0831005376169287,-0.2053223913026158,P0426
-1.63665,-0.106486,0.0746751,7.97988,0.4405024031798045,2.985286283546612,,,,,,,-0.0032032665255921,-0.1347033275862439,-0.0924607081033173,P0427
-1.33707,0.065619,0.0774623,11.3017,0.4116829137007395,0.8033106130356418,,,,,,,-0.0032309048467001,-0.0010089753275857,0.0003322951306472,P0428
-0.242102,-0.098566,0.17,7.0,0.8732949495315552,3.651618201337268,,,,,,,0.0272016309697351,0.2328733910198951,-0.2105696964936214,P0429
-0.776049,-0.080131,0.0292082,9.29935,1.5693830728530884,0.7488861365234348,,,,,,,0.004948042655752,0.1291378383012843,-0.1678342027953476,P0430
0.14953,0.033306,0.0510806,11.031,0.8121136466662089,1.3506354225871384,,,,,,,0.0450676979642615,-0.0041800183626993,-0.0089712584376684,P0431
1.50904,-0.010084,0.0636272,10.3697,1.800639275709788,1.5147264232629254,,,,,,,0.0082997465526502,-0.1138132565487315,-0.0226199541502865,P0432
1.43934,-0.018126,0.0636272,10.3697,1.800639275709788,1.5147264232629254,,,,,,,-0.0003162607919558,-0.1840247159485151,0.1277220981064601,P0433
1.30814,-0.022145,0.0636272,10.3697,1.800639275709788,1.5147264232629254,,,,,,,0.0020985341664748,-0.1581968363983654,0.0346777807280886,P0434
-2.12399,-0.041435,0.0254885,10.2925,0.6518702745437622,1.3472540857790474,,,,,,,-0.0104336500555728,-0.1011404520333583,-0.0413349524606019,P0435
0.14801,-0.08227,0.0960493,10.4871,0.6055644293626149,1.3353758999116707,,,,,,,0.0464664518833166,0.1807053939099312,-0.1024888651227229,P0436
0.1767,-0.069418,0.0960493,10.4871,0.6055644293626149,1.3353758999116707,,,,,,,-0.0108016182244499,0.0140130600411187,0.0302631731756264,P0437
-1.27001,-0.076772,0.0745343,7.0,0.4567971765995026,1.277024410445072,,,,,,,-0.0053336773136207,0.0053579022848158,-0.073315068228112,P0438
0.19622,-0.092002,0.0316567,9.98914,9.473066409428917,1.105260889423787,,,,,,,-0.0296358787220631,0.0422096672797188,-0.1391409681600635,P0439
-0.139414,-0.065509,0.0316567,9.98914,9.473066409428917,1.105260889423787,,,,,,,0.0298509202853021,0.0471290238319944,-0.0078210826322902,P0440
-0.003834,-0.070904,0.0316567,9.98914,9.473066409428917,1.105260889423787,,,,,,,0.0018274911908575,0.072252639617049,0.0449866096096229,P0441
-0.966399,0.2265,0.0936689,9.90071,0.7556802709897359,1.3502806336311182,,,,,,,0.0009142856874579,0.4162288501694126,-0.0054357398694264,P0442
-1.88149,0.099105,0.0264772,10.7301,0.8027416825294494,0.9354074959187584,,,,,,,0.0149931913649392,-0.1706543078345255,-0.1883530564882676,P0443
1.97167,-0.032273,0.0294114,10.2137,0.6453261196613311,1.1907086132407447,,,,,,,0.0446700418665802,-0.5915699910404244,0.4931839669952751,P0444
-0.440798,0.004586,0.0174834,10.7887,0.4885665833950042,0.9631912371281688,,,,,,,-0.0430677895806018,0.5699845514932975,-0.9816920096709508,P0445
-1.53613,-0.014122,0.0245704,10.8022,0.4497877379258473,1.21781957556265,,,,,,,0.0071487143308157,-0.0383977566648041,-0.0646569469899986,P0446
0.22754,0.08478,0.0145775,10.3527,2.195405888557434,0.7904734628049611,,,,,,,-0.0037824834548307,-0.2361436753216797,0.2200766150344861,P0447
-2.20166,0.10992,0.0177903,10.5245,0.7396862109502157,1.3689356199659617,,,,,,,,,,P0448
0.38443,0.16289,0.0339377,11.1792,0.9088837146759032,2.227123808298849,,,,,,,0.0355717575771609,0.0976020239093602,0.1105118293489795,P0449
-1.01539,0.053166,0.01626,10.5989,1.6966281533241272,1.8326860551981077,,,,,,,0.058715455721796,1.1122554153862303,-0.5317446289118379,P0450
0.66261,0.042514,0.0120767,9.36646,1.961663266023,0.5653562788450359,,,,,,,-0.0297739194064001,-0.1663071175791153,-0.0531147692381637,P0451
1.16607,-0.099116,0.0823755,7.95752,0.3979541579882303,1.130803471937403,,,,,,,0.0077685226382659,0.1751033778065513,-0.6962813074424048,P0452
-0.021703,0.006798,0.0774664,10.0517,0.4366693059603373,0.6584327670418255,,,,,,,0.0016863258841266,0.2015353723898766,0.038375616641133,P0453
-1.30843,-0.033307,0.0603514,11.2701,0.5174747288227082,0.7388528802535311,,,,,,,-0.0150561281264607,-0.0504835849367746,-0.0556102570699295,P0454
0.97889,0.20461,0.059207,10.3341,0.513921062151591,0.8084055920680234,,,,,,,0.0298244779104216,-0.0318137836021611,-0.3244283629173878,P0455
-0.88688,0.064272,0.0208491,10.2177,1.1845600962638856,0.9346851019621676,,,,,,,-0.0214366721009621,-0.0062319233269588,-0.0498411285225302,P0456
-1.34003,-0.026148,0.0278596,11.2163,1.583081265290578,0.9661311737948514,,,,,,,-0.0220134451061237,0.0454195985110816,-0.0575503924192162,P0457
1.27062,-0.007815,0.0201236,8.87386,0.7145677109559377,0.9189524561817244,,,,,,,-0.1969852891004904,-0.4404842762809356,-0.7679864123492735,P0458
-0.841401,-0.034882,0.0619387,7.0,0.4850067993005116,2.425200801796009,,,,,,,0.0394224990206297,0.1241056265505232,0.1570118978343089,P0459
0.32358,0.086425,0.016738,9.07466,0.5570928037166596,0.7212241778157302,,,,,,,-0.0130945997836558,0.1334304695339177,-0.1125531703000888,P0460
-1.76764,-0.020436,0.0281744,10.9323,1.826396377881368,0.8202002537036952,,,,,,,0.0079616139222426,-0.2047825134958976,-0.1636872637172928,P0461
0.82071,-0.056094,0.13795,9.6179,0.92408477862676,0.7470067314622761,,,,,,,0.0302241994749204,-0.0947710997078351,-0.0327289396518608,P0462
0.19005,-0.056015,0.0727505,9.91749,2.366019395987193,2.0718471298329706,,,,,,,0.0063132345844619,0.1708665155628946,0.0506971622235141,P0463
0.84206,-0.087344,0.10965,7.0,0.8902975877126058,1.3651491878057769,,,,,,,0.0185880640253792,0.0294904558231987,-0.0759175776474876,P0464
-2.02735,-0.115244,0.0646491,10.6465,1.649273689587911,0.7140536966351344,,,,,,,-0.0126792361635741,-0.0048270470664264,-0.937493835161149,P0465
0.007502,-0.062035,0.0400056,7.97207,0.7860186417897542,0.6428353891043982,,,,,,,0.0032911805154826,0.461282889955646,-1.6187744624185143,P0466
-0.316156,-0.027815,0.0651576,8.80558,0.5044923702875773,2.203320011956697,,,,,,,0.0034558479922158,-0.4439353263161872,0.8134798762694118,P0467
-1.24846,0.038781,0.0472282,10.3255,0.5246167937914531,0.7815931696884306,,,,,,,-0.0070921557544045,-0.14116540600282,0.494269631577481,P0468
-1.42181,0.052068,0.0472282,10.3255,0.5246167937914531,0.7815931696884306,,,,,,,-0.0148122908765247,-0.0234534198222073,0.0291954729982535,P0469
-1.65809,0.071029,0.0472282,10.3255,0.5246167937914531,0.7815931696884306,,,,,,,,,,P0470
-0.336729,-0.090459,0.0398663,10.6826,0.4444522599379221,0.596463333326435,,,,,,,0.0121165702468857,0.1145473087041724,-0.1518508801163989,P0471
1.07786,-0.016333,0.0587575,9.52589,2.167136776447296,1.4663195629914605,3.9414703845977774,,,,,,0.0089691368730465,-0.0073017774368435,0.0736788807116681,P0472
0.62311,-0.127449,0.0268325,10.0329,4.11656889518102,1.1825092673301696,0.4821626543998717,,,,,,0.0074292219376695,0.0117373743406145,0.0399460169064695,P0473
0.86084,0.040146,0.0227185,7.0,6.291159125169118,1.159379975994428,0.6383759379386902,,,,,,-0.0135410897040208,0.2390306954687748,-0.0508532863968866,P0474
-1.7723,-0.09905,0.0716183,10.685,0.3968472063541412,1.335254074136416,3.992748975753784,,,,,,-0.0117863551066953,-0.2032708083032193,-0.0117669632745673,P0475
0.50174,0.027979,0.0245505,10.7658,1.3372774958610534,1.2143075654904048,2.8798537254333496,,,,,,0.0261930790639085,0.1284462329465773,-0.10266524200415,P0476
-0.702146,0.045816,0.0231664,10.3471,1.5465144832928976,1.3654601593812308,1.9486122131347656,,,,,,0.0476606459609979,-0.2153349052084714,0.2987805779121117,P0477
1.05225,0.054686,0.10526,9.46113,0.4340846518675486,2.80007537206014,1.9958046674728396,,,,,,-0.0011771172630412,0.482675644658237,-0.609646035147307,P0478
-1.43085,-0.076494,0.14867,10.0401,0.5662043988704681,2.0415078421433765,7.833245277404785,,,,,,0.0246241176748257,-0.0520139854885621,-0.4636269576949416,P0479
0.51757,-0.069695,0.0819047,10.4738,0.5655863066514333,0.5746422410011292,1.3609247207641602,,,,,,0.0034367268568608,0.0354868913308571,-0.2641992883363855,P0480
0.16331,-0.198625,0.0548974,10.7576,1.5669481952985127,0.9371983697017032,3.316006965702257,,,,,,0.0555121912974684,-0.1742050939086712,0.1884594216389814,P0481
-1.99511,0.20113,0.0098375,11.5,0.5313590029875438,2.297578204671542,23.377310404190965,,,,,,0.0169396222148583,-0.0146864802967336,0.2230535983035224,P0482
-0.730586,0.16249,0.00522305,11.4959,0.5337561388810476,2.118386883536975,19.4157811272058,,,,,,0.0072179054147684,0.1570541979555215,-0.1735598534651217,P0483
-0.461572,0.25869,0.00522305,11.4959,0.5337561388810476,2.118386883536975,19.4157811272058,,,,,,0.1651991584486251,-0.4780556915544642,3.930830659235653,P0484
1.09055,-0.037134,0.059335,7.0,0.4588421483834584,1.2902085413535436,1.8981759887820344,,,,,,0.0023809706436977,-0.2290986842241619,-0.0014479197197942,P0485
1.124,0.040009,0.0212022,10.9334,0.9947895427544912,0.6831611126661301,1.058595271846945,,,,,,-0.032634334541109,0.371751585347813,-0.7318441866300418,P0486
0.83388,0.033608,0.0212022,10.9334,0.9947895427544912,0.6831611126661301,1.058595271846945,,,,,,0.0169358665267768,0.2630738361904439,-0.0636401119409129,P0487
-1.60696,-0.027281,0.0195936,11.2896,0.6151944537957509,0.6834351350863774,4.022154647132353,,,,,,0.0113518172272297,-0.0836943115386414,0.2317262684591696,P0488
1.3617,0.065589,0.0212494,9.28082,2.134381639957428,0.996665757894516,0.7603201054478937,,,,,,-0.0071531246044017,-0.0688477423542608,0.0206260737395496,P0489
-0.018273,-0.038482,0.0313373,10.638,0.9018343210220336,0.8376967519521713,1.366452607691396,,,,,,,,,P0490
-1.2054,-0.056702,0.0292147,10.4344,0.8428419788678487,0.8105106999476751,1.925749814302273,,,,,,-0.0075885894601258,0.0218947006839151,-0.0099176431976957,P0491
-1.07849,-0.102398,0.0292147,10.4344,0.8428419788678487,0.8105106999476751,1.925749814302273,,,,,,-0.0086962305376868,0.1580824382877237,0.0773669812915613,P0492
-1.4426,-0.054047,0.0292147,10.4344,0.8428419788678487,0.8105106999476751,1.925749814302273,,,,,,-0.0223134393095873,0.0326480639295587,0.0537743814857094,P0493
0.30314,0.070684,0.0430539,10.8988,0.7515674908955892,1.0179463466008505,2.337254149209464,,,,,,0.0657735462447975,-0.1658761635036233,0.1411067464068764,P0494
0.22867,0.083887,0.0430539,10.8988,0.7515674908955892,1.0179463466008505,2.337254149209464,,,,,,0.0643317563772917,-0.5256068352379445,0.6321657067892374,P0495
0.18417,0.064411,0.0430539,10.8988,0.7515674908955892,1.0179463466008505,2.337254149209464,,,,,,0.0567358350065715,-0.6386275586284307,0.8384538984901155,P0496
-1.75496,0.24188,0.0321661,11.5,2.064983191092809,1.737108959754308,3.0645200505238885,,,,,,-0.027201617251913,-0.1350399795857924,-0.700087243305461,P0497
-1.28742,0.011862,0.0420214,10.2789,1.4350245634714762,1.0462507605552671,1.5442551084087364,,,,,,-0.0171582811274034,0.030511405747041,-0.2250779769674409,P0498
-0.127194,-0.102111,0.0940993,9.60754,2.2520264744758607,1.3684747060139977,1.551319850735044,,,,,,-0.0109830159380316,0.1631060150595389,-0.2899021060511586,P0499
-0.777601,-0.103919,0.0261803,8.98332,0.44875368475914,1.3375236481428143,1.9267013776938515,,,,,,0.1020556658595864,-0.3057735999274684,-0.3912122360125067,P0500
0.8256,-0.057822,0.00952833,10.078,2.066962110996246,0.92670921087265,2.908054897717995,,,,,,-0.0068184914465791,0.1104077680144882,-0.2569431088777492,P0501
-0.301281,-0.082751,0.0412535,7.0,0.7701823989550273,1.0241994599501292,1.011845214396137,,,,,,-0.0112120117494081,-0.0132214763017979,-0.0624249530446832,P0502
-0.171952,0.03606,0.0552784,10.183,0.4699483891328176,1.7146602332592011,1.2102760851463956,,,,,,0.0233325249114926,-0.0106256616739626,-0.3234837124909973,P0503
-0.46389,0.023112,0.0552784,10.183,0.4699483891328176,1.7146602332592011,1.2102760851463956,,,,,,0.006370531198134,0.3549620015718679,-0.7166693479011883,P0504
0.36029,0.013262,0.0777647,10.9133,1.3406420310338338,1.1478434830904007,5.631710672202429,,,,,,0.0298952910180777,0.0781370669013559,-0.0369975330249872,P0505
1.49117,-0.039578,0.0468263,8.01111,1.291156383355459,0.760171131292979,0.843741189313981,,,,,,-0.0252125936415017,-0.0608304468884393,0.0386443750394391,P0506
-1.42383,-0.106375,0.011932,11.1124,2.3642378052075705,0.929345945517222,1.0759891675103377,,,,,,-0.0030745974110275,0.0319580537756301,-0.1244291530310874,P0507
-0.409321,-0.031578,0.00699953,9.61222,2.122104736169179,0.9800535082817078,2.182513343897531,,,,,,-0.0064709751381702,-0.2658193543933576,0.1438969283917686,P0508
0.21503,-0.0745,0.0119043,8.98827,0.626740159591039,0.7413274814685186,3.92375154868128,,,,,,-0.023661123343443,-0.5121198374625893,0.4201504647717229,P0509
1.00077,0.12338,0.28494,10.7402,0.56353693207105,0.6431314796209335,0.4756123994375645,,,,,,0.0754243759842882,-0.2763620834416697,0.409403357989504,P0510
1.25446,0.15406,0.28494,10.7402,0.56353693207105,0.6431314796209335,0.4756123994375645,,,,,,0.0609099331245277,-0.1173529517788862,0.3102615594034432,P0511
-1.93734,0.044949,0.0386548,10.0948,1.73816473086675,1.145884942015012,3.529953183621076,,,,,,0.0042283118015756,-0.1977944941611717,-1.4782597777448243,P0512
-2.51403,0.14701,0.0386548,10.0948,1.73816473086675,1.145884942015012,3.529953183621076,,,,,,0.0598955451727671,-0.0997757962827354,0.2715984405076597,P0513
-0.669639,-0.055939,0.0294079,9.55707,0.7045514782269796,0.5490032831827799,1.1485199235584151,,,,,,,,,P0514
-1.48661,-0.044974,0.0243463,11.1311,1.0143207907676697,1.1245431661605836,1.3976681929366568,,,,,,-0.0099826296516823,0.0927141155280071,-0.1104511759767774,P0515
-1.25791,0.003104,0.0243463,11.1311,1.0143207907676697,1.1245431661605836,1.3976681929366568,,,,,,0.0091319532532093,0.0570611308782689,-0.0875883056141901,P0516
-1.37868,-0.028016,0.0243463,11.1311,1.0143207907676697,1.1245431661605836,1.3976681929366568,,,,,,-0.0089730223359727,0.1331584184544341,-0.1972943854052573,P0517
0.83599,-0.028927,0.0245107,9.09468,1.516529115041097,0.7483247876167297,0.6164884889182217,,,,,,-0.0076561520605032,-0.2727949472790641,0.0520569527943735,P0518
0.33544,-0.115009,0.0579897,8.8988,0.5678842882315318,0.4336916804313659,1.2758452471959196,,,,,,0.0018652061723202,0.0988524231600102,-0.1925145971981692,P0519
-0.090751,-0.08068,0.0389139,10.4808,0.8028244177500407,0.8198944211006165,1.4553893399870348,,,,,,0.0309551854729444,0.0632789937642227,0.1812527601287001,P0520
-0.668765,0.27902,0.12544,10.8407,0.6978360414505005,1.2822644571463266,6.681718070692279,,,,,,0.0392936035227688,-0.0097742376789933,0.1299359431141056,P0521
-0.251932,0.027296,0.0131774,8.76504,3.822557250658671,1.9208680629730224,1.712835486825879,,,,,,-0.0070604805912575,0.1211520432407288,-0.0588207267792313,P0522
0.42134,0.021543,0.0131774,8.76504,3.822557250658671,1.9208680629730224,1.712835486825879,,,,,,0.0377914263258497,0.160531769399446,-0.5310980222784565,P0523
0.5932,-0.159366,0.0477731,10.3011,2.287182533740997,0.6871173441410064,0.5960594624069188,,,,,,0.0176364630873426,0.2549609590882468,-0.1210654979586252,P0524
-0.140482,-0.161762,0.10369,10.4696,1.2130042870839437,1.6889839907487234,2.0930964010789066,,,,,,0.0493874713099038,0.0698860404226459,-0.0400056607759324,P0525
-0.205011,-0.130539,0.10369,10.4696,1.2130042870839437,1.6889839907487234,2.0930964010789066,,,,,,0.0066259651438685,0.0658622214399247,-0.0552534697199007,P0526
1.79713,0.028141,0.0264046,10.6105,0.4621726055939992,0.5278950999180476,2.825234632170878,,,,,,0.0905065959991954,-1.1050673093452257,3.184249863945297,P0527
-1.11399,-0.098536,0.0190066,10.49,0.677059159676234,0.5553018480539322,0.8942864243981213,,,,,,-0.0153269587919682,0.0752642907361191,-0.1509262754188967,P0528
-1.16049,-0.126797,0.0190066,10.49,0.677059159676234,0.5553018480539322,0.8942864243981213,,,,,,-0.0110632831702332,0.186502739813735,-0.1381978701319894,P0529
0.51225,-0.069085,0.029599,10.9397,0.6891368746757507,0.7210534234841665,0.7805610400004444,,,,,,-0.0051051612315208,0.1217212410106706,-0.1395363073970656,P0530
-1.03269,0.15241,0.0273815,10.1437,2.0917516350746155,0.9059408873319624,1.7395793877401509,,,,,,-0.0321823247778839,0.672140802106665,-3.224831652798457,P0531
-1.09542,0.048082,0.0427439,7.0,0.4979659597078959,0.7408589790264766,1.6512984651060063,,,,,,-0.0197163508027,-0.2661702249160766,-0.077133429935202,P0532
-0.735787,0.09667,0.0173813,10.4839,2.4206504185994464,0.8616739799578984,1.212850873996048,,,,,,0.0293465495786531,-0.028868287244933,0.0855581134965177,P0533
0.8864,0.023002,0.0143507,10.2024,2.62784526348114,0.969180581967036,0.6486094526936037,,,,,,-0.0089215284376938,0.0404804909619542,-0.1105359531502472,P0534
0.59667,0.12826,0.0672868,9.08368,0.6403124451637268,0.6611004799604416,3.103129416254269,,,,,,-0.0078575364895806,0.1555122004501876,-0.5376245479928912,P0535
0.81322,0.065043,0.0731942,10.0957,0.4472037593523661,1.6649236669143042,0.7597441714667382,,,,,,-0.0047635861288249,0.034920800572114,-0.0201660218663164,P0536
0.80323,0.071739,0.0731942,10.0957,0.4472037593523661,1.6649236669143042,0.7597441714667382,,,,,,-0.0076040912715009,0.0881777629173237,0.0355068222488625,P0537
-0.229019,0.054822,0.0456106,10.1423,1.9966178337732952,2.586559768517812,4.234077066343065,,,,,,0.0221098926543018,0.057550652642682,-0.634333600406535,P0538
-2.29268,0.24948,0.0315788,11.1077,1.3229448994000752,0.5316568205753962,4.848520273972782,,,,,,-0.0050269933952156,-0.7420629695196768,-0.2526152531281695,P0539
1.82151,0.17557,0.0154495,9.50928,3.342334910233816,1.3786525557438531,3.5680934493653758,,,,,,-0.0132729581178559,-0.4338786634283633,1.144366763459402,P0540
-0.152679,-0.019262,0.0855074,10.1459,0.7344640751679739,0.7460804462432862,0.6064258838814617,,,,,,0.0266191627122043,0.0201639368344696,0.1085601254089851,P0541
-0.627251,0.058669,0.0175696,10.3635,1.561619234085083,0.9286248683929444,0.933052218004828,,,,,,0.0106276351391583,0.0559531899326952,-0.4807653389361803,P0542
-2.07235,-0.076635,0.11791,10.8038,0.789659341176351,1.627420421441396,2.618803602769669,,,,,,0.0082024541181484,-0.0994704605855587,-0.1804379686145694,P0543
0.22915,-0.085933,0.0137576,8.79586,1.113227121035258,0.7343744258085887,0.5852295084957274,,,,,,0.0221455713377943,0.127036099829037,0.3917958469173754,P0544
-0.452709,-0.052286,0.15688,10.4968,1.147041110197703,0.8073484738667805,1.3678818261136592,,,,,,0.0184021076606573,0.0732499551650056,-0.3766483796425746,P0545
0.098192,-0.189571,0.11306,8.86794,0.7429940223693847,1.7966047286987306,7.542778958585959,,,,,,0.0289432254639374,0.2157006192555222,0.04426481777773,P0546
0.85504,-0.083511,0.11306,8.86794,0.7429940223693847,1.7966047286987306,7.542778958585959,,,,,,-0.032414130031773,0.435458709394364,0.031781640711415,P0547
-1.53188,0.21412,0.0785293,11.3036,2.010021464029948,1.1479378441969554,2.365782665226832,,,,,,0.1044357090933727,0.0610521893418025,-0.8109402068876079,P0548
1.54158,-0.052529,0.0247216,10.227,0.5230069100856781,1.803806189695994,0.9249262642613004,,,,,,-0.0353800904159169,-0.4362590244766273,0.45805502316216,P0549
-1.39482,0.20526,0.0393227,11.2439,0.488623027006785,0.4373992661635081,4.349531214027317,,,,,,0.0327202604474231,-0.8256511146274457,2.977511486140429,P0550
-0.139619,-0.125294,0.17693,9.96056,0.5441698968410492,1.045401692390442,0.8856538017594775,,,,,,0.0779236110148878,-0.0228396147349635,-0.0330718013574369,P0551
-0.491218,0.092859,0.0419285,10.765,0.6725064992904664,2.7390312204758325,1.4440494627681564,,,,,,-0.0029905650055793,0.0375578016983789,-0.24584469988622,P0552
-0.008242,0.086894,0.0419285,10.7289,0.6725064992904664,2.7390312204758325,1.4440494627681564,,,,,,0.1018612407761481,-0.1200654808401815,0.0107111447068746,P0553
-1.51339,0.031814,0.0255124,10.2173,5.223893523216248,1.1355824321508408,0.693256772338951,,,,,,-0.0435446963755476,0.1821542370020912,-1.293260882339382,P0554
0.49532,-0.007576,0.018092,9.51083,1.868762481212616,1.1925345877806346,0.4938240383654124,,,,,,-0.0091911752950002,-0.2422641465380819,0.1819017566813272,P0555
0.79388,-0.120564,0.19921,10.7564,1.244573672612508,0.9344667504231136,1.1686927058179968,,,,,,0.0219559438454741,0.0422567659197163,-0.0527532945634448,P0556
0.012403,-0.070943,0.0109,7.0,1.266516844431559,0.9845250427722932,2.1774691687356644,,,,,,-0.0096978083398374,-0.0564565971603539,-0.075445184847922,P0557
1.50732,-0.047187,0.071218,7.94021,0.3904022693634033,1.3287423839171728,1.3978522223477898,,,,,,-0.0549586905037641,0.6076270781695605,-2.1307287074741907,P0558
-0.590345,-0.041141,0.0138128,9.65851,2.1016947507858275,0.899063382546107,0.6568572411035222,,,,,,-0.0219210748385944,-0.1087353803108799,0.1048455594864208,P0559
0.18381,-0.0755,0.0308616,9.9461,0.6965400020281474,0.928510880470276,0.6075579416229593,,,,,,0.0224460840180906,0.2433967747677904,-0.088235953291587,P0560
-0.463779,-0.090516,0.0308616,9.9461,0.6965400020281474,0.928510880470276,0.6075579416229593,,,,,,-0.0176275133283587,0.4950425074435842,-0.8376175581870484,P0561
-1.33287,-0.128394,0.0794811,7.0,0.7168578624725341,1.1469024697939554,1.1709153712197673,,,,,,0.0592870296445769,-0.1652445191451679,0.058956139080692,P0562
-1.4815,0.24238,0.0108821,10.5613,2.5043408989906317,1.460204643011093,1.9105109837819436,,,,,,0.0083687795367846,0.0527581481960592,-0.0638475507439579,P0563
-1.20109,0.19738,0.0108821,10.5613,2.5043408989906317,1.460204643011093,1.9105109837819436,,,,,,0.0303264469450743,-0.2518261304838312,0.2728688965144101,P0564
-2.1933,0.009815,0.038339,10.793,0.4942283372084299,1.4898019353548686,0.8508732857593356,,,,,,-0.0224893057376671,-0.2120427698152078,-0.7272530032569193,P0565
0.080205,0.18318,0.0719245,7.0,0.4362802823384603,2.113770906130473,0.508895942789247,,,,,,-0.0037238979727642,0.2450285787623995,-0.6699362062863656,P0566
0.52295,-0.099791,0.0383887,10.099,0.751105026404063,2.683554343382517,3.7599184348169032,,,,,,0.0224685013299623,-0.0813481726551607,0.0520950769932824,P0567
-0.520479,-0.047118,0.028725,9.49238,1.0072481830914817,1.132463253537814,1.5441319644188414,,,,,,0.0372919159510875,0.1697439334941343,-0.1980417687518638,P0568
1.78553,-0.042863,0.0546999,11.1794,0.6081054329872131,1.5603789329528808,0.7399424181558107,,,,,,0.0018762635181033,-0.1965643136756769,0.1261006249042111,P0569
1.71263,-0.030117,0.0546999,11.1794,0.6081054329872131,1.5603789329528808,0.7399424181558107,,,,,,-0.0177431374246434,-0.2110492803227135,0.2017236512037925,P0570
-1.00742,0.016022,0.0226062,10.678,2.7396790663401287,0.8841981917619706,4.611679189721281,,,,,,0.0523224730818081,0.4043179927032561,-0.5641155059929588,P0571
-1.00508,-0.096867,0.0626788,10.4701,0.4245780249436696,0.459751495718956,0.4219573619362463,,,,,,-0.0043743777543427,-0.1655884381631553,-0.0431516026219469,P0572
0.56778,0.056405,0.0374655,8.86694,1.621769865353902,1.021008734901746,2.6325983538165487,,,,,,-0.0320596450999596,-0.0397361254901579,0.0678941414080327,P0573
-0.411462,-0.104639,0.0912795,8.21426,1.2718276699384057,1.7094115416208904,2.1474657778460604,,,,,,0.0128699485895891,0.2403982352633459,-0.2975889854496927,P0574
-0.553643,-0.034681,0.0912795,8.21426,1.2718276699384057,1.7094115416208904,2.1474657778460604,,,,,,0.0437130824900794,0.310458983203639,-0.3132136117055779,P0575
-1.83186,0.020595,0.0679254,10.8943,0.672510548432668,1.383729346593221,0.8493117186903716,,,,,,-0.1361239800639305,0.1628302041869704,-2.493030228833959,P0576
-2.0681,0.005897,0.0390832,10.5735,0.7093868772188823,2.5328187803427378,2.4568428403279183,,,,,,0.0181105859875073,-0.1902113940807224,0.1314539744926151,P0577
0.035543,-0.026254,0.17054,9.17934,0.879273784160614,4.086449523766835,4.206893379770754,,,,,,0.0290229692386381,-0.1174948121311707,0.1027413517658715,P0578
-0.124259,-0.068868,0.0199023,10.8351,1.3143393039703368,1.0220531900723775,1.0159910200192113,,,,,,-0.0044865900931106,-0.0220728955005547,0.0670227358568809,P0579
-0.531568,-0.060189,0.0199023,10.8351,1.3143393039703368,1.0220531900723775,1.0159910200192113,,,,,,-0.0508434737483059,0.4934743118757105,-1.978484762366861,P0580
0.49771,-0.117726,0.0386775,8.07746,0.8937362353006999,0.6984681198994319,1.3458021233091138,,,,,,0.0058079235379559,0.0670824563235333,-0.0122694124147528,P0581
1.4631,0.012273,0.05523,9.7066,0.5043333053588868,0.5781922072172165,2.547219779916351,,,,,,0.2097707491003581,-0.7933060572337252,2.38092393023544,P0582
-1.93144,0.25164,0.0758522,11.4466,1.0857179284095764,0.4427052239576975,0.9337102357837292,,,,,,0.0379232735149567,-0.1917854582864386,0.0078094667987897,P0583
0.46163,-0.139538,0.00758106,10.123,2.389991283416748,1.0781525055567422,2.1696629618149097,,,,,,0.0567902320320136,0.3122113765879791,-0.2521014976809965,P0584
0.71931,-0.132215,0.0366807,8.26419,1.3455270131429036,0.4551206211249033,6.950787375251012,,,,,,-0.0166226816332918,0.0128413562014312,0.3532213739526924,P0585
-1.06429,0.05253,0.026422,10.1408,1.4417178829511006,0.680188857515653,4.085607772449398,,,,,,-0.0064230323934909,0.0357563005041718,0.3119632272646413,P0586
0.19176,0.058849,0.0802113,10.008,1.314452890555064,0.7450583070516587,1.139554077572025,,,,,,0.0325114110935958,0.199720428668562,-0.4190556786197703,P0587
0.38124,0.001447,0.0810493,9.1308,1.415076208114624,1.223438024520874,1.5050069627781189,,,,,,-0.0698401796146203,-0.1836297631322767,-0.8279079235799145,P0588
2.26683,-0.057719,0.0278579,9.41836,2.1380686084429423,0.9835422098636628,2.0341610297988097,,,,,,-0.0642891576723687,-0.1648635952085562,-0.2914720530170598,P0589
-1.38746,-0.001615,0.036936,11.3888,0.5268836160500844,0.631149199604988,0.9336146987024908,,,,,,-0.0212853285160932,0.1362144591516658,0.073710820004635,P0590
-1.51168,0.030005,0.18478,10.4136,1.127950950463613,1.4007850885391235,1.998882519630162,,,,,,0.1367595703183379,0.0258111042758859,0.4276498577819438,P0591
1.18712,-0.094287,0.0336865,10.3091,0.4346079786618551,0.5549282600482305,1.103236865282258,,,,,,0.0150886621759073,0.1203545907173531,0.0196890375664224,P0592
1.50968,-0.052499,0.0336865,10.3091,0.4346079786618551,0.5549282600482305,1.103236865282258,,,,,,-0.0292284539661766,-0.1468531975986329,-0.1263435219952953,P0593
1.11871,-0.00329,0.0704579,9.40195,0.7225981434186299,1.158200313647588,2.638017552182208,,,,,,-0.0634252916499409,0.0677282318174066,-0.1101135806748061,P0594
-0.724985,-0.028406,0.0338311,10.1805,2.174755438168844,0.7689862976471583,2.300489264810599,,,,,,0.0229868659272565,0.0730376173820376,0.0105843442070181,P0595
0.71195,-0.047302,0.0556855,8.76499,1.187116547425588,1.0847145775953928,1.5704246641695534,,,,,,0.0118888970061135,0.0260452494547741,-0.2167875441882643,P0596
-1.16148,-0.035481,0.0127325,10.4649,2.192237456639608,0.8847369015216827,1.864197671065811,,,,,,0.0443368738140781,0.1697220452693051,-0.1264520061886287,P0597
1.11507,-0.081271,0.043583,10.239,1.002238961060842,0.6349879185358683,0.4887705648976108,,,,,,0.0232434202894941,0.2841527586414449,0.324714944261359,P0598
-1.96997,0.1894,0.0890994,10.84,1.171632921695709,1.4986591537793477,2.2430816680078114,,,,,,0.0502708882738185,0.5946024767233047,-2.1586925277442788,P0599
-1.72194,-0.069318,0.0102831,10.8343,1.0171837369600931,0.3901565949122111,0.8109330605863602,,,,,,-0.0519648501850354,0.0918782208883886,-0.5474053857469698,P0600
0.80842,-0.010656,0.090819,7.87303,0.4443404992421468,0.7299715181191763,1.4087155848782973,,,,,,-0.0021691993670527,0.5016675524611917,-1.5097624141635606,P0601
-0.261406,-0.125206,0.0137279,10.9479,2.120173358917236,1.1135673056046167,1.2927411506101816,,,,,,0.0421257632429079,0.3028037021571271,-0.5551737737696385,P0602
1.55722,0.14909,0.071514,10.8544,1.742982069651286,0.5466808239618938,0.92452005160958,,,,,,0.0140445559680751,-0.6593915349712859,1.3115683321884717,P0603
0.94211,-0.049623,0.19586,10.8891,0.6987966974576314,4.344237327575684,3.42129775035903,,,,,,-0.0092686810706738,0.0602298993089394,-0.0724553124600788,P0604
0.93536,-0.050188,0.19586,10.8891,0.6987966974576314,4.344237327575684,3.42129775035903,,,,,,0.0518716746294207,-0.007176849184998,-0.4020824360341066,P0605
-0.466558,-0.07832,0.014586,9.40838,1.891083147128423,0.8040424237648646,0.7656439862729821,,,,,,0.0025524237653595,0.3975653390970206,-0.2796505814767442,P0606
1.47021,-0.001683,0.0456249,8.98925,1.4121024370193482,0.4874788850545883,7.04957802965635,,,,,,0.0130195831462714,-0.2906043896862194,0.4763830853553372,P0607
-0.263111,-0.128598,0.0420161,8.05522,0.5742627998193105,1.0784345090389251,0.9417570160423658,,,,,,0.0434993923084018,0.2209395136130581,-0.1169544452641275,P0608
-1.89805,-0.047927,0.0304846,11.1165,0.8930942257245381,1.489951408902804,2.0068009697056657,,,,,,-0.0255452974397464,0.0346157704841576,-0.495600224348891,P0609
-1.73962,-0.075568,0.0304846,11.1165,0.8930942257245381,1.489951408902804,2.0068009697056657,,,,,,-0.0004928046994088,0.0204936445696952,-0.7250554629790713,P0610
0.40246,-0.070549,0.0176115,9.19675,1.0733819961547852,0.6965865800778072,1.333486243694494,,,,,,-0.0105894481943062,0.1430542235840904,-0.9580428759509232,P0611
-1.55653,-0.044881,0.0278557,9.84386,0.8594612240791321,0.8284524500370025,1.1745939765843754,,,,,,0.0225067553698729,0.1547618352933386,0.0747153026240994,P0612
1.47222,0.054703,0.0886039,11.4594,0.5237950483957926,0.7437591205040613,0.8531870724102446,,,,,,0.0152902177413156,-0.4510947009397683,0.5345758331022807,P0613
-0.1945,0.06224,0.046251,9.64568,0.7917011737823486,1.0117595096429188,0.6772000848966417,,,,,,0.0146661626024897,0.3970233985638498,-0.4295771177421557,P0614
-0.008455,0.023653,0.0191094,10.1363,1.04106192390124,1.0022361208995183,0.8073959125033103,,,,,,0.0001467713719796,0.0630787158915491,-0.0102228086834657,P0615
-2.07243,0.090384,0.0320358,9.98853,0.8868157049020131,1.492014554142952,2.289010593613693,,,,,,0.0058326212517589,-0.2629817719010754,-0.3175017498579109,P0616
-0.133588,0.011652,0.0257967,10.1086,0.972001826763153,1.689743314186732,1.910410714783774,,,,,,0.046467216336556,-0.0101062421237409,-0.0471459650361794,P0617
-2.74165,0.17268,0.0339602,10.6243,1.0659759163856506,0.5214369684457779,2.227645455282307,,,,,,0.0127017467318095,-0.0451094313494762,-0.577233313517354,P0618
1.28783,0.035848,0.0270148,10.0939,7.702931312719981,1.3537654300530753,0.879308315616138,,,,,,-0.0682889255488469,-0.212192826434715,-0.0035623536896309,P0619
0.42521,-0.026552,0.0281406,7.0,1.129836372534434,1.4069288909435271,1.9557743398055143,,,,,,-0.006634779021103,0.3569647202024332,-0.5495269059902057,P0620
0.7928,-0.058108,0.0281406,7.0,1.129836372534434,1.4069288909435271,1.9557743398055143,,,,,,0.0109652799659077,0.109201887190225,-0.1063234514585929,P0621
-1.2223,-0.11222,0.0306493,9.49048,0.7678370952606202,0.9396418273448944,8.51219052322673,,,,,,0.0228726428058691,1.0467775199045863,-0.6341680893165176,P0622
-0.608838,0.043621,0.0145025,10.2394,1.563036290804545,0.9355126490195592,0.6064569348188847,,,,,,-0.006514189623365,-0.0257754259657285,0.6179165779467439,P0623
1.07343,-0.011597,0.0228029,9.02736,4.786331236362457,1.5256359686454135,0.826665898488937,,,,,,-0.0204621618273564,0.0904356530391035,0.158458151454397,P0624
1.0445,-0.15924,0.0380688,10.3881,1.0323456346988678,0.6213541448116302,1.1224225544076547,,,,,,0.0121235397989203,-0.0308938277998529,-0.179213490744587,P0625
-1.22727,0.0596,0.0772451,11.0342,0.7339343229929606,2.5620372076829274,2.898739810637378,,,,,,-0.0124536764813926,0.1404095931283837,-0.0953667363501153,P0626
-0.863374,-0.028343,0.0183725,9.8038,1.397915228207906,0.9251222252845764,0.9903104267447012,,,,,,0.0870418051258576,0.2473180844244237,-0.2302587647282052,P0627
1.42917,0.069815,0.0228294,10.026,8.915774683157602,0.690451693534851,0.6998173821237887,,,,,,-0.0306998695212251,-0.0079550322199846,-0.057003980356967,P0628
1.32938,-0.116433,0.0575987,8.91208,1.4747199257214865,2.886071962118149,1.060248036024745,,,,,,-0.022547779986798,-0.2439999830923191,0.449309728348453,P0629
1.28827,-0.143532,0.0575987,8.91208,1.4747199257214865,2.886071962118149,1.060248036024745,,,,,,0.0189931510184012,-0.3496241831419717,0.6161324261047412,P0630
-0.599325,0.15152,0.0295285,10.0803,1.2295265833536784,1.018795797228813,1.3655470441178754,,,,,,0.0897027242995177,-0.1776293809421766,0.5121339710312895,P0631
-0.290903,0.03245,0.049836,9.44086,1.9796119491259256,0.9260948240756988,1.856222431287049,,,,,,0.0293853524196991,0.2749697141684605,-0.1337352409464074,P0632
-0.651798,-0.002868,0.0218181,10.2881,1.6670349518458047,0.7473762522141139,1.070048461253381,,,,,,0.0023292300924552,0.0487992010665442,-0.0005932273707003,P0633
0.34871,-0.060972,0.022432,10.3823,9.278683189551035,0.7713782052199046,0.7542278020001918,,,,,,-0.0100603157629471,-0.3982864636442795,0.5647646229335805,P0634
1.35352,-0.060006,0.0442696,8.85712,3.3818880955378217,1.1375286837418874,0.4983389929689081,,,,,,-0.0126985342836777,-0.3038302385439002,-0.1523439320299076,P0635
1.32221,-0.094154,0.0211503,9.10622,0.5892965416113536,0.9980094601710636,1.142603086804977,,,,,,0.0062291873258164,-0.3141738149783424,0.357298047747463,P0636
-0.070478,-0.058198,0.0276521,10.292,1.067920629183451,1.4840683480103811,1.3117881569267948,,,,,,-0.0555155305818922,0.9430859145110893,-1.7217359709538869,P0637
0.7562,-0.061435,0.036477,10.3844,0.6977593660354614,0.6081775218248368,0.5966056807508754,,,,,,0.0799164448181405,-0.5628077023152304,0.8241490794898709,P0638
-1.82133,-0.048298,0.11756,10.9955,0.4223642567793528,0.5956435571114223,1.036557917721992,,,,,,-0.0069450287799643,0.1297300601217801,0.0252663244027644,P0639
-2.16797,-0.06932,0.0303413,11.2421,0.8881282409032186,0.8651626368363698,0.6162035564246086,,,,,,0.0030747923445066,0.0045657667071319,-0.0243355666825664,P0640
-1.31125,-0.040141,0.0333659,9.98418,2.7248982588450112,0.9515862305959064,1.1228853507553065,,,,,,-0.0350421199399576,1.000441246985928,-0.4266597464738879,P0641
-0.16718,-0.006857,0.0128783,10.6551,2.5951996445655823,1.970370177427928,2.553685609729798,,,,,,0.0150651851649343,1.1633676852527777,0.3167843853880185,P0642
-0.828686,0.047309,0.0951683,10.7191,2.1300043066342678,2.0818256636460624,1.0922326315518718,,,,,,-0.0198798333095414,0.1131574657432687,-0.409039986814605,P0643
-1.52138,0.00342,0.0456489,10.2884,2.0193158745765687,0.5625160644451778,1.206858963493343,,,,,,-0.0286006007331587,0.2096702834980286,-0.2579769716030569,P0644
-1.59626,-0.106585,0.0347441,11.2793,0.4628678202629089,0.7788655291001002,1.6950920717469578,4.760225772857666,,,,,0.0064145148280926,-0.3520249432912452,1.2359080648529923,P0645
0.80899,-0.094383,0.0790465,8.04941,0.8015026410420736,1.014622894922892,0.7753629232275074,0.6539037227630615,,,,,0.0048203533911428,-0.1024943686653447,-0.0987385770058608,P0646
0.61284,0.11931,0.17049,9.56783,0.850441555182139,6.755824987093607,1.8386502265930176,2.230168581008911,,,,,0.0208621040073988,0.7319941289674525,-1.318332718219608,P0647
-1.50448,0.044908,0.0354671,10.8378,0.9877610564231872,0.6615330249071121,0.8369388826962175,1.195231318473816,,,,,0.0056245489416291,0.3336296470970812,-0.4229892991133965,P0648
0.69604,-0.07921,0.0276298,9.68818,0.669434130191803,0.5831645945707957,0.6861560180269438,0.8527441024780273,,,,,-0.02184954295403,0.1904540927111517,-0.8083914227245259,P0649
-1.71892,-0.049449,0.0923469,11.5,1.563757598400116,0.8549552281697591,0.7816133673848777,5.357090473175049,,,,,-0.0116482585509557,0.0116354321615648,-0.5344284976381459,P0650
-0.547169,0.13877,0.0266385,9.59462,0.8865866740544637,0.8436693121989568,1.146433676111287,2.6490185260772705,,,,,0.1072787870631334,0.3064308226263227,-0.8732051341212355,P0651
0.64076,-0.114949,0.0176234,8.77965,0.691969648996989,0.554582017660141,0.6058868776107657,1.2286944646428934,,,,,0.0516611808454555,-0.2979100673217207,-0.0694739470782224,P0652
-1.69928,-0.023174,0.0324156,9.30338,0.8012370487054189,1.6574805517991384,0.7341376029211899,1.4102743621358302,,,,,-0.0344909215623777,-0.1240034782023253,-0.0993795019603567,P0653
1.2185,-0.078777,0.0124845,10.7547,1.915332627296448,1.6180218617121378,0.8749607965863985,1.8462198052448475,,,,,-0.0642475453629416,-0.7578309056364427,0.8208647517822101,P0654
-0.650657,-0.102247,0.0455342,10.2759,1.8502223889033,2.982161083817482,4.542831634653026,24.478839065734213,,,,,0.018276383399129,0.0992967825787334,0.0288130293265567,P0655
0.82077,0.099567,0.0152133,11.3736,1.592684123913447,0.6874150037765503,0.981491978826194,0.999468423768079,,,,,0.0818824489440566,-0.9393140402802626,2.031288842095819,P0656
-1.13594,0.13415,0.0152133,11.3736,1.592684123913447,0.6874150037765503,0.981491978826194,0.999468423768079,,,,,,,,P0657
-0.150879,0.077106,0.0231814,10.2648,1.517978795369466,0.8158578018347422,0.643519973960416,1.8617154904326807,,,,,-0.0158923987664915,0.1594531159490513,0.136271819792455,P0658
1.53705,-0.030061,0.0613596,9.93232,0.6538052678108215,0.5941277792056402,0.6567530066802584,1.3683919567703775,,,,,0.0163804981953539,-0.4385554031628236,1.4878259557226556,P0659
-0.327907,-0.060269,0.0658894,10.0228,0.6998110850652058,1.931391288836797,1.308354412687236,1.1132560868716508,,,,,-0.0106591121200139,0.4111352533240986,-0.2443455064349109,P0660
-0.080844,-0.10615,0.0290985,10.1659,0.4913320322831472,0.4342891365289688,0.9821936077085036,0.7576988640522985,,,,,0.0781826281953051,1.5382542609698229,-0.4382477238468709,P0661
0.26916,-0.139525,0.0992623,10.0668,1.8167932669321696,0.768331785996755,0.7695587184922449,1.0236602849635452,,,,,0.0245872796860008,0.0329939955149486,0.0327683933937805,P0662
-0.806099,0.002451,0.0992413,10.4871,1.527110266685486,1.2105336129665374,1.1544060182982478,0.8812741219375321,,,,,0.0569751064399847,0.4426565409426988,-0.1553368737804703,P0663
0.92156,-0.131506,0.0417231,10.4328,2.117284286022186,0.7379324783881506,0.8353842106358759,0.8579322812975478,,,,,-0.0191814373334047,-0.0984717174201142,-0.1391374802842619,P0664
0.75323,-0.060611,0.0237689,10.521,2.8729569216569266,1.9075228850046797,0.5895148803447855,0.51162143307349,,,,,-0.0319430339580109,0.5574773366027898,-0.9356100084114588,P0665
-0.205706,-0.026126,0.0157229,9.16275,2.20401326417923,0.9177536825339,1.0688163483964983,0.8146369323793279,,,,,-0.0164105783844598,0.1319218564170038,-0.2120866720724734,P0666
-0.067616,-0.021953,0.0108363,9.48953,1.8216499487559,1.1263359427452089,1.0054681938270045,1.0962259640704033,,,,,-0.0280806994221252,0.5654956836302114,-0.2537606306723319,P0667
0.1865,-0.014706,0.0517039,9.57313,0.7020633896191915,0.700872599085172,0.631541527550796,1.857900202613568,,,,,0.0032843709157526,-0.0610012793406828,-0.0200655846711015,P0668
-0.052972,0.031526,0.020118,10.2711,2.926391847928365,0.8104933748642603,1.1215993145416523,1.2457294092182192,,,,,0.0129328903417322,-0.02111021485606,-0.0101205149621819,P0669
1.61884,-0.02589,0.0333169,9.22407,1.023416288693746,1.967534539103508,1.0173230561716804,1.4599590729325835,,,,,-0.0226376819107659,-0.2553527913355371,0.2238035295085865,P0670
0.50506,0.10104,0.0626303,10.1809,0.5231209397315979,0.5642409364382426,1.8523078437509208,1.677606281304419,,,,,-0.0141928143655421,-0.0428696275345774,0.0119646224629832,P0671
-2.16098,-0.044057,0.0284791,11.0302,1.113998814423879,1.4433597385883332,1.4198034981201435,0.7837769292544995,,,,,-0.0245527331014203,-0.107487817215381,-0.1087437405512901,P0672
-2.38342,-0.021561,0.0284791,11.0302,1.113998814423879,1.4433597385883332,1.4198034981201435,0.7837769292544995,,,,,-0.0094792947363142,-0.0365318736055826,-0.1488997037886292,P0673
1.1287,-0.099359,0.0292604,9.39885,0.7893544395764669,1.7950224121411642,0.622932152501468,1.650094136533036,,,,,-0.0367451982561129,0.0386805482646308,0.1678183887561317,P0674
1.326,-0.055128,0.0110747,10.5719,2.2638873497645062,0.9758418331543603,1.2570857015149346,1.4083070788860854,,,,,,,,P0675
1.74513,-0.115505,0.0110747,10.5719,2.2638873497645062,0.9758418331543603,1.2570857015149346,1.4083070788860854,,,,,0.0331543950085982,-0.2526989485537676,-0.0305781024871976,P0676
0.16708,0.078608,0.0676384,8.80055,1.2426175673802693,1.9379005432128904,1.3606594903715723,0.6063260915189689,,,,,-0.0476865921248017,-0.0426153519229041,0.026247360954585,P0677
-1.26761,-0.112822,0.02597,10.6078,1.3279142101605734,1.0131542046864828,2.159528512379219,2.0294164739246905,,,,,0.0061308192617178,-0.3479019082232053,0.4421374196754186,P0678
-0.455183,-0.136015,0.0229118,10.3562,9.512965615590414,0.8240346103906632,0.7691130401759312,0.7807963252369743,,,,,-0.0070268505289498,0.1674070325859019,-0.3971468395247939,P0679
0.013388,-0.137115,0.0229118,10.3562,9.512965615590414,0.8240346103906632,0.7691130401759312,0.7807963252369743,,,,,-0.0311512116240472,-0.0354073733234076,0.1005202637679758,P0680
-0.771196,-0.182466,0.0510693,10.7875,0.5770872533321381,0.962155330181122,1.223400255729412,1.8978934383477053,,,,,0.0333312072897779,-0.6519274244795952,2.8257168897544034,P0681
-0.812736,-0.006665,0.032173,10.7539,0.8061622639497121,0.7588170866171519,0.7393838660470371,2.323855896092431,,,,,0.0041789948654206,-0.0287245334186663,0.1226387150018126,P0682
-0.766723,-0.015834,0.032173,10.7539,0.8061622639497121,0.7588170866171519,0.7393838660470371,2.323855896092431,,,,,0.0405483672218591,1.2380943925166472,-1.256551961385412,P0683
1.27481,-0.016435,0.0348774,8.11091,0.3952376703421275,0.6975146343310674,1.2501567149984425,0.8718215377288072,,,,,0.012293796109331,0.3173148422873151,0.2532001639556256,P0684
-0.254896,-0.046839,0.0104577,10.5104,2.157909588019053,0.3921777119239171,0.65996387806432,1.4883616263065356,,,,,-0.0009544878521315,0.0351304368507955,-0.0733355417178245,P0685
0.76814,-0.102702,0.0323363,9.62423,2.008390172322591,1.4517524033784863,0.4819624146510814,0.9778978303063364,,,,,0.0075380920754963,-0.2041995640881675,-0.2044335866448818,P0686
-1.13602,-0.138069,0.0379388,11.2932,1.449524410565694,0.8643790086110433,2.593435982177997,2.231682813408785,,,,,0.0165132152923264,-0.1914196884739722,0.0183911173735396,P0687
1.75915,-0.012542,0.0385289,10.8837,1.0105524957180023,0.6403187433878581,0.725920458292139,3.8354264015478576,,,,,-0.0311208743234762,-0.455183067556927,0.1821629396945354,P0688
1.37281,-0.020643,0.0224483,10.4286,1.3403047959009806,1.0291969319184622,1.123664542518813,1.0398105407254103,,,,,0.0474886246414447,-0.5501244494886166,0.6562220429404988,P0689
-0.423267,0.11238,0.10056,9.52798,1.340588486194611,1.804445779323578,1.7456861981030167,1.0060075603094794,,,,,0.0121256180629348,-0.1192906460004953,0.0578247606390505,P0690
0.79391,-0.114194,0.0293128,9.99601,2.407656951745351,0.8151489168405532,1.2157834213355492,1.4222986786851453,,,,,0.0045207691495679,-0.2557892304456793,0.1888171192986192,P0691
-1.03989,0.013964,0.041363,10.7026,1.7617074092229208,0.8856571455796559,0.9837115499480016,1.6394174169834197,,,,,-0.0097091206379175,0.0659709890896634,-0.219401026442938,P0692
-0.875725,-0.147356,0.0792819,11.2378,0.7700263937314351,0.9176197121540706,0.5953056339559883,0.7971890115737915,,,,,0.0527311842550713,-0.6566615616636934,-0.2120870531070977,P0693
0.68966,-0.166092,0.0324758,8.86459,0.5561391055583954,0.7583622048298518,0.8568078680285092,1.2357288956642152,,,,,-0.0057842350247632,-0.1625800178119324,1.0678595681965817,P0694
-1.43923,-0.120727,0.0220601,10.5011,2.140823523203532,0.9339217692613602,1.0248702846724411,0.6707653737068177,,,,,0.006985554224271,0.1247685077525333,0.0296701931365532,P0695
-0.597985,-0.041041,0.020456,10.6052,2.1091946005821227,1.3191317429145175,0.7820124215093153,1.6060846126996553,,,,,0.0023314962376343,-0.2033238440873768,0.4940604307776084,P0696
-0.323197,0.034078,0.0701869,9.39781,1.9470695813496908,2.2714783400297165,0.8260819932510113,0.6437612676620483,,,,,-0.0363476088658658,0.2711208218328421,-1.230120136642654,P0697
-0.281662,0.060506,0.0112737,10.544,2.292394475142161,1.073339781165123,1.190524697303772,1.3548870182037354,,,,,0.0035327820695523,0.1065385874426411,-0.7483563283094554,P0698
-0.607813,0.060985,0.0112737,10.544,2.292394475142161,1.073339781165123,1.190524697303772,1.3548870182037354,,,,,0.0232307973831119,0.060063086120494,0.0602499645538046,P0699
0.40963,-0.154333,0.00918051,9.95752,1.7514066139856974,0.7380950450897217,0.7611413669997248,1.7701483195026717,,,,,0.0038388629907963,-0.989150083687034,0.0803311799900257,P0700
-0.938437,0.19617,0.0366953,10.0881,2.177209051450093,0.7673871010541916,1.4991976968173324,0.8736232781410217,,,,,-0.0878825748522345,-0.1039905998407588,0.7413936952652875,P0701
0.95018,0.088566,0.12214,10.2479,0.4742145796616872,0.96255994339784,0.5722630897472645,0.9924809503555296,,,,,0.0129177864057843,-1.029655720936796,0.5463877161892015,P0702
0.45622,-9.4e-05,0.0267871,7.0,0.9943554083506266,0.8397409359614054,1.0551963530737778,1.0557730865478516,,,,,-0.0165149620413577,-0.0910177965905996,0.0121145186931244,P0703
0.10725,0.042792,0.0186687,9.63137,0.912976062297821,0.7360783924659093,1.686442373127773,1.980571093559265,,,,,0.0337843008084523,0.1796669841063411,-0.1282995533911162,P0704
-2.30724,-0.007798,0.0137885,10.5352,0.4676458994547526,0.7789104610681534,1.2797263891532504,1.1579752539594967,,,,,-0.0320656483102703,0.3026960995929135,0.02928630621318,P0705
0.71915,-0.081314,0.0247259,10.6434,0.6864663441975911,0.5722873866558075,0.6125737880838329,0.5349452662467956,,,,,-0.0480206235515962,0.1874849743150716,-0.1797112880594795,P0706
-0.201739,-0.012934,0.00546541,9.18771,2.098351760705312,0.9883059163888296,1.5720417489265572,0.6860006141662598,,,,,-0.0047128396276012,0.4135694190370899,0.2244686491467291,P0707
1.6136,-0.075972,0.0211722,8.92458,1.6035670240720112,0.8728609383106232,0.5641729256202435,0.6958047652244568,,,,,0.0048930361995453,-0.1746697058939794,-0.0774030953325564,P0708
-0.876053,0.041465,0.0663703,9.75914,1.2632643421490988,2.1878877182801566,0.990870248654793,0.8065986954248868,,,,,0.0123539171340214,0.1941678676340096,-0.6247701187458006,P0709
-1.43738,-0.180099,0.10591,10.2531,2.6925223151842754,1.9125840187072756,1.9333256441971352,0.9416935920715332,,,,,0.02055952902313,-0.5859333552821755,0.5748690051332233,P0710
0.59125,-0.087634,0.03679,9.48062,0.8294293125470479,0.8117944230635961,4.302395828839006,0.663888567686081,,,,,0.0082095269090698,0.1249696880585456,0.1560739344058674,P0711
-0.748829,-0.036856,0.0311105,10.1995,0.9139380693435668,0.8629446655511857,0.630141680610591,2.700662064552307,,,,,0.0088658180647353,0.0023816908576689,0.0687476994280587,P0712
-0.890865,-0.096392,0.0661965,10.167,4.827568129698435,0.9968534012635548,0.7201737031854433,0.6853832507133484,,,,,0.0552091955478736,-0.2156221230887136,0.4622950315024354,P0713
0.46915,-0.02499,0.0262922,9.78646,0.9855320970217388,1.694329567750295,1.7900694033195232,0.8520176768302917,,,,,0.0051187462972783,-0.0864239313784951,0.0799397504088119,P0714
0.72205,-0.025823,0.0262922,9.78987,0.9855320970217388,1.694329567750295,1.7900694033195232,0.8520176768302917,,,,,-0.0041338942948506,0.044895847648596,-0.0394142107761581,P0715
1.12001,-0.101863,0.0999529,10.4575,0.7669491489728292,1.6954625089963278,3.328338676485522,0.8720888125896454,,,,,-0.0085125335972122,0.2920127994995107,-0.1901353475695941,P0716
-1.91024,-0.113501,0.0412907,9.75909,0.752679951985677,0.7340697020292282,0.7019969307143112,1.1919437257143168,,,,,0.0925103831289511,0.667413632390002,-0.0851094456811552,P0717
0.91969,-0.021726,0.00660803,7.99137,2.210372813542684,0.9241020143032074,1.7971468537018216,1.0036449480056762,,,,,-0.1031671133499858,0.5176025126078362,-0.0702161132139735,P0718
0.31647,-0.025674,0.060912,9.58141,0.4557323396205902,1.2751155942678452,0.8891027939730677,1.1252482438087463,,,,,-0.0058930075859023,-0.1467341325562717,-0.1041618303206632,P0719
0.56816,-0.158189,0.0102858,8.87001,2.3526259581247966,0.9751953264077504,1.1444286395763528,2.7574169635772705,,,,,0.0172156911976034,-0.0013138402959642,0.1033609987280215,P0720
0.62903,0.11553,0.0301623,10.1643,1.1655354579289754,1.325705220301946,1.7931527454277565,0.6095769274234771,,,,,0.0078724190696333,-0.0292855352934939,-0.00047783159971,P0721
0.48448,0.090692,0.0301623,10.2646,1.1655354579289754,1.325705220301946,1.7931527454277565,0.6095769274234771,,,,,0.0118325864447698,-0.0621254426503668,-0.0241898475724156,P0722
-0.248002,0.09678,0.0338446,9.07144,0.7877884427706401,1.253002514441808,0.7535135447978973,1.3088813877105714,,,,,-0.0766573169726315,-0.0681417906129878,-0.1986675547886989,P0723
-0.63006,0.10798,0.0826316,10.332,0.36911101937294,1.1738118529319763,0.9114341818053148,0.8418282568454742,,,,,0.0146496990893146,-0.0307770502758203,0.0025714924777275,P0724
-0.914595,-0.017322,0.0172497,10.4626,0.807224961121877,1.2261589964230857,0.8143373070092037,1.3501773941516877,,,,,-0.0022662028108698,0.0541785787532382,0.1091885037385509,P0725
-0.427538,-0.071956,0.0261874,8.61131,1.0698823610941568,0.9440190404653548,1.097386438271095,1.427850124835968,,,,,-0.0027981209967206,0.0979793787735763,-0.0356334934476763,P0726
0.28209,-0.074453,0.0343608,10.69,1.5225544611612956,1.0132403741280238,2.020750855577403,1.7072492027282715,,,,,0.0054460270116842,0.0539074987620099,-0.1275675105935079,P0727
-0.396496,0.027176,0.0377921,9.42557,0.8002734065055848,1.2685263752937317,0.766989333876248,1.3744261598587035,,,,,-0.023962771048968,-0.0517252513155849,0.0987479825635091,P0728
-1.01914,0.091493,0.00920267,10.1141,1.8297356565793357,0.5312421470880508,1.1091459301011315,0.5337362369665732,,,,,0.0022752861529257,0.0911599473261177,-0.3859744638684788,P0729
-0.063567,0.068219,0.0281121,9.35181,1.099423384666443,1.5207605183124542,1.2771886628249596,1.1201594372590382,,,,,0.0030701291861646,0.1087193388754406,-0.0400617301202146,P0730
-1.83569,0.041548,0.0245566,10.4457,0.7625393112500508,1.2749857117732366,0.7496634783415959,2.092756663560867,,,,,0.0066180593795349,0.0884910371202425,-0.1569925191288348,P0731
0.96912,0.13583,0.0456357,10.5245,0.5326168954372406,1.463177772363027,1.63515147669562,1.5641799431580763,,,,,-0.0134636719255291,0.1497841872026155,-0.2316296729404712,P0732
-0.153731,-0.039793,0.0255774,10.1853,0.9832526485125224,1.6834144254525505,1.830350847079836,0.8437969303131103,,,,,0.0124047453737163,0.1074136425184531,0.006096617100411,P0733
0.81158,0.0535,0.0425884,8.99392,0.7109246611595154,2.5829949349164965,1.8751356457841808,0.6982733532786369,,,,,,,,P0734
-0.551806,0.055246,0.0527951,9.91509,0.6383969624837239,0.5769089688857396,0.7024839109387891,1.8387255573272705,,,,,0.0079446678418213,0.028089563527142,-0.0851976936028222,P0735
0.27044,0.01867,0.0201998,9.75408,1.032934844493866,0.875842293103536,1.0731859823753094,1.2495172594984372,,,,,0.0155921568619047,0.0035544965674974,0.1334440275095403,P0736
-0.081354,-0.101902,0.0215796,9.12019,1.0312437216440835,0.9831636567910512,1.058938990379202,1.4333173657457037,,,,,0.0056088368959526,0.1075942588943103,-0.0164353290892904,P0737
0.32783,0.072885,0.0363902,9.04492,0.8018918832143148,1.2664930403232575,0.7708086772211666,1.3696121418476104,,,,,0.0184985586509103,-0.0705510135015795,-0.1356275046055088,P0738
1.72317,0.11392,0.0248646,8.80725,0.8057575225830078,1.2854816794395447,0.5474789050118677,0.6667490649223328,,,,,-0.0750772295934658,-0.2275154481548829,-0.8846522885578452,P0739
0.9091,0.010397,0.020416,9.50285,1.3791143576304117,0.9565965930620828,1.3027783241765252,1.0015885615348816,,,,,0.0035136525659585,-0.1293624542183925,0.0268488094880012,P0740
0.63877,-0.023302,0.0106541,9.5937,1.7784191409746806,0.5098755776882171,1.556318564661618,0.5250289315978686,,,,,-0.0359172561621594,0.1161468432757034,-0.5199615996243665,P0741
0.084611,0.003738,0.0188304,7.0,1.3502534667650858,0.9807401657104492,0.9670070204241522,0.8065045103430748,,,,,-0.0127315940916583,-0.0046950805890126,-0.0477992458108929,P0742
0.78345,0.017158,0.0142722,9.67327,2.209416306018829,0.9070960928996404,1.0485630693106816,0.8201554784407983,,,,,0.0085722043049348,-0.0067316350451527,-0.0555888601229526,P0743
-0.941741,0.044595,0.00967502,10.3204,2.514040758212408,0.4708489408095678,0.8000630232794531,0.9706841027736663,,,,,0.1169428452744743,0.9283194986628206,0.453455337221385,P0744
-1.34728,-0.067243,0.0241733,10.8558,0.7532925407091776,1.203097199400266,0.7991392191114097,1.6238474249839785,,,,,0.0257107585830316,-0.0175096566371861,0.1441118166330852,P0745
0.81627,0.057464,0.026677,10.7045,0.7441039721171061,1.5029693524042764,0.7966756502102161,0.7197323464430295,,,,,-0.0024215247156685,-0.5620589002139063,-0.2379578431718982,P0746
1.43036,-0.02399,0.033158,8.87462,0.820526929696401,1.2278019646803535,0.7889013156808656,0.8221138889590899,,,,,0.0085269804414213,0.0399800023126732,-0.0212425762583734,P0747
0.73545,-0.002417,0.016865,9.67706,0.8385849873224894,1.4336714386940002,0.9473385461445512,1.156426730255286,,,,,0.0138779760501594,-0.0207282561021856,0.0655266530666267,P0748
-0.101771,-0.000837,0.0210288,10.0166,0.765621793270111,1.2502141525348027,0.7824838521151707,2.064410044596745,,,,,0.0076498187923058,0.1050532600804548,0.0270275714283343,P0749
-0.424628,0.006569,0.0648536,9.894,0.4758398671944936,0.9446475545565288,0.6361970079356226,1.128453059196472,,,,,-0.0095228692663877,-0.0880753175845197,0.0462172228144481,P0750
-0.829043,-0.070405,0.0175031,11.4183,1.4325370033582052,0.8754304269949595,1.002460845585527,0.7045601689815522,,,,,0.0056921819423621,0.0310434017834343,0.4747469385401928,P0751
0.064478,0.035552,0.02138,10.0033,1.1129979769388834,1.398254797856013,1.0986655282563176,0.9280242395401,,,,,-0.0082524090820921,-0.0919632651136411,-0.1360254369574249,P0752
1.20471,0.00565,0.0154521,9.73659,1.392021044095357,0.927595317363739,1.0238331422723572,0.769443324804306,,,,,-0.0011498647009497,-0.0679777318006416,-0.2052303111195215,P0753
-1.94961,-0.093395,0.037197,10.039,0.8171539823214213,1.312750083208084,0.7963713273919862,0.9287309956550598,,,,,0.0098007753857245,0.0545874896991522,0.0792712834590929,P0754
0.29665,0.036283,0.012094,10.0054,2.1859682321548464,0.9223104894161224,1.0838058251759102,0.7794660592079162,,,,,0.0188315575046815,-0.0152080081043609,0.1925287782869418,P0755
0.88484,-0.037948,0.0788783,8.53633,0.4640812337398529,0.9636620024840036,0.6136876293297472,1.0307703590393067,,,,,0.0075629985554934,0.0399382118934584,-0.0747692742661456,P0756
-0.737167,0.064074,0.022574,10.2452,0.8574966947237651,1.2958285868167878,1.1688955857835968,1.4662344980239868,,,,,-0.0166499014988929,0.0088885296982373,-0.0085153548061498,P0757
0.017727,-0.062751,0.0198244,8.80164,0.7875425656636555,1.3308623751004538,0.6666600796683081,2.224291570186615,,,,,0.0006564472358321,0.1066113245578153,0.1374845148675376,P0758
1.18355,-0.014134,0.062183,8.49999,1.311975622177124,1.9602185567220047,1.6000017790958798,0.8496240305900574,,,,,0.0018895640875506,0.0060344264233167,-0.0255941608702414,P0759
-0.089094,0.041592,0.0658285,7.0,1.284958827495575,2.0831986983617146,1.2029364324849228,0.7076047396659851,,,,,0.0204660878671086,-0.0189333301174921,0.0259324724756879,P0760
-1.4998,0.078972,0.0311945,10.994,0.8247347354888916,1.2396393994490305,0.8128062188625336,1.1041188025474549,,,,,-0.0043988121170476,-0.0088880876108079,-0.0528897707336,P0761
0.79096,-0.102471,0.0387983,10.5372,0.8248069365819295,1.2977919201056165,0.8192012135324807,0.8769802355766296,,,,,-0.00028835591353,-0.039113537327391,-0.0572474705404602,P0762
-0.710055,0.081772,0.00691997,10.2136,2.1290751417477924,0.967295456926028,1.697025999940675,0.7389025837182999,,,,,-0.0336946238612395,-0.2559388092003263,0.0585340701290988,P0763
0.25819,0.00707,0.0288966,8.5812,0.7484748085339864,1.1726774166027705,0.8131827342099157,1.3093169558048248,,,,,0.0044045673022442,-0.0281294142572806,-0.024881287557946,P0764
-0.302934,0.14487,0.0560295,10.1701,0.412897268931071,0.7227741479873657,1.285720621717387,0.967623683122488,,,,,0.0132124429000502,-0.0061135685719275,0.0103830010921228,P0765
0.35309,-0.099903,0.0232605,8.89488,1.071237564086914,0.9049830555915832,1.087123069269904,1.349343800544739,,,,,0.0177349005790693,0.0467504918490613,-0.1431216447454062,P0766
0.72853,-0.130952,0.0445682,9.37542,0.5352991143862407,0.6370363424221674,0.7572947062295059,0.8965658793846766,,,,,0.0156744859938693,-0.1026010103079204,-0.0824141044067801,P0767
-0.298396,0.028867,0.0107162,9.15024,0.7777652502059936,0.7349683324495951,1.165176475870198,2.396152639389038,,,,,-0.0143019596864466,0.244333458022526,0.4681143092966522,P0768
0.75966,-0.007491,0.1001,10.1221,1.2246673146883646,1.5924148122469584,1.777317445853661,0.8153478431701661,,,,,0.0114011325136471,-0.0083850551293207,0.0016099798012874,P0769
-0.749253,0.071644,0.0663432,9.77924,0.3750867048899333,0.8617531736691793,1.251179860583667,1.0358358597755433,,,,,0.0321465017936101,0.159333332672963,-0.0844354388245847,P0770
-0.33583,-0.036819,0.0220284,9.49127,0.8852562268575033,1.3958566228548686,2.073981405332171,1.2096620798110962,,,,,-0.0035583056409458,0.006553835868829,0.0818012644595,P0771
0.71922,0.16435,0.0580581,8.72392,0.7421574751536052,1.2697142521540323,0.7293521422764351,0.9915580987930298,,,,,0.0155983919330431,-0.0282560501596988,-0.024964898781036,P0772
0.11582,-0.080542,0.0310503,9.98879,0.8057926972707112,1.2367175817489624,0.7817597008984665,1.248171937962373,,,,,0.0175006289468251,0.2595680789144119,0.1033399920488591,P0773
0.12939,-0.000358,0.0647628,10.0062,1.4103690425554911,2.117378455400467,1.1893929232811105,0.650630190372467,,,,,0.0123200387449634,0.0391566429976189,-0.0223024234655895,P0774
-0.83315,-0.022316,0.0303466,8.61533,0.7552462975184123,1.4069857080777486,0.7848717652518173,0.8294513869285584,,,,,-0.0064880547171025,-0.0131156729453483,0.0423350690180086,P0775
-0.017798,-0.070705,0.0405254,10.0637,0.5281199137369792,0.6679301887750626,0.7593701666799085,0.9193059826890628,,,,,0.0014539496716675,-0.0045523024354671,-0.0286952654496417,P0776
0.37953,0.11269,0.0495322,8.73681,0.705933678150177,0.7029332836469014,0.577970198516188,1.4695533442497253,,,,,1.8405414067362846e-05,-0.0230788565013761,0.0367372666150913,P0777
-0.956571,0.10938,0.0795535,9.72723,1.2513685862223307,1.576038932800293,2.1386450899058373,0.8049263854821523,,,,,0.0136622569068445,-0.0444969139170422,0.0088073696242645,P0778
0.89709,0.16215,0.0476688,10.179,0.71712300380071,0.7306871761878332,0.5597874871615706,1.315904870033264,,,,,0.0262226190193276,0.0465448067441082,0.1257935218454804,P0779
1.39569,0.073211,0.0496069,9.90923,0.4735577305157979,0.9400401850541432,0.6606895471441334,1.2068507289886474,,,,,0.0043477385065278,0.0022660556826206,-0.0171936377955717,P0780
1.26484,-0.053521,0.0747885,9.14823,1.2324518322944642,1.5936824043591815,1.884735497935065,0.8149878657781161,,,,,0.0064396781283197,-0.0554730049370872,0.0227757658722111,P0781
0.24873,-0.022638,0.08481,9.82915,1.3126536806424458,2.027713191509247,1.5170325595757057,0.7491282868385315,,,,,0.0100601987330647,0.0153305943341458,-0.0708134271626477,P0782
-1.67195,-0.031458,0.0231191,10.7935,1.1294909715652466,1.3374200801054636,1.255600702146004,0.7044298040866852,,,,,0.0028468299433746,-0.1011445062200755,-0.0277134165153256,P0783
-2.5393,0.052555,0.0635938,10.2777,1.2675124168395997,2.041333494583766,1.2494856920735589,0.7084686470031738,,,,,0.0025497030637642,-0.1203624018783124,0.014088340831222,P0784
0.76202,0.15562,0.0186774,10.1354,0.8457531094551086,1.2803610026836396,0.9582402911679498,1.430496374766032,,,,,0.0074343285854011,-0.0604627054802945,-0.0952234434953425,P0785
-1.6309,-0.083735,0.0639686,10.6005,0.6312695185343424,0.5778320223093033,0.8542425796903413,2.089089324474335,,,,,0.0102872764236868,-0.0129273405998049,0.0140624957421096,P0786
-1.16804,-0.072678,0.0977504,10.6395,1.2582330226898193,1.7610675811767578,1.6234632668824032,0.9091551423072814,,,,,0.0016391198329473,-0.0048635347214365,0.115367834790959,P0787
0.31621,-0.147882,0.0129383,10.6436,2.195933143297831,0.9280145754416784,1.1381195783615112,0.7890269756317139,,,,,0.0058298373121047,-0.0181174773669489,0.0231608699832577,P0788
-0.905296,0.071312,0.0339153,9.74734,1.3371208667755128,1.8230881412824,1.0349135779101273,0.6561042547225953,,,,,0.0143366699439231,0.233702777457667,0.3288073848962085,P0789
0.88393,-0.059426,0.0252201,9.13587,1.1046417911847433,1.5031369785467783,1.491435453809541,1.1257193659742672,,,,,-0.0020776906953998,0.0266172452828721,-0.0788548927448573,P0790
0.24103,0.00401,0.12571,10.2314,1.3229225556055704,1.739262616634369,1.8845838082247768,0.9848938965797424,,,,,0.0151650937752163,-0.010762949363377,0.0327438451349735,P0791
0.89204,0.13004,0.0238536,9.98362,0.9447296659151712,1.4704070796569189,2.1363372432774512,0.7728613466024399,,,,,-0.0016807268130364,-0.0292272070586312,-0.0063901595567585,P0792
0.47577,-0.111842,0.0224227,9.80415,1.3588525215784708,1.182841310898463,1.1360363302559688,1.176391019821167,,,,,0.0313547984137065,-0.1609355792100203,-0.3268873531997087,P0793
-0.34633,0.061157,0.0241298,10.6342,1.1537023584047954,1.3620425045490263,2.050455179707757,0.6835131669044494,,,,,0.003923401193272,-0.0310540738435808,-0.0049980578114627,P0794
-0.212482,0.098699,0.0750758,10.0494,0.3842011193434397,0.7248200953006745,1.8621787490515875,0.8710661602020263,,,,,0.0105803242260485,-0.0223372675081795,0.0297702538882731,P0795
0.90996,0.063535,0.0644303,8.85232,0.6681610941886902,0.6362915525833766,0.7854476797169653,2.1172882103919983,,,,,-0.0011759003410957,0.0426104537693404,-0.023040728912747,P0796
0.72242,0.019183,0.0414981,8.95999,0.5455901165803273,0.6080435415108999,0.7374421512258464,0.9120373773574828,,,,,0.0247005294479234,-0.1779027516638304,-0.1040122372432961,P0797
0.56478,-0.091214,0.0687305,10.2891,0.374611626068751,0.8661303808291753,1.017923699370746,1.1805403542518615,,,,,0.011385980758194,0.02439514424763,-0.0800060798064805,P0798
0.67029,-0.072561,0.0919506,9.85121,0.3737200458844503,1.0517870207627615,0.726070854170569,1.5932569789886477,,,,,-0.0144442017701978,-0.0472105526878333,0.0567445295018842,P0799
0.50784,-0.06629,0.0547951,10.0088,0.5595740477244059,0.5741689374049505,0.7344638725806927,0.985917588075002,,,,,0.0214617020075187,0.0553984074147626,-0.0885141348990146,P0800
0.078701,0.14895,0.0453638,9.92013,0.8092237075169881,1.245870754122734,0.7253956702248804,0.7414714741706848,,,,,0.0118459123908893,-0.0093203573078721,-0.0316735099113429,P0801
-0.5426,-0.061299,0.0868848,10.3657,0.3734486758708953,1.069470661878586,0.7352896558827368,1.6684908891717594,,,,,0.0175338732219399,0.0357659754290542,-0.0622386862814892,P0802
-1.41317,-0.074607,0.0478216,10.1494,0.5556821862856547,0.5828073024749756,0.7321439724543999,0.9533888149261476,,,,,0.0091122991315232,0.006810203484965,-0.1879644734653993,P0803
-1.10837,-0.037598,0.0091991,10.184,2.504636832078298,0.4522974898417791,0.7548579028968153,0.818361546844244,,,,,0.0120574005019367,-0.053155666352022,-0.1035701791915926,P0804
1.15712,0.038687,0.0756828,11.0328,0.3806167264779408,0.7498656173547109,1.5911582770018742,0.9521055320898693,,,,,0.0008284989086715,0.0169979248748575,-0.0227829280338482,P0805
0.86472,-0.071594,0.0269327,11.5,0.7454087575276692,1.2102125744024912,0.7400229932933018,1.1291809558868409,,,,,0.0004708578751638,0.0573434266921996,-0.1658686554001178,P0806
-1.42415,-0.005584,0.0225389,9.69378,1.2941442688306173,1.199751579761505,1.067614140181706,1.0939270281791686,,,,,0.0037635872644131,0.2281138912430682,-0.094791968287609,P0807
-0.139994,0.067004,0.0228056,9.68561,1.4122674345970154,1.2154899179935454,1.0496626188015117,1.2482655222217245,,,,,0.0563490130431826,0.0306958254394074,-0.2121433726424584,P0808
0.85923,-0.045749,0.0837572,9.59628,1.354288144906362,1.8148857752482097,1.7629129948287174,1.0308667707443238,,,,,0.0180113946868787,-0.0211125457795967,-0.0279962693894049,P0809
0.5715,0.21811,0.0870863,9.24061,0.3697367231051127,1.0798200448354085,0.6707885234520353,0.9410708025097848,,,,,0.0086097045765815,-0.0095343005035789,-0.0177136838174192,P0810
0.98142,-0.052167,0.0979059,10.2639,0.5599219739437103,0.5967255930105845,0.6374563030127821,1.1765906262397765,,,,,-0.0058754051515742,-0.0485800440284314,0.0627883598135667,P0811
0.90707,0.038584,0.0304391,10.0189,1.2597314675649007,1.394249584277471,1.042260809191342,1.0133322167396546,,,,,-0.002180936032627,-0.0084302130873038,0.0263253532466478,P0812
0.73414,-8e-06,0.0492417,9.52063,0.4258031229178111,0.7947570910056432,0.8504468829467379,0.8593664293487867,,,,,-0.0037460697082693,0.1305256723974546,-0.1624683230111259,P0813
0.80389,0.023015,0.0721249,10.2332,0.3692507445812225,1.2620702981948853,0.7583081054276434,1.0316359639167785,,,,,-0.0127959905007204,0.3728491278029466,-0.8115369913284667,P0814
0.78851,-0.00667,0.0295227,9.33695,1.439200405279795,1.215970187385877,1.160594027617882,1.2822925186157226,,,,,-0.0142130519201143,0.3606755546063682,0.0864848552737385,P0815
-0.308162,0.00046,0.00797621,9.32684,2.492157779137293,0.460498058795929,0.7733729183673859,0.8665989302098751,,,,,-0.0138417381544854,0.2277403332270491,0.1463530472829006,P0816
1.29208,-0.011258,0.00711532,9.63951,2.5125207960605622,0.466377983490626,0.7986538687656666,0.9716586601734162,,,,,0.0167417907359788,-0.3020926800054891,0.0415498583170119,P0817
0.79596,-0.021491,0.0362902,9.66952,0.8254456679026286,1.2903438488642374,0.8411552536076513,1.0285608718792598,,,,,0.0035076866803716,0.1264666634903436,0.1235903890701592,P0818
-1.92744,0.041117,0.0990946,10.7329,0.3818160096804301,0.7543232391277949,1.8982681138762112,0.9385993927717208,,,,,0.0190925676076006,-0.0363400113541705,0.0107326806682976,P0819
0.60099,0.035097,0.00694992,10.0333,0.7908153017361959,0.7749844998121261,1.1253178736259195,2.3999635076522825,,,,,0.0094980024084456,-0.0010414523298193,0.0636160691283294,P0820
-1.32993,-0.061076,0.00727305,11.0622,0.8049178322156271,0.7386229197184245,0.6610978420438438,1.0762902450561525,,,,,-0.0145871120043288,-0.0340695774729182,0.1218920147730386,P0821
0.61897,-0.097744,0.0800958,9.91097,0.5240192711353302,0.7390081187089285,0.6282542861741165,1.0621108603477478,,,,,0.0033932849401119,0.0068630349121288,0.0180214503925526,P0822
1.05148,-0.089005,0.0185298,10.1485,1.272046478589376,1.1638459781805677,1.3838857042378392,0.8237579274177551,,,,,0.0024613501434045,-0.0834489877167635,-0.0941379212454194,P0823
1.11597,-0.022762,0.0586382,9.07749,0.6163482546806336,0.5600744366645813,0.8349200302156908,1.8778605237603188,,,,,0.0073988017409087,0.0918242831777951,-0.0111322453085449,P0824
0.67412,-0.185917,0.0287162,10.3812,1.1821203708648682,1.289672883351644,1.2144446105792606,0.5967185473442078,,,,,0.0057687837677474,-0.0127475179709282,0.0388183803588617,P0825
0.71049,-0.028408,0.0189366,9.126,1.327927088737488,1.1633675475915273,1.2823837687229287,1.0449860882759094,,,,,-0.024444125778983,0.1692074271388015,0.0739991559530608,P0826
-0.825438,-0.072656,0.0270831,10.8761,0.9856802026430764,0.8956585009892781,1.0030144740795266,1.086176447868347,,,,,0.0157740299118118,0.0518039434567216,0.0992911269058822,P0827
0.48801,-0.12821,0.0626723,9.204,0.3696993132432302,1.241252448161443,0.5372678380588005,0.989883370399475,,,,,0.0127118385919816,-0.005289292545387,0.0338722390151815,P0828
0.1555,-0.038108,0.023737,9.359,0.7497137546539306,1.1459212998549144,0.8468939620873024,1.312203415632248,,,,,0.0059880154455015,0.057712806526226,-0.059202814612945,P0829
1.06523,-0.132017,0.0404608,11.224,0.4811140517393747,0.9148020188013712,0.6819999567393599,1.232569944858551,,,,,0.0092329809143392,-0.0213925498920768,0.0939932060719002,P0830
-0.040405,0.029946,0.022267,10.663,0.943038260936737,1.430529111623764,2.1351057085497627,0.7734247183799744,,,,,-0.0105786163610754,0.0583265543857354,0.0195615993870887,P0831
0.90998,0.040687,0.0623838,11.004,1.3026095231374104,2.0412775059541066,0.9168800423885214,0.6528555059432983,,,,,0.0037014558800318,-0.0306283088149555,0.0231021646468434,P0832
0.73651,-0.022417,0.0176038,9.751,0.79252636830012,1.369200744231542,0.6375075219006374,2.204740836620331,,,,,0.0009098180998503,0.0407209868111764,0.0862968728761188,P0833
1.90274,-0.0481,0.0242563,9.564,0.7504743615786235,1.159509504834811,0.8355402453192349,1.386693059206009,,,,,-0.0051645372806317,0.0630223292300904,-0.2185651073523331,P0834
0.53168,-0.106952,0.0270018,9.52,0.7647914171218873,1.361630646387736,0.7545454008825894,0.9528838634490968,,,,,0.0045041080376803,0.0643040044802211,0.1367961114374338,P0835
-0.586144,-0.048067,0.0254067,9.658,0.7591461420059205,1.2177591850360234,0.8076562131273335,1.909876675605774,,,,,0.0270336331018387,-0.0458778464591627,-0.0389023461320903,P0836
1.05584,-0.022894,0.0689972,9.91499,0.3736861189206441,0.8972447842359543,1.0039276162098194,1.131174726486206,,,,,0.0377013037940218,-0.1005441143276043,-0.1653857024648459,P0837
1.04984,0.091214,0.0300473,10.472,1.110433832804362,1.4846486071745555,1.6969965778548142,1.1059665580590563,,,,,0.000364390096279,0.0220708579134916,-0.0373969608335755,P0838
-2.62037,-0.0204,0.0244844,10.927,0.766670572757721,1.223061235745748,0.8106884596676662,1.9424637911411435,,,,,-0.0061294994009021,0.0172520136096778,0.0031104234076337,P0839
-1.47864,-0.002896,0.0211467,9.028,1.31024169921875,1.189160168170929,1.0756416834633926,1.1361483788490296,,,,,0.0002311721328011,0.6770730660275064,0.0669121966930106,P0840
-0.318108,-0.014442,0.0763973,11.427,0.3711089134216309,0.9989174743493398,0.7539217061009901,1.102779290676117,,,,,0.0027290682927063,0.0667864187447114,0.1097402689847513,P0841
0.98515,-0.00034,0.0849002,10.526,1.1769058585166932,1.4824917197227478,1.8880531767318989,0.692315677801768,,,,,0.0016235206454769,-0.2875722656476049,-0.3468508053920232,P0842
-0.41485,0.18093,0.00930248,10.783,2.4724554061889648,0.4358382870753606,0.717869029990558,0.7713465976715088,,,,,-0.0336683368117466,0.1134948912628389,-0.005190907526412,P0843
-0.521071,0.022923,0.0291077,10.054,1.101071258385976,1.4876518388589224,1.1094618121097828,1.0322215914726258,,,,,-0.011151754994993,-0.0215035140383905,-0.0002977964832098,P0844
1.3874,0.081374,0.0286397,11.351,1.074183988571167,1.7006510853767396,1.0253254709572628,1.2175642371177673,,,,,-0.0002082934683119,0.0206543450401048,0.0116137199584045,P0845
-1.70509,-0.196539,0.0110347,11.254,1.8386254151662191,0.511491526166598,1.436182119723024,0.5478378713130951,,,,,0.0016916815698398,-0.0440605960555198,-0.1059951635834295,P0846
-0.229473,0.019933,0.024475,9.086,0.746746301651001,1.3178133646647134,0.714706355127795,1.0237548017501832,,,,,-0.0023461260852475,0.0017209056310595,0.0071797231139498,P0847
-0.240589,0.046132,0.0198337,9.757,1.3381137013435365,1.0167917907238009,1.0114581389673825,0.938846515417099,,,,,0.0013166746658443,0.2173793538978667,0.2089427051105303,P0848
-0.136652,0.003422,0.0242844,7.0,1.1881294051806133,1.2770286639531454,1.4706326127052307,0.5938271009922027,,,,,0.0114931483351806,-0.0111838997642245,0.0408822522658738,P0849
-0.75334,0.055899,0.0309603,11.02,1.0848375956217449,1.5635520497957864,0.8605934885041467,1.019088363647461,,,,,-0.0276087948187801,0.0078220961355254,-0.0200924870732706,P0850
0.52853,0.008116,0.0381281,9.664,1.0019678910573324,1.95224319199721,1.1726354689433658,1.1115707659721374,,,,,-0.0047758976975061,0.0262432382055446,-0.0171715273609152,P0851
0.13877,-0.02465,0.0242307,11.04,1.2174033085505167,1.4974714636802673,1.0521553097100094,0.8361486029624939,,,,,-0.0053530536979232,0.078083736792451,-0.0210869777438347,P0852
-1.41288,-0.107752,0.0274967,11.011,1.090540361404419,1.5633133371671042,1.0563830651085953,1.0928755760192872,,,,,0.0033926070608297,-0.154700966342409,-0.0936278607332496,P0853
-1.19771,0.022653,0.077253,7.0,0.3692722638448079,1.1218568126360575,0.6512969506197962,0.8547557258605957,,,,,-0.0038272714959237,-0.2566943593633615,-0.1872892178071197,P0854
-1.02597,0.040491,0.03878,11.258,0.4167624155680338,0.7443036685387293,0.9014086959690883,0.8835887575149536,,,,,0.0023797190679839,0.0391483982841632,0.0122689252311829,P0855
-0.57422,-0.056428,0.0951892,10.364,0.3775263965129852,0.8150008817513784,1.5521908721019482,1.0159364795684815,,,,,-0.0007241201105847,0.0797092196632813,-0.0373949329150491,P0856
-0.472297,-0.014341,0.0283859,9.181,1.385118583838145,0.9232990086078644,0.951261935562923,0.7141004836559296,,,,,-0.0005758783538643,-0.0397441536720812,-0.0141304085409501,P0857
1.11247,0.066589,0.0398531,9.891,0.4117715875307718,0.7252150257428487,0.9876646420051312,0.9084864780306816,,,,,-0.0154336361163206,0.0013241070654843,-0.0155024847190361,P0858
0.86254,-0.087386,0.0428172,10.352,0.5335269033908844,0.639065009355545,0.7682217523969453,0.890301588922739,,,,,0.0048704166704841,0.0229343120405477,0.0542232387088006,P0859
0.4429,-0.004281,0.0234069,7.0,1.3885718663533528,0.9408588707447052,1.2906805369360694,0.9646473073959352,,,,,0.0022365459597762,0.2330842404418381,-0.0466420083394041,P0860
-0.296436,0.02034,0.021387,9.953,1.321291935443878,1.1993713855743409,1.049638910540219,1.1831214451789855,,,,,-0.019743695437081,-0.0194091954114761,-0.0221942707285052,P0861
1.24309,-0.03095,0.0279913,7.0,0.744254183769226,1.4382910072803496,0.7758842244230467,0.7787315753790048,,,,,-0.0008408845000766,0.0136747857727272,0.0915992049631313,P0862
0.95265,-0.091507,0.00955674,10.617,2.4970272878805795,0.4483413696289062,0.6970165937111296,0.8019613254070282,,,,,-0.0232870436342927,-0.2970959983307728,0.0180107513442635,P0863
-1.0254,0.038294,0.0213129,9.978,1.0802305817604063,0.9766622414191564,1.1134073364323582,1.4608498191833497,,,,,-0.0041918929340084,0.1811170566843973,-0.1137333085935097,P0864
0.10905,-0.046043,0.0395227,10.961,0.9401222229003906,1.652608292301496,1.8202584057018676,1.0016966581344604,,,,,0.0015439393710488,0.025830263382803,0.0467754738783696,P0865
-2.41302,0.009375,0.0183718,10.816,0.8462255477905274,1.431333641211192,1.1198146147974606,1.1134132196505864,,,,,-0.0074272299972637,0.1136793920208547,-0.0225490818265825,P0866
-0.260387,-0.073187,0.0072745,9.163,2.203893101215362,0.935478600859642,1.5169184084596306,0.9049132442474366,,,,,0.0024119652695671,-0.0852166593305434,0.0344867792955483,P0867
-1.3803,0.11997,0.0850446,11.339,0.3703284800052643,1.0430128455162049,0.6897323511797806,1.0712818428874016,,,,,0.0432445684081191,0.0626161619838783,0.0042850483660004,P0868
-0.675014,-0.093204,0.0243715,11.5,1.146189304192861,1.2914491256078084,1.2227950322216954,0.5669164717197418,,,,,-0.0264518673958156,-0.1625089423748356,-0.281596242210071,P0869
0.35241,-0.071679,0.0234592,7.0,1.1504690527915955,1.3555958767731984,1.9357489573544469,0.65754309669137,,,,,-0.0008900716524849,-0.0030670021846367,0.0220893916339264,P0870
-0.610994,-0.083311,0.1662,10.865,0.3709543625513712,1.23756799697876,0.7611839771270752,1.5693837503592174,,,,,0.0024178666293439,-0.0893405897748955,-0.0897947019257117,P0871
-0.19462,0.036757,0.0191893,9.434,1.1992428104082744,1.6223955670992534,1.0319506299906764,0.777125608921051,,,,,-0.034605539204183,-0.1335674578473523,-0.1070765657277661,P0872
0.063822,0.018037,0.0270131,10.367,1.163883392016093,1.3129519045352935,1.6389822672153342,0.5858741426467895,,,,,0.0259608841989758,-0.0618259789261927,0.0538083268256741,P0873
-2.13552,-0.04209,0.0603544,11.05,0.7146804531415304,0.7397296965122223,0.6424540373785742,1.3889168334007262,,,,,0.0150199097697465,0.0751364164390127,0.4028600476012798,P0874
0.2335,-0.115795,0.0771749,10.089,1.1602685769399008,1.4650935053825378,1.7508301406071105,0.6708229660987854,,,,,-0.0062702214138175,0.0025966892493162,0.0956858471981831,P0875
-0.7975,-0.082569,0.0289428,10.158,0.7665681958198547,1.3404599169890086,0.7954125805147763,0.886064547758836,,,,,0.0072810610623805,0.1215796259559444,-0.1311933194301673,P0876
0.31635,-0.101925,0.0830809,10.124,0.3698242684205373,1.182005524635315,1.0178411592697274,1.036965325474739,,,,,0.0044174033654736,0.0020948958642931,0.0118854405809543,P0877
1.85173,0.13563,0.0152547,10.863,0.8143620312213897,1.3687699427207312,0.7042811656820362,1.472056396007538,,,,,0.0044161290297441,0.0133379739288292,0.0623138930604909,P0878
0.6175,-0.103502,0.0153862,10.124,2.2037154912948607,0.9217224647601444,1.199031182404222,0.8636561918258667,,,,,0.0027038074816704,-0.1478697232956073,-0.1175450967639335,P0879
0.067257,-0.023431,0.0528624,9.483,0.5419692258040111,0.6295356671015422,0.710825083584621,0.9442400026321413,,,,,-0.0012208410506572,0.016303667444544,0.0063386444890056,P0880
0.045589,-0.019462,0.0397135,10.259,0.4109143416086833,0.719655434290568,1.0632477238260467,0.9381255532304446,,,,,-0.0083579344361678,-0.024180308834211,0.0564587490516714,P0881
0.093615,-0.099039,0.0386843,10.324,0.8193706830342611,1.2811529914538065,0.82054046721294,1.1066911506652832,,,,,0.0078155371861484,-0.0508122952393596,0.0237911633666954,P0882
-0.084895,0.06112,0.0439754,10.574,0.7962806582450866,1.0193183819452922,0.6676869731524895,0.8081741380691528,,,,,0.017043021866425,0.0143932413426222,-0.1059099640624481,P0883
-0.438722,0.052455,0.00832057,7.773,2.491729867458344,0.4557613988717397,0.7695295070779735,0.8437846191227436,,,,,-0.056087399503987,-0.2023630932521158,-0.2997086822215351,P0884
0.30922,0.028617,0.0259891,10.597,1.304919755458832,1.7506359338760376,1.087259463195143,0.7408161377906799,,,,,0.003902385566659,0.0071597890309072,-0.0282455602136906,P0885
-0.40919,0.050812,0.0109078,10.643,2.472872128089269,0.4309396455685297,0.7100362541346714,0.7482773196697236,,,,,0.0172855104176648,0.180678426916221,0.0404858753609005,P0886
0.52413,0.099535,0.0375686,10.005,1.322270679473877,1.896008894840876,0.9847186886031052,0.6474210238456726,,,,,0.0039430777097436,-0.0074820438982531,0.0664434943464584,P0887
-0.286147,-0.06891,0.0479148,10.572,1.3690810322761535,2.1139589647452035,1.535842058987453,0.7786309123039246,,,,,0.0032072176194612,-0.0704725553241504,0.0232819247175939,P0888
0.26889,-0.06287,0.0339338,11.338,0.5482073148091634,0.5850541313489278,0.7788335074638498,0.8850320804119111,,,,,0.0013028441192644,0.0269422466045495,-0.1650843680181424,P0889
-0.221277,-0.164107,0.021698,10.623,1.2889160195986429,1.2001270989576975,1.0722208434137803,1.0689955568313598,,,,,0.0836537756134983,0.2447572273218335,0.2358774952226667,P0890
0.8884,-0.032293,0.0251356,10.636,0.9904651761054992,0.8306243687868118,1.0625157376815533,1.0358097290992736,,,,,0.0147095559710336,0.0058367330670997,-0.028337064293737,P0891
1.18755,-0.064923,0.0231211,9.381,1.0434986750284831,0.9471265693505604,1.07307833227618,1.4262377346555393,,,,,-0.0197053454349002,0.106441273039292,-0.0813720452715642,P0892
0.29117,0.020215,0.0906882,11.331,1.1549861431121826,1.4568652868270875,1.7298558847657566,0.6627519989013672,,,,,0.0232818267690398,-0.0156546453792678,-0.0348420998270739,P0893
-0.058569,-0.084583,0.0191785,10.324,1.3753254413604736,0.9614377995332082,1.1915571329922512,0.9404262577493986,,,,,-0.0005157178111841,0.1032180240312685,0.0320174105509067,P0894
1.58154,-0.038573,0.0568826,10.339,1.3396145383516946,1.9874907950560248,1.6023325899551657,0.8816460919380188,,,,,-0.0221108248632628,-0.1438547144006143,-0.1243855516368057,P0895
-0.480363,-0.055085,0.00980648,10.292,2.494863865772883,0.4432040760914484,0.737342524117437,0.8221871268749237,,,,,0.0144469178964638,-0.1469338556657484,-0.2274508042173693,P0896
-0.208196,0.040663,0.0619692,10.604,1.3347538153330485,2.005378023783366,0.9705287773033668,0.648378667831421,,,,,0.0172412537373927,-0.0179890038766038,-0.0297243425738997,P0897
0.89187,-0.031183,0.10521,10.75,1.3793420433998107,2.0216674486796062,1.1189384481002544,0.6513103151321411,,,,,0.0151487513208574,0.024981818008042,0.0275298338819993,P0898
0.9614,-0.110221,0.0487004,8.797,1.3269567012786865,1.9841130912303924,0.9433115083595802,0.6425095248222351,,,,,0.0009747108910417,0.1326085268659516,0.0392287507711444,P0899
1.14628,-0.038192,0.0463881,8.989,0.3887037952740987,0.7066803425550461,1.377924142212703,0.7446462412675222,,,,,0.0105814093154047,0.0255305757243597,0.0392760557660949,P0900
0.34173,0.024238,0.0317044,7.0,0.8038869976997376,1.2191145141919455,0.6970111296094698,0.7141426849365234,,,,,-0.0068386292285114,-0.0044928451932835,0.0318618126329965,P0901
0.37884,-0.128418,0.00562574,9.854,0.8055746992429097,0.7176118512948354,0.6866583618624457,1.2441705614328384,,,,,0.0097937668833433,-0.0906652421943742,0.0157152380343177,P0902
0.54542,-0.038296,0.041281,9.757,0.6842872897783915,0.6501272976398468,0.6106314741331955,1.632212941845258,,,,,-0.0022323579868586,-0.0112746216677528,-0.0161908587469952,P0903
-0.676762,0.019531,0.0608982,10.86,0.6761312206586202,0.6535512755314509,0.7802794760671156,2.074702799320221,,,,,0.0027902834652152,0.0329069404939881,0.1125090416899183,P0904
0.47012,0.071635,0.0298418,9.384,1.325393589337667,1.7596589167912802,1.087451340823338,0.7050502800941467,,,,,-0.0008227832582137,0.0568877711293536,0.049325677093293,P0905
0.20985,-0.044165,0.0263349,10.166,1.1697649161020915,1.2874768813451132,1.2313120231546204,0.5669817709922791,,,,,0.0062581253806841,-0.0120896824191301,0.0490130776161095,P0906
-0.647946,0.16146,0.0242235,10.522,0.7499244292577107,1.4660946468512217,0.809951545863316,0.7436817636092504,,,,,-0.0084933038457429,-0.0129310152325464,0.014998864098743,P0907
-0.163539,-0.109307,0.0599236,10.516,0.4459576507409413,0.916395350297292,0.592699728135405,0.8004594421386719,,,,,0.010288138953516,0.0083273476445688,0.0427105189664871,P0908
0.9767,-0.078472,0.0267289,9.326,1.3542121529579163,1.700826527674993,1.124979622405151,0.6993315720558166,,,,,-0.0022540486722876,0.0483922892598805,0.0679523490471183,P0909
0.81936,-0.110554,0.0345858,9.765,0.8087142507235209,1.2881904403368631,0.7507218862402028,0.7981087636947631,,,,,0.0010101996443808,0.0392472636508189,0.0448652740160469,P0910
-0.815183,-0.077207,0.0273029,10.394,0.7953566074371338,1.2407721082369487,0.7521827107873457,1.417919099330902,,,,,0.0021369942534367,0.0207846970881975,0.0501242730533704,P0911
1.23591,-0.0322,0.0204402,10.859,1.4199026942253112,0.8940520683924357,1.0602792563109562,0.7505420247713724,,,,,-0.0067798840285707,-0.0123576270907013,-0.0017951594927581,P0912
0.80934,-0.053912,0.027605,11.178,0.7965918223063151,1.208023528258006,0.7895389939176625,0.978038710852464,,,,,-0.0154973821974212,-0.0234182964151876,0.0901166102848947,P0913
0.46489,-0.031875,0.0706197,10.998,1.2889103889465332,2.055552103122076,1.2493771643474183,0.6923085284233094,,,,,0.0133095469388278,-0.015844837702857,0.0415010941433138,P0914
0.7476,-0.062355,0.079982,7.0,0.3695911844571432,1.1414635956287384,0.6059852406896394,0.963732528189818,,,,,0.0113056215506138,0.0063773542258667,0.0218517113244161,P0915
0.094624,-0.033861,0.0317574,10.401,1.2520373026529947,2.033289255698522,0.8809646953796518,0.6502932732303938,,,,,-0.0075965916248967,0.0836540770399355,-0.3751514143295935,P0916
-0.349949,0.064558,0.0265363,9.661,1.1503831187884013,1.370037070910136,2.0811687152961205,0.702652451992035,,,,,0.0050690237718783,0.0111898416876566,0.0358248184129479,P0917
-1.6241,0.005635,0.00691902,10.406,0.8046947042147319,0.7429668476184209,0.6566060637605602,1.0787037920951843,,,,,-0.0232927682813246,-0.0895243286833746,-0.241044363072433,P0918
0.18431,0.043902,0.0234288,11.072,1.1410958329836527,1.3978874444961549,2.127593794773365,0.79630624294281,,,,,0.0048121481624638,0.0121877375167321,0.0446102602509199,P0919
-1.40939,0.062014,0.0166835,11.172,0.8621552586555481,1.2887444267670314,1.2388237591447502,1.4638838842511177,,,,,0.0017637938721458,0.003786703476629,0.0461274614644935,P0920
0.73235,-0.092961,0.00893194,8.731,2.518428834279378,0.4815411667029063,0.8120344517559841,0.9096208475530148,,,,,0.0127124515184305,-0.2711131864404701,-0.3888039826633758,P0921
-0.477836,0.069976,0.0188342,10.656,1.0952734073003134,1.494271131356557,0.9110969983298204,0.99583598613739,,,,,0.005371414771995,-0.0015776615913135,-0.0188457564800046,P0922
1.13375,-0.038428,0.0283721,11.236,0.91521368821462,1.518666743238767,2.253391333695116,1.0441224193572998,,,,,0.0100772019496851,-0.0038030257221948,-0.0326940969243878,P0923
-0.621992,0.14919,0.0194889,10.976,0.9405706644058228,1.4032342910766602,2.114986571772345,0.7707337880134583,,,,,0.0861784366383779,-1.5334588938956957,-2.016750810260419,P0924
0.42606,-0.082895,0.0452695,10.325,1.2622756640116373,2.1089962661266326,0.8639278761271773,0.6635987830162048,,,,,0.0022467246540714,-0.0356116055671327,0.1071052583938581,P0925
0.003506,-0.029701,0.0272554,9.288,1.0099514206250508,1.7523901840051015,1.3344758194068382,0.9239067149162292,,,,,-0.0088592777402334,-0.0297757671772809,-0.0181934856591396,P0926
0.32908,0.075626,0.0535648,10.798,1.3767611940701805,2.03462925752004,1.5978259670323338,0.8915438175201416,,,,,0.0160968548519073,0.2340289678620064,0.1696878480070154,P0927
-1.42751,0.21928,0.12165,10.572,1.1441051483154296,1.4327669461568198,1.747525731037403,0.6453798015912374,,,,,0.0145064847302858,0.4329313764760211,-0.1578462854376994,P0928
-0.740056,-0.099286,0.00912012,9.234,2.506984208027522,0.4653175711631775,0.7337325626406176,0.8643941617012024,,,,,0.0006232263678455,-0.0897019975010858,0.0342162227316293,P0929
0.97928,0.049454,0.0796737,10.395,0.3703699946403503,1.0303724865118662,0.7115758205282277,1.0450762009620669,,,,,0.0289621046435441,0.1505900900601774,0.2506771608095732,P0930
-0.328952,0.003206,0.0576232,7.0,0.7121960838635762,0.7311751614014308,0.6360019948975794,1.4286170315742492,,,,,0.0688002037656784,0.5055668550521286,-0.7550851553532993,P0931
-0.201493,-0.084432,0.0259846,10.902,1.074305502573649,0.9294385810693104,1.0958000832590564,1.405390079021454,,,,,0.0119393448991443,0.0954169722729819,-0.0772317121518426,P0932
-0.68294,-0.06814,0.0508246,10.971,0.3845876634120941,0.7176199813683828,1.635865593778676,0.8368318552772204,,,,,-0.0549656676780902,0.0850799445805595,-0.1439753837912576,P0933
-2.05976,-0.022972,0.0251347,10.784,1.41327832142512,1.1941836565732955,1.2513498396709049,1.253568067550659,,,,,-0.0293007024474651,-0.626870728721423,0.406748943052662,P0934
-0.463394,0.20559,0.0250085,10.351,1.4149160464604695,1.1952916771173476,1.2460312411702912,1.2565540742874146,,,,,-0.0043329287917494,0.0118639536344851,0.2133632264740299,P0935
0.96631,-0.147151,0.0224902,10.267,0.7495769143104554,1.472430509328842,0.8123983072823492,0.7534830073515574,,,,,0.0014687819523488,0.0563658472151096,0.0014588645208277,P0936
0.92166,-0.058195,0.024714,10.3,1.0792953689893088,1.6588090340296426,1.0338218438214268,1.1850460410118102,,,,,0.0057686736841409,-0.0235710588984191,0.0667382755345897,P0937
0.37169,-0.011742,0.00841747,9.664,2.484394109249115,0.4433509598175684,0.7457087923740519,0.8275559663772583,,,,,0.0133398608675089,-0.0625031618338715,0.1675516654213424,P0938
-1.31897,0.012668,0.0234458,11.5,0.7470425764719645,1.160917822519938,0.8133293164187464,1.2116594123840332,,,,,-0.0029270005510045,0.0298685407331724,0.0165073352691251,P0939
1.29871,-0.092458,0.0435636,7.0,1.3291366338729858,1.8947461545467377,0.9829996382368024,0.6433819627761841,,,,,0.0050730549041426,0.0869925252282441,0.0195250881151878,P0940
0.98859,-0.068335,0.0348777,9.95,1.1037675738334656,1.4854134341080985,1.2297557407412036,1.0492616844177247,,,,,-0.0013000592417441,-1.403161360224176,2.112645788423833,P0941
0.35012,0.008214,0.00703405,9.911,2.206098171075185,0.9317760616540908,1.3910247221075256,0.8905310797691345,,,,,-0.0020838512741769,0.0558746509655884,-0.0565062225359724,P0942
0.00802,-0.083706,0.015431,8.996,0.802546372016271,1.346650524934133,0.6745434619229416,1.7406650638580323,,,,,-0.018200367221567,0.0239499019318423,0.0423520065742195,P0943
-0.395911,-0.03385,0.0204704,9.778,0.9499987324078878,1.444147416949272,2.1666435085493942,0.7547861886024475,,,,,-0.001167304583847,-0.0175808966177207,0.0447464036478777,P0944
-0.122892,0.018744,0.00926361,9.5517,2.5089327375094097,0.4584399660428365,0.7746594383798796,0.8545250706374645,,,,,0.0052922399222237,-0.0647636830663588,0.0349641262291697,P0945
-0.800981,0.10611,0.00745692,11.075,1.8470671772956848,0.5196284780899684,1.290984101336578,0.5394002149502436,,,,,-0.0200059358433266,-0.0992716955475279,-0.2856369762594113,P0946
-1.49121,-0.048274,0.0366617,11.458,0.553700453042984,0.5739287118117015,0.7783988745048128,0.9096165454387664,,,,,-0.0097127619237367,0.4601476019157513,0.1711434294193168,P0947
-0.229311,0.006447,0.019391,7.0,0.7897221048672994,1.283659890294075,0.7119368479169649,1.8106187398617084,,,,,0.0237919390919792,-0.0078718622377187,0.0396548089483985,P0948
0.83322,-0.009623,0.0225027,9.737,1.013547412554423,0.8317436754703522,1.0912339379047524,1.0819935274124146,,,,,-0.0062464202313224,0.2045318231426246,0.0395599746116204,P0949
0.72474,-0.138295,0.0223301,11.239,1.0635496020317077,0.9710044205188753,1.097885865589668,1.465357542037964,,,,,0.0058411305156096,0.4002892889370072,0.1632743176160147,P0950
-0.964653,-0.111863,0.0234717,11.269,1.340504825115204,1.026176937421163,1.099118311857355,1.0265456545352936,,,,,0.0043377667176451,-0.0047038959615353,-0.1093511510480311,P0951
0.28737,0.016007,0.0176969,9.387,0.7791584094365438,1.2475052972634633,0.7568415650005998,1.981537414093812,,,,,-0.0101190979893361,0.0202558958492891,-0.001036233814375,P0952
0.11554,-0.047441,0.0690237,10.051,0.5544426699479421,0.6008753856023152,0.6773562153865551,1.0398416233062744,,,,,0.0024505812387736,0.3656456405240439,0.2893002134587732,P0953
-1.74956,-0.027936,0.0899026,11.272,0.4588172157605489,0.9596987148125966,0.6146848366178316,0.9892855048179626,,,,,0.0018087243434939,-0.0407426704407221,0.0603003417418221,P0954
-0.315612,-0.026315,0.0473579,10.497,0.4904842813809713,0.8411229848861694,0.7506143892633503,1.2682760581374168,,,,,0.0058072805758123,0.0580722787044211,0.0537584894482279,P0955
1.12434,0.003346,0.0304501,10.219,0.9202734629313152,1.4376266171534855,2.1502326459720216,0.9384924101829528,,,,,-0.0068408776341343,0.0508680635847003,-0.0119673293738742,P0956
-0.740612,-0.103496,0.056301,7.0,1.3541074514389038,1.98130059838295,1.009167908594526,0.6457778787612916,,,,,0.0277231499819975,0.0268079877383915,-0.0032268011564156,P0957
0.74462,-0.016092,0.0863138,9.225,0.4584544936815897,0.9572855403025944,0.6217424016574333,1.0174687579274178,,,,,0.0042858761669662,-0.119152155186217,-0.0011625133265624,P0958
0.059763,-0.055445,0.0274739,9.969,1.166913453737895,1.3112971385320027,1.6554092302404602,0.5888561797142029,,,,,-0.0002508014822486,-0.0445167749898785,-0.0156480938239838,P0959
-0.612498,-0.107766,0.0207677,10.63,0.8798283934593201,1.2585860381523768,1.437553499279351,1.366537109017372,,,,,-0.015322972779152,0.0151789843443573,-0.0340788991306908,P0960
1.3148,-0.03324,0.0181881,10.063,1.2859116196632383,1.1665835897127788,1.1982949396659588,0.948556056022644,,,,,0.0113681564324108,0.1890942444632632,0.0505843407809152,P0961
-0.656693,-0.013866,0.0563188,11.4,0.3754124442736308,0.8428422460953394,1.1157615708893742,1.147767314910889,,,,,-0.0250679510104967,-0.0300663451281376,0.007663179138035,P0962
0.76107,-0.070773,0.0272668,9.66,1.2288811802864077,1.425052966674169,1.0570160736297738,0.8685206317901611,,,,,-0.0244478733954221,0.039775012591982,-0.0686910103540867,P0963
0.02184,0.045412,0.00615783,11.313,0.8060003042221069,0.7253816803296407,0.6855000709665233,0.9794650983810425,,,,,0.0242850649432115,0.1691044875271814,0.0075651694205589,P0964
-1.87784,0.15242,0.0615482,11.312,0.6339489221572876,0.574431903163592,0.7631940430608289,2.007228448987007,,,,,-0.0292716129050815,0.3780086651849168,-0.1800270287785679,P0965
-1.05273,-0.059928,0.0119625,10.231,2.505348054567973,0.4691442122062047,0.7143349143965491,0.8415761721134186,,,,,-0.0196566846695422,0.0250871281973563,-0.1986437257874058,P0966
-1.19101,0.16064,0.0510248,10.717,0.3869933088620503,0.707093941171964,1.5363054378279324,0.7840511655807495,,,,,0.0317461923622068,-0.0621313110045764,-0.0676466371296555,P0967
0.82038,-0.063565,0.0485495,10.43,0.3895876149336497,0.6981677691141764,1.5423766744547878,0.8091764524579048,,,,,0.0115000414910879,-0.0749972157054228,-0.0024355563800781,P0968
0.39874,-0.034298,0.0748088,9.056,0.5703473091125488,0.5737186561028162,0.6476711188924724,1.261758873462677,,,,,0.0264187479486429,0.0627260573040828,-0.0648767648090142,P0969
0.48151,-0.004374,0.0577534,9.789,0.6350343704223633,0.5745175669590632,0.7296990022577089,1.906025493144989,,,,,0.0150161282676152,0.0108526495496147,-0.0207613204111112,P0970
1.42408,-0.097862,0.0077385,9.694,2.1647847453753157,0.945502499739329,1.7327276560766944,0.8179361605644226,,,,,0.010168518730513,0.0063175853402732,-0.0062073229128145,P0971
-2.22105,-0.022826,0.0599906,11.5,0.4656023542086283,0.9470998793840408,0.6541807353496552,1.2162874639034271,,,,,-0.0074284247432167,1.1114635566434647,0.5342513463256182,P0972
0.087898,-0.099573,0.0222529,10.582,1.3360578497250877,1.2025064567724864,1.046721470767054,1.2081227493286133,,,,,0.0109680944478813,0.1583257451452294,-0.0305052813346264,P0973
1.04946,0.009912,0.0207488,9.612,1.1579548597335816,1.3276024520397187,1.7469065651811402,0.6039497697353363,,,,,-0.0165267483544351,-0.0031132912174667,-0.222280670357577,P0974
-1.68923,-0.099308,0.0257603,11.5,1.003253169854482,0.8924288074175517,1.0342475771903992,1.1556172585487363,,,,,0.0064780754294448,0.1002916630270429,-0.0289431836135918,P0975
1.16426,-0.050221,0.10115,11.127,1.2296874841054282,1.69457545876503,1.6050232319996274,0.8759134486317635,,,,,-0.0043188318780696,-0.1284742181840206,-0.0066046893771272,P0976
-0.841378,-0.031446,0.0158971,10.226,0.8241710821787517,1.331195029616356,0.7708975313038662,1.3693853666385014,,,,,0.0090460770518234,-0.062571175381313,-0.0186802316602552,P0977
-0.160088,0.1039,0.00984751,10.965,2.514456375439962,0.4744076391061147,0.7889737661542564,0.8828164661924044,,,,,0.0239495538225381,-0.0599538140092913,-0.1201373622170649,P0978
0.15361,0.12339,0.0227684,10.696,1.1679529110590616,1.2952202002207438,1.4830352078224052,0.5698207235336303,,,,,0.0065177477141563,-0.0072208535369549,0.0485974977200385,P0979
1.08099,-0.130649,0.0381921,7.0,0.8671977082888286,1.4178338557481769,1.7158590966257556,1.1117728352546692,,,,,0.0318538278787784,0.0731880104194724,0.0869118217015056,P0980
-0.578624,0.11949,0.0613161,11.5,1.3910149057706198,2.1515835265318555,1.267135199801675,0.665177909227518,,,,,0.0056937143398512,-0.000643092469822,-0.3819980007901904,P0981
1.02285,-0.007886,0.0452112,10.055,0.5017920295397441,0.7926154325405756,0.7651730673066501,1.1296227049827576,,,,,-0.0052812645248661,-0.0128658006158814,0.0546422394909313,P0982
0.76464,-0.020313,0.0612895,11.034,0.58629612326622,0.5559175749619801,0.6547003460341486,1.4933004355430604,,,,,-0.0072341619591007,-0.0263140009493154,0.0303174650616711,P0983
0.084513,-0.022316,0.0202861,7.0,0.8405872146288554,1.2627247800429662,0.8893047324542341,1.4270068829258282,,,,,0.0036059982208706,-0.020586838077699,-0.0125327819769154,P0984
-1.01331,0.14984,0.00865755,11.403,2.527692196766536,0.5002968102693558,0.8609445876088636,1.0357355499267578,,,,,0.0034922208885798,0.1426610654123747,0.2225698509573703,P0985
-2.07449,0.011385,0.0119694,11.303,2.4632224559783937,0.4190566410621007,0.6375907001824215,0.6819199919700623,,,,,-0.1358546964190705,1.221206590007929,-6.370573627209524,P0986
-0.305757,-0.015316,0.0761703,9.931,0.3769028166929881,0.8071508417526881,1.3070254778039867,1.102930061519146,,,,,0.012561697274872,-0.0416035120793649,-0.0630572072841459,P0987
0.68739,-0.098723,0.0565963,9.835,0.574737177292506,0.5534078101317088,0.7402790178512705,1.1492218275864918,,,,,,,,P0988
0.25057,-0.075171,0.00697846,11.5,2.5051778733730314,0.4728473583857218,0.8065151633887455,0.9371539590259392,,,,,-0.0249226448442152,-0.2153938120772408,-0.0502451993961585,P0989
0.91406,-0.107985,0.0270065,8.818,1.0033382137616476,1.873230555653572,1.2911948294475162,0.9893536067008972,,,,,-0.0069504873137584,-0.0596849318720267,-0.1683232522991602,P0990
-0.148294,-0.099965,0.0212511,8.954,0.7545870701471965,1.1945290664831798,0.8135270003614754,1.6714064876238506,,,,,0.0102541587546795,-0.121909400389026,-0.1128417292784433,P0991
0.54349,0.029676,0.0218223,10.389,1.0864575028419494,1.6155305802822113,1.1901136307880795,1.186790986061096,,,,,0.0067728156370046,-0.3273014069913209,-0.1972375188342994,P0992
1.023,-0.045648,0.0427939,7.0,0.7864189505577087,1.0243685036897658,0.6476029219298527,0.724740915298462,,,,,0.0134762698822567,0.0098851080476491,-0.018512015689339,P0993
1.26334,-0.003033,0.0103462,8.859,2.5062167902787524,0.4549150824546814,0.7526179685674864,0.8222394945720831,,,,,-0.0010663378873103,0.0875021323295504,-0.1870425874440116,P0994
-1.54068,-0.073011,0.0100908,11.23,2.499114074309667,0.4516839385032654,0.7026091906531103,0.8157045590877533,,,,,-0.0424295829177953,-0.2203915548144925,-0.2443587013985961,P0995
-1.38838,-0.137949,0.0490428,10.93,0.4683038373788198,0.936051321029663,0.6688417124337164,1.290933606525262,,,,,-0.0220405088396261,-0.0077665445723951,0.0764705264664371,P0996
-0.502697,0.006675,0.0630463,9.959,0.4660890142122904,0.9572426577409108,0.6386570889374306,1.136438821752866,,,,,0.0215028483813804,0.4374008288571875,-0.0819413650460774,P0997
0.4683,-0.104301,0.0241139,10.024,1.2936690330505372,1.8033184667428332,1.050346748582248,0.7169826030731201,,,,,0.0020686394232797,-0.1355208331612634,0.1203832944884197,P0998
-0.86272,0.028592,0.0097419,10.95,2.524396667877833,0.4979221085707346,0.8563158882075342,1.0043134056031704,,,,,-0.0233733470177882,-0.2061239492894832,0.0960317959543317,P0999
-0.028294,-0.063961,0.0225599,10.806,0.9041181325912476,1.427610781788826,2.2352949421981285,1.0848540925979615,,,,,0.0140316081333537,-0.0114516263219712,0.0119493430975126,P1000
-0.700887,-0.129253,0.0174035,11.335,1.407243283589681,0.9086101710796356,1.0307487228821064,0.74693109964331,,,,,0.0091498822888619,0.0418483515242924,0.0428067435495904,P1001
-0.104958,0.024035,0.0790577,10.917,1.2900436441103618,1.992828553915024,1.4864214370990625,0.7271560478210449,,,,,-0.0034254675122581,-0.0721771205399903,-0.0298058275293442,P1002
0.18256,0.005681,0.0190387,9.696,0.7889337182044983,1.2976585616668066,0.6968093791912342,1.9802930998802184,,,,,-0.0577537792181833,0.0524343579946463,0.255398494831752,P1003
-1.64141,0.083174,0.0424109,10.516,0.5339788873990376,0.6372113873561224,0.7681695716134433,0.8890044453243414,,,,,-0.0348151411917012,-0.1604719759586224,0.1115512471151305,P1004
0.5115,-0.001003,0.0883678,7.0,1.30613427956899,1.7778508683045706,1.7023752927780151,0.983806083202362,,,,,0.0254134150542833,-0.0082763075956696,0.045263974534464,P1005
-2.15343,0.091001,0.0173687,10.783,0.7764085491498312,1.255631289879481,0.7529207283052904,2.116165501375993,,,,,-0.0232680529540124,0.3548642795940564,0.5823119784254231,P1006
0.53447,-0.034129,0.0149707,10.491,1.3833518266677856,0.9389236787954968,1.0211419884500832,0.7823140299320221,,,,,-0.0074253625036499,0.0543410354944781,0.0027087303678854,P1007
0.2738,-0.121671,0.0195412,10.917,1.3916950583457948,0.9198686520258584,0.9704164687929482,0.7229728722572326,,,,,-0.0087666657885812,0.0111472132449698,0.0222789459658088,P1008
-1.59703,-0.005601,0.00701012,11.23,0.8048818747202555,0.7286001314719518,0.6671182482407011,1.179949493408203,,,,,-0.0056767618246752,0.0616403708892077,0.0161415154070709,P1009
0.8684,0.046274,0.0673538,10.836,0.7292527953783671,0.7798912664254506,0.6075669475670519,1.1676110550761225,,,,,-0.006406610062069,-0.0250971981475216,1.3555184821379953,P1010
0.65798,-0.043993,0.0208309,11.075,0.7859647572040558,1.2698637117942175,0.7254046828582369,1.889453523159027,,,,,-0.00740836828368,0.0061499714458024,0.072451400468708,P1011
0.001523,-0.086927,0.0192752,8.78,1.0043819705645245,0.9487133214871089,1.0097829041809872,1.23299268245697,,,,,0.0084653783149216,0.3462885549966814,-0.0397137599284178,P1012
0.2037,-0.10266,0.00710053,9.568,2.5086030920346576,0.4826983074347178,0.8141769561274298,0.9776296752194564,,,,,0.0450172570286122,0.3397684770586006,0.0932251716221799,P1013
1.20528,0.016198,0.00890965,10.175,2.5277543644110363,0.5004635165135066,0.8599297044606045,1.025765711069107,,,,,-0.0592323934514498,-0.2453301105011933,-0.6590559482428944,P1014
0.28942,-0.130518,0.0205623,8.646,1.3498528599739077,1.1690406362215675,1.335674255058683,1.0940631198883055,,,,,-0.0097735555945822,0.1009389794540457,0.0405946154423872,P1015
1.38181,-0.133984,0.0209211,9.134,1.4081044991811116,0.9011271238327028,0.9782750113257046,0.7149468052845734,,,,,0.0143349565250025,-0.1197980021205944,0.0341394065471831,P1016
1.32135,-0.041908,0.0860034,9.953,0.3799741347630819,0.7784980942805608,1.8040488012905775,0.9680063939094544,,,,,0.0431850795142149,0.0170459592606688,0.0881755488298949,P1017
0.71495,-0.034412,0.0235401,9.165,0.75823100010554,1.1362435360749563,0.929777212184051,1.3850109142561753,,,,,-0.019090895183929,-0.0448411852922682,-0.0668489675445016,P1018
-0.69326,-0.076474,0.00900839,9.059,2.136994862556457,0.9728512893120448,1.6136864793711696,0.7432146573066711,,,,,-0.0041661421058349,0.1172430525682932,0.0615062681317795,P1019
0.26487,-0.081993,0.0291938,10.628,0.7505279103914897,1.455415467421214,0.7954477780851824,0.7539713631073633,,,,,-0.0101676139501873,-0.1896462888622659,0.0248208333941875,P1020
1.05724,0.066929,0.0492443,10.654,1.3479163646697998,1.911287095149358,0.9647338565053613,0.6238697667916616,,,,,-0.001331304995205,-0.2712395552249732,0.0977879230558755,P1021
-0.491116,0.028559,0.0253017,11.5,1.37388170560201,1.6422549704710645,1.1581444801955387,0.7046654677391052,,,,,0.0169875878667166,-0.0459681695813134,-0.1007174631449743,P1022
0.0111,0.13764,0.0421341,8.444,0.5630786418914795,0.5567161043485006,0.7910376807738995,0.9840033721923828,,,,,0.0097306435215902,0.0297040634748754,0.0793794247219921,P1023
0.40235,-0.008181,0.0661127,10.874,0.5782203376293182,0.5547516355911891,0.706860775577611,1.2357693696022034,,,,,-0.1995457983079449,-0.2111685249345131,0.9781120941479458,P1024
0.90942,-0.090305,0.0507552,9.23,0.570227591196696,0.5566455096006393,0.7483194398468939,1.0812821810444195,,,,,0.0099000107115964,-0.0507146889953841,-0.0362455395661527,P1025
-0.729683,-0.086335,0.0294837,7.0,1.1214882095654806,1.394201523065567,1.4155060556428185,0.8827001750469208,,,,,-0.0197816782476179,0.6664655836614504,0.6995072605932364,P1026
-0.009105,0.12905,0.00714443,10.793,2.5021423598130546,0.4560277183850606,0.7836665161724748,0.9276488888263702,,,,,0.0167661663342129,0.0500955152982237,0.0750611682451563,P1027
-0.910841,0.27933,0.00967993,10.963,0.7659034570058186,0.8116915633281072,1.1082927749074738,2.4353626645528355,,,,,0.0075328564214657,-0.0029676235887652,-0.0170112474661436,P1028
1.08198,0.06689,0.076889,10.401,0.5214735507965088,0.7472505261500676,0.6399965265701557,1.049548132419586,,,,,0.0059848789912972,0.0072815731498021,0.0649423795111943,P1029
0.017211,-0.050064,0.0113056,8.834,2.190993622938792,0.932353260119756,1.3369432112266275,0.8807927891612053,,,,,0.0085003429241735,-0.3141585353894208,0.063896721592755,P1030
1.16427,-0.057488,0.0248821,10.702,1.0167802651723226,1.729381611943245,1.2247134118244565,0.9402568091948827,,,,,0.0119830692098542,0.0036777278115718,0.0093554717386723,P1031
1.32251,0.034078,0.0353898,10.51,0.8037614504496257,1.293291481335958,0.7700917391941465,1.2128470933437348,,,,,0.0251297664361115,0.0332905765735342,0.0480983104498591,P1032
-0.687451,0.10124,0.00571639,10.131,0.803403494755427,0.8523070593674977,0.6324532689719364,0.951591763496399,,,,,-0.000473351126695,-0.0515836234628862,0.0787894395471084,P1033
1.51449,-0.078688,0.00833601,8.458,0.8027042826016744,0.8790817737579346,0.6109232018733847,0.9864723205566406,,,,,-0.0002298821035631,0.1124585609975921,0.1168445864532259,P1034
0.69214,-0.042881,0.0347417,9.078,0.8101966063181559,1.280610599120458,0.7504879195114662,0.7807773624857267,,,,,-0.0066181355624099,-0.0298475771734391,-0.1033974290912738,P1035
-0.180402,0.031155,0.02593,9.099,1.335560687383016,1.746270720163981,1.096277888478904,0.6979506158828735,,,,,-0.0115239945426899,-0.003695610861009,0.0610446995997335,P1036
-2.41623,-0.134685,0.00652775,10.491,2.190834867954254,0.9422926922639212,1.646293413022469,0.8800011539459228,,,,,0.0112611658637281,0.2745505386056517,-0.0108809878583997,P1037
0.39192,0.079524,0.024287,8.58,1.403701078891754,1.1886393219232558,1.2707588138251469,1.234260003566742,,,,,0.0015695332270084,0.1125585999048511,0.0641975286998786,P1038
1.14243,-0.091091,0.0184254,11.5,0.7751791715621948,1.2647668957710263,0.7453526618151829,2.1585046899318696,,,,,0.0311559856161711,-0.1476823857458622,0.2252170466163079,P1039
0.55137,0.17614,0.00913184,10.577,2.5108397006988525,0.4712881356477737,0.7594074904918671,0.8962021625041962,,,,,0.0307951507038387,-0.0247421342674071,0.1223729215853381,P1040
0.64663,-0.035266,0.0220166,9.699,1.3873415072758992,1.223393092552821,1.019047644631616,1.2384384727478028,,,,,-0.0030990022675095,0.0713130938562945,-0.0321861241100123,P1041
1.38593,-0.029217,0.0269744,9.611,1.3565575281778972,1.748233671983083,1.084506389395944,0.6655544066429138,,,,,0.004434426703206,-0.0212121656986266,-0.0245911840465851,P1042
-1.56651,0.041887,0.0292471,9.297,1.3226837118466694,1.680450944105784,1.1306549917007316,0.7710368299484253,,,,,-0.0076604912997191,0.0605925427028581,0.0843741484713973,P1043
-1.526,0.024006,0.0297532,11.015,0.922843603293101,1.4308107535044352,2.12789634383958,0.8810487861434618,,,,,-0.0272406286737339,0.157390490398136,-0.0798719827434979,P1044
1.111,-0.044342,0.0396143,10.621,0.4175744791825612,0.7485200583934783,0.8727989063180727,0.875540463924408,,,,,0.0009206139221481,-0.0322289099343788,0.0323509663721779,P1045
-0.382981,-0.023436,0.0332181,10.234,0.8099553346633911,1.2338610251744588,0.7893295483342533,1.18391539812088,,,,,-0.0038951075332348,0.0625879452447852,0.0489429788576671,P1046
-1.55732,-0.092387,0.0291353,11.411,1.3210815866788228,1.732000438372294,1.104925306706593,0.7331693434715271,,,,,0.0078970564157117,0.1657328169964602,0.0462444683143985,P1047
0.86995,0.029203,0.0202505,9.679,0.821469767888387,1.3676617364088697,0.7432820509219992,1.357924704551697,,,,,0.0037131107512387,0.5230644008157146,-0.1470191955813788,P1048
-0.956479,-0.086052,0.0407324,10.79,0.4145732522010803,0.7337850958108902,0.95656549519506,0.8984629917144775,,,,,-0.0525974709921348,0.2957744472417745,0.1775630486954469,P1049
-1.40015,0.026504,0.0199032,10.05,1.3920030832290649,1.18799533645312,1.181636378682893,1.2164052963256835,,,,,-0.0181336141790218,-0.0333496672782551,0.2954074969020439,P1050
-0.754654,0.076439,0.0288179,11.024,1.3316594044367471,1.7121498266855877,1.1196519783858596,0.7317185759544372,,,,,2.6442541446389245e-05,-0.2627764722861189,-0.1650045134592801,P1051
0.7009,-0.123607,0.0193314,10.453,1.1078787406285604,1.4276006817817688,1.056740808075872,0.980993332962195,,,,,0.0139444610719419,-0.0099394026260464,0.0141410975338658,P1052
0.82356,-0.036491,0.00745733,10.3869,2.489237274726232,0.4509498765071233,0.7627041946197378,0.8816742205619812,,,,,-0.0385619193795038,-0.0275023511152644,0.3588625039119506,P1053
1.07573,-0.101265,0.0822271,7.0,1.1551371057828268,1.4549951871236166,1.7568389033449108,0.6608664576823895,,,,,0.0040189674454622,0.0159008620892717,0.0348596741896471,P1054
0.02894,0.084743,0.00666885,11.5,0.7660694082578023,0.8659081717332204,1.0698608458042145,2.5542540168762207,,,,,-0.0155105346566235,0.0040858455289732,0.0012596445449162,P1055
-0.589439,-0.067211,0.0187455,9.477,1.0369502822558083,0.8628892093896866,1.0808205604553225,1.2215176473061244,,,,,0.0072109849178216,0.0778832096676408,-0.0002240526664536,P1056
0.47987,-0.080495,0.00625958,10.6566,0.7910117983818055,0.802640884121259,1.1088509292438111,2.51231547832489,,,,,-0.0106524597281528,0.0262244377519591,0.0278509070558357,P1057
0.82937,-0.071702,0.00906252,9.381,2.5170909663041434,0.4796734551588694,0.8009335141757439,0.8965302345653375,,,,,0.0045119198263239,-0.0363462671803591,0.0453358194426982,P1058
1.05435,-0.080664,0.0254444,7.0,1.0936521291732788,1.5507825831572215,1.1521920345980543,1.1306621755162876,,,,,0.0010750407694309,0.0899773348963315,0.1955621623492334,P1059
-1.04131,-0.153684,0.0283899,11.215,0.7457372784614563,1.199098147948583,0.777074918664735,1.1701319110393524,,,,,0.0078276953980365,-0.0640890351372434,0.057497234600305,P1060
-0.025066,0.015582,0.0333558,10.934,0.7890606164932251,1.257869646946589,0.7719328454856215,1.0880558609962463,,,,,-0.0058288494962039,-0.0973783184122885,-0.1250127807288663,P1061
0.48439,0.073571,0.0250072,8.867,0.9869011640548706,0.8542690992355346,1.0296495803471268,1.0519837760925292,,,,,0.0004509828881571,0.0567034033537232,0.0187253411058918,P1062
-0.210518,-0.159331,0.0211789,11.383,0.8742433468500773,1.296664726734161,1.4890663829343072,1.455037431716919,,,,,0.0435968738952635,0.0279371061909192,0.000570303738641,P1063
-0.152066,0.14006,0.0272601,10.19,1.079019804795583,1.6664501229921975,1.067404500369368,1.2074971652030946,,,,,-0.0054937696635495,-0.0517052368454255,-0.0485429000982549,P1064
1.61576,-0.12542,0.12503,7.0,0.3711770296096802,1.1970452030499776,0.8814644196937824,1.4077609586715698,,,,,-0.0157226744932024,-0.4118442348136877,0.7179935914973612,P1065
-1.06261,0.036027,0.10123,10.622,0.3800350447495778,0.7603966424862544,1.6315921216175473,0.9826614434520404,,,,,-0.0471730893641164,-0.0552006665544413,0.2638556681849877,P1066
1.0447,-0.076832,0.088019,9.666,1.170369803905487,1.4929140031337738,1.7147556995523388,0.7037199831008911,,,,,0.0180300968926099,0.0537576249083509,0.1089495091655408,P1067
-0.731508,0.08696,0.00653612,10.532,2.147298256556193,0.9216992010672888,1.7668584204953293,0.7895382595062256,,,,,-0.0237319186984138,-0.062788044875558,-0.0054101452551549,P1068
-0.295186,-0.036661,0.0730875,10.504,0.5581745028495788,0.5908603131771087,0.6776611116425745,1.050432833341452,,,,,0.0075177862181968,0.0449944405633917,0.0383510721949278,P1069
0.79173,0.063072,0.0173296,11.428,0.815560116370519,1.2831351141134897,0.7617755326731451,1.4258316879471142,,,,,-0.0234880073971848,0.0245622489979129,0.0041837944590952,P1070
0.29723,0.013287,0.0192782,10.786,1.3888420581817629,0.9236126840114594,0.9707809440020856,0.7264083600044251,,,,,0.0154940251666949,0.0358071970244841,0.010437556382385,P1071
0.63307,-0.077608,0.021606,10.507,0.76923166513443,1.2451116998990377,0.7803591222598635,2.0607176079199863,,,,,0.0251819953469433,-0.1735223127717123,-0.0800659779270063,P1072
-0.144574,-0.15285,0.031419,11.081,1.1872313936551413,1.2999794721603393,1.182553818513607,0.6164241218566895,,,,,0.0091309173760106,-0.1141475846420801,-0.009018603079312,P1073
0.052323,-0.049106,0.0213712,9.614,0.8829088687896729,1.380735285083453,1.9749024078763764,1.249485230445862,,,,,0.0030631839014717,-0.0027015228859207,-0.0541811873190454,P1074
-0.703263,-0.009672,0.00861141,10.723,1.777808407942454,0.5529496570428213,1.099601039598728,0.5173694849014282,,,,,0.0009501248316743,-0.4561146561462139,-0.3934049635936389,P1075
-0.863268,-0.07693,0.0243096,10.453,1.4296568393707276,1.2120331327120464,1.133549739574564,1.2498994970321655,,,,,0.0133739586353164,-0.091404661389254,-0.0784054859541356,P1076
0.69046,-0.0527,0.0482842,10.839,0.5574813187122345,0.5747813155253728,0.7501337343248827,0.9452087569236756,,,,,-0.0177716482279088,0.0464250076006818,0.0755744567577494,P1077
0.54441,-0.184623,0.040825,7.0,0.8079212029774984,1.2386339207490284,0.7772900215510664,1.3031170864899952,,,,,-0.0115440282210844,-0.0656912777894216,0.0046559185138903,P1078
-0.069482,-0.070357,0.029578,10.292,0.8026426037152609,1.2371940433979034,0.7786297335706908,1.2042930507659912,,,,,-0.0047123531994367,-0.0151787905935527,-0.0175531127460999,P1079
-0.109836,-0.091189,0.0693962,11.416,0.5711604615052541,0.5506047060092291,0.7813714526850601,1.0778104302783806,,,,,-0.0042576952457692,-0.06501982767368,-0.0453737913121585,P1080
-0.242653,-0.05098,0.0299176,11.065,1.184816869099935,1.3857580284277595,1.0846650220196823,0.660888454914093,,,,,0.0027859223485852,-0.0267127600599354,0.0708386122641968,P1081
-1.31072,-0.090965,0.0300986,10.628,1.2041884581247966,1.292790565888087,1.1765941823350972,0.6653070068359375,,,,,0.0044350139771641,0.0431990856050163,0.1123445617995457,P1082
0.22308,-0.155379,0.0237877,9.363,1.3174575448036194,1.179636158545812,1.1027711712080857,1.1302082633972168,,,,,-0.0129088774797142,0.0289621407977703,0.0678112407404114,P1083
1.65143,0.011853,0.0301466,7.0,0.540951649347941,0.6075560082991918,0.7753397370206898,0.8725203287601471,,,,,0.0309297683412434,0.0774154364504571,0.0914158650921308,P1084
-0.557487,-0.140879,0.0810326,11.035,0.5240446090698242,0.7375278264284134,0.6323603155284092,1.057042465209961,,,,,-0.027741254523351,0.1225932098229706,0.0645969213655917,P1085
0.32497,-0.150652,0.0244264,10.387,1.264310352007548,1.4989145557085672,1.0774165669391895,0.9964217376708984,,,,,-0.0878148934039908,-0.0965082713321181,0.1841752732216264,P1086
-1.63203,-0.119087,0.00642561,11.3931,0.7613266507784525,0.8744954248269399,1.0622854027254829,2.5224302339553835,,,,,-0.006729563715505,0.0108246187777094,0.1241160180434235,P1087
-0.085035,-0.028349,0.00571723,7.0,0.7760974844296773,0.7724007467428843,1.1388300718932316,2.4389482975006103,,,,,0.0018362175627065,-0.0101307054982375,-0.0089643465180415,P1088
1.16931,-0.148856,0.022169,10.45,0.7530495405197144,1.1365693509578705,0.8856213205847246,1.38076308965683,,,,,0.0144395077471739,-0.0934048796019675,0.2519868564122589,P1089
1.28131,-0.043457,0.0237337,9.431,0.9605875134468078,1.6743916630744935,1.8977570061025948,0.8681589754728171,,,,,0.0250979271017731,0.249674138176265,0.164250913709111,P1090
0.60718,-0.104354,0.0143116,9.155,1.8363064924875896,0.5505962361892064,0.8337027934090845,0.5326472020149231,,,,,-0.024475883534258,-0.1648962256673277,-0.0440871059545315,P1091
0.28207,-0.099283,0.0214605,7.0,0.8029521842797597,1.3189575304587682,0.7032805732611952,1.6449391295512517,,,,,-0.0150922817577382,0.0600453868488876,0.0352585623550112,P1092
1.31187,0.000905,0.0455767,10.693,0.4045146783192953,0.7067234615484873,1.0797234485889304,0.8620427298545837,,,,,-0.0112514553402308,0.0417079702764902,-0.0721923802339006,P1093
0.13554,-0.037725,0.0275823,9.577,0.7952776273091634,1.2410161773363748,0.7522650761850949,1.413708872795105,,,,,-0.0085845138835286,-0.105326855552621,-0.0447256660118,P1094
0.87784,0.023193,0.0532871,9.252,0.6428478995958964,0.584451382358869,0.7214155824019991,1.8923660969734195,,,,,-0.00780626567786,0.0370676329156643,0.0898573414306156,P1095
1.00288,-0.119666,0.0238955,8.938,1.311303683121999,1.1967589557170868,1.0584208081508506,1.1543429923057555,,,,,-0.0080089625396355,-0.2300053406440044,0.0975355260379728,P1096
0.20597,0.046591,0.0202325,9.285,0.7749191045761108,1.2402663826942444,0.773898401137056,2.02537889406085,,,,,-0.009793156125104,0.0556041455011511,0.0286023127264343,P1097
-0.18853,-0.00958,0.0325115,10.474,1.042207455635071,1.891884621977806,0.9313027879287455,1.1352817540367444,,,,,0.0036526112842198,0.038102727030839,0.021436953858938,P1098
-0.142041,-0.009798,0.0299653,10.476,1.3656284968058268,1.7483434100945792,1.0702725967456554,0.6505818913380305,,,,,0.0188497570139827,0.01005288989258,-0.1220207848091377,P1099
-0.608145,-0.017906,0.0447754,11.351,0.6687908252080281,0.6273457914590835,0.6947112422564934,1.9116928080717723,,,,,0.0019589941444631,0.0282440683291885,0.0780410096267587,P1100
-0.045383,-0.003459,0.0268917,11.443,1.2663421114285789,1.9279941260814664,0.9571151866995056,0.6791741871833801,,,,,0.0034267821246475,-0.0444873271418525,-0.0323377752574742,P1101
-0.334178,-0.016896,0.0701809,11.129,0.5957929432392121,0.5462733765443166,0.7444540847992075,1.4801710486412047,,,,,0.014203834744152,0.104183372699934,0.1519175549037754,P1102
0.49449,0.013695,0.084165,10.626,0.5500937402248383,0.6263006130854288,0.6350279306543285,1.1278610229492188,,,,,0.0078944916158254,0.0618870905061061,0.0291221191218937,P1103
0.40554,-0.058339,0.0213493,11.5,0.8018292327721913,1.309581012527148,0.7102377260553425,1.634837736686071,,,,,-0.0107065983127213,0.0638261696746973,0.1255385281983763,P1104
0.26195,0.042488,0.0250833,11.335,1.23113640944163,1.7513577024141946,1.0499536220369667,0.8221631097793579,,,,,-0.0013697852200546,0.0298478860466347,0.0408170599184813,P1105
0.45804,0.038094,0.0662722,9.323,0.7432093938191732,1.2364051620165506,0.7380826689046005,1.058527593811353,,,,,-0.0021827568033594,0.374862046728537,0.2342834087758092,P1106
0.79943,-0.192329,0.03059,7.4,0.7952566583951314,1.2401917596658072,0.7484711480551752,1.4619421315193175,,,,,-0.0065189524641154,0.0594487804308966,-0.0401207716058706,P1107
-0.717921,-0.047872,0.02098,10.607,1.3768373648325605,1.1835671643416086,1.1741735873551205,1.1942246222496034,,,,,0.0086878765753224,0.0864633212231299,-0.1339108835745719,P1108
0.6089,-0.053138,0.0100105,10.894,0.8053543468316396,0.7680962284406027,0.6905434285772258,0.87365070104599,,,,,0.0089950072538879,-0.1128884989741147,0.0081862730221473,P1109
-1.03114,-0.060941,0.0281368,7.0,1.3467054843902588,1.710382455587387,1.120409053975138,0.7055348587036133,,,,,0.0162009216692128,-0.3899330868786166,0.5667156473937212,P1110
0.99679,-0.034521,0.0452041,10.969,1.3534086187680563,1.885244490702947,0.9734524159595884,0.6235940878589948,,,,,0.0084866596903037,-0.1316992687984134,-0.0449063455962459,P1111
0.17528,-0.081037,0.0175827,9.177,0.7901195108890533,1.3161892334620158,0.678797565657517,2.061559326648712,,,,,-0.0298947515729829,-0.3167023543874415,0.280534944133251,P1112
1.27608,-0.103946,0.0085279,7.0,2.4935877203941343,0.4430031528075536,0.7425717865598613,0.8251046240329742,,,,,-0.005885130081214,-0.0198158347582422,-0.1045439559602527,P1113
0.89957,-0.088821,0.00782704,8.7022,1.864378821849823,0.5238360891739527,1.1943370299092655,0.5469102449715137,,,,,0.0152790622770623,-0.198701302047354,0.1393490026966901,P1114
0.77423,-0.069844,0.0102612,11.5,2.184011749426524,0.9301691432793936,1.2246454049801003,0.8225055384635925,,,,,0.0124831551169339,-0.0077374783789413,-0.0071917675304575,P1115
-0.545934,0.062545,0.0245529,10.852,1.2586071252822877,1.751950591802597,1.0786997377872467,0.8022781467437744,,,,,0.022772329720677,0.9964726979114265,0.6490948867212865,P1116
1.04854,0.016902,0.0761514,8.682,1.2902843475341796,2.089650915066401,0.9050710180710102,0.6690960383415222,,,,,0.0061186880069372,-0.1590930177342473,-0.0036668091415776,P1117
1.4185,-0.102401,0.0576205,10.547,0.469406404097875,0.9469620694716772,0.6571436174984636,1.216301329433918,,,,,3.175702041451067e-05,-0.0155866337247865,-0.0578137730481103,P1118
-1.08884,-0.056784,0.0894246,9.896,1.3138471166292829,2.055711954832077,1.415848468912059,0.6878660631179809,,,,,0.013519038103522,-0.0772625832414013,0.028055295406375,P1119
-0.927163,-0.11692,0.0527465,11.153,0.4147734185059865,0.7310997525850932,1.146309460031575,0.98857481777668,,,,,0.0114815939352367,0.042349306879482,0.0822338818470598,P1120
-1.28381,0.075467,0.0278992,11.238,1.295456862449646,1.5527086397012075,1.1231401418817455,0.9532656619946162,,,,,0.0150034087986919,0.0424849278560275,-0.0749201067228568,P1121
0.18686,-0.036814,0.0191841,7.0,0.8201789955298106,1.4342120965321858,0.7080545004071861,1.423414056499799,,,,,0.00418666909513,0.1307384473864785,0.1046914350517909,P1122
-1.19961,0.089996,0.027341,10.757,1.015310271581014,1.7923480848471325,1.2104038822239842,0.9455427503585816,,,,,0.0006563413268125,-0.1103082311588563,-0.0069053573461133,P1123
-0.491573,-0.024479,0.00701891,11.266,0.8029141028722128,0.7154635806878408,1.1618219531815628,2.2683572959899903,,,,,-0.0085531565982842,-0.0210019262913241,0.0139433122312766,P1124
-1.08753,0.027152,0.00888274,10.29,1.7783218145370483,0.5327585756778717,1.3079751596368592,0.518976446390152,,,,,0.0120586523376348,0.020013414210888,-0.0811464449798222,P1125
0.061111,0.009945,0.0121998,10.127,2.207417138417562,0.917206248641014,1.3051179626892353,0.9707975745201112,,,,,0.0029394820644807,-0.008132447578043,-0.0476338944863528,P1126
-1.2314,0.008298,0.0229212,10.979,1.282525889078776,1.1850224514802297,1.1225790998031353,0.9900584888458251,,,,,-0.0390766423119971,-0.1008822177896731,-0.0805596135687665,P1127
-0.043308,-0.014762,0.025031,10.418,0.9340683023134868,1.5035022020339963,2.1068943615617424,0.888805818099242,,,,,-0.0174643981235963,-0.0684136099313566,0.0779582912800833,P1128
0.56901,-0.02419,0.0294941,7.0,0.9589727441469827,1.5221091697613398,2.147595962573742,0.7689328551292419,,,,,-0.0130519695382525,-0.1053859756556022,-0.0021052848678664,P1129
0.92592,-0.04266,0.00678374,9.468,2.5125800093015034,0.4668158104022344,0.7971117989770298,0.9683111786842348,,,,,0.0022045989592772,-0.067975241769708,0.040969920468342,P1130
0.29704,-0.01842,0.0379761,10.86,0.7383347749710083,1.455899037917455,0.7707890148820549,0.7016502928733825,,,,,-0.0102174864860772,-0.3281388465442507,1.3768606543017086,P1131
1.03624,-0.170282,0.0376425,9.371,0.7442630489667257,1.207585517565409,0.754870088963673,1.1115035216013591,,,,,0.0026319260851882,-0.0144258897238733,-0.0189334334354498,P1132
-0.098044,-0.190793,0.074075,9.72,0.3688405712445577,1.169634066025416,0.7694232823519871,0.7757974410057068,,,,,0.0172616336299094,-0.1720434593648815,-0.06712108974898,P1133
0.68288,-0.010845,0.0308374,10.951,1.3099662860234578,1.804693138599396,1.0538757422874714,0.6973686242103576,,,,,0.0080507829443538,-0.0400308596463783,0.3395984469170798,P1134
0.94365,-0.041716,0.0227661,10.244,0.9555819948514302,1.5806258300940197,2.067025836171775,0.7997346098224322,,,,,0.0074349805343892,0.1347239459090287,0.0122247693579993,P1135
0.51536,-0.111056,0.0112046,10.961,2.4765293300151825,0.4274508128563563,0.6847110339279833,0.6925464433928331,,,,,-0.0047575515766631,-0.1331200399366175,-0.122660506174725,P1136
-0.61215,-0.040358,0.00783733,11.324,0.7387507518132528,0.9046463429927826,1.041146911423782,2.310584044456482,,,,,-0.0374510368052194,-0.6267358019385454,-0.6711161366984015,P1137
0.33674,-0.11427,0.10514,10.9792,0.5545900305112202,0.6155397097269694,0.6223000442159587,1.1750808048248291,,,,,0.0095963060810398,0.0257091805571406,-0.0932905790614313,P1138
-0.071459,0.041409,0.00696994,9.55,1.7676865498224894,0.5413334518671036,1.2713466327765892,0.5167441713809967,,,,,0.0275502345787497,0.0532456376115212,0.1481145216239383,P1139
1.39048,-0.083627,0.0645177,7.0,0.3729745924472809,0.9323258618513744,0.9998246205264124,0.8976905529315655,,,,,0.0046019553717609,-0.0228639923509701,-0.1371580254126456,P1140
0.21729,-0.088706,0.00665785,8.6546,0.7944743990898132,0.8175584892431895,1.1007126744451194,2.554200139045715,,,,,-0.005151501256875,-0.0353094643612228,0.0390467344841454,P1141
0.34724,-0.097817,0.0530461,10.716,1.3439948042233785,1.8888984183470408,0.974114655420698,0.6277032693227133,,,,,-0.0105108783054323,-0.1154971825786755,-0.0341127358333324,P1142
-0.352962,0.1018,0.0357081,10.435,0.7917690634727478,1.2478625456492105,0.7561337773142189,1.3332346987724304,,,,,0.0059276397306833,-0.0150342702163464,0.011487387411762,P1143
-1.16728,-0.074508,0.010086,7.0,2.1999460101127624,0.925586113333702,1.3462665502367348,0.9265196228027344,,,,,-0.0058582135410247,0.0788684851859617,0.0586045327436295,P1144
0.51938,-0.139588,0.00916565,10.364,1.817129361629486,0.5196502417325973,1.3492456612915829,0.5312388157844543,,,,,-0.0129601762900003,0.0098144807371486,0.0094344584504142,P1145
0.33299,-0.116241,0.0251615,10.269,1.3612277348836264,1.7024970034758249,1.1212141534377789,0.6861754107475281,,,,,-0.0045117649488721,0.1162607611621596,0.0857894037835649,P1146
-0.662822,-0.017309,0.055512,10.743,0.57901411652565,0.550576138496399,0.7373339944872362,1.201222894191742,,,,,-0.0339322464335232,-0.0223891687765622,0.1560652797488728,P1147
0.89614,0.24526,0.0338676,11.463,0.8191876451174418,1.237386554479599,0.7993774886788994,1.1459288644790648,,,,,-0.0052405056515353,-0.0010515200064221,0.012044929950207,P1148
0.84021,0.015308,0.00634982,9.414,2.5190644204616546,0.4808013925949732,0.8332985012695707,1.037472711801529,,,,,-0.0104794411491085,-0.0976166604830903,-0.0723745983705157,P1149
-0.048666,0.069821,0.0167671,9.355,2.214052907625834,0.8943388263384501,1.0290671052603886,0.8648901438713074,,,,,-0.0044901043039822,-0.0219144525936891,-0.0186207894075778,P1150
-1.22544,-0.136189,0.0362945,11.046,0.8169698516527811,1.292167951663335,0.7849686885702198,0.8242064046859742,,,,,-0.0091036704556537,0.1099210633474307,0.1223727377946488,P1151
0.73313,-0.083775,0.0323798,11.292,0.8216925859451294,1.2669321238994598,0.8193361039819389,1.1125364923477172,,,,,0.025102294422947,-0.0559720044595872,-0.1128796532793785,P1152
-1.09129,-0.007167,0.02165,10.919,1.1525914112726847,1.3446535031000773,1.8458020830976551,0.631017849445343,,,,,0.0156859025774126,0.0325035869943743,0.008979300953797,P1153
0.80612,-0.000197,0.0300972,9.359,0.7917962392171224,1.2417191366354623,0.7800171447211298,1.0324831700325012,,,,,-0.0183382411823773,-0.0050416407149328,0.0625360095291398,P1154
1.14771,0.032117,0.0081648,10.068,2.514826168616613,0.4962303767601649,0.8264979884542268,1.1079067885875702,,,,,0.0082613194090927,-0.0628585646514401,-0.1032430020859465,P1155
-0.167927,-0.121032,0.0310517,10.463,1.2010545174280802,1.2941653509934743,1.1793578225990822,0.6536039710044861,,,,,0.0384846227663265,0.0995281107747885,0.0535395375191001,P1156
-1.44873,-0.011011,0.0557178,11.406,0.6371250669161479,0.5767202665408452,0.722440320869972,1.88990040063858,,,,,0.0105245194718786,-0.0259501142662301,0.0625997958195512,P1157
0.395,-0.08678,0.0167295,9.2773,2.2025026162465413,0.9231659809748332,1.193674428709622,0.8553299697545859,,,,,0.0017910436105141,0.023507019727454,-0.065670997784764,P1158
1.40212,-0.080199,0.00775158,8.406,1.750159219900767,0.5621060073375702,1.1566429169013583,0.5139011633396149,,,,,-0.0162780820455793,-0.2133601861438026,-0.0387362812689389,P1159
1.35117,-0.088411,0.0583646,10.908,1.383870546023051,2.179827533165614,1.4185886927719773,0.6939340615272522,,,,,0.0245514290238135,0.0165807355241993,0.0020520531907095,P1160
0.72832,-0.100205,0.0245391,7.0,1.4474544048309326,1.2204436630010604,1.1918369408311515,1.3232175207138062,,,,,-0.0023602283871861,-0.0888768563737207,-0.0515122232391149,P1161
0.069882,0.084183,0.00676896,9.589,1.7928173144658406,0.5442664961020152,1.1110527854541252,0.5195479655265808,,,,,-0.0106497868845164,-0.1048111237435956,0.2028953609406016,P1162
0.38221,-0.04344,0.0741045,10.9,1.262233567237854,2.1669126391410827,0.8731315115402485,0.7232333100759066,,,,,-0.0266070367967876,-0.1810145357105982,-0.1720484704492264,P1163
-0.286852,-0.083275,0.0228026,9.906,1.2970142126083375,1.1799262583255767,1.1134306747337868,1.0611749005317688,,,,,0.0053046181481914,0.0560406362860197,0.0254116971045732,P1164
0.67229,-0.033232,0.0804935,9.135,0.4609367728233337,0.9605277816454568,0.6180582036232126,1.0214828968048095,,,,,0.0285351446755112,0.0259583751698235,0.0039085436364985,P1165
0.25329,-0.028769,0.0497633,10.943,0.7455028653144836,1.2615292757749557,0.7421846954986967,1.1511020325124264,,,,,-0.0032197025685661,0.0439526574509977,0.0733658242243109,P1166
0.23323,-0.189959,0.0405204,9.385,0.5242377559343974,0.6775243729352951,0.7744038105010986,0.9219790267944336,,,,,0.035458676173035,0.0071023563003415,-0.0752763600758044,P1167
-0.189971,-0.04501,0.0357915,11.03,0.5507969697316487,0.575155782699585,0.7896704201040596,0.906833577901125,,,,,-0.0208995521920588,-0.0689057221280004,-0.0040076903824228,P1168
-0.339335,-0.08565,0.0245704,11.229,1.043685511747996,0.9185260246197384,1.0775934334458976,1.3791688308119774,,,,,-0.0220716369158209,-0.2034844247787283,0.2154836846821126,P1169
1.11566,-0.105522,0.0597075,10.257,0.4680961787700653,0.944881338874499,0.6599049938136133,1.2356291189789772,,,,,0.0057089921846879,0.1547387676031866,0.1579366737933014,P1170
-0.694772,0.077783,0.0708701,11.5,0.7335153301556905,0.7955083270867666,0.6246457839834278,1.1058634743094444,,,,,-0.0250859396794442,0.0690044384759224,0.0774236939178081,P1171
1.7352,0.026192,0.0186691,9.84,0.7721389730771383,1.2983592361211778,0.7189966512137446,2.3066196525096894,,,,,-0.0493200328714118,-0.2586405699946852,0.6151336391631048,P1172
1.34109,-0.066086,0.0292332,7.0,0.7793031096458435,1.277747243642807,0.7488058055269307,1.1960671146710713,,,,,-0.0041956400565315,-0.0351439506794,0.0710542255474138,P1173
-1.76264,-0.05984,0.0203,11.217,1.3667972326278686,1.173812315861384,1.3411739797427735,1.162780503431956,,,,,-0.003652862619983,-0.0989725358442268,-0.0010107329362654,P1174
0.5164,-0.105518,0.0222559,10.379,1.3551909565925595,1.1700781206289927,1.399213564806971,1.1207005083560944,,,,,-0.0042794478438032,-0.015672849508417,0.0707364208137732,P1175
1.3387,-0.008426,0.0474316,10.347,0.7838523745536804,1.2458504140377045,0.7157878485219232,1.4010303497314454,,,,,-0.005179110827035,0.2029989509240095,0.1545284347303095,P1176
0.48479,-0.122793,0.0308203,9.485,0.9458953261375428,1.5948969026406603,1.9959386299396384,0.8692556762695313,,,,,0.0288391115690805,0.0681853007593555,0.0275833270934526,P1177
-0.791314,-0.105114,0.0468964,11.224,0.7822497089703878,0.9621360023816428,0.621557876981538,0.8082187724113464,,,,,0.0067996430866621,-0.0791461882931516,0.0500002670087269,P1178
0.55025,-0.057558,0.0209877,8.88,1.3364988644917806,1.1789992491404215,1.1206467891561571,1.1741304074724517,,,,,0.0025410748620219,-0.0082322355615582,-0.0234556584182428,P1179
-0.883251,0.056702,0.0296834,7.0,1.4707668979962667,1.2435664137204487,1.1205539086769367,1.2778044438362122,,,,,0.0213569664421479,-0.0031952357189352,0.1250433755849371,P1180
0.4525,-0.032902,0.00727655,8.885,2.505461313327153,0.4584876318772634,0.787844731889922,0.9421072804927826,,,,,-0.0086950441274018,-0.1759491537671926,-0.0196508200824609,P1181
-0.973027,0.08957,0.00549742,10.645,0.8031725327173869,0.8659269511699677,0.6255130736992277,0.9600388312339784,,,,,-0.0440931410186903,-0.5973673833460599,-0.3079892927853507,P1182
0.41943,0.080877,0.0260443,10.819,1.3533673842748006,1.236321759223938,1.0123855821017562,1.207452118396759,,,,,-0.0204925645004914,-0.0507512807098453,-0.0900820856113568,P1183
0.87616,-0.037472,0.0861679,9.959,1.1987274964650472,1.5455501357714334,1.751615168719456,0.7614957529764909,,,,,0.0006335101809873,-0.3110442706729334,0.1328888009156799,P1184
0.5424,0.006058,0.0905046,9.592,0.4707496702671051,0.9598646402359008,0.6107676543038467,1.0602112039923668,,,,,0.001812872875638,0.007142424421614,0.0856544816197129,P1185
1.17465,-0.09328,0.00726312,9.711,0.8036744733651479,0.8031676242748896,0.6341349020086485,0.9893429040908812,,,,,-0.00339786081137,0.0742577215134758,0.1170869119450799,P1186
0.40336,-0.072516,0.032464,8.977,1.3883959730466209,1.682384087642034,1.0922289634573048,0.6539263081550598,,,,,0.0074360334545244,0.0839065138727999,-0.0313222233016858,P1187
-0.727968,-0.109903,0.0399903,10.12,0.397933812936147,0.6997545013825098,1.1559190297948905,0.7864397549629212,,,,,0.1210248727835024,0.7636654035404273,0.1483042925610789,P1188
0.15621,0.22214,0.00668081,9.619,0.7569608966509501,0.7920943856239319,1.1393320272708762,2.458994679450989,,,,,0.0134353807400005,0.129096996128661,0.1438531226303894,P1189
-0.124814,-0.125515,0.0644121,7.0,1.3306837240854898,2.08066069483757,1.43512001941944,0.6994148635864258,,,,,0.0072316061515479,-0.2056038693483644,-0.0576682458122377,P1190
-0.991977,-0.037111,0.0599236,11.004,0.5639191250006358,0.5733154614766439,0.702159032739442,1.059908311367035,,,,,-0.0001005288657631,0.0108256170353322,-0.0170866510670748,P1191
0.20797,-0.154845,0.00864525,10.78,0.8273752609888713,0.694644511739413,1.1635022800544212,2.073398376886661,,,,,-0.0038962327753641,-0.0594691880992057,0.0096745842529344,P1192
-0.039606,-0.103213,0.0119271,8.952,2.209493851661682,0.9054900099833806,1.0162426695741456,0.8023386573791504,,,,,-0.0039103877800644,-0.0678546418256445,0.3103649998520268,P1193
0.60496,0.032189,0.0338721,10.047,0.7471177419026692,1.2313033809264502,0.7633360983996555,1.260541569441557,,,,,-0.01688190487473,0.0180453080134631,0.0351524334109853,P1194
0.81245,-0.069058,0.020788,9.369,1.4008640885353087,1.1850563327471415,1.3374881168891644,1.2067640125751495,,,,,-0.0056898238233826,0.0387949558055938,-0.0391085325172753,P1195
-2.38106,0.054401,0.0302941,11.367,0.7470303336779277,1.3712322930494945,0.7432658117392967,0.8993171620368957,,,,,0.0061215810688791,0.0240883214730684,-0.0459162791157723,P1196
-0.00705,-0.07123,0.0201968,9.851,1.031991994380951,0.8712509234746297,1.0739852806617474,1.2351074889302254,,,,,0.0086553026111682,-0.0012081172221369,-0.0296324448572704,P1197
0.8034,-0.131525,0.0573697,10.804,0.3914655168851216,0.6980757574240367,1.7776425912462432,0.8931992923219999,,,,,0.0180543221709548,0.2934973008917961,-0.5781232624722179,P1198
0.13994,-0.091453,0.0569488,10.471,0.434639040629069,0.8592205087343852,0.7274786439435236,0.8133726691206297,,,,,-0.0030139015715656,-0.0395106729374243,0.0827976485015824,P1199
1.83152,-0.011937,0.0264247,9.229,1.435509192943573,1.2108891248703002,1.200021470415181,1.2972857427597049,,,,,-0.0127987003439402,0.0482161790684332,0.3119812567092594,P1200
0.80539,0.024878,0.0437138,10.315,0.7967724442481995,1.2639033635457355,0.756849474948028,1.3871279003528447,,,,,-0.0085803069491061,-0.0266941066680218,-0.0592262861755443,P1201
-0.223568,-0.078852,0.0552816,9.973,0.5792681952317555,0.5506779233614604,0.7350990597544045,1.2082580208778382,,,,,0.0212835871222967,0.1412407006507938,0.1167724938350147,P1202
0.46651,-0.139126,0.0964877,7.0,0.3702237745126088,1.2197606225808462,0.8926677313344232,1.2156232976913453,,,,,0.0117963000832709,-0.1086858832478402,0.0902918962747207,P1203
1.64631,0.078107,0.0323926,10.289,0.8001990636189779,1.2880080064137778,0.7258976338238552,0.8576627063751221,,,,,0.0065584570246637,-0.0420372190472728,0.0037343924705055,P1204
0.2774,-0.185897,0.0094623,9.389,2.51216099858284,0.4977193633715311,0.8179776606888607,1.1088668739795684,,,,,0.0022174111420852,0.0376347714556625,-0.0367325059705763,P1205
0.008509,0.035333,0.0314535,10.326,1.190251898765564,1.3310262620449067,1.132910871300204,0.6448589166005453,,,,,-0.0176416872934193,0.0251083056620134,-0.7156316397158662,P1206
-0.985644,-0.02004,0.00745847,9.1073,0.7515546003977458,0.8068903783957163,1.1317472457885742,2.4529431772232058,,,,,0.0105794088965297,0.0055801234928801,-0.0241889719545724,P1207
0.31208,-0.021944,0.087705,9.299,1.3537465651830038,1.835409772396088,1.7227295616577412,1.0223252034187318,,,,,0.0190647189576611,-0.2279887314271096,-0.2495946310082217,P1208
0.30461,0.11893,0.0237269,9.341,1.0438280661900838,0.933814200758934,1.0762546596855953,1.4055276463429134,,,,,0.0003261341518071,0.0048971984053869,-0.0646248903212836,P1209
0.13433,-0.052851,0.021776,8.553,1.3377904812494914,1.0020215769608816,0.9588135285624142,0.8532946879665056,,,,,-0.0028425077843829,-0.088937742581413,0.0420993894804269,P1210
1.76431,-0.104472,0.0378089,9.499,0.8081023891766866,1.2918594499429068,0.7865648557399881,1.1914777851104736,,,,,0.0279530432808826,0.1108149012366883,0.0943236676612286,P1211
0.80778,-0.066492,0.0101574,9.655,2.502060838540395,0.4548819065093994,0.7167564558571783,0.8350906300544739,,,,,-0.0029838837797318,-0.0199008322867101,-0.0788429041422205,P1212
-1.23765,0.096184,0.0231767,10.871,1.428421171506246,1.2045790125926337,1.2300700874164188,1.2884058880805969,,,,,0.0263996502290964,0.1524789990122996,0.2751725012203678,P1213
0.54176,-0.092491,0.0069374,11.454,2.12986509402593,0.942829555273056,1.7699369798446525,0.7502167534828186,,,,,-0.0047368726191954,-0.0101007692198047,-0.0028238345403224,P1214
-0.460854,0.016252,0.0461831,10.28,0.7943316300710043,1.0356032679478326,0.6572753160164274,0.7639548526360438,,,,,0.0089448294999635,0.1649027099731035,0.1461949949734844,P1215
0.15425,-0.017824,0.0228024,8.203,1.4118061224619547,1.1949158082405726,1.2083515196010983,1.2416278433799743,,,,,-0.0124167871811613,-0.0346661107214165,-0.0403949889150681,P1216
1.13593,-0.029144,0.0299725,10.154,1.187696115175883,1.339036864042282,1.122018700015956,0.6432258536418279,,,,,0.0023252012940194,0.0618466171936458,0.0273408247012412,P1217
-0.073607,0.039785,0.00810654,9.773,2.5030650158723198,0.4647388865550359,0.7986491990500483,0.9874766397476196,,,,,-0.0024246009184127,0.0662174670566175,0.0314749775207019,P1218
0.87031,-0.048355,0.0216098,10.514,1.4062668800354003,1.2016682545344035,1.1068808539160366,1.232792866230011,,,,,-0.0129267881543468,0.0515290035455012,0.0613838956269319,P1219
-2.03834,-0.05435,0.0808713,11.099,0.3693764885266622,1.1114800890286765,0.6528575153186403,0.8880907793839773,,,,,0.0130517295170777,0.3297835022515738,-0.1844635547968209,P1220
0.7119,-0.029882,0.00631268,11.149,2.1740177154541014,0.9531828999519348,1.4011405017869225,0.7982585951685905,,,,,-0.0028686950274644,-0.01250247034562,0.0559466561171575,P1221
0.19459,0.12966,0.0079084,11.388,2.4925545891126,0.4544052610794703,0.770504696615811,0.9084464859962464,,,,,-0.0062977103330804,-0.0149715601856391,0.0113729873264674,P1222
-0.431367,0.033503,0.00645307,11.059,2.185035459200541,0.9412348995606103,1.715193204838654,0.873056218624115,,,,,0.0117168205332324,-0.0245303327040184,-0.0641657153100823,P1223
-1.46628,-0.130419,0.0328846,11.27,0.7829652269681294,1.232405271132787,0.7177392727342146,1.438688144683838,,,,,-0.0037828946725345,-0.0871928349468165,-0.0210013124815304,P1224
-0.293107,-0.106362,0.00590469,7.0,2.188479924201965,0.93975277642409,1.718704567901019,0.8846606087684631,,,,,-0.0015199117752375,-0.0029137866317627,0.0114657608210109,P1225
0.1972,-0.125321,0.00697683,10.251,0.8039338727792104,0.8016676664352417,0.6407093806513424,0.9710952377319336,,,,,0.0092033904714352,-0.0446511122063835,1.291412627324462e-05,P1226
0.31474,-0.050766,0.00881981,10.6357,0.7454277674357096,0.8578126122554143,1.0802732952709857,2.381268997192383,,,,,-0.011121348470868,0.012278483998333,0.0283539358351845,P1227
0.49123,0.001648,0.0231208,11.011,0.9293911973635356,1.435852974653244,2.1153995970199846,0.8345498666167259,,,,,0.0037917666028785,-0.3610193725496129,0.4638434828957543,P1228
-0.495911,-0.097956,0.00919024,10.417,2.477592448393504,0.4399385184049606,0.732443865003257,0.7986170053482056,,,,,0.0066590000751973,0.0708296835890234,-0.0347006422962294,P1229
-0.64651,-0.131867,0.047002,10.655,0.4082209467887878,0.7162175953388215,1.016937436728642,0.8908989901343981,,,,,-0.0072554327692984,-0.2972530881017915,-0.1569889412057818,P1230
0.1473,-0.138414,0.0916573,7.0,0.4578752458095551,0.9595509668191274,0.5571135971052893,0.8700226893027624,,,,,0.0139658298858722,0.1301056278059865,-0.8284327378278249,P1231
-1.95275,0.017108,0.0395261,11.5,0.8199172417322794,1.2504740417003632,0.7860853661750925,0.8048006391525269,,,,,-0.0076543129146431,-0.0425473655661061,0.0056518790443078,P1232
1.25663,-0.089551,0.066559,9.374,0.3730759819348653,0.9257040818532308,1.0061443396683396,0.9698049521446228,,,,,,,,P1233
0.89671,0.14708,0.0184644,9.557,1.3171199599901835,1.160427180926005,1.4145064723902736,0.9738673615455627,,,,,-0.0161076849596474,-0.0179104203498499,0.17561771893088,P1234
-0.072398,-0.086288,0.0872015,10.721,1.270443077882131,1.6847574949264523,1.7585229647570644,0.9137429984716268,,,,,0.1177720126899972,0.5568832942474156,0.3218866560200695,P1235
-0.711815,-0.106013,0.0241478,10.898,1.0803062319755554,0.8698957562446594,1.0795143966017098,1.2041619539260864,,,,,-0.0033559515732386,-0.008375113919486,0.0076229298501857,P1236
-0.749021,-0.081778,0.0187768,9.742,1.3622886379559835,0.9789337615172068,1.0740675967315148,0.8885610960423946,,,,,-0.0034677604464391,-0.0276590593534293,-0.0713808569853426,P1237
-0.710594,-0.015518,0.00574561,9.265,0.8061520198980967,0.7150158196687698,0.6865895369957233,1.0517242431640623,,,,,0.0037985726836352,-0.0647682543294269,0.0255974990141112,P1238
0.99511,-0.044098,0.0231591,8.424,1.4115530967712402,1.1916785647471746,1.296456813812256,1.2311472273789918,,,,,-0.0080253405609301,-0.1421016297479209,-0.045795943136909,P1239
0.17184,-0.096007,0.0565733,10.845,1.3525124629338583,1.9212715804576876,0.9687856024709242,0.6236622954408327,,,,,0.0062070910853891,-0.0528709614696785,-0.0084643010195577,P1240
-0.270168,0.20479,0.0221727,10.263,1.3699408729871114,1.189460039138794,1.1049323513590057,1.2279467582702637,,,,,-0.0031796528713222,-0.2417778692020093,0.0738019870550488,P1241
1.27633,-0.087714,0.0323649,9.365,1.0447454849878948,1.8715374559164049,0.9184200660935764,1.0964502334594726,,,,,,,,P1242
-0.844202,-0.026058,0.02306,11.409,1.382981530825297,1.235054725408554,1.0072903098731203,1.227380361557007,,,,,-0.0170695127534165,0.0174196286518772,0.1009872291469946,P1243
-0.246054,-0.052451,0.0222813,10.003,1.3354390104611715,1.168090444803238,1.242521516207991,1.0831639194488525,,,,,-0.0085258016680627,0.0396084998203394,-0.0300019792193779,P1244
0.13675,-0.052097,0.0253374,11.113,1.2638148109118144,1.808592679103216,1.0442047232183918,0.7481034183502198,,,,,-0.0216803864953204,-0.0435156041819591,0.0375286221242276,P1245
-0.639897,-0.053234,0.0354256,10.678,0.546796449025472,0.5938601632912953,0.7665671202643164,0.8862807357311249,,,,,-0.0052450511450516,0.0120829336926745,0.0405904409562936,P1246
0.13985,-0.034455,0.0280439,10.786,1.190601074695587,1.279641677935918,1.2405807437567875,0.6086091065406799,,,,,-0.0186128745810555,-0.1462292077489498,-0.5685019559459761,P1247
0.75536,-0.088755,0.0293463,7.0,1.1763575673103333,1.294503637154897,1.2007826124799663,0.5888065925011268,,,,,-0.0130421968712071,-0.1248012345335098,-0.2313671454467112,P1248
-1.49092,0.00051,0.0214544,7.0,0.9889538168907166,0.9242614855368932,0.9901780999940016,1.1328222846984863,,,,,-0.0181433761741976,-0.3341058169228939,-0.2326308315459755,P1249
-2.2304,-0.134286,0.0251794,11.211,1.187299927075704,1.2799832264582316,1.5003938099433636,0.5949754071235657,,,,,0.0277709071578428,0.2562367783409207,0.1246594567273859,P1250
2.09309,0.051906,0.0360117,10.194,0.5445947269598643,0.5965691516796748,0.77507742622803,0.876808933019638,,,,,-0.0024078174073469,0.0013615433819307,-0.0229620354948565,P1251
0.29458,-0.075806,0.0196568,10.434,1.3590327699979146,1.173730723063151,1.2435351219670523,1.1383320164680482,,,,,0.0038938840706538,-0.0684719347822828,-0.0273946756351506,P1252
0.15139,-0.150532,0.0216476,10.034,1.3377258777618408,1.169218474626541,1.235698231335344,1.0923915386199952,,,,,-0.0081178262804595,0.0267918952145718,-0.009300117562816,P1253
-1.04365,-0.089682,0.0526064,10.768,0.5681761264801025,0.5562287886937459,0.7664145488163521,1.0449172407388687,,,,,0.0109702649635782,0.025635267261667,0.0085128120554145,P1254
-0.621684,0.055375,0.0329317,10.2438,0.7987006862958272,1.2842353304227194,0.756905827028998,1.287267394065857,,,,,0.0401176164939767,-0.2486451742142622,-0.1392261442233575,P1255
-0.219314,-0.071328,0.0222382,11.264,1.3300362666447958,1.1668368677298229,1.2355084583677094,1.0705398774147037,,,,,0.0060600393808992,-0.0608434936662818,0.0002977067924803,P1256
-0.438241,-0.093532,0.0187756,11.5,1.343408997853597,1.1676635205745698,1.3836884580809494,1.086079257229964,,,,,0.0031014589799939,0.0073577098348302,-0.0005166472401469,P1257
-1.1083,-0.100745,0.0103464,10.419,2.185355571905772,0.9314452240864436,1.372149205413358,0.894919026356477,,,,,0.009051998347059,-0.018446013067237,0.0127667466294951,P1258
0.40814,-0.089222,0.025686,10.812,1.3617349068323772,1.2222962001959483,1.0193409714205512,1.23463054895401,,,,,0.006586625692044,-0.0257296266933416,0.0062673642751178,P1259
0.35082,0.052518,0.0742934,2.0,1.2857524315516151,2.0944644729296367,0.8968103014189621,0.6677033114433288,,,,,0.0041991227273064,-0.0833841859964044,-0.0971488207724178,P1260
-2.28164,0.042623,0.0150902,10.9,1.39035804271698,0.9344036400318144,1.0906148306254684,0.830242110490799,,,,,-0.0085010702619233,0.1550974527092878,-0.1081431812053779,P1261
-0.733564,-0.056953,0.0251658,11.5,1.3819743275642395,1.1912749310334525,1.1142828711147963,1.2170760178565978,,,,,-0.0126959514286648,-0.0178582376934329,-0.0223355227062711,P1262
-0.170571,-0.008658,0.0251664,11.163,1.3819743275642395,1.1912749310334525,1.1142828711147963,1.2170760178565978,,,,,-0.0059704523182179,-0.0242345665864494,0.0173534853747696,P1263
0.68821,-0.170281,0.0235008,7.0,0.7577969392140707,1.2049056222041448,0.8173875870375797,1.8257512962818143,,,,,0.014134386651238,-0.2128703555284828,-0.0479632919668802,P1264
-0.156457,-0.046011,0.0152885,10.098,1.3914741237958272,0.9323637406031292,1.0828275002282242,0.8215628325939178,,,,,-0.0030480525999171,-0.0802985756350596,0.0120996889963862,P1265
0.33582,0.007324,0.00953809,11.169,0.7577581524848938,0.8682713131109874,1.0663248649958907,2.461809916496277,,,,,-0.0085564382793458,-0.056045387464328,0.0787101723108207,P1266
0.7217,0.184,0.0080297,10.1963,1.749608560403188,0.5594963699579238,1.1835362736521096,0.5140363848209382,,,,,-0.0186016621389331,0.0752642618492381,-0.3815558416681597,P1267
-0.183659,-0.026384,0.0367676,10.076,0.8068295001983643,1.0737062036991118,0.7186704308822237,0.8330834036072096,,,,,-0.0133095111311277,0.2556096960616949,-0.264288506063167,P1268
-0.3176,-0.109591,0.0214758,9.283,1.3317744255065918,1.1742160876592,1.1470254536332756,1.1436772793531418,,,,,-0.0009544007816891,-0.0144375275371766,0.1544543001073179,P1269
0.41024,-0.120744,0.0501548,9.665,1.2703302145004272,2.05116444627444,0.8858821227632719,0.6427751878897349,,,,,-0.0124920551512749,0.0425728414655212,-0.1040235856125946,P1270
-0.04895,-0.01995,0.0868916,11.095,0.7740397572517395,0.9252970516681672,0.6253750498952537,0.8645595240592957,,,,,0.0020532490894392,0.1548283632715903,0.1441372302360832,P1271
0.6411,0.18093,0.00732664,11.248,0.8419326623280843,0.7203436076641083,1.113182579648906,1.9974561457832651,,,,,-0.0029252691774545,0.0065744846392712,0.0556035490008071,P1272
-0.97148,-0.1361,0.0341329,11.1019,0.809326974550883,1.271309459209442,0.7903087611856132,1.2658157122135163,,,,,,,,P1273
1.44162,0.10222,0.0792523,7.0,0.5471000790596008,0.624452852209409,0.6734487609616642,1.025027481218179,,,,,0.0097940630801525,0.0525758859255629,0.0942790514818625,P1274
0.95058,-0.135438,0.0122174,8.4,2.5027822454770408,0.4633006632328033,0.7001936579572743,0.8271825349330902,,,,,0.0097049024342449,-0.0367925676522825,0.0520031385458423,P1275
-1.32563,-0.041371,0.0242533,10.4,1.3595803141593934,1.2244103014469148,1.017106095264698,1.2337334656715393,,,,,-0.0048261749522541,0.0144477644253993,0.0057967237517004,P1276
0.96541,-0.071776,0.0272777,7.0,0.7516000469525655,1.330195244153341,0.7342114273844094,0.9589097261428832,,,,,-0.0028592888274112,-0.1448462845840326,-0.0630193067336222,P1277
0.43224,-0.027196,0.00727767,9.316,2.5093936185042063,0.4722174694140752,0.8169236676446323,1.0311263799667358,,,,,0.0048438917366552,0.0223633300087868,-0.0105116000268026,P1278
-0.654623,-0.088457,0.0861894,10.791,0.7372265775998433,0.7955835541089376,0.5606589142618508,1.052473120689392,,,,,0.0020521290943603,0.1897833690468974,0.1902079510109615,P1279
-0.236791,0.039627,0.0224917,10.359,1.3158089756965636,1.1946659684181211,1.0600817491268288,1.1619919562339782,,,,,0.0116221272846734,0.0313712582166795,0.059331220218155,P1280
-0.224925,-0.132959,0.0230131,10.006,1.4064959088961284,1.2103632668654123,1.0554757077118446,1.2559841523567836,,,,,-0.0132073357160435,0.0651691993475999,-0.0199313181219622,P1281
1.23542,-0.0186,0.0345812,11.174,0.8081766327222188,1.2703415234883626,0.7870544267111811,1.28292813539505,,,,,-0.0055244637105152,0.0365340536830798,-0.0937717432680074,P1282
-0.223776,-0.127324,0.0202646,10.563,1.4126558581988016,0.9041149874528248,1.1045897140585144,0.7911838814616203,,,,,0.025271515512718,-0.0023380974832611,-0.0110045535548124,P1283
0.019909,0.022464,0.0219322,9.507,1.4095704555511477,1.2140556355317431,1.0501689150415618,1.251336790621281,,,,,0.0056137494440613,0.1000067179249177,0.0020902299656881,P1284
0.23506,-0.054289,0.0273064,9.261,0.856062642733256,1.4143357227245967,1.3720869360298946,1.1174265841643016,,,,,0.0134877736648993,0.0306388616950869,0.1311748253428959,P1285
-2.18801,0.078209,0.020613,11.073,1.0122053941090905,0.9515027403831482,1.023697170717963,1.2751171374320984,,,,,0.0015109087124943,0.0221576838651347,0.0193201611109543,P1286
-0.443611,-0.094638,0.0241853,10.291,1.1030386288960774,0.8960476497809092,1.07298855329382,1.2779427791635196,,,,,0.0064120286411001,0.0341687810736612,-0.0609404844799428,P1287
0.65439,-0.023031,0.0232869,10.391,1.3612249970436097,1.202676812807719,1.0542180990350658,1.2261400389671326,,,,,-0.010961897555228,-0.1230621203367494,-0.0823684304050402,P1288
-0.330148,0.002288,0.0162378,9.2832,1.3940180897712708,0.9249980807304382,1.0241498700503646,0.7605709806084633,,,,,0.0005658633712483,-0.0200715154644401,-0.0382979754867847,P1289
-1.04485,-0.106083,0.037183,10.277,0.8107733050982158,1.1411529203255972,0.727098876032336,0.7975732803344726,,,,,0.0109320161655195,0.180941781779123,0.1344779801074764,P1290
0.32993,-0.025137,0.0153667,9.538,1.376612424850464,0.9552838067213696,1.0878456162995305,0.8611420965194703,,,,,0.0103092903676151,-0.0203423507336464,-9.448623313801364e-05,P1291
0.93764,-0.069968,0.023745,11.162,1.0687506318092346,0.8840133905410766,1.0847610379087511,1.284434313774109,,,,,-0.0017151893191613,0.101969316042169,-0.0848753054233384,P1292
-0.133034,-0.076219,0.011739,9.678,2.4797535995642344,0.4294902344544729,0.6749718055642885,0.7280893850326539,,,,,0.0044242442561461,-0.0211021498583738,0.0648172824439825,P1293
0.67028,-0.091964,0.0150297,9.5892,2.208123874664307,0.9137798647085824,1.2077185141629183,0.9207870888710022,,,,,0.0050487862266191,-0.0148581308372139,-0.0413145637357956,P1294
0.16952,-0.088758,0.00578041,9.562,2.50727797349294,0.4628354728221893,0.7987061584817952,0.9725958287715912,,,,,-0.0106061789608376,0.0029785350243892,-0.0084632789512397,P1295
0.98387,-0.073226,0.00939579,7.0,2.4886826972166696,0.4364928394556046,0.7152754602761104,0.7340726989010969,,,,,-0.0485664804941284,-0.3321692458602877,-0.3692089430260239,P1296
1.02797,-0.055892,0.0379532,10.215,0.8352186799049377,1.2827207485834755,0.8752844076732109,0.9937866687774658,,,,,0.002356074711263,0.1894741599662162,0.0287779117716127,P1297
0.91231,-0.006037,0.0141788,9.633,2.2001506606737773,0.9259127249320348,1.244516048965783,0.8698389101028442,,,,,-0.0014272131504796,-0.0321447900624444,-0.0095634798126411,P1298
0.58377,-0.107057,0.0117541,9.557,2.467098619540532,0.4220348825057348,0.6349494303094929,0.6892515361309052,,,,,-0.0070349155223313,0.0234535242885728,-0.0927056403088499,P1299
0.91215,0.014712,0.0241311,11.148,1.3681792815526326,1.2101966520150502,1.0373237091919472,1.2344133281707763,,,,,-0.0052736235506325,-0.109702265414332,-0.1133650144038256,P1300
0.6656,0.059501,0.0112909,11.5,2.493696196873983,0.441973332564036,0.734197650490136,0.8140185892581939,,,,,0.0013010505118149,0.0123301228223678,-0.0057829947472782,P1301
-0.572393,0.15267,0.00686749,10.152,0.8065396308898926,0.733300926287969,1.1461171076215546,2.2626013374328613,,,,,-0.0117956779877552,0.1246567691166739,-0.2111214354081312,P1302
1.22584,-0.028528,0.00832769,9.287,1.7996246735254924,0.5412580927213033,1.1098708366525585,0.5206928861141205,,,,,0.0121367946084264,-0.1113091545994138,-0.230483666069631,P1303
-0.467569,0.045312,0.00716656,9.744,2.518666684627533,0.4943425476551056,0.8421393458185524,1.1034571945667266,,,,,-0.0014529520100471,0.0273533662469157,-0.0106112111752736,P1304
-0.239354,-0.045933,0.0184509,11.443,1.413252345720927,0.896862796942393,0.9941901739301352,0.718009603023529,,,,,0.0002006692870986,0.037997245385539,-0.0153363652279949,P1305
0.11671,-0.091539,0.00662135,10.421,2.493737892309825,0.447111694018046,0.7593615712790653,0.8592450892925263,,,,,-0.0111415971884863,-0.0261883255524393,-0.0490089199884096,P1306
0.77205,0.15165,0.00982796,9.832,2.4891514758268998,0.4362276315689087,0.7052102849401277,0.726984404027462,,,,,-0.0044057289436978,0.1750672609281537,0.2994022600469179,P1307
0.60401,-0.012868,0.00905391,9.356,1.7461665193239848,0.5710520476102829,1.0896381694695043,0.51291832447052,,,,,0.0176322341984754,-0.0311052768525272,-0.0903407894584233,P1308
-1.8697,-0.065658,0.0165389,10.956,1.3209469079971314,1.1602752149105071,1.3676415743498966,0.9960560059547424,,,,,0.0416208627265288,0.3038875010345616,0.4257644157769391,P1309
1.77606,-0.079736,0.0228111,9.755,1.1547345161437987,1.3368201474348704,1.7972695067011075,0.616782511472702,,,,,-0.0165719202054511,-0.1950281133942655,-0.0184239085647277,P1310
-0.448635,0.14044,0.00941658,9.634,0.8052620192368826,0.7720564047495524,0.6886214028144705,0.8761808156967164,,,,,0.0032030248328782,0.009484339177831,0.0240569146626512,P1311
-2.12696,-0.031981,0.0081684,10.812,2.496587512890498,0.4632110595703125,0.7854855605240526,0.8859357225398222,,,,,0.0136454826018802,0.446618627303561,0.2848462163237855,P1312
-1.23716,-0.021304,0.0102475,10.6991,2.5131571650505067,0.4755467941363652,0.7719405252358009,0.8589007010062536,,,,,0.0017384506412835,-0.1100465978837355,-0.0888371701803407,P1313
-1.42584,-0.063723,0.0226464,11.115,1.4110137859980263,1.2011086146036785,1.132791533552367,1.2339111542701722,,,,,-0.0006678817047172,-0.0793543506263811,0.1377926493441919,P1314
0.48129,-0.025521,0.00846862,10.57,2.4972913960615792,0.477986091375351,0.782940476105131,1.0250941300392151,,,,,9.721701714665924e-05,0.016477065334448,0.0482125140115385,P1315
-1.15321,-0.048694,0.0206842,10.821,1.400281290213267,1.209876815478007,1.0518989151921765,1.26091451694568,,,,,0.0322423113814167,0.0716354083158754,-0.0121762724447762,P1316
-1.3328,-0.049839,0.0384734,11.5,0.8055378715197246,1.283456325531006,0.7802288881663618,1.254286378622055,,,,,-0.0017885641264637,0.0149868652258016,0.062147460586857,P1317
0.84013,0.15505,0.00675509,10.5212,0.7618294556935629,0.8780089149872462,1.059688150882721,2.5387920188903808,,,,,-0.0141918783607642,-0.0079816560011523,-0.0004517540291999,P1318
0.68208,0.028298,0.0238416,9.651,1.3794672211011252,1.1927448769410451,1.0985893853779496,1.2422081405917804,,,,,-0.0097155382755905,-0.1030668554337365,-0.1074201479423209,P1319
0.21655,-0.095267,0.00827649,9.881,0.7675838152567546,0.7642358879248301,1.1513314904837773,2.442321548461914,,,,,0.0192720681606306,0.0085862172310451,-0.0046054612030275,P1320
-0.019797,-0.001271,0.00550864,9.195,0.8036559919516245,0.8839400351047516,0.6465005350523981,0.9273936200141908,,,,,0.0011033122700884,-0.0609428814964513,-0.1072366013540886,P1321
1.42331,-0.040489,0.00608966,9.513,0.82695285876592,0.7095693171024322,1.154742415609031,2.114462718963623,,,,,-0.0132927666700525,0.0700907128234389,0.0021238044719211,P1322
-1.76662,-0.052518,0.01858,10.971,1.387338435649872,0.928407895565033,0.9823772722277148,0.7394901466369629,,,,,0.0033254249246488,-0.1634481292429803,0.0319312947540311,P1323
-1.78672,0.07825,0.0152146,10.96,1.374904533227285,0.9582807958126068,1.0903856271299823,0.86839262008667,,,,,0.0181773590137142,0.1652457310423349,0.080868055614701,P1324
-0.072317,-0.082964,0.0160334,9.287,1.3965142488479614,0.921381946404775,1.0201272306771114,0.7533594978352388,,,,,-0.0099656171920399,-0.0924926453776753,-0.2285765348569839,P1325
0.19676,-0.069932,0.0102635,7.0,2.4956431925296783,0.4428845514853795,0.7265877004327446,0.7625444320340952,,,,,0.005109054121785,0.0236612135336847,-0.0162042822194052,P1326
0.54894,-0.094235,0.0226795,7.0,0.763261612256368,1.3430931627750398,0.7894567076502175,0.8598073101960696,,,,,,,,P1327
0.89971,-0.118885,0.00730891,9.845,2.505326747894287,0.4561926275491714,0.7783835201427854,0.8498985059559345,,,,,-0.0052773841101181,0.0477847420775454,0.0426399832358583,P1328
0.45123,-0.050007,0.016685,9.66,1.392186446984609,0.9257464627424876,1.0095717619205344,0.7507563680410385,,,,,0.0277679080888415,0.0561067339126998,0.0395715745034976,P1329
0.81669,-0.053551,0.00655438,10.905,0.7869401256243388,0.8110730777184169,1.1034736653854107,2.53459686756134,,,,,-0.0056073292660889,0.0812160600698493,0.0774577899501309,P1330
-0.672411,0.030983,0.0159885,10.977,1.3732497215270996,0.9596605042616526,1.0679002075359738,0.8525314462184906,,,,,-0.0126429016495638,-0.0887316280601487,-0.0703133961433195,P1331
0.18728,-0.121334,0.0165126,9.83,1.3796321988105773,0.937725802262624,0.9764096408054748,0.7450752973556518,,,,,0.0852338863329106,0.4133114377395691,0.291035069632926,P1332
-0.217029,-0.027099,0.00940024,10.158,0.7976026574770609,0.6988801449537277,1.1818207851771652,2.251829814452392,,,,,0.0028962211785299,-0.0133900126737074,0.027272529208858,P1333
1.30429,0.005725,0.0171457,8.657,1.3721493244171143,0.9558450659116108,1.023061688604026,0.8096628403663635,,,,,0.0087763105908659,-0.1034555965465422,-0.1287953215360175,P1334
0.38041,-0.014913,0.044167,10.379,0.3972170730431875,0.6897722731033961,1.5615689590059478,0.9394041448831558,,,,,0.0062276929907188,0.0046674206845949,0.0034074314535246,P1335
0.8681,0.003317,0.0401316,9.499,1.313203457991282,1.9353762924671172,0.959018768935368,0.6458286833763123,,,,,0.0028995807276631,-0.0073618425147691,0.0235076544558978,P1336
-0.394488,0.070978,0.00686667,10.189,1.783427878220876,0.545876211921374,1.1428872603794624,0.5182366371154785,,,,,0.0173813181415318,-0.0090888857753489,0.0109972317004576,P1337
0.10146,0.051992,0.0145443,8.386,1.3729239344596862,0.961416773001353,1.0869848553476662,0.8638306347032388,,,,,0.0234060600821959,-0.1540614356375764,-0.0647046258163754,P1338
1.80122,0.088909,0.0258795,8.92,1.3697276989618936,1.6560510575771332,1.150797412313264,0.7031384778022766,,,,,-0.0223067055367999,-0.256305695560435,0.2148035821301164,P1339
1.1236,-0.066643,0.00942062,11.119,0.7787591536839803,0.790841406583786,1.118454166527452,2.4350903034210205,,,,,-0.0011084142282228,0.0158093812567037,0.0404426083550788,P1340
-1.7601,-0.099031,0.00581483,10.399,2.508336460590362,0.4640826791524887,0.8012383724081105,0.9795958018302916,,,,,0.004218346279984,0.0706145318559248,0.0208712857347563,P1341
0.43068,-0.023063,0.00913189,8.555,0.7587347944577535,0.8615814079840978,1.070178306308286,2.4577376317977904,,,,,0.0003971495139317,-0.0067009678150073,0.0278344122416456,P1342
-0.615294,-0.000515,0.00717227,10.914,2.1834356983502707,0.9279920270045598,1.7787542466459605,0.8887833452224732,,,,,-0.0222804557319222,0.2767785251810805,0.8579956197427236,P1343
-0.22339,-0.128528,0.0216653,9.115,1.0356339454650878,0.930350050330162,1.0673316182761357,1.371045413116614,,,,,0.0100651403139902,-0.0285400381981442,0.020742330867506,P1344
-0.184653,-0.037313,0.0689222,10.934,0.5486080010732015,0.6135146985451381,0.6921063199125487,0.9844578504562378,,,,,0.0056371162262272,0.0156931834376143,0.0616051276520011,P1345
0.50455,-0.059163,0.0464263,9.451,1.3540258049964904,1.8798874100049336,0.9753741570587816,0.6238090445597967,,,,,0.0027669206705865,0.0695581812239699,0.0460909070970956,P1346
0.79069,0.022532,0.00751618,10.093,2.5204498052597044,0.4844926327466964,0.8306412409091818,1.0122560930252076,,,,,-0.0021981703269252,0.070188922999191,0.0900251823259168,P1347
0.16653,0.040013,0.0213799,8.461,1.36847589413325,1.1975311636924744,1.0696120817085792,1.2453173771500587,,,,,0.0038969799664115,-0.0421441943934366,0.139123736473266,P1348
-0.430147,-0.057445,0.0306766,9.553,0.8175532341003418,1.2381025711695353,0.7957585258730526,1.1707494616508485,,,,,-0.0067732186093227,-0.1074419845688348,-0.0537559928561677,P1349
0.5017,-0.074744,0.0339378,11.5,0.5368579824765524,0.6206822335720062,0.7779121727778994,0.8731743323802948,,,,,-0.0116103883154036,0.13139303619178,0.2886350916596711,P1350
-0.443849,-0.074861,0.0226616,10.698,1.3981458107630411,1.2327263116836549,1.0116774439811709,1.2239088773727418,,,,,0.0014327709146549,0.0224631454687414,0.0094021277909632,P1351
0.82654,-0.051356,0.0209094,9.755,1.02918568054835,0.8839342017968496,1.0675206698220352,1.234219298362732,,,,,0.0007784825795098,0.0502956873935316,0.1028107321253628,P1352
0.78582,-0.097547,0.0238203,8.199,1.3636415004730225,1.2074411511421204,1.0426384950506276,1.231641628742218,,,,,-0.0099172483050147,-0.1946888411146455,-0.2248753120293258,P1353
-0.892535,-0.012944,0.00687565,10.759,0.806193886200587,0.7097113440434138,0.7007934728573109,1.2718785405158997,,,,,0.0027867601302587,-0.1823173835741814,0.2493511923457845,P1354
0.08645,0.19216,0.00758667,9.65,0.8049213091532389,0.7653860718011856,0.6690811566237745,0.931552586555481,,,,,-0.0027314968095504,-0.0481349924162487,-0.0259376361937029,P1355
0.085321,-0.172779,0.0337006,10.933,1.237536064783732,1.872021994988124,1.0089948537020847,0.730998044013977,,,,,0.0376582580639558,0.5090215884644173,0.318471456914267,P1356
-0.623954,-0.188739,0.0216013,10.972,1.051894728342692,1.7749477048714957,0.8680582539788608,1.0051868057250977,,,,,0.0075895157325283,0.7836469922478586,0.4710709450082504,P1357
0.58467,-0.128463,0.00883132,9.8142,0.8083737373352051,0.6841782877842585,1.185506956330661,2.173080072402954,,,,,0.0187907995351662,-0.0100717952687059,-0.015887121844571,P1358
-0.854231,-0.021378,0.0159399,10.809,1.3871469934781393,0.940059761206309,1.1117163958220646,0.8540661990642547,,,,,-0.0001653578129682,-0.2942926412782345,-0.0805262364447116,P1359
0.2366,-0.072812,0.0232795,9.047,0.735383399327596,0.6712783565123875,0.7251708014258023,1.388909508784612,,,,,0.0192532188047124,-0.2512817667114733,0.0315959715953795,P1360
0.72897,-0.104564,0.020653,11.433,0.7700173536936442,1.24954238931338,0.7735320206346183,2.0822651775983663,,,,,0.0149950065270416,-0.0230458929696126,0.1294792890621465,P1361
-0.897467,0.040328,0.00655006,8.008,1.7750035564104716,0.5393463363250096,1.2569585082859829,0.517641441822052,,,,,0.0317818075356952,0.0222793396403977,-0.2584485332408803,P1362
0.92407,-0.16138,0.00940109,10.504,1.787347169717153,0.5318054288625718,1.2746882356446363,0.5203197121620178,,,,,-0.0191717526705396,-0.087113234139441,0.1300939214852405,P1363
1.50773,0.033587,0.0178658,11.5,1.30664617617925,1.1579772889614106,1.4056604648458546,0.944170355796814,,,,,0.0040368695897169,0.0839883160563614,0.0847945008790702,P1364
0.50769,-0.051093,0.00589827,7.0,0.8084279159704845,0.6755402286847433,0.7358286267724531,1.144608154296875,,,,,-0.0101246148731037,-0.050738927334484,-0.0014050621757633,P1365
0.89801,-0.110945,0.0260279,10.475,1.428458082675934,0.8844340324401856,1.0808505395363115,0.7520037976404031,,,,,-0.0025106953561474,-0.0442557804581107,0.0072211908336612,P1366
-0.704725,-0.058701,0.0223512,8.381,0.7197002470493317,0.6426687975724538,0.7443972147744278,1.276885552406311,,,,,0.035803350860608,-0.0179773079231493,-0.0471601876270142,P1367
-0.841889,-0.133616,0.0219016,10.503,0.7296277602513631,0.6524350434541702,0.7652833050694959,1.407974486351013,,,,,-0.0347791575619197,0.137059086356838,0.1443832036820822,P1368
-0.021827,-0.119822,0.0616878,10.651,0.9452911496162416,1.6789578477541605,1.7577558159828186,0.9866714549064636,,,,,0.0075972114410587,-0.0831152496309743,-0.0730181462931796,P1369
0.65034,-0.091935,0.0120497,9.253,2.503596615791321,0.4682984799146652,0.7017388980964134,0.8289149558544159,,,,,0.0065584054209013,0.0353356394258294,-0.1291179222462233,P1370
-0.759674,0.069898,0.0251535,10.603,1.4177169958750406,1.197164881229401,1.235637512700311,1.2612583804130555,,,,,0.0076882687318215,0.1078781106737858,0.1030950801796279,P1371
-0.722859,-0.118133,0.0158778,10.283,1.3481772581736249,0.9893018265565235,0.9838213016246928,0.8452263820171356,,,,,0.0059410460081454,-0.075640980026529,-0.0479443457734305,P1372
0.32675,-0.147113,0.056573,11.174,0.368839685122172,1.2667815744876862,0.6693879417304335,0.9404701764384904,,,,,0.0409079804339881,1.0263645961400774,0.0712082337486208,P1373
0.58051,-0.056155,0.0278746,10.7107,1.3389689962069191,1.188347711165746,1.0874963361641456,1.1839950680732727,,,,,0.0043680033270947,0.0053123909476991,-0.0273852730097132,P1374
1.06665,-0.141546,0.00763861,9.102,1.786315588156382,0.515513946612676,1.4817240484829606,0.5274116086959839,,,,,-0.0253394621540412,-0.1931298799255938,-0.0436458981785108,P1375
-0.198455,0.007796,0.022874,9.563,1.0895090659459432,0.913944411277771,1.0889655146105537,1.376879371702671,,,,,0.0167675824526827,-0.0126924402785541,-0.0712837157043395,P1376
0.037742,0.046016,0.00870959,10.185,2.500776978333791,0.4497476438681284,0.7578991517938417,0.8720486569404602,,,,,0.003266474397986,0.0194770928772335,-0.0409409498097375,P1377
-2.14572,0.11588,0.0152233,11.5,1.381978722413381,0.9407306810220084,1.020655049332257,0.7845425462722778,,,,,0.0045597240038088,0.1181810380223447,0.0792195160611299,P1378
-0.249703,-0.047299,0.00652227,8.413,2.151939713954925,0.933470360438029,1.7744814568552478,0.7970539546012878,,,,,0.0102289459196151,0.057132815904782,-0.0162092655446031,P1379
-0.492266,-0.083796,0.010939,11.33,2.493963332970937,0.4422759056091309,0.7351119888239893,0.8161339151859284,,,,,0.0033651798237135,-0.0459958424911753,-0.0181651466482435,P1380
0.92736,-0.061217,0.0206299,10.74,1.3392701903978983,1.166215225060781,1.4530704391413722,1.064869875709216,,,,,-0.0086193724795793,-0.2574611438633396,0.0557722501034732,P1381
1.20074,-0.043944,0.0286784,9.727,1.3562714497248332,1.7721838096777598,1.063001445655165,0.6515126079320908,,,,,-0.0125023963995733,-0.0164841347004691,-0.0897150823002448,P1382
0.63592,-0.035464,0.011454,11.022,2.189276977380117,0.932553239663442,1.3214400143458926,0.8721209192276,,,,,0.0152272579151741,-0.117575840456085,0.0243074009849806,P1383
-0.428011,0.04348,0.00582973,9.889,0.8096222639083862,0.6685696254173915,0.7653166857259027,1.282183933258057,,,,,0.0142586832357555,0.3098159496158365,-0.6236525193962734,P1384
-1.55286,-0.114866,0.0399972,9.1626,0.5342553913593292,0.6329421669244766,0.7741866646141842,0.8802097082138062,,,,,0.0048311818492053,0.0303555972693121,0.0496464649331755,P1385
0.71518,-0.007223,0.00865436,11.401,1.7899358073870342,0.512267279624939,1.5141449015716026,0.5299022197723389,,,,,0.0056012936844826,-0.0126834787636417,0.0431295735324965,P1386
0.39196,-0.105913,0.0173853,9.185,1.3085317452748615,1.1640750149885812,1.1928614624615372,1.032836961746216,,,,,-0.0386629850336486,0.4505278277267435,-0.4054566678969422,P1387
-0.738145,-0.049076,0.00950024,7.0,2.498692260185877,0.4484265128771464,0.7104582169960285,0.8133006048202515,,,,,-0.0114600541134216,0.0816324935978667,0.0128865384467644,P1388
0.28158,0.10879,0.0160802,11.029,1.4030032436052955,0.9168422937393188,1.10476740372592,0.8085747075577577,,,,,0.0026854202111282,-0.0078569875337674,-0.0507767147428239,P1389
-0.12531,-0.013841,0.0105775,10.935,2.480323270956675,0.4301992466052373,0.658508378883888,0.7240904307365418,,,,,0.0106516633853837,0.2097040899234384,-0.141935332052526,P1390
-0.156976,-0.119061,0.0305363,8.564,1.310315195719401,1.8133047600587209,1.0481810867786407,0.689920129875342,,,,,-0.0428227594899615,-0.1239980099374664,0.191491319987108,P1391
0.53931,0.096328,0.00692968,10.682,2.4893709381421405,0.4657652507225672,0.763316266495606,0.8811010668675104,,,,,-0.0053220348954246,-0.0949819239139696,0.0220249632911873,P1392
-0.724544,-0.007026,0.0245017,10.543,0.7421778361002604,0.6765237033367157,0.747536486592786,1.4854011726379397,,,,,0.0024552452975821,-0.0653993473711777,-0.033094751452154,P1393
0.4872,-0.065938,0.0211811,11.404,1.0621630469957988,0.85729594429334,1.0886478485732245,1.1813150763511655,,,,,-0.0075910499334911,-0.0142168423588091,0.0129678302910178,P1394
-0.553118,-0.214869,0.0189272,10.527,1.3390669465065002,1.167785596847534,1.263999094223154,1.0850973200798035,,,,,-0.0196250108146005,0.2401519910989815,0.1669483755831606,P1395
-0.472817,-0.013501,0.0203055,10.908,1.377056642373403,1.1773041466871896,1.2710370051449742,1.176283700466156,,,,,-0.0023999464731235,0.1630306888384521,-0.3136883593906532,P1396
-0.391332,-0.076405,0.00715005,9.512,1.780815319220225,0.5402134935061137,1.2170196031701976,0.5181765961647034,,,,,0.0726739091574662,0.0043710553061945,0.0389911060337908,P1397
-0.300281,-0.011177,0.00900712,10.504,2.128953337669373,0.9738781948884327,1.6429327644150833,0.7321525091926256,,,,,0.0068482665910243,-0.0942637261868102,-0.1191802325847675,P1398
-0.984383,-0.054287,0.0220721,10.429,0.72658678094546,0.6460686127344767,0.7705559011163383,1.3884607577323913,,,,,0.0279940346947495,-0.0709996408004656,0.043174289210583,P1399
-0.022674,-0.056722,0.0067592,7.522,2.4905327300230664,0.4466689666112264,0.7576964394799595,0.855374391078949,,,,,-4.647901882187666e-05,-0.0101362594071465,-0.0754900890024146,P1400
1.09764,0.016428,0.00870372,8.648,0.8050324261188507,0.7737757802009583,0.6782658439258049,0.897093677520752,,,,,-0.0024705033524194,0.0722233153398022,-0.0567344806549954,P1401
0.011752,0.15735,0.0556373,10.29,1.3224459528923034,2.003976668914159,0.940137747032889,0.6461188793182373,,,,,0.0021232358839692,0.0833484490340069,-0.0464028113055974,P1402
0.8724,-0.035779,0.0204271,10.546,1.3240175326665242,1.2021138827006022,1.0447172358118255,1.1925380945205688,,,,,-0.0034841010592142,0.0178057863520939,-0.0394088241591816,P1403
0.42847,-0.04525,0.0233001,9.107,0.7357417146364847,0.6710402458906174,0.7289785290586537,1.388691008090973,,,,,0.041287806488967,-0.0352264324860961,0.0842913012893404,P1404
0.32073,-0.013278,0.0110757,11.32,1.834502605597178,0.5172820538282394,1.355442762374878,0.5395190489292144,,,,,0.0129711908023654,-0.1243693773708375,-0.1078396788143436,P1405
-0.210951,0.061551,0.0304936,10.612,1.30986545085907,1.8956326127052308,0.9891702954111428,0.6570783758163452,,,,,0.0086308817511289,-0.1570121945928469,0.0516617315661278,P1406
0.024134,0.065034,0.0656649,9.3809,0.5678345759709676,0.554738508661588,0.7764511560571605,1.0381024753053982,,,,,0.0007749304103072,0.0184984265496852,0.0414871292668976,P1407
-0.200691,-0.059074,0.00617008,10.641,1.7538896361986795,0.5270502696434657,1.4455318738674294,0.5138542093336582,,,,,0.0091863125907269,0.0015027981080182,0.0351400554209249,P1408
-0.059558,0.045007,0.0291161,9.821,1.3130730867385865,1.7062953174114228,1.1153905032009914,0.766465368270874,,,,,-0.0003752245329236,1.6654875122065678,-1.9159462234019884,P1409
0.37739,-0.056956,0.0169583,10.235,1.376744842529297,0.948061869541804,1.0202458942758623,0.7951451182365418,,,,,0.012561441763168,0.0097455834776978,-0.0510419585189083,P1410
1.14278,-0.022405,0.016778,8.815,1.3645073970158894,0.968294455607732,1.0241863624802952,0.8327599465847015,,,,,-0.0019448376523022,0.0992647531176889,0.0954832490097032,P1411
0.88133,-0.094462,0.0302407,11.5,0.7886087735493977,1.244470743338267,0.7428709176079981,1.3841981863975523,,,,,0.00255409520288,0.0163483389840944,0.0060464129273896,P1412
0.5774,0.043221,0.0799025,10.086,0.5739124755064646,0.5591907302538554,0.7042843904988519,1.1749714827537536,,,,,-0.0021299993454355,-0.0215510208540978,-0.0236307039522216,P1413
1.26529,0.039665,0.00805708,9.712,2.5133725543816885,0.4892234295606613,0.826645538724702,0.9981032200157642,,,,,0.0001872445198992,0.0799297688888083,-0.1209575830507674,P1414
-0.262506,0.000776,0.0105752,9.609,1.7967113534609476,0.5458444615205129,1.0729331877724877,0.5246765567706182,,,,,-0.0057548887157487,0.0006005118171319,-0.0216148152321693,P1415
1.40686,0.11821,0.00913462,9.909,2.498860041300456,0.4492160588502883,0.7088581467496937,0.8144570648670196,,,,,-0.0420984153483601,-0.1322632912611683,-0.0934794472777866,P1416
0.48719,-0.221439,0.0398156,9.751,0.8006331562995911,1.2630714217821757,0.767064375096354,1.3924180734157563,,,,,0.0085693430500685,0.0040478727409225,0.0358806871590786,P1417
0.22138,-0.098018,0.0110178,9.031,2.5028142015139263,0.4592155317465464,0.7093001193013685,0.8341307985782623,,,,,-0.0017412089418183,0.0141647828170149,-0.129453406916582,P1418
-0.895791,0.011272,0.0238118,9.14,1.098461127281189,0.8980939477682114,1.0777332310018868,1.3013417447606723,,,,,-0.0010084168573368,0.0831788734479295,0.0668711090329452,P1419
-0.599282,-0.064849,0.0101758,10.919,0.8029772659142812,0.7550344596306483,0.6409027401743264,1.1204502949347863,,,,,0.0018075814800271,0.3239709793948077,0.5425840321913711,P1420
1.2311,0.073059,0.0235249,10.057,0.7230548759301504,0.6513643652200699,0.730042839872426,1.284224236011505,,,,,-0.0408410467979792,0.0610578152865777,-0.120665575042949,P1421
-0.033141,-0.150611,0.020174,11.19,1.3101977586746216,1.162164314587911,1.580060925976983,0.9436001515388488,,,,,-0.0205538266772082,-0.7467777500406069,-0.110539494533441,P1422
-0.01735,-0.125277,0.018912,11.417,1.3497895002365112,1.010700132449468,1.1713178034486442,1.0325464184085529,,,,,-0.0021272251594829,0.0180890005963889,-0.0234367793309502,P1423
-0.195418,0.15761,0.0101859,10.867,0.7782615900039673,0.7494807680447896,1.154570713125426,2.412959771156311,,,,,0.0030015359583344,-0.021857039287973,-0.0405874018761096,P1424
0.30297,-0.025892,0.0221601,10.498,1.378766667842865,1.1960708260536197,1.0765666016216937,1.2490082159638405,,,,,0.0099374269070085,-0.0337705802282299,-0.168198424122238,P1425
-1.43009,-0.086966,0.0536945,10.494,1.3325030167897542,1.9196202019850408,0.9631522482839124,0.629856750369072,,,,,0.0102508401299546,0.0911004194834064,0.0961571749940048,P1426
-0.250086,-0.041385,0.0240351,10.091,1.4251290480295815,1.198372170329094,1.2922638695815514,1.2657308738965254,,,,,0.0017740960059635,0.108271748509911,-0.1825803501342306,P1427
-0.153105,-0.117124,0.0507408,11.223,1.343973990281423,1.897812940677007,0.9689616180699449,0.626603456834952,,,,,0.0027444028708856,0.0363462419562591,0.0304830510795,P1428
1.07494,-0.00449,0.00553362,8.371,0.8048810521761577,0.7419660478830338,1.1421256229795258,2.2883197474479675,,,,,0.0144589332052865,-0.028673866347469,-0.0593269528690143,P1429
0.56071,-0.040908,0.0234812,10.595,1.085902218023936,0.8753617495298386,1.0777476512152573,1.236141458153725,,,,,0.0052320927005949,-0.0311435881004804,0.0475642780729685,P1430
0.54092,-0.045089,0.0194883,11.348,1.0207027991612752,0.908084707458814,1.054036475461105,1.2513524436950685,,,,,0.0452265887696273,-0.1100791465275159,0.6986544764295104,P1431
0.8842,0.15153,0.0169634,9.534,1.3764137506484986,0.9483462452888488,1.018804257286006,0.794404947757721,,,,,0.0218556642969725,0.026425875940057,-0.0225993828717037,P1432
-0.768802,-0.084385,0.0225658,11.413,1.3991257309913636,1.2308784782886506,1.0137704035331463,1.2252577447891235,,,,,0.0032929294619946,0.017281854847857,-0.0354909797461004,P1433
0.99322,0.025447,0.0244225,7.0,1.3936675786972046,1.5946867982546489,1.1653775439180176,0.6999917650222778,,,,,0.0185984782493554,-0.0848082090757383,0.3456057088842499,P1434
-0.773417,-0.071454,0.0245986,11.5,1.0922316670417789,0.9441938946644464,1.1046681650753678,1.4293745532631874,,,,,0.0130777634342459,-0.063434347588682,-0.0034675836068345,P1435
0.16631,-0.15907,0.0175707,9.753,1.3015926202138266,1.161575593551,1.2200054567435692,0.9961292123794556,,,,,-0.0070158901917062,0.0020718348131175,0.0130479457657202,P1436
0.80878,-0.064072,0.0218392,9.888,1.3853914260864255,1.224706115325292,1.0173314707032566,1.23718847990036,,,,,-0.0055950825976596,0.0098651627868825,0.4577470403892221,P1437
-0.394047,-0.049905,0.0222598,10.627,0.734889809290568,0.6625547458728155,0.7577825764129902,1.4443373584747314,,,,,-0.0068725643444741,-0.0013203543166846,0.2755290761706419,P1438
-0.769832,-0.030455,0.00665107,11.5,2.168332850933075,0.9592309455076854,1.539289535119616,0.8000042186333582,,,,,0.0003915796987017,0.0069779197377637,0.0023591006174683,P1439
0.6708,-0.066592,0.00652798,9.833,0.803045388062795,0.8775238653024038,0.6210902179109639,0.965802080631256,,,,,-0.021663527575558,0.0173471082007606,0.0195230770259513,P1440
1.74637,0.1309,0.0274086,10.905,1.2933299620946248,1.89080170194308,0.9897439294847948,0.6729922795295715,,,,,0.006857293975794,0.057169524718948,0.0640210944184218,P1441
-0.406788,0.012551,0.0236053,7.0,1.3860408504803976,1.1778119156757991,1.3826094351965803,1.170812196456469,,,,,0.018890067900681,0.0086289315683608,-0.1141972631230601,P1442
-0.520101,-0.163924,0.0222394,11.5,1.3013341585795084,1.192203277349472,1.0743746839720627,1.1108409476280212,,,,,-0.0002175126406398,0.4147346978585254,-0.0308367686229757,P1443
0.10818,0.060541,0.00806122,9.458,1.818030126889547,0.5214561174313227,1.3165775886897384,0.5304643237590789,,,,,0.0033744640336438,1.6997690462539072e-05,-0.0152094704972114,P1444
0.30821,-0.148968,0.00958061,8.798,1.795333246390025,0.5099750916163127,1.5314915735146095,0.5326472091674804,,,,,0.0157309084579907,-0.2891673953141823,0.961699248298828,P1445
-0.476279,-0.169948,0.00987252,11.5,1.8011003533999126,0.5614388197660446,0.8883729803151098,0.5222821128368378,,,,,-0.000903931289778,-0.0015596493305451,0.0238186239948845,P1446
0.11357,-0.05447,0.00521422,11.204,0.8057231485843659,0.7212309598922729,0.6785693024766857,1.069192852973938,,,,,0.0026917056791606,0.1879124238450835,-0.4181377966451691,P1447
-0.148795,-0.1027,0.00791482,8.803,2.50939985315005,0.4601910909016927,0.7827074137227289,0.8666319188972315,,,,,0.0283708499259879,-0.0543308420327619,0.0248315256030764,P1448
1.15088,-0.036948,0.00850803,10.46,1.7500091671943665,0.5478800296783447,1.2858483092538242,0.5148583078384399,,,,,0.0289228585051691,-0.0933578871123483,-0.0510316051368135,P1449
-1.56881,-0.016097,0.0156399,10.905,1.380462121963501,0.9482475161552428,1.0740739209898589,0.8379734516143799,,,,,0.0199449841827562,0.0375826718644864,0.06530648971966,P1450
-1.28981,0.003853,0.0226516,8.582,1.4041284322738647,1.1890886733929316,1.2540359044897145,1.2340057063102725,,,,,0.0109242039226283,-0.4283934294715255,0.3636248323236941,P1451
1.08695,0.023926,0.00927443,8.743,1.789240578810374,0.5362335294485092,1.2171466782175262,0.5196609568595886,,,,,-0.0572098330326989,-0.4892761269724197,-0.9385694500451792,P1452
0.76252,-0.133767,0.00777099,9.902,0.8059289395809174,0.7136581659317016,0.6994046866893768,1.2663400148351986,,,,,0.0035330691601511,0.0096766239677529,0.2290262470633024,P1453
0.36335,-0.032993,0.00709548,7.0,0.8039814253648122,0.7961846202611923,0.6412308421628229,0.9775229787826538,,,,,-0.0211557450252871,-0.0375976336228309,-0.001290995045565,P1454
-0.410302,0.020054,0.0130533,10.422,1.838077445824941,0.5418743391831716,0.9198073272047372,0.5307257330417633,,,,,0.0113552767887881,-0.1500370023541029,-0.0842312553577357,P1455
1.09102,-0.086544,0.0140031,10.011,2.193316841125488,0.9309867729743322,1.1971042474796032,0.812269058227539,,,,,0.007870593582783,-0.1967230268832136,0.0438951049072784,P1456
-1.60336,0.022769,0.0173616,10.246,1.3909901976585388,0.9347197890281678,1.1205745226350323,0.8518255257606506,,,,,-0.0122387785169836,0.0030913363819411,0.0209333367165527,P1457
1.0436,-0.168766,0.0150304,11.5,1.393132142225901,0.9302952071030934,1.0900040145578056,0.8240878200531006,,,,,0.0008524141166843,0.0394036114637925,-0.0338675682869507,P1458
-0.238989,0.18447,0.00815071,11.34,1.7464289665222168,0.5607447405656178,1.1872117098035484,0.5136630272865296,,,,,-0.0078383331877147,0.1104953470019045,0.1420074589914293,P1459
1.29535,-0.089959,0.00568624,2.0,0.8099511384963989,0.6584975928068161,0.7740570810334436,1.193778109550476,,,,,0.0025297494872635,0.2583126376155065,-1.0385725002197432,P1460
1.37354,0.004591,0.00584418,8.526,0.8072214881579082,0.69378362596035,0.7087103549776406,1.2018846607208251,,,,,0.0066446134537752,0.0198374612335727,0.0978994848192087,P1461
0.30168,-0.107621,0.00968606,10.795,2.5062238653500875,0.4582185049851735,0.7409615372789318,0.8154640619953474,,,,,-0.0278689125082331,0.1051245497277207,0.0083164969983045,P1462
-1.04445,-0.032485,0.00625408,10.519,0.8077854812145233,0.6851329813400905,0.720339429789576,1.1698778510093688,,,,,0.0013057117049879,-0.0283543001489907,0.2168226644498645,P1463
-0.608733,-0.003673,0.00986918,10.646,2.520088088512421,0.4865413635969162,0.8124204586292135,0.9004568184415499,,,,,0.0024336164186043,-0.1219881972933619,0.4662510159832891,P1464
0.83591,-0.104345,0.0184515,9.914,1.2769882996877036,1.1607673943042756,1.4523622784121284,0.8464818721016248,,,,,-0.001359763742936,-0.3714598798757671,-0.3189387598686153,P1465
1.77853,-0.051565,0.00879382,10.683,1.7624109506607055,0.5400713721911112,1.305664940127011,0.5163194298744201,,,,,0.0122888141996117,-0.0509161448138459,-0.0096157486768788,P1466
1.61547,-0.095982,0.0113456,9.9066,2.189496882756551,0.9317747722069424,1.3713241209243905,0.8975880220532417,,,,,-0.0073578424399071,0.0908117295076391,0.0525784106794162,P1467
-0.744735,-0.055792,0.00728877,10.777,1.7472607334454855,0.5658535420894623,1.1357220246874054,0.51336993932724,,,,,0.0139793553064718,0.0260827303809869,-0.0182102356047835,P1468
0.35918,0.1162,0.0245597,9.464,0.7425523002942404,0.6761290262142817,0.7510880704583793,1.4978888034820557,,,,,0.0080385287574994,0.12202041704977,0.2220368711423361,P1469
0.97228,-0.09831,0.0165535,8.707,1.4256092747052511,0.8849345902601878,1.016982359105143,0.7208403813838958,,,,,-0.0017289408166744,-0.0182955841626641,-0.0599044506743666,P1470
1.53692,-0.068908,0.0212447,8.024,0.7179410696029663,0.6342147946357727,0.7667353379315344,1.2953555464744568,,,,,0.0350985813651105,0.0545097289969247,0.0120351255172863,P1471
-0.263078,0.01603,0.0228996,9.94,1.3908697366714478,1.182685281833013,1.2650955648257816,1.2074766039848328,,,,,0.006587866800926,0.0233161002955346,0.0027265415410511,P1472
0.43812,0.15107,0.0234722,9.239,0.7269350707530975,0.660345196723938,0.7149584375578781,1.2945518755912782,,,,,-0.0061291727021452,0.1492677367488268,-0.0941440107271773,P1473
-1.38814,-0.086917,0.0102401,10.788,1.7484476685523986,0.5732817143201828,1.054127588354308,0.5129966604709625,,,,,0.039622338657268,-0.0707793078054914,0.128286079976533,P1474
2.78838,-0.023633,0.0182689,9.631,1.3518796960512798,0.985484234491984,0.9954221700799876,0.8457557427883148,,,,,0.019846110671877,-0.1018283906359061,0.196429499424994,P1475
-0.00518,0.030698,0.0510977,9.413,1.3548583467801412,1.8555958072344465,0.987958514484866,0.6340008234977722,,,,,0.0191391611733754,0.0761339841323994,-0.0550805414604838,P1476
-0.010367,-0.114695,0.0143279,8.838,1.3979820330937704,0.922605989376704,1.0766002391946727,0.7970339953899384,,,,,-0.0101112883066012,-0.0428109541986779,-0.0649463742156513,P1477
0.29534,-0.191584,0.0301405,9.642,1.4099300424257917,0.909094379345576,1.223778450283511,0.873914213180542,,,,,0.0151067392631249,-0.0860772977113691,-0.0457087156246416,P1478
0.73728,-0.120877,0.0115051,9.3245,2.4946820020675657,0.4662698537111282,0.7796359843221204,0.8942127004265785,,,,,-0.0245562518081435,0.0155169496439699,0.0260386335212388,P1479
1.12072,-0.086369,0.0125673,9.666,2.4974501570065817,0.451822288831075,0.6896731997358387,0.8042993223667145,,,,,0.0031508043882384,0.1188679624330795,-0.1331194310550927,P1480
1.67949,-0.013152,0.0288737,10.84,0.795934013525645,1.2455151895682015,0.7628468871116638,1.3266551780700684,,,,,-0.0292187638451915,-0.1356883387376966,-0.2719390085985651,P1481
-0.215323,-0.043171,0.00802875,11.222,1.7466054479281108,0.5620044698317845,1.174891432811474,0.5135904502868652,,,,,0.0496823977889161,-0.0510900590355986,0.0675032131111947,P1482
1.12022,-0.064525,0.016497,11.153,1.3762105067571004,0.946609765291214,1.001860029738525,0.7777705752849579,,,,,0.0231945341541462,0.0268524699478414,-0.0716673902279581,P1483
0.78104,-0.146093,0.0196832,8.7828,1.3359723806381223,1.010284028450648,0.9723095380026718,0.8922632014751435,,,,,0.0076581721979163,-0.0160825520460489,0.040998987693456,P1484
0.54116,-0.076919,0.0229093,7.466,1.3689271767934164,1.1888654828071594,1.1074383053286323,1.2256826187173526,,,,,-0.0126466419607212,-0.1002314354644669,-0.1971653375439928,P1485
0.57864,0.11219,0.0101159,9.218,2.4728195011615752,0.4333099911610285,0.7148548559895878,0.7593206298351288,,,,,0.0041651373637831,0.1394910918324522,0.0882900243450421,P1486
-0.102443,-0.010445,0.00672327,10.385,2.4993419984976453,0.4619570732116699,0.7898673528227312,0.9668959367275238,,,,,-0.0003522423052933,-0.0175351029112681,0.0235758888957207,P1487
-0.463147,-0.089378,0.0224749,10.953,1.3868704835573833,1.1905483841896056,1.1336898022684558,1.2194005346298218,,,,,0.0043866065584813,0.0311094124681406,0.0752691849338589,P1488
-0.734029,-0.105749,0.0230514,11.5,1.3714268604914348,1.18947767217954,1.1072952685684994,1.2288322374224665,,,,,4.454832371839079e-06,0.2649124561997324,-0.1360081766179064,P1489
0.11363,-0.029528,0.0248857,8.986,0.741876757144928,0.6772099375724793,0.7431564104968104,1.488541059195995,,,,,0.0047189611465326,-0.0033938834789944,0.1085890039103105,P1490
0.48238,-0.001945,0.0165577,8.617,1.3683751304944356,0.9610511640707652,1.0178919475654076,0.814132753610611,,,,,0.050186315280726,-0.2487199589416011,-0.2104540471700602,P1491
-0.789588,-0.053186,0.0251691,10.9632,1.06698899269104,0.9144127527872722,1.0894463452799568,1.377319962978363,,,,,-0.0094652280045645,0.0471514929177835,0.0223069227213272,P1492
-0.986243,-0.081994,0.0193455,8.602,1.3219529867172242,1.1634214997291563,1.554276665736889,0.9968701625863712,,,,,0.0054320828945362,-0.0557834609069527,0.0565150947732036,P1493
0.47249,-0.090771,0.00740839,9.524,2.1765329957008364,0.9530859430631,1.4513614023553914,0.8105973154306412,,,,,-0.0069021292114179,-0.0026710264443138,-0.0673930517150438,P1494
0.78419,0.087471,0.0113618,8.9025,2.1852145115534465,0.9286023944616316,1.4696694982462917,0.949716923236847,,,,,-0.0064501876779288,0.0295657497224824,0.0156360145847429,P1495
1.26007,-0.017318,0.0255951,9.517,1.3429256081581116,1.1868907372156778,1.094629349379704,1.1835959839820862,,,,,0.0226085969128274,-0.0425299366991784,-0.0425844911878812,P1496
-0.073679,-0.047022,0.00564618,10.125,0.8038469970226287,0.8143561343352,0.640732001641701,0.9561599397659302,,,,,0.0096198031080479,0.1007545795805903,-0.0002198171496274,P1497
0.43001,-0.096698,0.00728729,9.74,2.49852599700292,0.4810509363810221,0.7849240755212719,1.0399753963947296,,,,,-0.0087948070153819,0.2700318603343564,-0.1579182018322171,P1498
-0.257752,-0.099527,0.030309,9.066,0.8008894443511962,1.2424175163110098,0.7700578138746065,1.3058508086204528,,,,,-0.0006873929355478,-0.0172736749804389,-0.0347213427303358,P1499
0.87099,0.16478,0.0247294,10.285,0.731827586889267,0.6519116014242172,0.7789382461843819,1.4645310854911804,,,,,0.0130271838838235,0.0638793967807632,0.034166807650763,P1500
0.031072,-0.090519,0.0327741,8.684,0.7874280492464701,1.2460293114185332,0.7413114638164126,1.3721510982513427,,,,,-0.0030924972800891,-0.0157079985802795,0.0234908934435225,P1501
0.41004,-0.05022,0.00648191,8.8262,0.7631310860315959,0.8549726754426956,1.0740344267466972,2.482592511177063,,,,,-0.0083034834961059,-0.0253082759346748,-0.0872772199581959,P1502
-0.357928,0.061935,0.0247529,8.86,0.9994550228118896,0.854743418097496,1.04823676059986,1.090982630252838,,,,,0.0025674729169994,-0.0027459406459252,0.0141509277091245,P1503
1.58953,-0.132852,0.0137669,7.738,1.3860979398091635,0.938836952050527,1.0578100044151832,0.8111801707744598,,,,,0.0253242278797381,-0.707519253663279,1.8791211121570088,P1504
0.98811,0.10301,0.0236785,9.808,1.3749860127766926,1.2171740849812829,1.0259840488433838,1.2371311163902283,,,,,-0.0136041959860239,0.0331387386544881,-0.0632356270289165,P1505
1.52402,-0.076453,0.0214466,9.101,0.7188349942366282,0.6403838415940603,0.7480474504931219,1.2747896552085876,,,,,-0.0022918247926228,-0.0096028205938329,0.0209944895614171,P1506
1.50549,0.14883,0.0146974,9.548,1.3911415696144105,0.9283035814762116,1.019494606503125,0.7669717395305633,,,,,0.0181248468678749,0.1772575913197449,0.1997760471276706,P1507
0.46904,-0.095133,0.028146,10.781,1.348301875591278,1.675762410958608,1.1412649822646177,0.7281791043281555,,,,,-0.0081056813104903,0.0018621998203635,0.1262142452396801,P1508
0.99517,-0.001176,0.0185798,7.0,1.3353737115859985,1.1646577020486195,1.3168012170956052,1.0575742864608764,,,,,0.02113316962561,-0.2172725303490686,0.4322934885349241,P1509
-0.019798,-0.060652,0.0231623,8.7967,1.3895257512728374,1.193693619966507,1.1151070800320857,1.2263241195678711,,,,,-0.0069025418250206,-0.0136762836916915,-0.0224699114332906,P1510
-0.84248,-0.155318,0.00628562,7.0,2.506412422657013,0.462026505668958,0.7974290097581929,0.967951809167862,,,,,-0.0041155662988053,0.0133289607020329,0.029990520721185,P1511
0.82228,-0.149118,0.0106053,9.554,1.795286520322164,0.5496481696764628,1.039314932864288,0.5244968075018662,,,,,-0.0234626661215217,0.0716170687326165,-0.2460065542545635,P1512
1.1143,0.009597,0.0159326,9.326,1.3850096066792803,0.9430024564266204,1.1044375742303914,0.8535872924327851,,,,,0.0145696697431321,-0.0428497581089832,-0.0509081711061298,P1513
1.00794,0.086881,0.0527829,9.097,1.36335076491038,1.8388985455036164,0.9930742567983168,0.6315707063674927,,,,,-0.0099738490495192,-0.0436652654150162,0.0970074905853835,P1514
1.17957,0.007527,0.0222905,9.746,1.3381882627805075,1.1822231630484263,1.107241203045023,1.1888576969504356,,,,,-0.0028987011552096,0.0238968235371059,0.1610549883553176,P1515
1.39309,-0.007128,0.0110182,9.633,1.859788143634796,0.5125134358803431,1.3529946043573575,0.5627929592132568,,,,,-0.0054488062724987,-0.6450666695338625,-0.0890792162754223,P1516
0.062978,-0.09353,0.00874836,7.861,2.509582523504893,0.4856935421625773,0.8160821404950372,0.9878331484893956,,,,,-0.0010328259053527,-0.0604821358876956,-0.0374513035276322,P1517
-0.051584,-0.01457,0.0209628,7.0,1.0226482192675272,0.9254982819159826,1.0513437965820576,1.2850237441062928,,,,,0.0070034575035231,-0.1702562228598004,-0.0678246102761477,P1518
2.34125,-0.056896,0.0103267,8.864,2.180960218111674,0.9269415507713954,1.1976382372708156,0.8205444765090942,,,,,0.0014068559540511,-0.146499228174517,-0.1348770586773753,P1519
-0.955679,-0.047113,0.0280802,10.123,1.3811272819836935,1.6708815038204192,1.1246174676664944,0.6729824376106263,,,,,0.0010095138633854,-0.0660419848303037,-0.1129662395323976,P1520
-1.03663,-0.102143,0.011965,10.583,2.506087718407313,0.4697767357031504,0.7196485862649721,0.8471867609024047,,,,,-0.0076507565968009,0.0639469387380258,0.1363433789156261,P1521
1.32981,0.039001,0.0172374,9.808,1.3740481813748675,0.9516573905944824,1.0165785129727989,0.797834050655365,,,,,0.0243914925471103,-0.0939451218559621,-0.1277663515866152,P1522
-0.578375,0.072469,0.0164601,10.87,1.3789983630180358,0.9435713171958924,1.0111882522188385,0.7809885239601135,,,,,0.0178188232324014,-0.0015675337968428,-0.0872106320748571,P1523
0.26236,0.066832,0.0235832,10.855,0.7348547657330831,0.6675808618466059,0.7381183381738334,1.39909569978714,,,,,0.0235916656954571,0.0765101315859653,0.1250033111864468,P1524
0.90843,-0.158608,0.024599,9.44,0.7241046686967214,0.6562540103991826,0.7145218129815727,1.2720299887657165,,,,,-0.0099139809700251,-0.0481119859528041,-0.1906246882426785,P1525
0.93473,-0.061048,0.0150211,8.676,1.384714376926422,0.9376859108606974,1.026421595236351,0.7846736752986908,,,,,0.0080603816121218,0.0681125078223482,-0.0262931048855534,P1526
0.026628,-0.041138,0.00921845,8.727,2.508246835072835,0.4625306367874146,0.7532906162327734,0.8332872837781906,,,,,-0.0078340139328414,-0.0531716239066469,-0.0213850611762609,P1527
0.55454,0.093641,0.0214234,11.017,1.0271188855171205,0.8518899271885554,1.0812073123866115,1.151436038017273,,,,,0.0018821087374438,0.0086046142704158,-0.0037716391889262,P1528
0.39642,-0.073277,0.00761693,9.182,2.4870511472225187,0.4382803837458293,0.7326166588684608,0.7501537849505743,,,,,-0.0130774695016483,-0.0642028468127122,0.0023438987045665,P1529
-0.068756,-0.17768,0.00903642,10.672,2.208240878582001,0.9055165310700736,0.9844629990643468,0.7678427767753601,,,,,0.0071723688210313,-0.0118459808058977,-0.0255860914330696,P1530
0.65889,0.094616,0.0223529,8.706,0.7318221668402354,0.6553390016158421,0.7672207704905806,1.4351882719993592,,,,,0.0103935817564307,0.0487284196088109,-0.0153475762199377,P1531
-1.00983,0.0502,0.00649766,10.095,0.8087220271428426,0.6741302718718847,0.7419850261046969,1.2116555285453796,,,,,-0.0088286433854703,-0.1377830390013334,-0.0768540238714194,P1532
0.30618,-0.072334,0.00596474,10.3896,0.8172590653101603,0.7165354033311208,1.153081295819118,2.1735478615760804,,,,,0.0004426662457028,0.0043915730603861,0.0805366327695082,P1533
0.76066,-0.046447,0.0210891,9.96,0.7235522309939066,0.6480315347512563,0.74616539478302,1.313495569229126,,,,,0.0066993282607942,0.0259647430706655,0.0414065320364898,P1534
-0.977931,0.078639,0.00872277,11.044,2.484621012210846,0.4402156800031662,0.7396837565405615,0.7598885955909888,,,,,-0.0174709252146345,-0.3669421032479713,0.2134808544651605,P1535
-0.56836,0.074746,0.0103889,10.79,1.7488133947054545,0.5728027800718943,1.05692396390027,0.5130523645877838,,,,,0.0018850781498658,-0.0729594032780055,-0.1216499325237236,P1536
0.012264,-0.040071,0.0162774,11.193,1.3830971717834473,0.9458216845989228,1.1024543941020966,0.8566042017936707,,,,,0.0322959410585321,0.0744803571429989,0.0185687635312206,P1537
0.51154,-0.090656,0.00498507,8.813,0.8028542677561442,0.8600650171438853,0.6150489202861128,0.9849452137947082,,,,,-0.0221716705941382,0.075180285173799,-0.0606656785021186,P1538
-0.603782,-0.006298,0.0258333,10.973,1.3466600060462952,1.1933543662230173,1.0761963622323398,1.202352886199951,,,,,0.0121952228893132,0.0475765753717911,0.0348400351140298,P1539
0.66353,0.13383,0.0216299,8.425,1.3578240394592285,1.189840797583262,1.0894004455928146,1.225799337029457,,,,,0.0087615001247112,0.0256025341366216,0.0734961261841817,P1540
0.27611,0.11205,0.0233088,9.645,1.377623462677002,1.1921949088573456,1.0990953877054412,1.239698236187299,,,,,-0.0159674885106072,0.0429106712657114,0.082667623872112,P1541
0.14733,-0.144062,0.0291363,9.278,1.3585161328315736,1.6632340331872304,1.1476637474421798,0.7183214354515076,,,,,-0.0004514941326783,0.3247100100547965,-0.242791957425652,P1542
0.58233,-0.199565,0.0226947,11.137,1.445064651966095,1.2174193173646928,1.2097527734164537,1.2997593306578124,,,,,-0.0008198899645249,-0.7961022821043182,-0.2356442750242422,P1543
-0.150829,-0.010986,0.0245532,9.316,1.369453199704488,1.2111609836419424,1.03548513198721,1.2350923681259156,,,,,0.0148082205032141,-0.0402610879685692,-0.0039873754139989,P1544
0.1508,-0.065663,0.00455352,8.739,0.8031585216522217,0.8000797718763352,0.6248234736508337,1.0247952246665957,,,,,-0.0067886971505233,-0.0939849845891713,-0.1043252846575342,P1545
-0.091575,-0.057212,0.0283259,10.328,1.322509435812632,1.7903851608435313,1.0654409568885277,0.6895068669319153,,,,,0.0323009073399862,0.2896568666581418,0.2469448334741173,P1546
1.56836,0.002736,0.0173481,9.919,1.3113670388857523,1.1593434929847717,1.4251206702199477,0.9546744394302368,,,,,-5.509562166221456e-05,0.1298339344603865,-0.364769845167757,P1547
1.23413,-0.022819,0.025234,10.234,1.3825342814127604,1.191161286830902,1.1166931329102352,1.2174877524375916,,,,,-0.0005261630658082,-0.2137440215731507,-0.1227106937076314,P1548
-0.270974,0.046238,0.00727989,7.0,0.8050812582174937,0.7256102283795675,0.6696170239612974,1.1951556702454884,,,,,-0.0034700162266566,0.0849713825807882,0.0533896391061716,P1549
-0.953102,-0.003464,0.0186788,10.989,1.2758413434028626,1.1612447539965312,1.4274922033836102,0.8431050529082617,,,,,0.0018717933347319,0.9021886915001964,-0.090252771951782,P1550
0.18619,0.026828,0.0162846,10.244,1.382433255513509,0.946781982978185,1.1015844694499313,0.8575039088726044,,,,,0.0347120992005526,0.0676686424997184,-0.1079963054216932,P1551
1.01825,-0.118083,0.00606575,8.835,0.7931291739145915,0.7731745570898056,1.1261706845513706,2.394528489112854,,,,,-0.0069711453533554,-0.0113248577296849,-0.0343744516867445,P1552
-1.34778,-0.087622,0.00974148,10.766,1.749541493256887,0.5690352151791255,1.0907110962374458,0.5133427596092224,,,,,-0.0337356752726402,0.0030424272243079,-0.1414712587866233,P1553
-0.747352,-0.075282,0.0050426,10.341,0.8069065471490224,0.6982503821452458,0.7027946977779783,1.208458263874054,,,,,-0.0045446998489473,0.0232451728032871,0.0070606421650154,P1554
0.52452,-0.036908,0.0225968,7.638,0.7280088146527608,0.6477438807487488,0.7726545148882372,1.4076437544822693,,,,,0.0020293699471907,0.038253822397241,-0.0954120196402072,P1555
0.48285,-0.022903,0.0215311,11.5,1.0307341694831849,0.9032138019800188,1.0662402264003097,1.306132751206557,,,,,-0.0058572995662011,-0.0296050620951417,-0.0406667752249632,P1556
0.64671,-0.050113,0.0234313,9.416,1.375408661365509,1.22623237768809,1.0151155221051182,1.234205105304718,,,,,0.0052149310540538,-0.0773006895229944,-0.0472589647615677,P1557
0.20553,-0.171461,0.0286311,7.0,1.3548507690429688,1.6880068639914194,1.133624106645584,0.7076853489875794,,,,,-0.0189455494803508,-0.114524967335942,-0.1562754094993579,P1558
1.50416,-0.004422,0.0091476,8.832,1.7550697088241578,0.5428145269552866,1.3107165365383542,0.5155537331104278,,,,,-0.0362360893640968,-0.1680409616889966,-0.0370769706569262,P1559
-0.501929,-0.082226,0.00765369,9.015,1.7452601790428162,0.5586975971857707,1.210807978079237,0.5137142825126648,,,,,0.0224940982713773,-0.031715603633845,-0.0088064171868609,P1560
0.99829,-0.029281,0.0218215,9.169,1.3622580925623575,1.1876644134521483,1.1051410950463394,1.21945358812809,,,,,0.0218503183962453,-0.1561281849355228,0.1236800170663627,P1561
0.26232,-0.106769,0.0234777,11.338,1.36529537041982,1.207954367001851,1.0418790065009018,1.2325771737098694,,,,,0.0237594627739671,-0.0252955121586415,0.0206393460175604,P1562
0.22167,-0.025054,0.024288,10.133,0.7447744369506836,0.6778740723927815,0.757675968367478,1.5361775183677673,,,,,-0.0371342281265068,-0.0627171364723694,-0.0162435110105434,P1563
0.21618,-0.06898,0.0217778,9.929,1.3829640984535216,1.2262154877185822,1.0154921412467957,1.2356569385528564,,,,,0.0325505065922737,0.0333764235157737,0.0255356182096875,P1564
-0.445335,-0.069032,0.0215491,10.623,1.383338463306427,1.2269035677115123,1.0147464419233387,1.235238952636719,,,,,0.0834346794032741,0.2342726258559089,-0.1483220477457507,P1565
1.46332,-0.072811,0.0248123,7.0,1.2938919027646385,1.7627820710341136,1.075857873620658,0.7457551956176758,,,,,-0.0178475846369378,0.0597379674205378,-0.2565537507762201,P1566
1.08259,0.14468,0.0248802,9.854,1.4061853845914205,1.2227893928686775,1.029130259464527,1.225061445236206,,,,,0.0084823018026772,0.0075241406705877,0.1097238545917207,P1567
0.081442,-0.005325,0.0241122,10.23,0.747524784008662,0.6842571914196014,0.7493513966428822,1.5553222795327504,,,,,0.0140951532406391,-0.029121761372249,0.0378531876922352,P1568
-0.077305,-0.071824,0.0233952,9.17,1.358778671423594,1.1949681282043456,1.0746336579322815,1.2123272347450256,,,,,0.0516466883188683,0.0265312253610745,-0.0670192126490292,P1569
0.99441,0.013796,0.0230636,10.162,0.7464602788289388,0.6839774191379547,0.744606194825008,1.531924267609914,,,,,0.0255704778245297,-0.0651979547660783,-0.0315568459627684,P1570
1.58203,0.007242,0.0173675,9.097,1.375711945692698,0.952566482623418,1.0392191451171349,0.8169129824638367,,,,,0.0286628316080724,0.1190815709036341,0.1175078683663741,P1571
0.19268,0.09938,0.00934851,10.873,1.751499839623769,0.5397089133659999,1.3570020024118752,0.5156006944179535,,,,,0.0223177035888566,-0.1109094380214783,-0.1209057310770731,P1572
-1.44643,-0.115658,0.0221418,10.984,1.3586849172910054,1.1716270844141643,1.3276439658526715,1.1197821617126464,,,,,0.0001399251116215,-0.0618416449562904,-0.0301023493811953,P1573
-1.55174,-0.069996,0.0260962,10.437,0.7391122023264567,0.6610986431439717,0.7847556780124533,1.5654069185256958,,,,,0.0380751301741448,-0.0290786238502167,-0.2981760109905735,P1574
0.39047,-0.043662,0.023481,9.303,1.3925746043523153,1.1804600844780604,1.3693988878151466,1.1872908839812646,,,,,0.0019665040903896,-0.0433157880709357,0.0798972047414281,P1575
1.17176,-0.10218,0.0222206,7.0,0.7351482609907786,0.6600211878617604,0.7692644000053406,1.4751756405830383,,,,,-0.0180369983754058,-0.0123060577935454,0.0541219061487936,P1576
0.27286,0.033005,0.00540567,9.429,0.805314705769221,0.7215438226858775,0.6767708782492012,1.2213043967882793,,,,,-0.0026137421889245,-0.612047488705868,1.19440640709945,P1577
1.20129,-0.123224,0.0230281,9.206,1.4237221797307331,1.206838415066401,1.1484222062702836,1.2470862913131713,,,,,-0.0133651166378639,-0.0261865890518877,-0.0565946966307819,P1578
0.15684,0.058316,0.0148411,9.418,1.3928094983100892,0.9287887732187908,1.0538661459396623,0.7946727561950684,,,,,-0.006254634126072,-0.0283176141484634,-0.0163401986064855,P1579
-0.815949,-0.114016,0.00808667,10.485,1.788650874296824,0.5514453480641047,1.055283803364326,0.5189208924770355,,,,,0.0055696548081028,-0.1076040588337867,-0.0216412658701301,P1580
-0.328424,0.019593,0.02165,10.541,0.7322041451931,0.6616241862376531,0.7457124837513628,1.3908744430541993,,,,,-0.0086916071738039,-0.0932635437960801,0.2301100225377013,P1581
-0.291213,-0.120769,0.022907,8.711,1.358794113000234,1.1942426164944966,1.07676100730896,1.2108957576751709,,,,,0.0566497472310357,0.3574799209063501,0.4475697726738872,P1582
-0.021534,0.1044,0.0227286,9.724,1.371402661005656,1.1896349390347798,1.106151858280445,1.2292508333921432,,,,,0.0148847689841622,-0.0074218564065623,0.051754815482127,P1583
-0.259603,-0.14065,0.0238155,10.078,1.3994547327359517,1.1826089640458426,1.371152049508588,1.203203769830557,,,,,-0.0166759260263995,1.111835675083409,0.8644187915779185,P1584
1.51396,-0.043508,0.0101069,7.0,2.5048720995585123,0.4729799628257751,0.7088220725799429,0.8084427950282892,,,,,0.0017957202091423,0.1606229537421228,-0.1568167349905707,P1585
0.61215,-0.168582,0.0165387,9.943,1.3893409609794616,0.9368944287300108,1.1146251651747474,0.8510422372817993,,,,,-0.0029823236993358,0.0251136684037434,-0.0512159147692727,P1586
-0.663056,-0.026444,0.00777397,9.517,1.7894399801890055,0.5324195126692454,1.2575385508866146,0.5204293930530548,,,,,-0.0171303194051218,0.0508024543157515,0.0199792169951251,P1587
-0.307084,-0.049355,0.0150898,7.542,1.3822914322217306,0.9452536702156068,1.0699560642242432,0.830057088136673,,,,,0.0124561857395125,0.0883562624412296,0.03762777231168,P1588
1.13855,-0.076925,0.0247232,9.414,0.7356240729490916,0.673612137635549,0.7158140149609796,1.372506228586038,,,,,-0.0014280840236795,-0.0409506680262379,0.0206288426852552,P1589
0.96367,-0.002771,0.0242951,8.305,0.7437602301438649,0.6801172782977422,0.7433075945952843,1.5052638923128443,,,,,0.0200765563899522,0.2676625596530708,0.2047386260019266,P1590
-0.292514,-0.001731,0.0242253,10.111,1.371410322189331,1.2162421643733978,1.0271995786962838,1.236105980873108,,,,,-0.0532778350078256,0.0113436680939484,0.0226308919518487,P1591
-0.938128,0.073098,0.0168682,10.977,1.3791584491729736,0.9470218459765116,1.0382266250149956,0.8073208045959472,,,,,-0.0251054374673927,0.0607201712218493,0.0639258656738093,P1592
0.21129,-0.056573,0.0225159,8.751,0.7291390279928843,0.6493851512670517,0.7732737537088066,1.4207501339912414,,,,,0.0431874708420056,0.0887846160283968,0.0442042764989309,P1593
1.05101,-0.094591,0.022165,9.27,1.379680621623993,1.230558572212855,1.010958550305202,1.231903133392334,,,,,-0.0320408589720237,-0.0826345967808439,-0.2601873584717395,P1594
-1.59949,0.096759,0.0247076,9.314,1.4044867396354674,1.219319466749827,1.0347328227141808,1.2288696622848512,,,,,0.0528306217611546,0.0891170070455045,0.0637384754518279,P1595
1.30773,-0.197246,0.0554627,8.743,1.3455756862958272,1.96205273270607,0.9688637708795482,0.6394577646255493,,,,,0.1100486088474206,0.1706110053949543,0.1527906524497666,P1596
0.49764,0.086044,0.0247499,8.381,0.7371799767017364,0.6573239078124364,0.7870251906329188,1.5504980492591858,,,,,-0.0284817079995973,-0.6442884978882082,0.2723463421498309,P1597
0.080251,-0.226047,0.0195396,7.0,1.3288257718086245,1.1641587515672047,1.2733343243598938,1.05110835313797,,,,,0.0873241660347199,0.4499290582749991,0.4229581944891833,P1598
-0.028619,0.095583,0.00625712,9.666,2.5061429758866627,0.4755837390820185,0.808656696615548,0.9499945268034936,,,,,0.000134317789785,-0.0492047464888069,0.0113127381482627,P1599
-0.196789,-0.1167,0.0168485,9.997,1.3708748817443848,0.9607950607935588,1.0433966938791603,0.8341250228881836,,,,,0.0603227807636608,-0.025071858637212,-0.1163435058915638,P1600
-0.03255,0.10291,0.0174905,8.873,1.2931538065274557,1.1578402996063233,1.4925834742085686,0.902091587583224,,,,,0.0110899784105666,0.067654818535913,0.0443579457496525,P1601
-0.189327,-0.039643,0.00886831,9.98,1.7857956329981486,0.5411557426055272,1.1820548433682014,0.5187052702903747,,,,,0.0026776953263017,0.0817591988687362,0.4043068759638117,P1602
0.60257,-0.070931,0.00760838,8.442,1.7762020349502563,0.5440625846385956,1.1979324581294224,0.5174371445178986,,,,,0.0066893153717753,0.2852221551798587,0.1866436968994094,P1603
0.30349,0.024403,0.00924963,8.931,1.7917792161305746,0.5277288496494293,1.3059599677036549,0.5223547518253326,,,,,-0.0144449712626114,-0.0198029985565921,-0.1204711944083101,P1604
-0.297222,-0.114432,0.0224683,8.965,1.361199184258779,1.1715759456157684,1.3865142279657825,1.1405904193719227,,,,,0.0272015632175967,-0.0865114442148136,-0.1715108873249846,P1605
-0.430921,0.051673,0.00622777,9.138,1.770948382218679,0.5446831782658895,1.2191721026239724,0.5168816483020783,,,,,0.0694357390147287,0.1730791767739595,0.0477517315957811,P1606
0.49395,-0.174674,0.0102076,9.267,2.4969602525234222,0.485776154200236,0.7760556309387602,1.0495008885860444,,,,,0.0184235934937201,-0.0369979292916942,-0.23513286979869,P1607
0.45278,0.083271,0.0220312,10.416,1.357492407162984,1.1881283183892568,1.0954159785961282,1.2212840045491855,,,,,0.0460377845808031,0.090045307832321,-0.1221622931407182,P1608
0.58036,-0.175117,0.00846438,9.004,1.7594496806462605,0.5448564122120539,1.2725111472195592,0.5157627904415131,,,,,-0.0048084130120741,-0.0614650080146085,-0.4803344929096056,P1609
0.65852,0.048163,0.00801395,10.078,1.7787935892740885,0.5435914854208629,1.190056811118948,0.5177420270442963,,,,,-0.1241737882994192,-0.1004222260534358,0.098184246366145,P1610
0.67911,-0.039608,0.0246802,8.647,1.400977575778961,1.2060594320297242,1.0613437336066671,1.260948804517587,,,,,-0.0057089788770792,-0.1590050856246325,-0.1783426851034164,P1611
0.51418,-0.16162,0.017322,7.0,1.4000014901161193,0.918343206246694,1.0356981230193172,0.7614918301502863,,,,,0.0293024748907122,-0.1388939618565876,-0.3293503889872227,P1612
0.71634,-0.004655,0.0069584,10.083,1.7920137524604798,0.5329441616932551,1.2390433498497666,0.520660365819931,,,,,0.0043134632755296,0.504705820957444,0.5886003089981386,P1613
-0.878255,-0.015862,0.0237703,9.325,0.7332508166631063,0.654924194018046,0.7764895250057352,1.4737571334838868,,,,,-0.0202814841427159,-0.00784206297662,-0.0674872343879542,P1614
0.21014,-0.111381,0.0200905,8.851,1.4027833501497904,1.2114984711011252,1.0501452848829071,1.2584701031446457,,,,,-0.0183198905187562,-0.2980796057467371,-0.0966652330898796,P1615
1.02416,-0.075709,0.00626292,11.052,2.501099332173665,0.4548650135596593,0.7806576099889032,0.9190373241901396,,,,,0.0208635646983412,-0.1094530544978968,0.1322817289183149,P1616
0.23704,-0.139531,0.00655473,8.864,2.4967279811700185,0.4496053258577983,0.7669274858359633,0.878615700006485,,,,,0.0272433743425438,-0.0598133235084374,0.043871751127881,P1617
-0.146668,0.17067,0.00901597,9.459,1.7760268767674765,0.5346341451009115,1.3001060249476597,0.5183561646938324,,,,,-0.015759794942826,0.0169959547250884,0.0710537865015794,P1618
-1.76537,-0.068748,0.0245404,10.389,0.7403171122074127,0.6758922060330709,0.7386680677019316,1.4635892535249393,,,,,0.0380799304234496,0.0524681434347824,-0.010265418983181,P1619
0.9689,-0.138525,0.0237325,10.994,0.7449687043825786,0.6820596088965734,0.7431177373590141,1.5151997953653336,,,,,0.0322036895562816,-0.1828742849739685,-0.1900036129518412,P1620
0.6784,-0.093002,0.022569,8.544,0.7447776317596435,0.6765912512938181,0.7626238794162356,1.5505033922195437,,,,,-0.0415807470238384,-0.189185005179737,-0.2152347787778126,P1621
0.19285,0.064232,0.0241276,9.265,0.7402726610501608,0.6676296969254811,0.7700933464642229,1.5288154458999634,,,,,0.0209315137260268,-0.0388656088140212,0.0481899635778972,P1622
0.63738,-0.134624,0.0266223,10.554,0.740070499976476,0.6633212943871816,0.7825598059029415,1.568120551109314,,,,,0.1142727843618191,-0.1760896798025034,-0.1767715004898491,P1623
0.62483,-0.146394,0.007517,8.642,2.502488523721695,0.4753440747658412,0.7998980283737183,0.9440133335689704,,,,,0.0464250133274662,0.0441337322277251,0.0684321082080714,P1624
-2.64608,-0.008135,0.0150253,10.941,1.392281723022461,0.9270527104536692,1.021895955348837,0.7612213144699732,,,,,0.0035173758220229,-0.0862242001333295,0.1623985224723583,P1625
0.1376,-0.012145,0.0207132,10.638,1.3702928225199382,1.192135347922643,1.087794250455396,1.2361486007769902,,,,,-0.0119613984673006,0.1682204562760307,0.0655459334084298,P1626
0.03972,-0.107437,0.0226109,9.475,0.7346475561459859,0.6629902084668478,0.7545069682187048,1.433944239616394,,,,,0.0170686963662612,0.1595432551010874,0.2517209064535564,P1627
-1.92656,0.035143,0.0162536,7.0,1.3930721243222557,0.9278280158837636,1.0414061505219032,0.777289350827535,,,,,-0.0077445441832523,0.0530229797257675,0.0784274628458661,P1628
0.49593,-0.026044,0.0152889,8.033,1.3917267719904582,0.9321450511614482,1.0856762240672937,0.8233880615234375,,,,,0.034229842808443,0.1318323393851717,0.1010419180020107,P1629
-0.842722,-0.065358,0.00807624,10.726,1.7623315413792928,0.5351820896069209,1.3527533884706169,0.5169374072551727,,,,,0.0579704817360162,0.3255271021669517,0.2937723930444917,P1630
-0.634411,-0.144845,0.00771797,10.815,1.792664790153503,0.5398831029733022,1.1622977544521462,0.5197286534309388,,,,,0.0615148817634671,0.8129573744419192,1.1763679470677744,P1631
0.40279,-0.092282,0.0224821,8.931,1.3562286655108131,1.1848117649555203,1.1159953474998474,1.2069069693485897,,,,,0.0073043103088954,0.1986731490591049,0.3486098210705677,P1632
0.3801,-0.027696,0.0259554,7.0,1.3991027434666952,1.2031645357608796,1.07381874939491,1.2600145017107327,,,,,0.0133256709856938,0.0119968598207133,-0.0678330111259128,P1633
-1.12101,-0.038183,0.0227196,10.883,0.7242303093274435,0.6381934811671575,0.7862432948474226,1.398407974243164,,,,,0.0596360101379791,0.1861060548410663,0.1650935448997188,P1634
0.24347,-0.074608,0.00767199,9.3,1.7823952317237854,0.5489391545454662,1.1159512462287111,0.5180507731437684,,,,,0.06535585306055,0.2830933681798991,0.2188719249388668,P1635
0.6191,-0.076495,0.0086557,8.709,1.796629007657369,0.5326365143060684,1.2215408425906609,0.5214322650432587,,,,,0.0159166374405879,0.1332594362614055,-0.1599933735633385,P1636
-0.788686,-0.103106,0.00803654,10.293,1.7950151205062863,0.5300117174784342,1.2613490398587852,0.5219708752632141,,,,,0.0553472978386662,0.2530081480897332,-0.2084827351063722,P1637
0.43716,-0.24375,0.0226748,9.315,1.4137216130892436,1.1890612641970315,1.3429388506659146,1.258777575492859,,,,,0.1160663964911553,0.470335161651801,-0.6094227725334349,P1638
0.65989,0.013322,0.0219526,9.276,0.7340164661407471,0.6595652490854264,0.7643397573767037,1.4514676928520205,,,,,0.0049669716220638,0.1768469526317386,0.180038608617906,P1639
0.12272,-0.051109,0.00674471,9.996,2.491111930211385,0.4681654791037241,0.7680895626544952,0.893322596947352,,,,,-0.009778504231957,0.0146516534163191,0.1056942178183817,P1640
-1.38223,-0.114244,0.02326,11.382,1.379725166161855,1.19574214220047,1.0798187605265914,1.2485737601915996,,,,,0.0730616101792694,0.1437047941174387,0.2372455017830361,P1641
-1.35262,-0.136739,0.0164541,8.834,1.3792740146319071,0.9426406423250834,1.0059307330641254,0.7751803886890412,,,,,0.0588281414923214,0.3816034645123033,0.0399302974328747,P1642
0.82938,-0.082309,0.0156687,10.875,1.3795003414154052,0.941374643643697,0.997447403340504,0.7663920128345489,,,,,0.1027334531757346,-0.1999613797663845,-0.247947306765127,P1643
-1.52666,-0.051033,0.0220658,11.125,1.3793704986572266,1.196945458650589,1.0726297559409306,1.2511912261446316,,,,,0.0680047204969655,0.7539843834034916,1.0387571234605275,P1644
0.36808,0.089997,0.0150317,9.761,1.3906992475191753,0.93322807153066,1.0780246247505318,0.8191844582557678,,,,,0.025223943432385,-0.0598767927959174,-0.0233998698604409,P1645
0.78444,-0.135768,0.00816362,9.457,1.7981072465578716,0.5388510505358378,1.1451233676795305,0.5206191432476044,,,,,0.0125545052467293,0.0346451788091792,0.0040641978994244,P1646
0.36095,-0.203948,0.0177565,10.991,1.3617897550264997,0.9769168516000112,1.0492123036549008,0.8633820749819279,,,,,0.1274476523752604,-0.3553540431260445,-0.3389590474471333,P1647
-0.408963,-0.039225,0.00976998,9.299,1.7961552381515502,0.5450993905464808,1.084210653757227,0.5200576448440551,,,,,-0.0093640497796024,0.210724046710096,0.0708379168572719,P1648
0.93826,-0.072819,0.00784745,10.471,1.7507910052935285,0.5501826902230581,1.2610687233250717,0.5147612905502319,,,,,0.0134709256452223,0.1904797560244723,0.1508177062787581,P1649
0.80413,-0.034175,0.0162329,7.0,1.3736668546994528,0.9608745753765108,1.0990022030369988,0.8726094278196493,,,,,-0.0018031745526677,-0.1073981420737955,0.0087493648825329,P1650
1.1487,0.014048,0.02033,11.199,0.7217093189557393,0.6430781493584316,0.7538612197185385,1.3091657781600952,,,,,0.0326282846719275,-0.1628392896355238,0.2485389183639199,P1651
-0.31553,-0.170737,0.00858419,7.978,2.4967575132846838,0.4695889363686243,0.7849254741750914,0.911043420433998,,,,,0.0667582461547874,0.3097101658645741,0.2811422845989,P1652
0.54287,-0.035144,0.00992894,8.459,1.7445569078127543,0.5764068553845088,1.0441513020416786,0.5125281250476837,,,,,0.0049055355223643,0.0699188279709733,-0.1875457605856354,P1653
1.53089,-0.017957,0.0153955,9.054,1.3901172002156577,0.9317885100841522,1.0410246006373702,0.7884202885627747,,,,,0.0194448737144908,-0.0309024782812461,-0.0042317689731135,P1654
-0.223091,-0.040765,0.00760206,10.432,1.7798863331476846,0.5538831998904546,1.079062435133704,0.5176122343540192,,,,,-0.0023450755149628,0.0542839220101313,0.1239774333225796,P1655
1.1215,0.00798,0.022517,10.461,0.7139481425285339,0.6259844531615575,0.7786032845234049,1.2926197225848834,,,,,0.0067856100108996,0.0408393390010473,-0.12436060935579,P1656
0.16435,-0.054731,0.0211878,7.0,1.3669316212336222,1.1897088885307312,1.0983524363616417,1.2276247168580692,,,,,-0.0013545075307435,0.1063853368112111,0.0006447416672017,P1657
0.17992,0.016494,0.0241928,10.496,1.367272500197093,1.2118831157684329,1.0336272202689072,1.2344101476669311,,,,,0.026158877564041,-0.012516162262177,0.0423957159073324,P1658
0.90425,-0.12298,0.0242107,9.64,1.3814409176508586,1.2105175296465556,1.040731746574928,1.2388850045204165,,,,,0.0156206751177371,-0.0429423046752025,0.011334696006088,P1659
0.53015,-0.002753,0.00784452,10.4,1.7779069304466248,0.5357244133949279,1.280729065681326,0.5183932387828827,,,,,0.0291818036474536,-0.1044528894098025,-0.1671631852659629,P1660
0.66935,-0.170684,0.0254188,10.324,0.7221445302168529,0.651306547721227,0.7240211963653564,1.2691311407089234,,,,,0.1115821459718027,-0.4144979440476768,-0.674544648565643,P1661
-0.434616,0.091841,0.0228313,10.418,1.3786168773969014,1.2086411476135257,1.044163923839043,1.2366390466690065,,,,,-0.0343111742528431,0.0835520777893298,0.1922440850757993,P1662
0.49328,-0.072879,0.00740788,9.424,2.4919075687726338,0.4525861461957295,0.7684326120491686,0.8962866425514221,,,,,0.0276478509112442,0.0251625325974343,0.0348771492790547,P1663
0.97441,-0.130707,0.0237759,9.109,0.7394326368967692,0.6709617038567861,0.752693075558235,1.4739328384399415,,,,,0.0147461795214255,0.0193583799272536,0.2117211377408239,P1664
0.16641,0.005263,0.00671073,8.223,2.4902569870154063,0.4680904100338618,0.7651002345413997,0.8912983785072962,,,,,-0.0427481585212762,-0.1702324537761434,-0.0915039684186922,P1665
1.39711,-0.118113,0.0246612,8.98,0.7410583317279815,0.6797905951738358,0.7270844887042868,1.441176325082779,,,,,0.0922876046638496,-0.0388455581479338,-0.0681571653913124,P1666
0.82118,-0.036025,0.024069,10.005,0.7257883846759796,0.6550228665272395,0.7316693930790342,1.3097536659240725,,,,,0.0248649518907369,-0.031486427185896,0.1000066056585637,P1667
0.62967,-0.131927,0.00786866,9.115,2.520092006524404,0.487611307700475,0.8452310932093653,0.9856449166933696,,,,,0.031056308724648,-0.0125068188215207,-0.0817455542201059,P1668
0.68862,0.1049,0.0245665,7.966,1.3788187503814695,1.188982319831848,1.1260269037608444,1.20987802028656,,,,,-0.0059419845231469,0.0261888109483608,-0.0654484777769539,P1669
-1.02335,-0.041492,0.0222902,10.651,1.3792516469955445,1.214799944559733,1.0303969444899723,1.239431893825531,,,,,-0.0045592256316041,0.1387132407602118,0.0005336698959581,P1670
-0.230878,-0.043251,0.00997655,7.0,2.3269891142845154,0.6794407149155934,0.9744406445273036,0.7251307940483094,,,,,-0.019851818022095,0.2556372745912484,-0.6312149799778126,P1671
0.25173,-0.030019,0.0104992,8.78,2.3292778094609576,0.6798525472482045,0.9767265165674276,0.7271454429626465,,,,,0.0210614888529775,0.1883169521360652,0.1205188218591502,P1672
-0.824225,-0.085947,0.0103462,10.3,2.331100273132324,0.6805169334014257,0.9792093521562116,0.7287552714347839,,,,,0.0101307671346996,0.0178235597524794,0.1396574374157353,P1673
-0.02741,-0.041768,0.0101174,11.1,2.3284857829411822,0.6814378043015797,0.9786479575880642,0.7265573406219482,,,,,-0.0157344145377247,-0.1480682337559463,0.4552039607006009,P1674
1.71255,-0.058978,0.00765879,9.25,2.5120468199253083,0.4706231147050858,0.8161514350052538,1.0147540879249572,,,,,0.0389305640627087,-0.0638146451217218,-0.2428964188075042,P1675
