uid,chromatic_residual_chi2,chromatic_rank,phase_given_chromatic_chi2,phase_rank,remaining_chi2,post_source_chi2
P0000,181.91326454059433,2,510.7890267813414,2,366.96790207338734,1059.670193395323
P0001,686.1723577353171,2,540.4892041929811,2,610.8754523864723,1837.5370143147686
P0002,196.72286908503813,5,64.56942225591618,2,511.92437032815616,773.2166616691103
P0003,87.64952379220604,2,36.61055672033096,2,212.22113505537885,336.4812155679159
P0004,69.75537100700059,3,53.29156721822886,2,151.21919707976505,274.2661353049946
P0005,9.834330678231916,3,4.585914247743416,2,55.497006130574135,69.91725105654945
P0006,19.584322754881374,2,1.2757220516862984,2,102.34373124897995,123.20377605554764
P0007,11.057707908795248,3,225.08535885007197,2,143.90601419670872,380.0490809555761
P0008,1586.100581312562,5,584.6088428648899,2,1790.623241920049,3961.3326660975
P0009,69.38680549962922,3,93.12243912330328,2,178.8039970269621,341.31324164989456
P0010,956.9250331011463,4,566.1494902856113,2,778.325950060935,2301.400473447693
P0011,138.66499774135397,6,36.64223400490632,2,249.75643903215325,425.0636707784134
P0012,2055.5649121888514,4,80.03741678876747,2,532.188674245295,2667.791003222917
P0013,102.42816719915916,4,3.064948943134909,2,241.92279968190132,347.4159158241954
P0014,110.7581060041999,2,21.908399412217854,2,94.80297826911254,227.46948368553038
P0015,34.11195628446752,3,2.7623894034596828,2,36.279155045315854,73.1535007332431
P0016,87.58945268784761,3,26.521576331673643,2,252.32389880092768,366.43492782044893
P0017,1526.5908143587292,6,1889.0907075877049,2,1792.3511451318063,5208.032667078238
P0018,102.2291561496251,2,7.465105210569027,2,106.49624495507875,216.19050631527296
P0019,59.2574401025909,2,33.136433460723225,2,162.83582885306168,255.22970241637577
P0020,83.51309977061298,5,2.5500904485084024,2,554.3030758086459,640.3662660277671
P0021,46.55224191438624,4,42.09179511117866,2,58.42176773362376,147.06580475918872
P0022,28.55669726327791,2,31.71695572483367,2,90.06050448199339,150.33415747010497
P0023,7869.760281420121,5,1726.3867326800748,2,36674.26118172343,46270.408195823635
P0024,7701.062867393687,5,2575.887598020416,2,7815.411324818723,18092.361790232826
P0025,57.2831211254979,4,24.212025483603743,2,1100.842289762487,1182.3374363715886
P0026,202.54439032006863,2,92.77495146272467,2,848.5312257893978,1143.8505675721908
P0027,15.381327540409522,2,19.602521966927753,2,104.7606922787458,139.74454178608306
P0028,5416.519673603643,5,6398.200915295585,2,11820.001250406953,23634.721839306196
P0029,31.993956441408162,2,34.759400001124526,2,149.22623921026943,215.979595652802
P0030,122.57024471912891,3,32.530776564721506,2,408.25592003917353,563.3569413230239
P0031,343.1687143799555,6,30.639341453618936,2,597.1349301754422,970.9429860090149
P0032,680.5227558502131,2,5018.82500855768,2,6432.7779592220395,12132.125723629932
P0033,279.17496900176525,3,6.246220714101018,2,372.92167950902456,658.3428692248909
P0034,577.2889224336388,3,33.8383831011536,2,377.6849997621008,988.8123052968936
P0035,202.4646277908189,3,288.13907235249803,2,46.92284271394703,537.5265428572641
P0036,131.09774419621033,4,141.3960621282919,2,212.39430925660258,484.88811558110467
P0037,74.6433867103021,2,38.654010912720274,2,244.3237050693209,357.6211026923431
P0038,43.32499098881171,7,18.769290338057672,2,170.2271372979141,232.32141862478352
P0039,1417.555647944494,6,181.99196623547755,2,1135.612741522299,2735.1603557022704
P0040,127.70753186596538,2,611.2560425588608,2,3935.434043761068,4674.397618185895
P0041,3.0622052560545874,2,0.24932943993389992,2,14.939191076210632,18.250725772199118
P0042,349.7167881025021,3,250.53784632984588,2,1621.1067630461303,2221.3613974784785
P0043,116.04943759025822,3,8.223259815704356,2,395.1788400860921,519.4515374920547
P0044,3.3199502134407384,2,64.13698988429584,2,228.86285851817837,296.3197986159149
P0045,594.9103870230524,5,177.5679021500273,2,666.7814787834145,1439.2597679564947
P0046,10.970799355144496,3,23.39789108005746,2,353.17895633916476,387.5476467743667
P0047,425.81265706912905,6,99.66873843676458,2,293.582499155835,819.0638946617289
P0048,1179.9966439830444,5,283.4752164694157,2,1280.2697308900406,2743.7415913424998
P0049,154.51210528479916,3,9.79192692488216,2,197.86358360523883,362.1676158149198
P0050,27.24358358357197,1,35.25967674026954,2,151.96894855586865,214.4722088797102
P0051,109.54544644266078,2,9.721821974842964,2,36.39514098886025,155.66240940636405
P0052,127.17050344662738,7,41.64967407950233,2,151.74033185860202,320.5605093847317
P0053,5312.9952890029945,2,7579.34783207656,2,13310.359103421819,26202.702224501383
P0054,1516.401231833516,4,1056.749340514681,2,2108.8566864074,4682.007258755594
P0055,2510.829261544339,5,922.2026102663158,2,13656.295134186266,17089.327005996915
P0056,99.43426702397026,4,175.69600798662222,2,220.09211886672202,495.2223938773145
P0057,558.6164093198695,4,167.61344655833906,2,1997.64845029348,2723.878306171688
P0058,563.4993634520652,6,714.3605965623726,2,1247.9159716316806,2525.7759316461184
P0059,102.26018405050237,2,1415.7175700210487,2,3396.679726796125,4914.657480867675
P0060,4.596483888557384,3,25.161128806833197,2,59.548925173449696,89.30653786884027
P0061,108.75072391859214,2,9.38251171942748,2,189.63122641445383,307.76446205247345
P0062,472.0230514298225,6,3.64925500951037,2,852.6048680823665,1328.2771745216996
P0063,54.288800901616696,2,2.3570709654481936,2,49.68915345967155,106.33502532673644
P0064,1409.8279450595842,4,1315.409994919864,2,897.6115408950592,3622.8494808745063
P0065,625.6381399317816,3,207.00665633581733,2,595.5737342873956,1428.2185305549951
P0066,1914.5817952845675,6,250.16235094407799,2,902.1602799733714,3066.9044262020193
P0067,110.92409345693004,6,154.36603840670674,2,608.2991182195977,873.5892500832344
P0068,59.39046327002933,4,249.97752701218403,2,184.03773365357395,493.4057239357873
P0069,60.94186507517054,3,37.449015128113786,2,88.50912213118548,186.90000233446975
P0070,51.962515497442766,3,9.50662404507095,2,54.80147197573535,116.27061151824901
P0071,81.20451927433209,2,33.410048303761485,2,24.179865487735047,138.79443306582854
P0072,287.6760182061027,4,102.62054892202096,2,370.93569235816074,761.2322594862845
P0073,19.215409757126924,1,162.5480002462397,2,109.33653910563007,291.0999491089967
P0074,81.23569989240491,4,88.23064141143539,2,104.22421825776931,273.6905595616095
P0075,97.09092442732918,2,3.3386445050678852,2,4.769249229664098,105.19881816206107
P0076,0.6623809293989351,2,61.23419305773796,2,94.21941794569044,156.1159919328273
P0077,706.7948186820213,5,146.54495310145595,2,219.8101057544603,1073.1498775379373
P0078,39.93722192383132,3,15.876117306104632,2,58.96921654296165,114.78255577289761
P0079,13.29899317318218,2,0.45781622891668583,2,1.1740520314208533,14.930861433519734
P0080,130.65404566267782,3,3.283122130249427,2,133.7664866390453,267.7036544319726
P0081,0.9616881547425145,2,3.7949988681851763,2,7.252867521258814,12.009554544186514
P0082,549.3471265741392,6,113.29331526758297,2,600.0775100748698,1262.717951916592
P0083,6.230081351169839,2,2.3937834526462067,2,9.756595874271047,18.380460678087097
P0084,298.9098496271916,2,42.831766568520045,2,139.71201255493875,481.4536287506504
P0085,71.35210049195183,5,81.88282539405925,2,379.2936125527083,532.5285384387192
P0086,114.26803953478124,2,238.4120660847542,2,2041.5045447890486,2394.1846504085843
P0087,54.103072102671874,2,4.8613329986702505,2,171.82485627920556,230.78926138054774
P0088,11.970081887144676,3,333.3147799313371,2,2328.8672028847086,2674.1520647031903
P0089,446.74665002583464,5,301.202328870706,2,8323.789099296493,9071.738078193037
P0090,141.85576978425408,4,35.62840816808545,2,480.0757532650077,657.5599312173473
P0091,396.6408113844968,4,1155.9960378461,2,1605.824510467046,3158.461359697642
P0092,2318.7884221559198,4,2780.452759596031,2,5178.278340432318,10277.519522184266
P0093,216.22114015203206,6,311.5787295176545,2,686.7789214266073,1214.578791096294
P0094,175.09710600514993,4,65.40116336215286,2,202.8532367124992,443.3515060798018
P0095,11.20734213844186,3,303.51646090671755,2,251.45964255659672,566.1834456017561
P0096,545.9982501849472,5,677.5622787273738,2,4415.991633648698,5639.552162561017
P0097,244.704954226512,4,166.0467595331645,2,631.1401091675351,1041.8918229272113
P0098,30.604327771482012,2,10.179847362382842,2,14.172787196859558,54.95696233072444
P0099,85.4291395048381,2,873.2996775528014,2,778.8214798677512,1737.5502969253916
P0100,108.0499659261886,3,276.32183624587617,2,51.30572380504492,435.67752597710984
P0101,755.389418360716,6,26.74976708017549,2,759.5873478376819,1541.7265332785719
P0102,176.36883359920702,4,2.977618309589757,2,53.54669292971526,232.8931448385125
P0103,592.3320844905445,3,36.41001872460202,2,250.40599682926558,879.1481000444123
P0104,222.7861634030994,4,27.55214770026119,2,84.99836141210413,335.3366725154652
P0105,116.16443452346171,4,22.366183390204025,2,176.16826988570756,314.6988877993733
P0106,45.22806027771916,1,29.794840240892984,2,53.74766083494628,128.77056135355838
P0107,4.546995129023788,2,3.16590714838329,2,15.78042689865209,23.49332917605917
P0108,15.52731459542234,2,12.84857315553649,2,37.9784862380693,66.35437398902816
P0109,4828.42105609737,5,2485.7438873118704,2,2248.260589287593,9562.425532696832
P0110,155.6232571948861,3,21.22285213923518,2,146.27013899354574,323.1162483276672
P0111,1.1564970824316934,2,12.830551044790344,2,22.36422633679835,36.35127446402039
P0112,48.07149927599232,2,337.4564906587431,2,891.0390023153271,1276.5669922500629
P0113,281.3618180195799,4,336.56369398438915,2,1376.1810715174593,1994.106583521428
P0114,25.407790447358924,6,0.3367446737910573,2,12.64151667403745,38.386051795187456
P0115,104.05968976004412,3,15.673351673567202,2,78.44949389834005,198.18253533195144
P0116,180.71031422994776,5,629.5330169372322,2,2542.481959513366,3352.7252906805465
P0117,231.2375245585301,3,41.188963178752985,2,93.5245226780962,365.95101041537924
P0118,144.77493635489898,3,148.16263011215491,2,210.34715561756158,503.2847220846154
P0119,50.62577637817975,4,9.294797941942635,2,36.63869023406695,96.55926455418933
P0120,85.12495557724603,6,142.3197713986752,2,445.8076932004272,673.2524201763486
P0121,47.232004785302124,4,153.6312206405932,2,162.7012525880881,363.5644780139835
P0122,260.1932364552868,4,933.4849257004872,2,182.9668308240045,1376.6449929797793
P0123,29.834801916573454,2,16.638358213149537,2,341.48099238599923,387.9541525157221
P0124,474.7057801024158,2,649.5043804485848,2,294.7172275100662,1418.9273880610672
P0125,17.545915777373907,2,42.287402111447165,2,101.20930535446053,161.0426232432816
P0126,10564.255751776436,5,1336.5390987144813,2,32615.78391805996,44516.57876855088
P0127,41.41068817720227,2,0.7943010975391375,2,73.48820171315322,115.69319098789464
P0128,63.290217834034834,2,10.892225212613925,2,21.065578334371615,95.24802138102037
P0129,1.976324190301372,2,0.44745931391459254,2,47.22602673845115,49.64981024266712
P0130,2163.087716610525,5,23.759199940984594,2,915.2923216255674,3102.1392381770784
P0131,34.243676089741854,2,15.380610301559393,2,51.037133562736436,100.66141995403764
P0132,4.294120970230892,3,20.00114045187638,2,96.43531325614516,120.73057467825245
P0133,20.369032297232167,3,2.4060655890558307,2,23.483095477430428,46.2581933637184
P0134,368.04546463818707,3,162.00924489701458,2,978.8638418535919,1508.9185513887933
P0135,490.6653252698117,5,2067.9343259237994,2,12131.862565842175,14690.462217035787
P0136,786.4072870544393,6,234.1170331057962,2,533.0907143697005,1553.6150345299354
P0137,130.57211811729582,4,38.39116923487262,2,177.16943503171623,346.1327223838847
P0138,55.56556007280424,3,1.1116776941729614,2,68.71423013884804,125.39146790582521
P0139,5.617076983807482,3,5.006885153665788,2,17.713984362249718,28.337946499722996
P0140,49.59943853754261,3,119.59469882432994,2,103.19235489856109,272.38649226043367
P0141,689.5424568978001,3,453.87981665240886,2,399.50814008382883,1542.9304136340386
P0142,169.13037694519198,4,76.69989557175577,2,99.05282089145982,344.8830934084078
P0143,413.48172102248657,6,202.18532874566938,2,303.93896327550965,919.6060130436654
P0144,16.35558009501047,2,43.57149497030082,2,53.758779601619864,113.68585466693119
P0145,120.08225857957099,2,1725.0938185204113,2,1115.7328178062846,2960.908894906264
P0146,52.613294675705255,3,48.005175856847806,2,320.8189381868541,421.43740871940724
P0147,246.76821903690444,3,360.8452257261511,2,495.68058596745277,1103.294030730508
P0148,556.9106562708495,4,476.1038346178647,2,325.56123356999444,1358.5757244587082
P0149,75.03991204991266,3,942.5132992727893,2,2151.8335596967763,3169.386771019479
P0150,1306.4993120575473,5,4622.245871380548,2,19694.004951845127,25622.750135283222
P0151,39.431524365078275,3,645.0537071882138,2,708.3899467518127,1392.875178305104
P0152,75.06270020191954,2,2.5136068265421994,2,101.27719510064149,178.85350212910328
P0153,419.2653337270018,5,455.0861557315652,2,3011.593784893738,3885.945274352305
P0154,30.241917444922066,3,470.52824610571673,2,307.91076588120467,808.6809294318441
P0155,148.84089379611896,4,74.6416282139391,2,172.37759778039234,395.86011979045054
P0156,5.9146761925759455,2,1.363758124152177,2,33.43673690860985,40.71517122533797
P0157,25.737767359872517,3,0.509199376330609,2,18.402850434089395,44.64981717029254
P0158,160.71381709941403,4,89.65487248578235,2,242.16789879957187,492.53658838476844
P0159,124.15679023531186,3,1.7165117487090518,2,141.6426589413614,267.5159609253824
P0160,306.3578427277234,2,1097.9467754617199,2,842.7788420388935,2247.083460228338
P0161,155.8955304023992,2,34.28244203529958,2,197.88574045462022,388.0637128923189
P0162,1097.8485046070589,5,52.29294520300746,2,344.0724209952279,1494.2138708052955
P0163,66.04743174917704,4,9.533618453717658,2,250.5858788625339,326.1669290654287
P0164,93.0802237976415,7,0.23782055373422747,2,57.12451337059163,150.44255772196743
P0165,890.6231671343324,5,1444.5280499247242,2,556.536443443587,2891.6876605026446
P0166,200.4383202438337,3,76.23667701466965,2,94.29983686827173,370.97483412677525
P0167,199.23423402772548,4,192.63450898298424,2,421.24527574999894,813.1140187607087
P0168,9.508609942796216,3,0.6606541118956998,2,30.55150660398142,40.720770658673366
P0169,42.26759124265193,6,0.6772837941155023,2,23.22868572435211,66.17356076111965
P0170,7961.789052596146,5,6606.836907779922,2,9940.4164746626,24509.04243503866
P0171,142.68304948033494,6,528.7544085217819,2,776.6039555401073,1448.0414135422245
P0172,250.70956103448023,5,17.549791114557426,2,56.45293223452974,324.7122843835682
P0173,59.54700252908876,3,1.2604647885971587,2,57.461009829629305,118.26847714731525
P0174,22.91319068954554,4,8.305075955553916,2,66.72310361995216,97.94137026505162
P0175,101.38515552290933,2,133.30820876525846,2,23.163758155864887,257.85712244403277
P0176,114.14051161089516,3,0.46894578386666597,2,201.04134926708647,315.65080666184826
P0177,297.75200925882325,2,524.2932478575505,2,833.4541553887858,1655.499412505158
P0178,95.66223807817664,2,106.52253702412737,2,42.14465959559377,244.32943469789768
P0179,244.89189649244202,6,166.45058284380565,2,627.2072968885678,1038.5497762248156
P0180,314.89870665821223,4,127.08354628569319,2,1256.8227438329966,1698.804996776902
P0181,325.49147131347127,4,73.90506295913221,2,343.9724254987096,743.3689597713133
P0182,254.89387112809942,6,31.54617107676004,2,371.02421637289996,657.4642585777594
P0183,130.3777294256874,2,64.50390297986908,2,203.30659218557795,398.18822459113443
P0184,206.9923596261083,2,85.84240290091064,2,288.9802504121857,581.8150129392047
P0185,130.98395373884748,2,108.1688855635541,2,206.03524955405877,445.18808885646007
P0186,2514.2831876424207,2,3340.3329625554234,2,1669.1234153335424,7523.7395655313885
P0187,2394.6712946745183,5,1163.1026864627677,2,960.9228568620879,4518.696837999375
P0188,5.90053755441607,2,3.822850942085722,2,21.36834717286563,31.091735669367427
P0189,74.63288960985761,3,49.550635911274405,2,373.367406464454,497.5509319855859
P0190,101.43379547103808,4,1.8657969594556283,2,7.34177297926758,110.6413654097613
P0191,72.23739282233248,3,42.03860408546864,2,525.9814737985234,640.2574707063246
P0192,27.096508818187107,4,44.39195424626072,2,123.60160666406439,195.0900697285123
P0193,67.51363827913615,4,70.33396641735914,2,171.451011891366,309.29861658786126
P0194,2145.1991475410273,4,342.7537632324907,2,1644.4238087737137,4132.37671954723
P0195,108.59908052470604,3,53.32145622142491,2,115.13223357207849,277.0527703182094
P0196,8.63129560308223,2,7.310705619876992,2,52.65503405873266,68.59703528169187
P0197,268.5176154693522,6,30.609405844602612,2,73.53284516281649,372.6598664767709
P0198,0.07578350831616516,3,0.08682369547630876,2,0.8968263882442615,1.0594335920367355
P0199,2205.7561186819735,5,871.5100670366446,2,2239.390391493469,5316.656577212087
P0200,31.387210087103032,2,7.123428947850732,2,47.610846942574305,86.12148597752807
P0201,1209.039931368932,3,598.5527741278011,2,1869.4310568796118,3677.0237623763446
P0202,757.9688784002843,4,13.136863669812849,2,443.66707488196334,1214.7728169520603
P0203,108.70928428489063,2,651.3053041665694,2,537.8088409149011,1297.8234293663606
P0204,5.346652321992408,3,25.40650395769058,2,48.638100982394185,79.39125726207712
P0205,16.11733100042763,3,37.08515519963505,2,152.30109153327305,205.5035777333357
P0206,137.75450595731724,4,9.065546351341608,2,1730.8816657736252,1877.7017180822843
P0207,1779.6740647248669,3,1341.8319805778144,2,3072.1899657853555,6193.696011088033
P0208,25.542218651538462,2,9.699957330635108,2,43.987436871278426,79.22961285345201
P0209,25.917864632839766,3,0.4559035972923964,2,96.7975089256708,123.17127715580294
P0210,2.685745479902499,2,7.136377826141972,2,15.805257594642978,25.627380900687452
P0211,173.2740432235805,6,52.53061827299366,2,164.41384268069024,390.2185041772643
P0212,10.220906701526081,2,1.2808166560990897,2,7.444341939373592,18.946065296998757
P0213,17.391024934246857,2,5.064384556174116,2,25.546334562692763,48.001744053113754
P0214,209.58909015779406,6,9.663359071934055,2,62.42105920553337,281.6735084352615
P0215,112.31526223358027,2,56.321452388649675,2,363.5270332737038,532.1637478959337
P0216,230.69676031924828,2,292.34064392791925,2,1095.4542828113704,1618.491687058538
P0217,481.56760548538614,5,157.98702048039195,2,119.07576428247519,758.6303902482543
P0218,24.88247661554353,3,10.613433045570371,2,13.278353803534108,48.77426346464794
P0219,24.750600956684334,2,447.8497480863921,2,680.2599184514555,1152.8602674945316
P0220,1.1583977912852415,1,3.9528777698707174,2,139.55148127284187,144.66275683399786
P0221,125.12340555508032,4,143.22305259321456,2,47.85873769973577,316.2051958480307
P0222,38.49774009077728,2,186.59768573887717,2,232.866423538914,457.9618493685685
P0223,177.830223075284,2,369.1983669536794,2,73.68086698780397,620.709457016768
P0224,128.3187011287318,3,20.699117325161648,2,72.25849567599558,221.27631412988902
P0225,97.55718082911153,4,64.25082403056085,2,37.02586567953526,198.83387053920757
P0226,214.51542812599345,3,437.60882185560143,2,265.39259784567145,917.516847827266
P0227,61.06664332051474,4,18.846778208005354,2,11.409597415710632,91.32301894423077
P0228,40.629794982058506,2,99.86208441767621,2,493.58588283237657,634.0777622321114
P0229,35.31700646505729,3,82.35805246443826,2,459.60058613144184,577.2756450609373
P0230,178.45339155986784,4,320.4850951097449,2,235.8604839698791,734.7989706394919
P0231,64.69735386534153,6,45.73630158004925,2,136.06744969870886,246.50110514409968
P0232,12.895560479165455,3,27.893364407520494,2,72.9110841683508,113.70000905503672
P0233,97.65975638472966,3,2.0782719569938535,2,230.85088349956146,330.5889118412848
P0234,14.956283919543932,5,154.17184259018072,2,460.1682083976876,629.2963349074122
P0235,17.806777083123194,3,19.574692874211976,2,24.42696186738097,61.808431824716116
P0236,1453.8189487697175,6,463.0158632885319,2,400.32618272339835,2317.160994781649
P0237,28.707540761186557,4,47.91250194629595,2,336.07302458239633,412.6930672898789
P0238,1048.4442785075887,5,617.1871537080441,2,1568.1905354444725,3233.821967660105
P0239,392.98478141798756,4,3.581432318121905,2,242.06844722485715,638.6346609609668
P0240,9.470248820378096,2,9.335688380048246,2,40.74984594212687,59.55578314255321
P0241,10.509895170425224,3,30.69740165426144,2,103.66734182184058,144.87463864652722
P0242,14.549806307210151,3,7.1758377072600465,2,117.7772387216395,139.5028827361097
P0243,172.56887542844547,5,72.06162566742594,2,290.0918179462378,534.7223190421095
P0244,16.182345111575344,3,33.360764879222174,2,67.72019435293578,117.26330434373331
P0245,113.631910052935,3,5.877775034491267,2,359.2770350397315,478.7867201271579
P0246,2189.942280360145,5,72.71136021272098,2,1202.9654801942509,3465.619120767115
P0247,11.744888594155901,3,27.03647336563702,2,367.13080688747897,405.91216884727186
P0248,2.22900181544466,3,55.120379792174454,2,112.84088893661993,170.19027054423898
P0249,17.716135581827015,2,175.58886980696403,2,51.596771268895786,244.901776657687
P0250,10.46957029931994,2,19.281494970326136,2,382.39480141935053,412.14586668899653
P0251,45.78493376899835,3,283.92831281934224,2,64.38018271079756,394.09342929913834
P0252,71.90208829714604,2,2.8339635821694698,2,49.47225045039504,124.20830232971046
P0253,64.91478687814505,2,3.8748152579314223,2,20.219261862149725,89.00886399822623
P0254,85.68691196957003,2,67.27829851845146,2,113.13385091847807,266.0990614064996
P0255,20.07459922682516,3,5.185665031516118,2,59.2944030959657,84.554667354307
P0256,33.42719970778794,3,85.06352273405179,2,24.51058298109854,143.00130542293834
P0257,1.3579506615977441,2,0.5569454454963426,2,2.1955117774661463,4.110407884560232
P0258,130.45756089474202,2,30.14495080340836,2,413.2137906428424,573.8163023409927
P0259,183.78832386783384,5,197.23884348751017,2,2909.7915065774614,3290.8186739328057
P0260,17.9464056051347,3,23.89237057185236,2,246.4803996820995,288.3191758590866
P0261,10.09635553880153,2,12.679769849770583,2,123.12242937886107,145.89855476743313
P0262,86.48223832406745,3,195.90963795661798,2,951.849857025907,1234.241733306592
P0263,94.58061404828695,3,111.02582342603174,2,308.41731312381717,514.0237505981355
P0264,159.43832571711434,2,27.504361592876553,2,315.77319946999506,502.715886779986
P0265,84.50899523025154,4,13.241929822392999,2,91.12128240788566,188.87220746053015
P0266,29.947599935881037,3,290.61826643791306,2,123.86205521060215,444.4279215843964
P0267,106.36390087231693,5,37.20200352121025,2,172.80467477027733,316.37057916380445
P0268,9.99281492200086,3,33.925549038527194,2,24.77512535017703,68.69348931070506
P0269,73.29664659516226,3,5.541607400478775,2,114.0653394778906,192.9035934735316
P0270,23.718321216239655,2,0.41505164502357766,2,32.3400632917713,56.473436153034534
P0271,222.58397414730877,5,4.014051571043346,2,144.9432512157099,371.54127693406207
P0272,93.34789028109851,3,35.002889570182944,2,417.39148692367553,545.7422667749569
P0273,30.56589571211986,4,95.82686007013967,2,50.17602484202103,176.56878062428055
P0274,7.4381853992705045,3,59.814768459321925,2,45.59399658544143,112.84695044403387
P0275,9.440171800503752,2,0.3642257000720526,2,8.250676374430089,18.05507387500589
P0276,15.599169428547588,4,5.934213633675935,2,119.05198768414517,140.5853707463687
P0277,114.28797254355493,5,394.2710686907693,2,2087.2018043990865,2595.7608456334115
P0278,2.1647537268149177,3,7.741103619644389,2,32.277869339728625,42.183726686187924
P0279,80.62743258841567,2,335.1077139862386,2,235.70613671966657,651.4412832943204
P0280,185.50025090656547,7,52.805716406963214,2,123.22411392949769,361.53008124302613
P0281,100.78076643386423,2,493.77934231543804,2,842.4369563246296,1436.997065073932
P0282,867.9076173294856,5,59.86712777522294,2,1260.7627042134238,2188.537449318131
P0283,36.78709365016218,2,160.656732213329,2,66.65352772239173,264.0973535858828
P0284,12.468006990207064,3,0.8038848645413271,2,13.022372560738482,26.294264415486868
P0285,414.3757313802467,6,696.6309020101924,2,325.13246061987496,1436.1390940103142
P0286,213.85140184459343,4,388.7149475756025,2,211.60441085821958,814.1707602784156
P0287,7.033035314066114,3,5.459312466651512,2,195.5943778176761,208.08672559839374
P0288,10.686359558867043,3,0.45962829344841183,2,27.945412656511152,39.09140050882661
P0289,67.72955640189842,2,20.21985578666353,2,48.98583863475562,136.9352508233176
P0290,49.92378192513514,2,35.679876119475864,2,120.35310606412267,205.9567641087336
P0291,51.89421401452702,6,56.37194579175118,2,172.0417764279009,280.3079362341792
P0292,41.480436638609774,2,93.64873883394733,2,42.041359657450116,177.17053513000718
P0293,52.8339721135348,3,215.0357024193733,2,47.03522606443116,314.9049005973394
P0294,160.79600974657748,7,51.3805543411799,2,112.68110789277684,324.85767198053384
P0295,290.2297239232101,5,61.274447008895486,2,320.4542167312207,671.9583876633262
P0296,54.87886132518436,3,14.506160432050551,2,55.69412586645915,125.07914762369407
P0297,388.2667678267205,2,1084.0173461468685,2,517.4402787383011,1989.7243927118895
P0298,9517.378681464997,5,11216.287480056677,2,9560.793608197684,30294.459769719375
P0299,17.118377910827665,3,11.489515347254715,2,36.167886814243495,64.77578007232586
P0300,50.89027201596445,2,100.5694571791976,2,170.49411556935945,321.95384476452153
P0301,10.01586347966278,3,16.973484321249522,2,21.864992251920775,48.85434005283308
P0302,14.509535045507794,3,3.9548676842509316,2,38.36846684724981,56.83286957700853
P0303,76.88467171842547,5,198.25212231063685,2,352.28382157197984,627.4206156010422
P0304,23.070766538522616,3,26.2542870373708,2,92.53433706270629,141.85939063859973
P0305,7.400720429683241,3,77.39439160657028,2,130.4604664401664,215.25557847641994
P0306,47.72793494889263,3,0.908805361705009,2,139.5677126362761,188.20445294687374
P0307,76.50677200692755,3,32.98012413570825,2,33.24776786906005,142.7346640116959
P0308,51.04915292539784,7,83.84187796540654,2,81.09331096066417,215.98434185146846
P0309,122.62128001727538,2,567.0289118493458,2,46.63390117693213,736.2840930435534
P0310,34.12874588833478,3,19.990513467825693,2,94.69262374675,148.8118831029105
P0311,37.96062207915927,3,21.810743881825786,2,230.95799504271812,290.72936100370316
P0312,16.209880899286695,2,8.031043673478106,2,50.66870404146295,74.90962861422781
P0313,310.05562733948534,5,166.25396019353622,2,502.6345481736253,978.9441357066473
P0314,38.628051850958805,3,102.83080156585734,2,166.71112653074258,308.1699799475588
P0315,59.79384126703174,3,19.049824839682202,2,77.95281566085188,156.79648176756575
P0316,91.37130636996235,3,13.360810025254672,2,646.1765244502492,750.908640845466
P0317,274.60026830313245,4,7.711153314020004,2,131.7150476703713,414.02646928752404
P0318,154.52518281768064,3,13.197840962991801,2,70.19858977875832,237.92161355943102
P0319,13.830965051203854,3,0.6628476045337017,2,146.8753118826777,161.36912453841526
P0320,28.45041136303102,4,16.342862175821516,2,44.43895785238705,89.2322313912396
P0321,16.294086917577,3,2.985315110557147,2,23.261223326655113,42.540625354789235
P0322,430.2274914732803,2,241.52412671484865,2,322.33674836103415,994.0883665491631
P0323,99.76173853499769,2,0.7568722590340117,2,97.03705051653851,197.5556613105702
P0324,1204.4526079474963,4,6.577588492348589,2,535.0490168087736,1746.0792132486167
P0325,81.81059664421238,6,5.97122808010416,2,221.57947113620278,309.36129586051936
P0326,0.8603964391629657,2,16.46274962748641,2,17.323478642612812,34.646624709262184
P0327,19.298643115122843,2,27.30097392322155,2,456.0712024599072,502.6708194982516
P0328,36.02337526198768,3,35.057327278508616,2,321.213055876557,392.2937584170534
P0329,173.94254489621588,4,24.308224482287415,2,151.78746581979215,350.03823519829535
P0330,86.16361874622251,7,26.2976589381475,2,39.059284155435776,151.5205618398057
P0331,0.5656287779734483,2,0.09644609235690658,2,0.2861379782195963,0.9482128485499507
P0332,0.44214240956227663,2,1.5058909143468913,2,1.8006990536372625,3.748732377546433
P0333,10.903868250437966,2,0.9531771274644295,2,23.02834722680572,34.88539260470812
P0334,22.085911386965844,6,33.86735016743144,2,130.35116936021382,186.30443091461103
P0335,319.3899642875851,2,163.09284887106224,2,569.1252549927442,1051.6080681513913
P0336,145.79619072860464,7,339.8337808619421,2,387.56697074202384,873.1969423325702
P0337,377.1207441874505,3,469.71457777661084,2,1543.4617188085415,2390.297040772604
P0338,28.825485953715088,6,49.00540397079159,2,21.44590655092614,99.27679647543282
P0339,1226.7298756033279,5,549.4397978570545,2,625.2506277977142,2401.420301258098
P0340,223.51450927027457,3,132.29415794515708,2,70.79118975577715,426.59985697120896
P0341,4.668642229173576,2,1.4428190321911356,2,9.435293640181596,15.546754901546306
P0342,40.514812861141905,5,60.03826740734455,2,107.31531606532882,207.8683963338153
P0343,27.490728409680276,2,75.74329326417396,2,80.78156828711855,184.0155899609728
P0344,29.355443854506312,3,8.60129794662861,2,101.3592172951269,139.31595909626176
P0345,2.7508657787196458,3,16.75754992112613,2,31.73263461938088,51.24105031922665
P0346,134.89773025452263,3,31.089213848775604,2,94.27888213671186,260.2658262400104
P0347,327.96315597203727,3,203.2408786563695,2,265.0131302400512,796.2171648684579
P0348,10.320455250952806,2,266.3667715224422,2,82.36156658877572,359.04879336217044
P0349,70.46003558432804,2,2.3834052567550694,2,64.93764577932002,137.78108662040302
P0350,25.94750162341607,3,5.552368747539882,2,21.653134010086838,53.153004381042784
P0351,49.764966516381484,4,3.8714998606677256,2,87.22510935942587,140.86157573647512
P0352,196.71086636504234,2,649.7864578283202,2,343.0087790871515,1189.5061032805143
P0353,188.4823983796086,2,132.64299870789023,2,160.98584537821958,482.1112424657184
P0354,66.53538837624522,4,197.0111054575142,2,196.2346826714712,459.78117650523063
P0355,28.11389675185113,4,0.2473809497649583,2,16.0145351108178,44.37581281243391
P0356,1.3300898889517747,2,0.7182268236604779,2,5.908922428392883,7.957239141005138
P0357,13.090081976630271,2,3.798582433518169,2,19.504071009443756,36.3927354195922
P0358,103.82201405624348,3,4.117932244135,2,70.02677775365267,177.96672405403103
P0359,9.063953930990538,3,11.717203545548974,2,29.937711394199148,50.71886887073867
P0360,30.44762866311172,3,34.595872514223025,2,148.57350218029168,213.6170033576264
P0361,38.51641347703825,3,99.65062085369235,2,321.40749902338683,459.57453335411753
P0362,266.17017601158716,2,232.0036003979557,2,667.6038222757716,1165.7775986853135
P0363,52.17314112443976,3,0.07784854733786088,2,11.810112437940317,64.06110210971796
P0364,182.32872206000164,4,6.379657197721607,2,300.6850685008163,489.39344775853937
P0365,6.456591356233913,2,407.9879624213656,2,98.92886986118876,513.3734236387884
P0366,498.9435911446865,5,311.4631014100092,2,593.668477922946,1404.0751704776421
P0367,2021.6100447311053,5,163.38740797939334,2,614.3455512955506,2799.3430040060475
P0368,4.355001731540982,4,0.0,0,7.78312827656846e-30,4.355001731540974
P0369,4.423593749523527,3,39.62651141733931,2,54.174170007589126,98.224275174452
P0370,75.86857815807382,2,6.853444135751554,2,300.64387357399227,383.3658958678175
P0371,26.224670117319167,3,78.91669536625925,2,134.70841451846928,239.84978000204774
P0372,592.0957961240744,5,733.4526392836575,2,441.2602332159335,1766.8086686236647
P0373,91.99120501867756,4,41.90451043044425,2,92.55979892707693,226.45551437619883
P0374,23.830893726974036,3,7.193568949342653,2,97.6567746159572,128.68123729227386
P0375,37.38747692339019,3,82.53309025703875,2,295.4544394791177,415.37500665954656
P0376,20.124770543270408,2,17.402396156985898,2,43.871170944616125,81.39833764487244
P0377,58.4046971489152,6,0.33423460916046865,2,206.39104063766203,265.12997239573787
P0378,7.895490712898164,3,7.4757858900951515,2,103.36301645035972,118.73429305335303
P0379,46.90456512922966,2,80.51860947949663,2,288.99549320184286,416.41866781056905
P0380,0.9557761203519282,2,1.2870826680038268,2,13.623581241367297,15.866440029723055
P0381,132.37039726739752,3,13.292454074461682,2,83.24199260163553,228.90484394349468
P0382,31.131247357189466,4,6.301153178881405,2,9.1394516542109,46.57185219028173
P0383,197.09007086871935,3,36.81127216234138,2,88.5828138192931,322.4841568503541
P0384,59.32808746062026,2,4.928702084747269,2,198.17454176089421,262.43133130626177
P0385,61.25273891175322,2,10.796508349242337,2,40.29113946334024,112.34038672433577
P0386,51.54696792159649,3,58.116067497868144,2,126.55464552678144,236.2176809462461
P0387,1.915376624209749,2,0.0,0,6.898249652487536e-28,1.915376624209752
P0388,12.179229785564644,2,109.61924426093059,2,621.6883519353588,743.486825981854
P0389,108.47520412852789,6,8.419708675230854,2,407.5277878180255,524.4227006217843
P0390,39.57686195560937,4,48.02012812681059,2,70.18230473515517,157.77929481757516
P0391,23.052077184966734,3,3.5850606469988024,2,24.0398921690815,50.67703000104704
P0392,176.38639352751136,4,17.70073928687087,2,14.838011011555068,208.92514382593725
P0393,29.062875078651494,3,33.655215275434514,2,34.94572774622795,97.66381810031396
P0394,39.10036250474993,2,85.93735729410727,2,271.8611422823646,396.8988620812217
P0395,107.25844583852468,2,34.24911677592721,2,220.32720665453317,361.83476926898487
P0396,22.059253878827306,2,0.36765852632075496,2,151.9492825932586,174.37619499840665
P0397,1.1621690723394567,2,51.78959996183954,2,13.58354900993984,66.5353180441188
P0398,104.07036219097249,2,11.518093916745732,2,242.26255282315475,357.85100893087304
P0399,10.019090589249682,2,509.18878139017045,2,24.91547818292407,544.1233501623445
P0400,25.359733362232515,2,342.8844019361309,2,393.8758668135109,762.1200021118744
P0401,664.0792857303949,3,1.2284339081074374,2,273.7261707854733,939.0338904239759
P0402,756.8409322950648,5,202.7708863384007,2,1571.078010769026,2530.689829402492
P0403,333.0542434011971,4,8.098295167315841,2,0.11167727816131462,341.2642158466739
P0404,41.43708290665895,2,44.37512334406719,2,47.83703748853285,133.64924373925896
P0405,153.21162399106083,6,786.0411808369688,2,2015.5759319069703,2954.828736735001
P0406,158.09845674586487,4,189.2707481281784,2,244.70735705730183,592.0765619313454
P0407,1018.271651645436,2,921.3362889075813,2,271.6264003821395,2211.2343409351556
P0408,44.51078721451796,4,7.720190425278981,2,115.33635115460591,167.56732879440287
P0409,290.6572517226193,4,280.19631624289696,2,895.9213815282698,1466.7749494937866
P0410,41.09439426904475,3,11.6315889168333,2,152.75807867300733,205.48406185888538
P0411,182.5285874731381,2,7.570948837739644,2,46.540599226607554,236.64013553748504
P0412,90.44155385597983,2,61.31854747937595,2,112.75877847816353,264.51887981351933
P0413,24.783093497759907,3,15.489198557176504,2,105.33741964090817,145.60971169584462
P0414,6.533791481645653,2,0.09463974844201901,2,8.636397628871876,15.264828858959545
P0415,311.111687347935,6,223.46115216286998,2,206.20253804606472,740.7753775568701
P0416,52.40931801206476,3,27.411027776811007,2,87.56712696679651,167.38747275567218
P0417,4.258028537667895,2,0.6023721777084254,2,4.52476138018638,9.385162095562695
P0418,868.4117930042215,4,91.47606521320438,2,242.88251263385425,1202.7703708512788
P0419,2.300648307461634,2,17.34892143421544,2,8.031434119814786,27.681003861491874
P0420,9.33725007406785,3,2.0372102996605737,2,4.703476041186337,16.07793641491477
P0421,74.3663341995909,2,27.582845777581685,2,812.1482878104506,914.0974677876231
P0422,1503.5500641524584,6,86.56416253690495,2,1483.4959038439567,3073.61013053332
P0423,42.48180750912379,4,56.737787871738625,2,214.13653069587255,313.356126076735
P0424,230.38182146586158,6,4.185246919287326,2,99.60167687586171,334.16874526101094
P0425,40.18761155873348,2,136.43219748970728,2,237.91615274585033,414.53596179429104
P0426,183.58520490875082,5,85.99593903615772,2,503.2462191457496,772.827363090658
P0427,12.825112599574389,3,1.4358731065752006,2,17.50066706109462,31.761652767244204
P0428,162.69904087412826,4,6.435537908234586,2,97.3934515525741,266.52803033493694
P0429,2.6907575639537433,2,23.13700248268964,2,336.8951302536127,362.722890300256
P0430,1607.890045578216,5,124.81162203397642,2,1033.2969972095598,2765.998664821753
P0431,1.280760160036639,2,0.7445101528045386,2,6.478123947030641,8.50339425987182
P0432,63.388445370124415,6,22.516916126614333,2,102.5815869704769,188.48694846721574
P0433,50.44094135632781,5,120.79436486059853,2,468.72343465402855,639.9587408709548
P0434,52.21535573400457,4,34.32081296854707,2,173.8312682073527,260.3674369099044
P0435,21.29867967847283,4,9.51967523914985,2,27.06687003779675,57.88522495541949
P0436,53.12770172405976,3,0.36547391611709773,2,92.881156044251,146.3743316844278
P0437,1734.655973090843,5,39.5367815955563,2,431.69893332689315,2205.891688013294
P0438,15.229749821654162,6,16.912408099335565,2,119.3332003649242,151.47535828591396
P0439,121.91978315244661,3,24.337915874690125,2,69.0358275135584,215.29352654069527
P0440,226.7242289118846,5,75.34192488213588,2,320.37864351002906,622.4447973040494
P0441,8.832610248938186,3,22.00500638861569,2,40.80000113698269,71.63761777453654
P0442,15.837159796201774,2,17.256617681739325,2,13.657496106332035,46.75127358427314
P0443,78.7558767607059,5,177.1609515307805,2,2653.2880381126115,2909.2048664040976
P0444,72.34165227797307,2,22.86430173949527,2,23.422639768102993,118.62859378557137
P0445,31.772491575627843,3,8.904631747970312,2,25.855972612589806,66.53309593618792
P0446,3.827016253401308,2,1.2091081837844628,2,83.334592089395,88.37071652658078
P0447,512.6523778838306,4,473.4274964313431,2,611.1172307911763,1597.1971051063504
P0448,12.849954762441076,2,6.496496077367955,2,14.108877908750102,33.45532874855913
P0449,78.9251012110426,3,0.49567937112789434,2,88.96408093486238,168.3848615170328
P0450,87.40911013250825,2,368.4569709665226,2,191.88781112145745,647.7538922204883
P0451,11.858500862579856,3,0.5158391465387995,2,79.66516688077853,92.03950688989718
P0452,59.85695760037631,2,155.50660056945924,2,220.74292194202846,436.10648011186413
P0453,19.427884071583893,2,476.987047198213,2,390.7605281726464,887.1754594424431
P0454,23.703517388675326,4,9.216343453220619,2,87.08062377810866,120.00048462000458
P0455,27.74933609322846,2,5.040937813916398,2,43.909397017088004,76.69967092423289
P0456,49.593646589543894,2,326.25821207494573,2,496.5775579589009,872.4294166233906
P0457,84.72135829044088,2,7.956419879891757,2,115.30958805992118,207.9873662302538
P0458,46.994860210106005,2,1.4050359195030147,2,102.53076787796039,150.93066400756936
P0459,14.824056600411424,3,31.886100938119107,2,68.66265757074679,115.37281510927733
P0460,139.20220050303786,6,0.2025944347514033,2,306.86488022222574,446.26967516001514
P0461,23.436699595922235,2,8.379214202117897,2,166.90509817702787,198.721011975068
P0462,18.131904667687202,2,10.848159027880568,2,56.92186651849612,85.90193021406385
P0463,0.7043338999670851,2,1.780300518724255,2,146.11047820368645,148.5951126223778
P0464,0.7581134469961548,3,12.591228088066307,2,19.415125726263902,32.76446726132635
P0465,6.293278880982242,2,23.83624907797949,2,88.91757857360894,119.04710653257067
P0466,38.374216917719075,2,12.117814201590292,2,18.121843817535392,68.61387493684475
P0467,130.7638607062413,4,2.291233629011668,2,33.247296135889066,166.3023904711421
P0468,70.45846146435237,3,27.0881791694433,2,176.3766227567117,273.9232633905075
P0469,2127.750725492193,5,464.5024313577399,2,3525.0193499755374,6117.272506825469
P0470,472.82321683303417,4,46.82143266774321,2,119.00506200814176,638.6497115089194
P0471,4.495811416444645,2,84.00459863494406,2,101.46782868655538,189.96823873794412
P0472,0.9023512247552626,2,10.909546164099336,2,7.862095557664365,19.673992946518972
P0473,0.5876322337766416,2,3.5782035021990573,2,84.81578512561258,88.98162086158828
P0474,11.874463126444542,3,2.0550014052719616,2,13.537895762894374,27.467360294610877
P0475,25.69830252042207,2,94.64804570116875,2,422.79421571882983,543.1405639404205
P0476,0.1889150323663084,2,1.612256967182881,2,6.400654562281631,8.201826561830819
P0477,214.10449286049572,2,489.09437753125155,2,200.65679102704595,903.8556614187926
P0478,42.0815676980862,2,9.977860865477282,2,31.628649260135614,83.6880778236991
P0479,30.736724733768707,2,87.41817055516522,2,57.57807070866734,175.73296599760127
P0480,1.1048688847442012,3,1.0624846931976326,2,6.423373381834657,8.59072695977649
P0481,33.17686490977237,2,72.94825357715793,2,116.36825379759784,222.49337228452816
P0482,36.77820028311103,6,4.1486256116523785,2,132.90655331588826,173.83337921065169
P0483,57.228168774302816,6,115.89212020230089,2,446.7229187947176,619.8432077713212
P0484,40.09152758924105,3,3.6949466028729807,2,138.90648803675657,182.6929622288707
P0485,8.471459166693792,2,19.83385970933838,2,61.130987473128044,89.43630634916022
P0486,48.92902031483345,6,2.310246566736618,2,14.344424988438544,65.58369187000865
P0487,2472.0079575436016,5,127.63062141582324,2,681.4951443835888,3281.1337233430127
P0488,37.625645109518615,4,29.885238430116495,2,122.27047581980199,189.78135935943706
P0489,12.56548374340043,2,24.5760045125157,2,129.42261925104197,166.5641075069581
P0490,80.04729296103515,2,92.64089769362712,2,18.507377996812025,191.1955686514741
P0491,6.661522282305137,6,0.16473881679990604,2,1.5409930763576571,8.36725417546269
P0492,147.2070197028825,5,164.48601149607066,2,841.7226082558875,1153.4156394548409
P0493,106.37461267290892,3,23.209708960348813,2,95.50021376802118,225.08453540127866
P0494,139.9344923282212,3,14.931742177222016,2,106.8838610990531,261.75009560449587
P0495,2519.6315386157767,5,1494.9581793376901,2,1847.892085638352,5862.481803591825
P0496,654.9827524309578,4,425.8008366995895,2,254.56404736317623,1335.347636493723
P0497,101.98390887735127,3,101.60368589405378,2,92.79935567287049,296.3869504442755
P0498,20.021818326446084,2,18.599961932456093,2,41.21879343678848,79.84057369569067
P0499,29.81014650110793,2,56.08771319523459,2,31.197462822540928,117.09532251888352
P0500,28.105676065308522,2,0.5829898263708969,2,9.795990790016562,38.484656681696
P0501,21.39070809759865,2,26.26519836152857,2,107.51890660513055,155.1748130642577
P0502,8.939697930848146,3,0.915870718119417,2,55.61730434761234,65.4728729965799
P0503,42.50690679596224,3,9.367599487153106,2,59.880725189218765,111.75523147233413
P0504,26.64251489215945,3,6.384603237692615,2,150.22062873058766,183.24774686043975
P0505,738.3886751855757,5,55.31583319251326,2,288.6039559000585,1082.3084642781466
P0506,49.93754299721013,2,28.144671775563253,2,76.67857660627008,154.7607913790435
P0507,169.8263054630877,4,46.86521009165979,2,473.5040932329982,690.1956087877454
P0508,71.53033893961081,2,35.96380563870651,2,342.04822642226856,449.54237100058566
P0509,35.47038424678753,2,7.925578217314826,2,167.12678779127168,210.5227502553741
P0510,115.9102471165762,5,12.361666473449159,2,165.0320472124502,293.3039608024755
P0511,2.9275411287582673,3,35.715186404596,2,37.76384433620489,76.40657186955917
P0512,219.72227650786834,5,782.0856516430237,2,1790.2756902999288,2792.0836184508216
P0513,23.98958317349504,3,84.77960533306356,2,367.39035143747697,476.1595399440358
P0514,0.9585039246492332,2,41.95075390987694,2,35.032728945578874,77.94198678010503
P0515,15.981578841575196,3,0.03250233454778379,2,28.100203573864526,44.114284749987505
P0516,4.885779580689854,6,0.8801118701797512,2,25.60017282130459,31.3660642721742
P0517,289.99083107078377,5,10.499090616726985,2,587.4321604438189,887.92208213133
P0518,9.56775978915569,2,6.048611052466563,2,55.39596149879334,71.01233234041558
P0519,15.848652421512176,2,6.5795844559582095,2,76.06268728678091,98.49092416425131
P0520,29.91314067693852,3,4.584110565551678,2,73.32990651588773,107.82715775837795
P0521,67.35122844940598,5,167.20609597793603,2,125.07007499508926,359.6273994224311
P0522,117.51433075256314,6,25.870876136244057,2,96.80422957214041,240.18943646094763
P0523,56.87334841642265,4,22.326984498461755,2,43.315942507597065,122.5162754224814
P0524,16.293362844443422,2,376.6111776248883,2,71.5746928109686,464.4792332803004
P0525,215.05100849897173,5,7.316146174804091,2,802.0535258688311,1024.420680542607
P0526,7.411148339853677,6,0.20686937089258933,2,8.201636076299343,15.819653787045604
P0527,31.80784574735863,3,11.062215156942845,2,94.48819881651782,137.3582597208193
P0528,4.673565428593218,4,23.351166971911947,2,68.54285427776139,96.56758667826655
P0529,56.44533355762117,5,389.75085836411483,2,769.0340217626663,1215.2302136844025
P0530,31.398961244723374,2,4.234424474673975,2,53.744157940997766,89.37754366039515
P0531,13.930722650016307,4,18.156669335017263,2,44.03513560916381,76.1225275941974
P0532,72.80556246992481,6,0.5775995632809194,2,126.21658234839077,199.59974438159648
P0533,5.706496130640782,2,10.001632678726148,2,37.71090269671877,53.419031506085716
P0534,130.77029712705124,4,10.714704212332851,2,347.5684140436096,489.0534153829937
P0535,23.983835699597122,2,6.970492664998072,2,6.237502479792922,37.19183084438811
P0536,17.00713321708897,3,15.658174468033412,2,194.26788984401014,226.9331975291325
P0537,79.88314105528906,4,7.4254283647991866,2,142.54284879243102,229.8514182125192
P0538,15.392246095219877,2,7.654594614570298,2,174.7590783428538,197.80591905264393
P0539,667.912956905557,5,123.19812975395101,2,2658.085475233166,3449.1965618926733
P0540,4.987502604995622,2,60.424498400246925,2,34.66714958771901,100.0791505929616
P0541,7.93395953699169,3,5.33630790743023,2,101.70406304677289,114.97433049119475
P0542,24.18761386494167,4,15.47609963241115,2,63.87196000139898,103.53567349875178
P0543,13.21592055492553,4,3.9818024396389387,2,11.885913161791628,29.08363615635611
P0544,31.379010752634866,2,51.54312102875957,2,227.3374722041235,310.2596039855181
P0545,0.06392077343915138,2,6.234798319863162,2,28.4701254436524,34.768844536954724
P0546,6.273655263466425,3,311.1105115585767,2,86.02080931761991,403.40497613966375
P0547,33.281782726266684,3,218.32988511819204,2,148.51671915497673,400.1283869994354
P0548,29.717601984196623,3,12.519073511434751,2,40.6563425204132,82.89301801604458
P0549,61.261783632647436,3,25.123122231443425,2,171.84215859477055,258.2270644588614
P0550,2.586147893508803,3,4.032471588984611,2,14.41985261024485,21.03847209273826
P0551,41.20514993813803,3,23.795059532562153,2,116.52030871343851,181.52051818413872
P0552,28.52880413602939,2,3.2441002999496233,2,10.390806274034917,42.16371071001392
P0553,138.35647931817667,3,44.87150984860495,2,214.5321066304684,397.7600957972505
P0554,17.002168722123574,3,48.751414599697085,2,462.11929586896866,527.8728791907894
P0555,14.34314893716225,2,208.83775104473764,2,147.98854950297294,371.16944948487253
P0556,1.8974169806009822,3,33.043556255271376,2,33.962563077342054,68.90353631321446
P0557,2.2605438992198508,3,10.997068366393258,2,33.842488710944366,47.100100976557485
P0558,141.01474869690506,3,16.973095088705684,2,625.1107685519258,783.0986123375367
P0559,15.53644578375753,3,9.855080574197776,2,178.05392845018307,203.4454548081384
P0560,1014.7722512002899,5,237.56647785784492,2,320.51133642711665,1572.8500654852533
P0561,3.7650494117936204,3,5.736042089611875,2,27.391171780532183,36.89226328193768
P0562,3.3775124538628005,3,0.608617169638346,2,4.588897708181046,8.575027331682188
P0563,12.672381959147538,3,27.839548422621196,2,82.50230165300914,123.01423203477785
P0564,15.36302693169883,3,0.8181371037138045,2,0.7358159993040184,16.916980034716644
P0565,3.4271054730813315,3,141.33160310942225,2,131.01910758454352,275.7778161670471
P0566,34.757672613039034,3,3.0295745191748304,2,18.371312348806494,56.15855948102031
P0567,71.72455063229098,4,5.474846862215199,2,77.83663443625511,155.03603193076123
P0568,106.44987753463026,4,25.356593351597105,2,190.23375393501394,322.04022482124134
P0569,22.53718660325593,4,2.1076759319626897,2,136.60878887726093,161.25365141247954
P0570,122.74626485030869,4,115.85224573006492,2,71.33565507800456,309.9341656583781
P0571,56.925665765532266,3,44.90950708761948,2,254.70843599076716,356.5436088439189
P0572,61.86775635941339,3,19.59196207095813,2,78.07345426733458,159.5331726977062
P0573,261.89816915212066,3,51.494706096494305,2,358.10664263357387,671.4995178821887
P0574,22.43837845021971,6,1.2339965707935243,2,33.83930304897737,57.51167806999061
P0575,1361.943391614367,5,46.750992779766655,2,360.2850700420925,1768.9794544362264
P0576,125.18093437275931,3,61.7044134160488,2,267.51427120325434,454.3996189920623
P0577,36.07192715133995,6,29.135895579562973,2,132.63822653189908,197.84604926280207
P0578,1.282900130782555,3,5.82349931062477,2,21.940726303740405,29.047125745147728
P0579,9.815223663792251,3,18.8175584214834,2,28.294928965158423,56.92771105043406
P0580,14.944864124365541,3,24.273243026919502,2,141.56578665318466,180.78389380446973
P0581,1.2283288078089276,3,10.679861882824092,2,37.6251550299577,49.53334572059074
P0582,407.4343469850639,3,69.150979694137,2,118.42269896972329,595.0080256489248
P0583,216.0877200347337,5,2.2972394025931973,2,635.1210240053169,853.5059834426438
P0584,76.33634318026768,3,48.20041934062841,2,357.54276352708763,482.0795260479837
P0585,11.51975261831846,3,21.26707700763116,2,109.85138566266515,142.63821528861473
P0586,20.507270899471266,3,1.0546236299847163,2,36.496573959962646,58.05846848941863
P0587,24.34922665465159,3,44.13335152583637,2,61.293381470533255,129.77595965102125
P0588,141.5558407372291,3,12.827800347001366,2,69.56623103054211,223.9498721147726
P0589,1434.789230968473,3,710.091477159472,2,470.9532056098619,2615.8339137378075
P0590,178.28084418959713,6,0.4157185853988131,2,68.45498830402859,247.15155107902473
P0591,55.70507985518809,3,55.25602925003378,2,136.45534116388308,247.41645026910498
P0592,4.044393226457476,3,13.722919419782393,2,240.95506902599553,258.7223816722355
P0593,145.22360738962206,4,2.162419349875117,2,175.52793151586275,322.91395825535983
P0594,149.24561583867293,3,36.25868889894525,2,50.24335639234713,235.7476611299652
P0595,26.646735502387884,3,10.40005696237167,2,118.21459169986568,155.2613841646252
P0596,16.27576941547503,3,17.239690696964402,2,54.19199454658885,87.70745465902826
P0597,51.045595126854586,3,228.8721154124309,2,305.21842408267173,585.1361346219569
P0598,13.54355742539239,4,24.838643829392264,2,11.472868481400672,49.85506973618533
P0599,70.89932251207159,4,560.9583091772424,2,454.5920078768415,1086.4496395661556
P0600,7.382243381719068,2,1.9143751617327436,2,55.47961101038726,64.77622955383907
P0601,19.86299828952834,6,4.520134155539909,2,75.0257917660285,99.40892421109679
P0602,79.0589524310957,4,5.001376332689891,2,81.97747463528479,166.03780339907033
P0603,17.66069687173324,4,53.62055161916328,2,9.66348891629645,80.9447374071929
P0604,11.783956115631696,6,31.15987622056938,2,20.732354084347012,63.67618642054811
P0605,14.55992896570884,3,102.10940400616036,2,46.39111410333632,163.06044707520562
P0606,46.76771289097849,3,60.35185012202676,2,55.840231011638146,162.95979402464334
P0607,44.604400539092126,3,40.51297850482694,2,190.23829536909807,275.35567441301714
P0608,52.601718943615445,3,17.018500519078682,2,78.60800473369709,148.22822419639127
P0609,27.983806125558644,5,13.895160685505527,2,716.4093978108024,758.2883646218664
P0610,14.02130368169912,3,2.595228279757873,2,50.592893359297236,67.20942532075422
P0611,3.1826589373352046,3,2.0337038246148453,2,39.120521047454616,44.33688380940467
P0612,19.38843624553325,3,57.14322825621941,2,51.11671307557215,127.64837757732485
P0613,17.86703261623277,3,5.650459319093919,2,62.89230030284025,86.40979223816693
P0614,145.55404173838556,5,1.2023794212377905,2,104.68797264469293,251.44439380431618
P0615,0.35704377643993923,2,0.17086934610687735,2,23.440057168605396,23.967970291152216
P0616,256.825913674218,5,173.8092868611939,2,784.9134694826646,1215.5486700180768
P0617,261.76172716757225,5,15.918454859570382,2,257.4778852002459,535.1580672273886
P0618,42.88710636994805,3,46.8440886802715,2,42.268193739156644,131.99938878937618
P0619,103.0621115470742,3,13.21485401730332,2,49.35082869185493,165.62779425623242
P0620,61.980013925001025,4,2.667410304134891,2,159.67127512558272,224.3186993547187
P0621,363.3465844321893,5,1.9952042506807952,2,164.16630859448466,529.5080972773548
P0622,40.03808322492767,3,10.672990561904628,2,75.1838661804129,125.89493996724525
P0623,21.8947116399169,3,110.09282108502761,2,112.24774655389659,244.23527927884098
P0624,6.547656477228603,3,15.088571674147463,2,82.97186392113026,104.60809207250631
P0625,10.95487722814938,3,79.36646953887498,2,66.78346529438844,157.10481206141287
P0626,50.752823968636555,4,4.721015111257696,2,89.64551537690662,145.11935445680078
P0627,171.57652231230858,3,18.381866023185697,2,125.70135023197312,315.65973856746746
P0628,216.00153286690278,5,80.36908787396108,2,467.0080676187753,763.3786883596392
P0629,303.21114204017493,5,425.7462792809157,2,210.1537124316662,939.1111337527568
P0630,2.2991873748852294,3,1.9725816129186473,2,14.71537637938112,18.987145367184993
P0631,25.83662152748202,3,12.27249355411781,2,31.486453938898155,69.59556902049796
P0632,14.163901292552472,3,19.389097157433934,2,83.03718512632942,116.59018357631577
P0633,3.508712998300438,3,3.0809481780792147,2,46.12667582397035,52.71633700035001
P0634,32.47428213177744,3,85.16145544950587,2,177.66018534667083,295.2959229279541
P0635,22.682020019459806,3,55.359405208217034,2,49.78945255212506,127.83087777980184
P0636,1.2697688153188382,3,75.34421763664244,2,90.78012639292672,167.39411284488796
P0637,41.28543111459967,3,28.36523934620573,2,113.83928373041554,183.48995419122096
P0638,397.20280419260314,3,309.1026166772947,2,276.89127707415423,983.1966979440518
P0639,5.4793759047666075,3,34.071547428946225,2,67.05672803398829,106.60765136770115
P0640,4.364761469521874,1,5.567336687127602,2,7.958384071194363,17.890482227843822
P0641,128.628360972843,3,121.45102039070983,2,166.7173780773805,416.79675944093316
P0642,5.2508086131308565,3,0.006180298447812011,2,21.438410122342592,26.695399033921273
P0643,4.895879828265072,2,24.698269647638572,2,26.626056316024922,56.22020579192858
P0644,22.2476769583421,3,7.007276060058899,2,48.755920359304916,78.01087337770589
P0645,72.52073539569429,4,7.104505790511463,2,22.773706983090168,102.39894816929575
P0646,39.14763070791146,3,48.11542618492479,2,34.741842202107456,122.00489909494377
P0647,0.33290827868741896,3,1.8048474799073893,2,29.046142634531698,31.183898393126512
P0648,1.6911992609959081,3,9.512092940006086,2,19.777760932232873,30.981053133234866
P0649,17.971198269136796,3,2.5174095254692523,2,80.83908428657497,101.32769208118106
P0650,110.23287277666658,5,66.57892825597622,2,510.8219326685325,687.6337337011752
P0651,97.36897431446852,3,0.015764105662183253,2,49.63491419351736,147.01965261364793
P0652,25.140828946017677,3,33.347380325084735,2,69.5891203900406,128.07732966114304
P0653,27.366578819845618,4,6.220068241633897,2,11.856046396480936,45.44269345796037
P0654,45.83164768457221,3,95.65700674252243,2,161.8476288063937,303.3362832334883
P0655,3.4630282498541343,2,0.31323150746743056,2,90.47531490895216,94.25157466627373
P0656,737.6753482680989,5,194.45383975436582,2,430.4189074832619,1362.5480955057265
P0657,66.98051097904673,3,34.2119973243411,2,31.756192157911237,132.94870046129913
P0658,12.610776728952203,3,9.66115808753208,2,38.11096386867711,60.3828986851614
P0659,9.38338210532181,3,21.599908075637536,2,48.325645587906095,79.30893576886542
P0660,5.280519620524469,3,3.819886765448712,2,79.52865811976882,88.62906450574201
P0661,9.776131079344033,3,18.974955813581488,2,3.8291345180208665,32.58022141094641
P0662,14.385614583388502,5,6.707144523499027,2,87.89742537134867,108.99018447823617
P0663,16.305661278270104,3,10.225562354758125,2,52.041435618499115,78.57265925152736
P0664,61.02362415348469,3,30.917103486774728,2,57.67734031852613,149.61806795878553
P0665,8.609999918022384,3,5.13459876256394,2,50.3553985316079,64.09999721219422
P0666,17.116818300087004,3,482.6438092031633,2,879.4868843773189,1379.2475118805692
P0667,20.95615110962291,3,0.9095562603819157,2,25.327208309786343,47.19291567979117
P0668,6.006968458167438,5,4.448757542179224,2,70.34145546765177,80.79718146799841
P0669,4.708455497931759,3,3.4213643100009903,2,61.61604927158544,69.74586907951816
P0670,181.50857607027834,5,100.876766138992,2,202.8865682589702,485.2719104682404
P0671,9.215935687637664,2,1.5787470372280488,2,12.291133579341613,23.085816304207327
P0672,173.4180140472479,5,28.654025098296348,2,182.14658060487506,384.2186197504193
P0673,50.85771073238629,4,8.380227238311774,2,84.30964963946258,143.5475876101606
P0674,26.14283066522899,3,3.3468850167590944,2,13.38009359632353,42.86980927831161
P0675,32.347430258166796,3,8.116431434747852,2,24.184002497975612,64.64786419089032
P0676,3.6887133748484775,3,3.516242148611071,2,27.113361927516742,34.31831745097629
P0677,0.35209384513695,2,0.12937900302596175,2,2.687423816909401,3.168896665072313
P0678,17.979686732505183,3,19.96255167229878,2,81.22113140944643,119.16336981425037
P0679,341.9320496673278,5,51.864642765175184,2,188.9276930002884,582.7243854327913
P0680,15.351213644790928,3,5.769647879476778,2,22.10312639632291,43.2239879205906
P0681,4.815971213597317,3,21.50420355117561,2,25.09534791111895,51.41552267589189
P0682,0.34349464124824447,2,3.9558270118386005,2,5.648582259688245,9.947903912775091
P0683,701.4383729914068,5,15.011382142388737,2,25.425802278973652,741.8755574127687
P0684,46.25234769277794,4,0.45565784720688596,2,86.76588341789214,133.47388895787705
P0685,5.476393734248406,1,10.489541807062231,2,19.137450559185368,35.10338610049601
P0686,25.814745004279647,3,6.0808857504067175,2,55.22551554949875,87.12114630418519
P0687,3.36744182892375,3,0.16051241741004574,2,37.65782361775272,41.18577786408652
P0688,25.24126665185463,3,2.3386711247658942,2,58.82032255336379,86.40026032998429
P0689,8.813912355283458,3,12.720916679506557,2,62.69919390838468,84.23402294317468
P0690,5.206479779164851,3,18.407160592860905,2,79.47352820311043,103.08716857513619
P0691,2.0967092297446865,3,1.9137023555438344,2,29.053045715431747,33.063457300720266
P0692,8.266287576071274,3,0.7195776459793967,2,22.876145768569117,31.862010990619783
P0693,11.810085317144257,3,23.54191709243082,2,87.9501575991985,123.30216000877354
P0694,32.66390766618918,3,31.099063659416462,2,57.16748811290364,120.9304594385092
P0695,8.713694509058715,3,16.39173888589318,2,13.697219176207348,38.80265257115922
P0696,6.489560833832207,3,5.073329715418987,2,39.88485808952351,51.44774863877471
P0697,2.349771795956742,2,0.2775950234840132,2,61.06527733945033,63.692644158891085
P0698,9.859222199505915,6,0.11871061613038678,2,0.014957812681974138,9.992890628318294
P0699,5.486287061030024,3,0.40887407001078657,2,48.63869532984193,54.533856460882745
P0700,21.65016825291278,3,15.077005974279148,2,135.91003230112307,172.63720652831503
P0701,15.961889571896222,3,1.1883304033649675,2,35.48634674169253,52.63656671695371
P0702,1.9054019773693371,3,8.645685345983836,2,23.77471377263799,34.32580109599115
P0703,1323.9140840233288,3,105.31392984871445,2,289.09860654915906,1718.3266204212025
P0704,15.81678218169685,3,53.09087917803792,2,51.3273499566966,120.23501131643135
P0705,8.046033219499535,3,6.384774214641612,2,59.04005840224009,73.47086583638124
P0706,24.88713962155879,3,20.400512662859043,2,41.886636306547224,87.17428859096505
P0707,201.9056962794244,3,16.77456688271224,2,256.6210231659988,475.30128632813563
P0708,37.47964820480248,3,13.875375691586234,2,38.027175049708525,89.38219894609723
P0709,124.63614910123789,5,3.2037937677216846,2,254.23802046474893,382.0779633337084
P0710,1.5531907597841152,3,6.418437860426859,2,54.06928486929724,62.040913489508206
P0711,1.9090316753317373,3,18.30233282996914,2,76.95417277079515,97.16553727609603
P0712,0.5147004029144369,1,8.221299924788125,2,20.849759967395407,29.585760295097973
P0713,14.956571460302882,3,6.278416908422772,2,22.526897618564032,43.7618859872897
P0714,41.77445516021165,3,98.53849150388461,2,100.22652132802308,240.53946799211926
P0715,70.0951936411729,5,1.7870154631267665,2,142.5128814010625,214.3950905053621
P0716,1.9698746786438908,3,2.1762768213988366,2,6.152545438023451,10.298696938066179
P0717,28.346311994009888,3,5.758351259106775,2,22.53748051927725,56.642143772393915
P0718,1045.884815303712,3,20.12455093587978,2,624.9111584982924,1690.9205247378839
P0719,10.969675306110414,3,0.8816246957482069,2,42.2938152114907,54.145115213349314
P0720,17.64058397993911,3,25.89049271131437,2,34.57142284366944,78.10249953492293
P0721,13.197237849953146,3,1.8809040962831611,2,65.64681564357033,80.7249575898066
P0722,78.51617017139318,5,1.1653965189497006,2,76.2302256157283,155.91179230607116
P0723,410.6821375783671,3,29.375285666562842,2,70.46033527248223,510.51775851741263
P0724,0.9969020957385667,3,10.286561191024681,2,31.120427357060755,42.403890643824
P0725,2.053432475198385,3,0.08976073074775832,2,43.704556219753854,45.84774942569999
P0726,50.898471684019924,3,60.75607278455568,2,342.24616093357577,453.9007054021514
P0727,84.17865859697174,4,3.7160344202059727,2,171.07619057050889,258.9708835876867
P0728,230.08036348723405,7,8.110482851267234,2,148.07472715403782,386.26557349253886
P0729,24.343841372456932,3,46.33595463193,2,24.142071562029503,94.82186756641636
P0730,19.186788568469243,3,5.6973980740254655,2,104.7900298175845,129.67421646007918
P0731,31.159719554055904,3,5.618345470172038,2,89.46749238004195,126.24555740426987
P0732,13.986301148437834,3,1.0040873089931641,2,88.88519770888318,103.87558616631415
P0733,82.70656981857084,3,6.264357124522272,2,62.67700874897065,151.64793569206392
P0734,22.746637156855574,3,3.357440443624528,2,24.17060709654464,50.274684697024774
P0735,1.4251115800642256,3,1.8505569653337608,2,77.45347952814703,80.72914807354503
P0736,38.9862265866913,3,40.33546947022475,2,11.194663425672815,90.51635948258897
P0737,3.026423847922647,3,19.51392658154367,2,66.8519027620362,89.39225319150252
P0738,48.13636534232363,3,12.883697279050537,2,98.22132697210496,159.24138959347928
P0739,6.057738546914093,3,1.487010923656919,2,11.45552172386656,19.000271194437566
P0740,17.063444274087978,3,3.3708558023210764,2,63.65522366674219,84.08952374315128
P0741,72.94687343093963,3,3.7306067524467257,2,63.2486705949834,139.92615077836973
P0742,117.57490499819092,3,36.57957439785313,2,114.86246947422661,269.0169488702705
P0743,42.88770738485892,3,4.451329759011057,2,58.64309809864507,105.98213524251504
P0744,31.776918360480792,3,24.95261240948097,2,19.628972710151068,76.35850348011282
P0745,59.724890555224164,7,1.1154878018787593,2,148.82653034933838,209.66690870644132
P0746,106.10041676358786,3,1.9198601019523576,2,54.26873071360883,162.289007579149
P0747,35.66488042667914,3,1.637141639773381,2,54.70689419666155,92.00891626311397
P0748,15.417994058058191,3,0.8219136613975848,2,52.85336775186811,69.09327547132388
P0749,6.625911952740131,3,0.9790302660868487,2,14.092081560545067,21.69702377937205
P0750,35.38683198377743,3,1.0187340775668485,2,78.28779364808756,114.69335970943189
P0751,0.8254723831972723,1,0.0,0,2.3182418740589158e-30,0.8254723831972725
P0752,14.49355218868249,3,3.0175151300559486,2,13.386201194501774,30.897268513240206
P0753,5.826453383477316,3,19.197192995395163,2,143.33722049898273,168.36086687785522
P0754,9.40482508300477,3,17.015776090936335,2,62.19339103110516,88.61399220504629
P0755,20.68062108198357,3,31.090690878779128,2,80.05372789483552,131.82503985559813
P0756,14.413749128645613,3,12.978030812731717,2,51.22731902446287,78.61909896584021
P0757,40.793831649692144,3,24.01613896810849,2,60.38235579631309,125.19232641411381
P0758,21.575127130003935,3,12.3349409355477,2,33.68673926684295,67.59680733239458
P0759,11.768510438943611,3,3.557513786263513,2,46.30572534447889,61.63174956968599
P0760,11.076815872242921,3,3.944446423118122,2,50.89344741099229,65.91470970635335
P0761,3.913160078463737,3,4.377699694703491,2,25.30796844204913,33.598828215216365
P0762,16.80821462171552,3,3.705997055003186,2,132.37880042468802,152.89301210140667
P0763,1.5368545240369451,3,38.97781091915289,2,201.49346256266884,242.0081280058587
P0764,0.5826819326286863,3,4.380329444950745,2,66.72598697190314,71.68899834948257
P0765,1.897970494241931,3,1.1559756373682148,2,55.01144749332596,58.06539362493611
P0766,24.568813258916055,3,51.03576582650952,2,92.68660009224901,168.29117917767462
P0767,41.719114907418835,3,8.126126017058796,2,41.84475542050129,91.68999634497892
P0768,46.307103817024604,3,10.62523911444109,2,49.59829036782278,106.53063329928855
P0769,1.8215599760248105,3,2.042986195392931,2,181.09950320048307,184.96404937190084
P0770,3.1948016113416715,3,4.124505089708217,2,74.29077713553511,81.61008383658499
P0771,5.092252583928035,3,7.341653952047568,2,41.35269884729999,53.786605383275585
P0772,12.706592942634549,3,5.81303443077664,2,60.57436604828236,79.09399342169357
P0773,10.217281041729361,3,10.420389754874753,2,8.167940917612757,28.80561171421687
P0774,5.295863754154518,3,2.1137376658941593,2,60.310819997010626,67.7204214170593
P0775,6.300126171054471,3,17.66291584641109,2,40.45066531591437,64.41370733337988
P0776,10.359920492183216,3,1.7445031063945435,2,81.67653564707419,93.78095924565199
P0777,1.746785081931854,3,1.6883146926908976,2,52.35576543000404,55.79086520462679
P0778,3.1719634433810104,3,4.297845648845367,2,58.112379543646945,65.58218863587334
P0779,7.674840067445971,3,9.146013422435248,2,40.53392908512871,57.354782575009914
P0780,2.4843498078231088,3,1.323624814374444,2,22.167497705136356,25.97547232733391
P0781,4.42457708807709,3,6.6744454557783826,2,84.53489017554898,95.63391271940445
P0782,1.9533354027464978,3,0.03824286786729473,2,128.46887946633743,130.46045773695124
P0783,3.7833205361450317,3,2.5345485202447327,2,26.311920433264863,32.62978948965462
P0784,0.4975106327332155,3,5.259746032733862,2,51.213718823119144,56.970975488586234
P0785,23.635177325238907,7,0.4126242290530685,2,90.72544695092023,114.77324850521222
P0786,2.1424433130152676,3,2.431710277130446,2,35.98127774675506,40.55543133690078
P0787,16.824912555987236,3,0.5110279195643251,2,39.079764735338145,56.415705210889705
P0788,6.608048613336694,3,7.831900611442313,2,91.5702249591314,106.01017418391041
P0789,13.815833401701065,3,41.536939246053514,2,14.601870556512416,69.95464320426701
P0790,13.36016871296933,3,15.711748192089807,2,49.90241306581765,78.97432997087675
P0791,13.271856195626313,3,1.2517517545662373,2,69.72088400162349,84.24449195181602
P0792,15.269893639424037,3,3.3755797492086463,2,43.03941025077338,61.684883639406046
P0793,34.28770148161523,3,15.148735537412563,2,35.97314574136799,85.40958276039582
P0794,2.5172170915623373,3,10.672020179247315,2,79.83588204590171,93.02511931671138
P0795,0.26385055734508633,3,2.733897649045136,2,31.099477652563348,34.097225858953564
P0796,7.532619092362401,3,11.122033434271835,2,38.5509761715892,57.205628698223435
P0797,34.47400069033685,3,0.02937729127024527,2,24.487553540307065,58.990931521914135
P0798,10.103740452620812,3,1.4889147423758942,2,30.157850086623363,41.75050528162008
P0799,56.5932085464875,3,0.646420462397538,2,60.23463301032596,117.47426201921093
P0800,17.531924042659977,3,37.0617155424636,2,116.50763387036831,171.10127345549185
P0801,3.2678630316608874,3,10.33512085387358,2,25.81883596281423,39.4218198483487
P0802,1.9932002058901728,3,1.4193869906438088,2,16.276793988968087,19.68938118550207
P0803,4.317984414739518,3,30.86236182527768,2,75.0208364569836,110.20118269700079
P0804,15.990830504980352,3,1.922537661235039,2,31.260863861564356,49.17423202777974
P0805,12.037279664502584,3,2.9369200850668156,2,24.163695113100175,39.13789486266958
P0806,4.570411111436908,3,0.9209209120418986,2,21.623168402288425,27.114500425767215
P0807,11.601980651678774,3,1.1424651519648203,2,1.9642901120559735,14.70873591569956
P0808,155.93949930813736,3,85.25752065076257,2,289.5376287190736,530.7346486779737
P0809,1.6942712746455337,3,0.804175988659456,2,75.90907502295624,78.40752228626125
P0810,7.088514759622794,3,3.1478252900490595,2,28.531640928864032,38.76798097853591
P0811,24.779778625456974,3,2.12786333979847,2,97.06932060157057,123.97696256682597
P0812,7.734862184708545,3,3.908968220545489,2,99.85040671701216,111.4942371222662
P0813,20.72369385425102,7,13.112881143595368,2,36.92282083783812,70.75939583568453
P0814,2.841669425092339,2,4.495367735086264,2,88.01256950141679,95.34960666159539
P0815,89.74681008970539,3,5.291991351945472,2,46.48739934462962,141.52620078628044
P0816,31.108994874392014,3,14.817972738984569,2,47.142086414205544,93.06905402758208
P0817,290.6588760079832,3,79.49174019210689,2,336.16908396440573,706.3197001644959
P0818,13.090123847804122,3,1.9710961565741536,2,60.892506594526445,75.95372659890471
P0819,0.35354168419967363,3,4.070308635024105,2,95.92956643924427,100.35341675846804
P0820,9.19223059276449,3,26.581886195693905,2,82.41791997756226,118.19203676602066
P0821,10.427048228138514,3,6.806492302703277,2,77.97336025700982,95.20690078785158
P0822,7.562820336255261,3,7.104220478524466,2,78.6500247014469,93.3170655162266
P0823,12.839186136698107,3,43.50050086516954,2,74.97291807588162,131.31260507774928
P0824,2.781853100159524,3,5.150822202612114,2,92.8237103336501,100.75638563642177
P0825,6.310982213098326,3,9.431296120977542,2,77.44344988492091,93.18572821899681
P0826,18.82596581390987,3,8.804339950032922,2,16.791163090346174,44.42146885428895
P0827,8.4115546973661,3,4.404318529609458,2,58.43509677782856,71.25097000480413
P0828,0.5493054553767898,3,4.1068716756868024,2,107.19076754163392,111.84694467269753
P0829,0.7756433157757062,3,4.163432029268743,2,52.57583203522281,57.51490738026726
P0830,2.0419006881319706,3,6.58672451624391,2,85.4347818649915,94.06340706936736
P0831,30.39413136560546,3,9.65176167707944,2,89.79094685129614,129.83683989398102
P0832,7.042973988827074,3,5.297465363420143,2,218.01462342238287,230.35506277463003
P0833,3.9166324440126257,3,18.40215339239751,2,72.29282327572875,94.6116091121389
P0834,16.07263124891205,3,8.296275550553085,2,35.03927428368248,59.4081810831476
P0835,6.315807603460563,3,4.940947269995051,2,24.674098457763467,35.930853331219076
P0836,18.0464618394093,3,0.04296530958520643,2,54.79907596516839,72.88850311416292
P0837,30.1098130098591,3,22.69349874365897,2,42.4172880283375,95.22059978185557
P0838,5.59103589860734,3,3.6963675473574584,2,77.75464604580259,87.0420494917674
P0839,3.1854718033849836,3,1.0814761604519278,2,31.397773645533462,35.66472160937037
P0840,62.09828562134705,3,4.933038112892712,2,80.17131320420309,147.2026369384429
P0841,57.68080422743295,3,4.84161342406901,2,278.11427800382523,340.63669565532723
P0842,9.340444506499537,3,14.452834807135169,2,158.06119766502434,181.85447697865902
P0843,46.079586351218936,3,23.239130490058205,2,48.525713069113586,117.8444299103907
P0844,11.279381230504072,3,7.965251286408935,2,57.71439976002554,76.95903227693856
P0845,4.601034905694538,3,30.201011156034127,2,73.46442798410423,108.26647404583292
P0846,4.029190006311149,3,2.145178537244033,2,25.09470284776369,31.269071391318867
P0847,4.478197592471544,3,3.664304384679359,2,44.493879844080084,52.63638182123097
P0848,26.011597104285038,3,0.7222279339897376,2,41.20507529851811,67.93890033679287
P0849,4.705070691777221,3,4.585797215269382,2,37.60198206377652,46.89284997082313
P0850,17.655883544039128,3,0.8222688144338364,2,73.72562053546761,92.20377289394057
P0851,9.293427722442487,3,1.18934079728168,2,43.797456852170946,54.28022537189511
P0852,9.053297597710275,3,2.7839272093474285,2,51.23485319281136,63.072077999869066
P0853,1.6921560909643323,3,1.6861517660859868,2,33.87736012377461,37.255667980824946
P0854,4.445943846673707,3,1.7235844843597143,2,12.46616211458794,18.63569044562136
P0855,0.8743401827485671,3,3.2693175684042917,2,27.260244110058885,31.40390186121175
P0856,6.65588702221223,3,4.027306691796267,2,31.46201579961686,42.14520951362536
P0857,6.229123007081246,3,11.645745781580754,2,78.57770128438027,96.45257007304227
P0858,7.606649245000669,3,0.24570320963395237,2,39.56150013175504,47.413852586389645
P0859,7.443352470073146,3,3.820446422245554,2,40.70742617829802,51.97122507061672
P0860,8.24911493734985,3,0.7558216253046746,2,26.013115160217776,35.01805172287231
P0861,18.08784507533977,3,0.2579217386455113,2,99.73649340008949,118.08226021407476
P0862,3.726926594449305,3,13.421751069969597,2,38.87417513789024,56.022852802309124
P0863,43.76574010699699,3,62.02261857659793,2,106.18889014424327,211.9772488278382
P0864,4.341779674127196,3,1.6081316845321407,2,17.597089256681713,23.547000615341044
P0865,4.944081564632539,3,7.241882808254809,2,37.32062734367242,49.50659171655977
P0866,1.6546537822979221,3,8.70889798456924,2,45.13060297211998,55.494154738987135
P0867,11.065122319540293,3,18.63662905480375,2,26.78519415413719,56.486945528481236
P0868,5.793396576337612,3,3.004572087069773,2,54.25996931583256,63.05793797923994
P0869,45.13891182225007,3,0.06233373467173273,2,235.89130147843306,281.09254703535476
P0870,6.464338150421383,3,12.68497131157763,2,27.931855593294845,47.08116505529385
P0871,0.8452585660928231,3,0.14219571888905308,2,37.35204477426336,38.33949905924524
P0872,12.392661254581444,3,8.665317552512297,2,153.1328416753716,174.19082048246537
P0873,8.278929018892782,3,4.449888415966704,2,27.18522023759921,39.9140376724587
P0874,4.520533520997683,7,0.9199632857432172,2,91.11893865521945,96.55943546196035
P0875,5.257921516677942,3,8.222673241952611,2,75.61483811887322,89.09543287750377
P0876,3.0566750115090264,3,6.946743749505065,2,21.146722123357744,31.150140884371833
P0877,7.490927531378556,3,3.0276931549733375,2,148.51742368517495,159.03604437152688
P0878,2.2692311626206965,3,26.58701305204775,2,56.019609287995614,84.87585350266406
P0879,31.510349148058378,3,0.7986085158571994,2,106.58842085479587,138.89737851871143
P0880,4.478831011725055,3,3.339681724328535,2,32.18256254948696,40.001075285540544
P0881,7.23696267497388,3,2.66335779406627,2,26.130268215321795,36.030588684361945
P0882,11.063234650211243,2,3.80982802868803,2,72.56772982186172,87.440792500761
P0883,3.1626751229773733,3,19.978261370254117,2,60.82182961449556,83.96276610772705
P0884,338.11357645687724,3,15.106721933852333,2,62.6635743411501,415.88387273188
P0885,2.4311379026287048,3,5.328160878388257,2,57.4139978758077,65.17329665682465
P0886,6.341114756491906,3,4.176786557208974,2,34.51086840033616,45.02876971403705
P0887,1.8489651832682505,3,0.07350568294328273,2,54.476505181972676,56.3989760481842
P0888,24.09382651307663,3,0.05743574960237608,2,97.82307009239159,121.97433235507059
P0889,2.381882152847125,3,0.28666150495785137,2,72.97434256235996,75.64288622016494
P0890,6.953382505446952,3,1.1423908001604888,2,59.41055797457416,67.50633128018161
P0891,5.253699719770389,3,3.188960295839611,2,67.88926359958303,76.33192361519303
P0892,21.700252671824135,3,6.155132885591009,2,54.13686214306182,81.99224770047695
P0893,3.101467898396266,3,1.7503331574683358,2,23.618963191816086,28.47076424768068
P0894,6.137797656874747,3,8.764316367990828,2,30.159146385489855,45.06126041035545
P0895,7.4540764783212206,3,2.3694060751310424,2,209.1756218925698,218.9991044460222
P0896,22.44406410412375,3,46.536628443860735,2,48.80586486240381,117.78655741038827
P0897,2.8768632092969044,3,0.05049208139062495,2,38.38932215499592,41.31667744568344
P0898,0.6355533080376172,3,0.24246323077273532,2,32.90726382605857,33.78528036486892
P0899,16.774277799456478,3,55.82276297007903,2,102.10448496778308,174.70152573731852
P0900,0.8848598829936507,3,1.4299645090504247,2,35.20887972979427,37.52370412183833
P0901,3.970138989004544,3,3.429376287876471,2,28.293504652788787,35.693019929669795
P0902,80.18121637000698,3,35.14823788479657,2,32.364712650692105,147.69416690549576
P0903,6.633397101919419,3,2.6978917963178852,2,18.38772431350912,27.719013211746425
P0904,2.3633840910085713,3,0.16357190731068447,2,25.591487111917054,28.11844311023631
P0905,9.782431388325282,3,7.982170957892826,2,60.28323687823936,78.04783922445748
P0906,1.1194419642091602,3,11.277652712916918,2,36.728776048522626,49.1258707256487
P0907,1.4054092578731083,3,5.569667337748158,2,15.397318809111635,22.372395404732902
P0908,1.5643293982302966,3,0.02322265853567069,2,38.5497042850935,40.137256341859455
P0909,1.6999326358342208,3,59.36660069424522,2,37.54555807455567,98.61209140463514
P0910,1.7814776399853165,3,5.713329921696272,2,35.99503843911909,43.489846000800675
P0911,3.0062900372570573,3,3.301565670460964,2,16.50246603580032,22.810321743518344
P0912,3.8652417171561932,3,11.415430597617416,2,13.803657939055832,29.08433025382945
P0913,9.086729965947733,3,2.774836148331983,2,49.45202233438276,61.313588448662486
P0914,5.90680438244511,3,0.9178257849070837,2,18.871186740741898,25.695816908094095
P0915,6.442625509438235,3,0.37174476138795176,2,34.294476681105635,41.10884695193183
P0916,8.239833080189067,3,2.936623929171627,2,44.193611899544166,55.37006890890485
P0917,12.064356034106764,3,1.7522422734336485,2,37.50624144838896,51.32283975592937
P0918,8.175319828450093,3,0.9017372259952295,2,38.43747900960851,47.51453606405384
P0919,1.4674527189640856,3,0.15741812131297198,2,31.6190873895094,33.24395822978645
P0920,0.2978082554810024,3,2.258446577304821,2,47.81037444239716,50.36662927518299
P0921,10.858691454604113,3,16.261765174236857,2,85.41978855725415,112.5402451860951
P0922,1.5292827872555463,3,3.117406432855833,2,43.45057417631758,48.09726339642896
P0923,6.675621647928457,3,2.636676803770717,2,43.09276218746532,52.405060639164496
P0924,20.49137793267472,3,29.341545887491947,2,162.38694400187444,212.21986782204115
P0925,1.4974830191432575,3,1.4707454249411405,2,38.504429287318835,41.47265773140323
P0926,1.3261097154127182,3,0.6492931784726057,2,14.12713126830919,16.102534162194516
P0927,2.2527473351067604,3,15.402243080193776,2,76.90409486144522,94.55908527674575
P0928,2.0581044893876235,3,0.950505081374047,2,26.292485874871243,29.301095445632914
P0929,86.37442356210639,3,2.549598756676182,2,60.27459982858793,149.19862214737057
P0930,4.263480759798729,3,1.3567300901749924,2,718.819008250681,724.4392191006547
P0931,11.422058861079025,3,44.5501930260869,2,493.842075452674,549.8143273398399
P0932,9.23908974667845,3,6.008617569697819,2,52.68315349592797,67.93086081230423
P0933,9.880799395858464,3,6.23147487129668,2,273.6325579023447,289.74483216949966
P0934,16.250196074562087,3,4.365159501980175,2,21.422996209309623,42.038351785851866
P0935,11.882451648247924,3,38.60697368135415,2,44.773799619035586,95.26322494863766
P0936,3.094945325635074,3,0.2516203183120346,2,43.94742254599122,47.29398818993833
P0937,3.6963659394303887,3,9.137951152884217,2,70.55838455596694,83.39270164828154
P0938,23.15155870403174,3,52.29243058417291,2,116.62638507674846,192.0703743649531
P0939,3.6486867313327713,3,0.3777010049887056,2,30.272639961162813,34.299027697484306
P0940,1.081275175779661,3,22.19913496369643,2,71.43299161989269,94.71340175936878
P0941,10.849960950874804,3,1.4013326945408342,2,130.6383360572794,142.889629702695
P0942,5.256661722540612,3,2.890401493695131,2,32.34043371661616,40.48749693285191
P0943,3.415106753985068,2,1.1173126343063364,2,12.721797784826038,17.254217173117443
P0944,0.7626579537104148,3,3.836141292142648,2,48.10990668650348,52.708705932356544
P0945,3.043549827648947,3,0.5568869298443566,2,5.847928814093162,9.448365571586464
P0946,11.088152075354806,3,2.653039260519075,2,122.06303473209513,135.804226067969
P0947,8.265319699391844,3,5.5171845755256435,2,16.074185737187616,29.856690012105094
P0948,8.191109771624893,3,2.6521105465432013,2,39.60566785072156,50.44888816888965
P0949,15.49964050759418,3,24.604279717851245,2,48.13564274368775,88.23956296913316
P0950,9.491254917605374,3,1.7363144559596817,2,6.797348753901811e-26,11.227569373564785
P0951,9.589321785388334,3,23.14668432830633,2,11.418040196793337,44.154046310488
P0952,9.310438991924032,3,16.992487496963815,2,54.61757439411533,80.92050088300319
P0953,0.13863317143316348,3,13.299488138042323,2,55.83788258196667,69.27600389144217
P0954,1.1680641820907676,3,0.23424820695706453,2,20.37760947057489,21.779921859622725
P0955,0.7414956687398313,3,2.880911017270019,2,210.4716587774414,214.09406546345122
P0956,1.611502038952287,3,3.1372202968326586,2,61.58009079180245,66.3288131275874
P0957,5.303044337235187,3,1.3993994658666404,2,37.13379532666679,43.836239129768614
P0958,0.608566194801688,3,2.2015588079128716,2,12.802638381961849,15.612763384676404
P0959,5.926310612343174,3,8.976151548099189,2,26.598550152221566,41.50101231266394
P0960,1.5176390157034376,3,7.154253428530085,2,55.13221053508814,63.80410297932165
P0961,2.6130604493493546,3,3.4771801835892147,2,6.861311185663395,12.951551818601967
P0962,4.560941220996606,3,2.8882785340145363,2,47.59191477928059,55.04113453429173
P0963,0.6408191226960904,2,2.9762252148656154,2,56.484617100635205,60.10166143819691
P0964,9.309827576841638,3,0.20817392768894802,2,68.47724703621681,77.99524854074738
P0965,11.128959886407495,7,3.4927796476322825,2,98.59212134230954,113.21386087634934
P0966,52.43635429025489,3,6.797263875959664,2,70.85386170715688,130.08747987337134
P0967,19.662004379780793,3,0.0976281184586691,2,37.7797822925002,57.539414790739656
P0968,12.591790884143359,3,4.638241416635766,2,38.53688607312143,55.766918373900566
P0969,6.341143410222852,3,0.22267884344085,2,22.818673478818987,29.382495732482695
P0970,1.692211729625078,3,0.9690075582589402,2,74.97169882717894,77.63291811506294
P0971,5.85625239707952,3,2.6005789926931335,2,42.99983019447779,51.45666158425043
P0972,11.059336870495267,3,0.2068808612858612,2,25.763052032958853,37.02926976473999
P0973,4.033148413673516,3,1.194694916464204,2,27.137497620746192,32.36534095088391
P0974,17.73963004345346,3,47.85191554621701,2,39.29873740619858,104.89028299586903
P0975,0.48109488437838194,2,3.602529658060671,2,64.06944331579236,68.15306785823141
P0976,7.523388260181692,3,6.005640027566434,2,119.1721605099296,132.70118879767773
P0977,4.143322707638197,7,4.66628245113037,2,63.184060929029535,71.99366608779815
P0978,8.51101699004288,3,1.3116668335176203,2,38.26003382264191,48.08271764620243
P0979,1.6767871133095262,3,2.1095206565187774,2,35.468453608815544,39.25476137864385
P0980,6.954435389913267,4,2.435379893278683,2,64.33342900469574,73.7232442878877
P0981,4.253126282240948,3,0.7373264346798509,2,82.30769817318664,87.29815089010745
P0982,2.8650642066103265,4,2.811523785335835,2,51.04886193145911,56.72544992340525
P0983,6.025175242751752,4,3.7774210074703083,2,39.16333857099186,48.965934821213935
P0984,0.9972180147732729,4,4.446294083582454,2,43.54876470435926,48.99227680271498
P0985,8.51499261854339,3,0.33853891403500197,2,27.899942009565017,36.753473542143404
P0986,6.0193070360279375,3,18.149843675695973,2,114.00578884504358,138.1749395567675
P0987,0.8998895596144898,4,3.521833293677125,2,68.46473272342695,72.88645557671859
P0988,4.856062169713932,4,13.695480089282556,2,42.59485154891629,61.146393807912766
P0989,6.386774788271291,3,5.353135159572503,2,28.911733123980145,40.65164307182393
P0990,4.834926919057455,4,3.7951335954682284,2,71.15706087618354,79.78712139070922
P0991,10.390378748927509,4,1.1968907000198745,2,34.3246761304549,45.9119455794023
P0992,4.19753871779386,4,5.399266912581508,2,36.881211460777074,46.478017091152445
P0993,2.23177169018523,4,0.13846832089808417,2,68.42502918459012,70.79526919567343
P0994,5.8434386015924655,3,1.1827857030680073,2,31.397022859141433,38.4232471638019
P0995,3.6817998301298216,3,2.593475100648453,2,42.321988517829205,48.597263448607485
P0996,2.9197282791839676,4,0.6694208192468583,2,36.93477865369803,40.52392775212886
P0997,22.52681817290346,9,5.660777800217211,2,107.3346198385551,135.52221581167575
P0998,2.016582591420595,3,3.233673446073017,2,5.011370821933387,10.261626859427
P0999,23.05744692674686,3,111.28491419106845,2,212.01894143390288,346.3613025517184
P1000,2.1945065877895096,4,0.7449511828084684,2,56.46131102973881,59.400768800336785
P1001,9.261344702964422,3,2.686548298489154,2,73.31148213789706,85.25937513935065
P1002,2.045838343068941,4,0.47188274790207807,2,133.9425295992656,136.46025069023662
P1003,14.843746575557235,4,1.04933547972148,2,169.1898924527903,185.08297450806901
P1004,10.127841383793822,4,1.0365646123111438,2,50.222209080000916,61.386615076105876
P1005,5.533408546259434,4,5.05583679377062,2,54.810415871273676,65.39966121130372
P1006,9.461320140464792,4,8.051898950991884,2,136.23768582475148,153.75090491620816
P1007,4.496438567960772,3,15.519054305835912,2,47.65370826363579,67.6692011374325
P1008,3.5361370496788753,3,19.640597105836136,2,60.29656071918116,83.47329487469615
P1009,1.2345547569010111,3,5.095045527989457,2,41.4913259246624,47.82092620955286
P1010,37.81146504526306,9,0.2629606529713228,2,82.47952488114633,120.55395057938085
P1011,4.546818643777785,4,1.8062824444090644,2,65.74560743636314,72.09870852454999
P1012,0.7714782867139017,3,2.546415986161399,2,38.40279789768196,41.72069217055725
P1013,57.594617251545536,3,18.707640054100448,2,5.451356227529164,81.75361353317514
P1014,12.063456222184215,3,3.874600837941559,2,53.837620510265,69.77567757039078
P1015,7.970331665470247,3,10.871596271647926,2,43.43884888441357,62.280776821531745
P1016,4.68546945044182,3,4.699359603473908,2,5.119521348813781,14.504350402729509
P1017,2.2064714287580927,4,4.352765302724,2,156.94712355555956,163.50636028704162
P1018,7.563016725714588,4,6.152045627536457,2,79.41796555717696,93.13302791042798
P1019,3.411860241428747,3,11.057431766531248,2,22.22638485040637,36.69567685836637
P1020,4.750365553640288,3,0.3878632827621229,2,21.080229747206218,26.21845858360863
P1021,3.7016156275712495,3,6.96337051373583,2,38.588335338914646,49.253321480221736
P1022,29.665037298566507,3,10.053222240943922,2,34.2852209665173,74.00348050602771
P1023,6.362372727210798,3,2.379619394143348,2,66.15312742986532,74.89511955121945
P1024,26.648874397975682,4,5.910499184316634,2,636.2340872799807,668.7934608622732
P1025,2.109031456260922,4,0.9310559527325938,2,56.78435587440015,59.82444328339366
P1026,79.25721493993183,4,2.3950521266303477,2,133.71189399775173,215.36416106431395
P1027,8.71564372253463,3,3.0857938438895545,2,13.36237971617333,25.163817282597517
P1028,8.645370582104789,3,2.6467138992380033,2,32.98025282332842,44.27233730467121
P1029,6.529535735677892,4,7.990649559305087,2,50.19151510204477,64.71170039702777
P1030,5.575996402687431,3,1.2421094602115292,2,72.45984817579622,79.2779540386952
P1031,6.701727932017892,4,1.852207968838729,2,53.9014242170228,62.45536011787945
P1032,10.443038531838667,3,0.5855994889146691,2,48.531589506014654,59.560227526768
P1033,13.403860523762798,3,26.22575187432777,2,46.65634195367568,86.28595435176625
P1034,1.4168385264512648,3,0.37114440068411625,2,83.74811488019851,85.53609780733389
P1035,6.264616495131208,4,22.22515803779958,2,53.46710635885187,81.95688089178266
P1036,1.7447532244685011,3,8.573456256297344,2,38.281949512167955,48.600158992933814
P1037,13.548103730073954,3,3.133828086890896,2,36.7412507021009,53.4231825190658
P1038,19.70043488140675,3,6.008475873367466,2,22.30113192828131,48.01004268305549
P1039,10.70864955481177,4,2.486459497058662,2,24.268835229329106,37.46394428119955
P1040,2.9256390643652357,3,2.1125425792727883,2,19.62490165593235,24.66308329957038
P1041,31.5658399864575,3,57.27248549609665,2,66.33679852806839,155.17512401062245
P1042,3.8716637019839584,3,3.664492167641633,2,62.91137436748745,70.44753023711304
P1043,4.953653439803735,3,0.23629970000999861,2,30.57941489535372,35.76936803516746
P1044,6.485841726331031,4,1.8724035709735478,2,106.87920344904065,115.23744874634525
P1045,5.685242133454514,4,3.6388594794865488,2,103.51636146732743,112.84046308026852
P1046,1.616565224462354,3,4.060235021681764,2,66.05273526275695,71.72953550890108
P1047,8.052136178059355,4,0.6353798161376776,2,75.12296876119753,83.8104847553946
P1048,13.230582995181244,4,2.0396484251462037,2,104.26810113277922,119.53833255310668
P1049,17.01483900765725,4,0.4055024387180434,2,45.675713620287,63.096055066662295
P1050,28.15025378927055,3,0.635440339683693,2,96.27451842512903,125.06021255408331
P1051,5.781592829521315,4,0.6936312196174654,2,26.194503065950332,32.6697271150891
P1052,2.520767092889091,4,1.5822876023142225,2,61.34585609785367,65.448910793057
P1053,29.77628808361305,3,0.7310165254839626,2,12.299530017930207,42.806834627027264
P1054,5.5289692853540915,4,1.4641976662346963,2,50.28018282514796,57.273349776736744
P1055,7.3459734337405616,3,1.6569688985977022,2,26.298007196278828,35.30094952861709
P1056,14.000697864290956,3,3.814831760387412,2,13.778010068511472,31.593539693189836
P1057,8.676320209583118,3,3.4775423088785375,2,51.31270368658659,63.466566205048245
P1058,10.128002135344374,3,3.9183511694827455,2,10.72978859532204,24.776141900149167
P1059,5.71135516648512,4,1.224242827199197,2,41.140401516325085,48.07599951000941
P1060,6.015538582158519,4,2.4495925432924013,2,76.3622896238274,84.82742074927832
P1061,0.06218893205440907,4,0.39788085937703527,2,36.01978947515594,36.479859266587376
P1062,4.80212917055598,3,1.798889639420794,2,45.10562559213048,51.70664440210727
P1063,13.704650353955625,4,2.500462356858526,2,133.2582547571166,149.46336746793074
P1064,7.337655018947669,4,0.31120577414837763,2,86.60133297905169,94.25019377214774
P1065,22.63745941298241,9,1.483435124771701,2,153.0279011645726,177.14879570232668
P1066,9.030654002951968,4,1.29473878938249,2,241.52618507270037,251.8515778650348
P1067,1.417552435128221,4,0.48447915660097385,2,84.81436223610126,86.71639382783044
P1068,13.792363610266728,3,5.1523640356734,2,46.85780448974304,65.80253213568312
P1069,3.425707711991805,3,0.34334295801078596,2,23.6647569225118,27.433807592514388
P1070,6.562284720635874,4,0.7293278106186886,2,25.845064205477787,33.13667673673234
P1071,2.6837556067073134,3,0.7209055359079501,2,26.2867777938981,29.69143893651337
P1072,9.520793559068936,4,0.8412168351955317,2,73.19952113542406,83.56153152968854
P1073,2.953080749259632,4,0.4314438757025532,2,48.15173389428523,51.53625851924741
P1074,5.839539846009812,4,1.4701988209512662,2,39.893245288768064,47.20298395572913
P1075,35.092450329496266,3,29.046977565127598,2,9.607907182568166,73.74733507719202
P1076,13.06391260404789,3,7.623848214327393,2,25.309216093699973,45.99697691207528
P1077,2.346649102722069,4,0.2315702128221526,2,46.70082909953616,49.27904841508038
P1078,6.607361241024035,3,2.8949319517986893,2,19.412109234592723,28.914402427415446
P1079,1.0527742040717931,3,10.429753725249595,2,34.04752565038514,45.53005357970654
P1080,2.5221396802461067,3,1.2343937837026722,2,5.688587428810513,9.445120892759297
P1081,8.190979902047758,4,0.5705289371051645,2,81.10796650115375,89.86947534030666
P1082,1.0924903200183107,4,0.0332477626284054,2,46.76535231896545,47.89109040161216
P1083,6.6621285200446,3,1.2552184013740073,2,11.897317077719096,19.81466399913771
P1084,13.075932118929234,4,1.8648846425228471,2,140.9391356874594,155.87995244891147
P1085,10.654055002214191,4,0.3165212070028364,2,70.76204665375526,81.73262286297229
P1086,41.984665700502475,4,2.4184274195385687,2,37.56935862071681,81.97245174075786
P1087,1.8259099564255095,3,7.1380839986632845,2,13.601995926454645,22.56598988154343
P1088,1.9225137208000531,3,6.342880329090837,2,22.850350878401713,31.11574492829261
P1089,9.937736552862459,4,1.1581584527928293,2,52.22781047984642,63.3237054855017
P1090,10.912768700971164,9,0.04149431995490878,2,88.7303753009915,99.68463832191757
P1091,9.474333551270764,3,12.523085310243868,2,20.28488048216144,42.28229934367608
P1092,3.7987672110101034,4,0.582149402985683,2,38.48696753387662,42.86788414787242
P1093,3.39925886801849,4,0.33404712767821587,2,54.0497112022978,57.7830171979945
P1094,5.94870777569481,3,13.659216314526493,2,63.000204298042455,82.60812838826378
P1095,2.171928436928729,4,1.5569509285908343,2,23.51113295226131,27.240012317780867
P1096,0.3594208814474522,3,12.527297413688315,2,40.40110468224093,53.28782297737669
P1097,2.2117712420093802,4,6.386734579617118,2,36.07035618747568,44.66886200910218
P1098,0.9741988549400995,4,0.4701706747583231,2,87.69906904851544,89.14343857821385
P1099,10.17000125789267,3,2.3618731603479084,2,39.66687072191927,52.19874514015985
P1100,6.6031134606175454,4,0.030189481516431013,2,42.62019934461313,49.25350228674711
P1101,4.416671682033888,4,0.0424468405097964,2,32.22251562153312,36.681634144076796
P1102,1.1251228508706694,4,1.004667163566689,2,17.16151548322209,19.291305497659444
P1103,4.234845688750002,4,0.12909719360305993,2,62.904389741090796,67.26833262344385
P1104,3.9119362783695086,4,6.132273301410143,2,46.876208015505426,56.92041759528507
P1105,2.780536950764788,4,1.839626472159335,2,22.851776666641808,27.47194008956593
P1106,4.49328079572511,4,3.0467337375122074,2,34.61690669476587,42.156921228003185
P1107,8.069857267188944,3,6.409484087566508,2,24.865866787181837,39.345208141937285
P1108,12.606477707604233,3,4.170271414648125,2,65.76682648111486,82.54357560336724
P1109,5.771729084521451,3,1.9194949516934166,2,77.77430319952643,85.4655272357413
P1110,44.672999499371805,3,18.887183576458263,2,36.79588396223546,100.35606703806555
P1111,3.3330201869136067,3,1.0442264953088818,2,19.810234812273915,24.18748149449641
P1112,7.441320777811446,4,1.342832298191286,2,28.056874529548196,36.84102760555092
P1113,17.289836271060395,3,1.202236936078703,2,41.63557296547682,60.1276461726159
P1114,9.119866109285383,3,6.626755480150175,2,38.445854220013715,54.19247580944926
P1115,3.843925833104433,3,4.0851986581899515,2,29.64792580220608,37.577050293500456
P1116,9.288904341700677,4,1.4874314955137742,2,136.59885718216216,147.37519301937664
P1117,2.1399181053940834,3,16.006244406209582,2,35.05740004039063,53.20356255199429
P1118,0.07080161333537793,4,1.1065465756418167,2,43.74311498219596,44.92046317117316
P1119,2.8572433826115873,4,1.8992717357949478,2,49.31805217437805,54.07456729278458
P1120,4.993108370580705,4,0.5825174788418864,2,43.689724651354524,49.26535050077713
P1121,4.699777418500499,4,1.1869355885152901,2,51.67560734809542,57.56232035511122
P1122,4.664481566019117,4,0.32639590967569376,2,38.87157950756908,43.86245698326389
P1123,3.2825891873079156,4,0.008935590574374536,2,75.04057561099938,78.33210038888167
P1124,4.796289677826546,3,3.9921970920125056,2,43.84621100333576,52.634697773174814
P1125,3.8201435757454423,3,8.584844140538037,2,104.15587014677115,116.56085786305464
P1126,3.372773050694489,3,0.28811084113009666,2,28.312705215578738,31.973589107403317
P1127,5.982576195259901,3,0.34295394761404363,2,90.35903012832325,96.68456027119724
P1128,3.3476519576070007,4,1.8956042484434044,2,35.360022181906544,40.60327838795696
P1129,5.095699742961275,4,2.662245409867161,2,63.227583225944365,70.9855283787728
P1130,3.1597159915375213,3,6.40897313473787,2,6.19314262930677,15.761831755582167
P1131,7.472619233567272,4,9.617974351648074,2,85.87376035153046,102.9643539367458
P1132,0.8672441237518344,4,0.5442698924830247,2,63.65022077975811,65.06173479599296
P1133,6.918739044529437,4,3.3138941608314876,2,35.79870873250121,46.03134193786214
P1134,2.124927930846806,3,9.467533930820846,2,22.841713550886947,34.434175412554595
P1135,7.868398024986349,4,1.9107508100806767,2,49.420468871787754,59.199617706854774
P1136,0.055637573976604314,3,1.359811777406484,2,19.141192941052545,20.55664229243563
P1137,5.654845959951854,3,1.2560869423648553,2,139.82853056084411,146.73946346316083
P1138,3.1359100693888204,3,0.130293071302976,2,30.433780136498466,33.69998327719026
P1139,43.28951757320781,3,35.461185551260996,2,95.23836514214806,173.98906826661687
P1140,3.789262097485888,4,5.549801326089834,2,61.36007092340219,70.6991343469779
P1141,5.658999316192898,3,5.430349240968836,2,55.46226953237986,66.55161808954158
P1142,3.807425682455777,4,1.3825124994365552,2,55.40315593706039,60.593094118952735
P1143,4.084662921203846,3,0.09226618807103976,2,46.93802106246898,51.11495017174384
P1144,4.187710165458658,3,6.979452481620649,2,14.416253868826582,25.583416515905885
P1145,6.472317608184033,3,5.946917848288591,2,37.57546173041812,49.99469718689075
P1146,0.3990561125397392,3,1.8370676208617402,2,31.080679843827582,33.31680357722907
P1147,10.860545407535252,4,2.568368524552154,2,72.39246227766856,85.82137620975594
P1148,3.9527517334939537,3,0.8390731117763829,2,37.3602297186427,42.15205456391303
P1149,8.483077420838857,3,1.4885871970392046,2,10.097486759587934,20.069151377466007
P1150,5.919489824165661,3,1.8532641453010397,2,45.794559315203784,53.56731328467048
P1151,4.007034684013064,4,0.22713637172952436,2,19.06791658399733,23.30208763973992
P1152,24.490935378714433,9,0.707141324763225,2,133.57114969411333,158.769226397591
P1153,4.536606855728943,4,1.021023180301427,2,48.153506290683374,53.71113632671374
P1154,5.415142074301437,4,5.650024089428289,2,38.379000652110946,49.44416681584069
P1155,4.123234751952259,3,13.943644803595529,2,70.7490774386282,88.81595699417602
P1156,4.551216978377525,4,3.6124647674872183,2,52.05233282097562,60.216014566840364
P1157,0.7286909278811321,4,1.7426460886339967,2,52.198699955473046,54.67003697198819
P1158,1.9817657332861707,3,2.090453119676863,2,37.93673621062682,42.008955063589866
P1159,8.385747065678304,3,2.2939686307658747,2,21.790995913949963,32.47071161039414
P1160,2.8661564096381618,4,2.2812361598722313,2,69.1769516388209,74.3243442083313
P1161,1.6106169872622893,3,0.3557292093670655,2,33.20535484819994,35.17170104482929
P1162,35.66479617310158,3,16.276755818247583,2,70.6415000913195,122.58305208266866
P1163,6.300383508936894,4,2.7892659082102833,2,81.97230190904584,91.06195132619301
P1164,6.79824131690459,3,0.0954811491657887,2,69.53096663071057,76.42468909678091
P1165,5.326536981378941,4,1.0075869463202833,2,59.02789480841239,65.3620187361116
P1166,1.6865909096045275,4,5.302315229489508,2,33.55861651338759,40.54752265248161
P1167,6.6430518601095585,4,2.024828036642582,2,41.77178578680685,50.43966568355901
P1168,6.554659337547959,3,1.0874153972216785,2,12.098730289950435,19.740805024720075
P1169,7.6294610990516185,3,0.3976215134441365,2,58.18349283864242,66.2105754511382
P1170,0.41006888260358726,4,0.7466745277287736,2,28.777767258979246,29.934510669311596
P1171,9.703592223102161,4,0.4295620209610291,2,12.462946903158624,22.596101147221813
P1172,20.071962932106118,9,1.7434488007945865,2,145.41740898292906,167.23282071582977
P1173,0.49981705013131744,4,4.915548592518482,2,22.931984483085586,28.347350125735385
P1174,3.068536411322906,3,5.919948338812982,2,37.07124156284537,46.05972631298126
P1175,5.157958306531605,3,1.6253632806483849,2,23.921357485096152,30.70467907227614
P1176,2.823505450567513,3,9.385725952856339,2,35.49668911086618,47.70592051429003
P1177,8.687962083318125,4,0.6690400142252411,2,42.962905204304946,52.31990730184833
P1178,0.5305966095676432,4,3.755548872105974,2,67.11577114971922,71.40191663139284
P1179,5.128037866620605,3,16.756445123903532,2,45.67797108960937,67.5624540801335
P1180,16.06592096332998,3,8.392621703665876,2,41.40063801518169,65.85918068217755
P1181,10.352074378818052,3,2.9028457328436437,2,3.539717565031707,16.794637676693373
P1182,17.448104123153016,3,3.3175951348592845,2,102.27408306838146,123.03978232639373
P1183,4.610615269976668,3,5.003025711672794,2,37.88871522388176,47.50235620553123
P1184,2.978109851686196,4,0.8199794716252509,2,44.04501049762211,47.84309982093355
P1185,5.459197482535341,4,0.3306730265415482,2,63.06114305303062,68.85101356210751
P1186,7.0572352927697715,3,17.89563417095304,2,38.1542867961952,63.10715625991801
P1187,0.3815801291946146,3,2.71093068004157,2,27.024862508641462,30.11737331787766
P1188,5.375014864036377,4,0.86286819191355,2,36.411694799255436,42.649577855205365
P1189,11.756000823873913,3,2.629124381456269,2,39.509309607529644,53.89443481285983
P1190,15.905166490240946,4,2.3403015614081633,2,26.57381395730344,44.81928200895258
P1191,9.228017258580858,3,0.24291320957661383,2,24.47954775145171,33.95047821960919
P1192,2.1837352795672693,3,1.7786782708786542,2,11.551753888459348,15.51416743890528
P1193,5.130619295767093,3,1.0228380634249312,2,25.081916016313958,31.235373375505986
P1194,4.563009663724915,4,0.740956873422153,2,32.588835280208166,37.892801817355235
P1195,3.9143880752687,3,1.3252539394684797,2,50.60180081997606,55.841442834713256
P1196,2.771580383078025,4,0.9853147486267363,2,38.27964819783205,42.036543329536826
P1197,0.919765477148038,3,6.572052084066615,2,27.054512311506798,34.546329872721444
P1198,4.8335671590532545,4,0.4977609903652052,2,30.384165762896615,35.71549391231508
P1199,2.39582691550841,4,1.7563154764994002,2,36.58810555327078,40.74024794527858
P1200,11.228322241766273,3,1.9407124098810795,2,41.935242111788405,55.10427676343574
P1201,2.9710555725068146,3,1.2438532779757816,2,49.70111888843892,53.91602773892151
P1202,7.402207470709274,3,0.058926215706691085,2,6.711377886047512,14.172511572463481
P1203,4.816608902553521,4,1.650007519366183,2,41.42669085945465,47.893307281374355
P1204,2.558985821243831,4,1.2471020296228492,2,29.072907215567277,32.878995066433966
P1205,5.5810436666276875,3,0.30258377096223743,2,9.134401452955869,15.018028890545795
P1206,10.714158567241029,4,0.5347877481346276,2,107.92036131100109,119.16930762637672
P1207,3.5862623363334176,3,0.9411239008801343,2,48.4664243313646,52.99381056857815
P1208,3.3540667830773314,4,0.8665903803239123,2,83.67202114257863,87.8926783059799
P1209,0.8216930767764702,3,3.0323852440852175,2,22.24251166465065,26.096589985512335
P1210,2.1112707059838884,3,5.680552942778514,2,40.58291067957211,48.374734328334526
P1211,10.672591827512775,3,2.785032307100524,2,9.035602187595371,22.49322632220869
P1212,1.8283895874047187,3,0.6597783213464081,2,21.17034728062108,23.658515189372206
P1213,17.780711866858212,3,9.02889009935604,2,31.942309506538624,58.75191147275285
P1214,1.450245363225314,3,0.1659069749869053,2,37.4166741084185,39.03282644663073
P1215,2.687507060944582,4,1.6980743925624078,2,73.6216679850249,78.0072494385319
P1216,6.159785962986197,3,3.297635085890104,2,7.6643280809736805,17.121749129849984
P1217,2.319919977877732,4,0.8574346662832912,2,57.75919950041958,60.9365541445806
P1218,11.860678980842103,3,3.7379331272910497,2,64.62473222532088,80.22334433345401
P1219,21.080503541886277,3,1.3836178066271725,2,51.33117930844405,73.79530065695754
P1220,1.6021672526376052,4,0.19296789899991465,2,40.462661030391075,42.2577961820286
P1221,0.08546327382338596,3,9.178173404808142,2,82.12907370156564,91.39271038019719
P1222,3.886384147453681,3,0.012001444574091412,2,18.995132803679148,22.893518395706916
P1223,8.042012956969643,3,0.9919364527413832,2,48.284107491857384,57.31805690156845
P1224,11.962245263771662,3,0.6336954146632341,2,3.957089978820546,16.553030657255444
P1225,1.7727288024442116,3,9.210503035194499,2,19.086570625841286,30.069802463480002
P1226,3.6826007168920682,3,1.9081475038905207,2,82.19923284597452,87.7899810667571
P1227,12.811840204581328,3,3.368182219364497,2,31.126319015649972,47.306341439595805
P1228,3.2785840096782617,4,0.8637926430097793,2,39.71134795032271,43.853724603010754
P1229,3.101559978148166,3,5.705421354976272,2,31.66125223482796,40.46823356795239
P1230,2.2496497434170952,4,1.7822723331625245,2,74.6219913151002,78.65391339167984
P1231,11.271790311045146,9,0.8788170563130413,2,87.9160768888479,100.06668425620609
P1232,6.433939539153933,4,0.6051637737694808,2,23.757894146486546,30.79699745940995
P1233,9.858531709476294,4,0.7726172711043389,2,36.016169654579045,46.64731863515967
P1234,8.167471916996288,3,13.267983849892655,2,47.91748109969265,69.35293686658163
P1235,20.637013930923697,4,4.440755990660053,2,120.00932026419751,145.08709018578125
P1236,1.8255513485848105,3,5.039843862384394,2,18.746817679168583,25.612212890137783
P1237,4.12804580885878,3,7.385524120026428,2,48.97292541191843,60.48649534080366
P1238,14.365928015938172,3,0.30873336678462066,2,25.736215960397,40.41087734311977
P1239,13.241903244220364,3,4.514941673740098,2,78.4595858343121,96.21643075227257
P1240,18.242655055001688,3,0.34968061338167905,2,30.52118653614015,49.113522204523505
P1241,3.571813968791968,3,1.7259379782816564,2,71.04408435867904,76.34183630575265
P1242,1.7276342847461688,4,10.21581153471229,2,27.358966664615124,39.3024124840736
P1243,37.70421435968366,3,3.91766136364982,2,92.22005580755604,133.84193153088955
P1244,4.891946005798096,3,2.2358565610871226,2,15.023396309241042,22.151198876126262
P1245,9.002343354212591,4,0.24032636660619675,2,56.83670757451846,66.07937729533722
P1246,5.778275053645599,3,6.782697634086108,2,67.16356504261316,79.72453773034485
P1247,1.2972090687432682,4,0.8845148554378098,2,71.37665063383066,73.55837455801175
P1248,3.5009949600786197,4,0.22530085227430133,2,54.42645851488779,58.1527543272407
P1249,5.5951230111315615,3,3.0179999623706357,2,63.53059759807596,72.14372057157814
P1250,3.4551865627666896,4,1.229851742701749,2,51.06044898930198,55.74548729477043
P1251,2.568749235747792,4,2.2299800029358656,2,55.114587332304424,59.91331657098809
P1252,1.654988629364589,3,3.634869075990904,2,4.834990715417073,10.124848420772569
P1253,2.932945354260717,3,9.427526457742177,2,18.00259790323772,30.363069715240623
P1254,4.350081758257438,3,3.8471297723633584,2,38.33952307714047,46.53673460776127
P1255,2.6668152160835397,3,3.564035919326384,2,43.96177559407807,50.192626729488
P1256,2.736791569998804,3,1.2345109705777266,2,36.23223493149563,40.20353747207216
P1257,0.31246810986574597,3,1.8528918541690649,2,13.903382642975608,16.06874260701042
P1258,3.1933123819262583,3,1.590990361149382,2,3.033995071790901,7.8182978148665425
P1259,0.9760272703375646,3,0.03406635736569612,2,32.13925607743218,33.149349705135435
P1260,9.079155411738068,3,1.8487969934608017,2,7.069970330865949,17.99792273606481
P1261,5.892789656978384,3,0.9776567901738148,2,59.772678609613436,66.64312505676563
P1262,3.2990924668217274,3,1.4011691883952484,2,32.52593663894505,37.22619829416202
P1263,9.195488433820529,3,42.38509413694878,2,45.9492743868201,97.52985695758936
P1264,16.61890681428516,4,0.5525645046494104,2,33.411174122335886,50.58264544127048
P1265,28.453872045798615,3,4.460777486546253,2,37.91661447331752,70.83126400566243
P1266,1.8840734985019163,3,0.7996860024210437,2,34.91416947050183,37.597928971424786
P1267,5.794378818632631,3,1.6072568136592815,2,77.94854770941714,85.35018334170907
P1268,13.764096764245192,4,2.1641988482875676,2,47.393932094831904,63.322227707364625
P1269,11.04998629754172,3,0.5496256333360374,2,70.415763014681,82.01537494555878
P1270,9.199016713534062,3,6.125273374771829,2,36.509756060426724,51.83404614873262
P1271,3.3394314984633358,4,2.448574728345983,2,133.87033506518338,139.65834129199263
P1272,3.7483786476952785,3,0.5936202189842339,2,23.711813991130217,28.05381285780973
P1273,1.5024779191176256,3,2.722208519527318,2,15.787466497645678,20.01215293629062
P1274,0.6886312316508508,3,4.713093054794303,2,31.59577993440313,36.997504220848285
P1275,8.570513373180109,3,1.5220720172277258,2,31.809006480925525,41.90159187133338
P1276,8.592180341696546,3,14.998876367209284,2,45.17683923690278,68.76789594580862
P1277,0.9837652103601108,4,0.3139201057182377,2,42.740878801314935,44.03856411739328
P1278,30.365021583014062,3,0.6940117133279452,2,52.755065957509764,83.81409925385175
P1279,1.3122821440891428,4,7.0308518063536365,2,40.62643060840573,48.969564558848504
P1280,4.448832001406483,3,1.8969466202055547,2,19.014929709762292,25.360708331374337
P1281,5.3911855492729615,3,44.29337063437349,2,87.60642161499344,137.29097779863994
P1282,4.609626771169921,4,3.88238865587903,2,44.28245921371533,52.774474640764275
P1283,7.404461280847084,3,4.478011607569512,2,30.728574528035043,42.61104741645164
P1284,8.046687269966103,3,16.18048827358937,2,15.686248439695106,39.913423983250574
P1285,3.2747280111857173,4,0.9928884007752098,2,59.0874621968816,63.35507860884253
P1286,1.6921504580722415,3,2.864614026167751,2,52.949978088615005,57.506742572854996
P1287,1.8162765481109344,3,0.6685878460394055,2,7.562460027111122,10.047324421261461
P1288,49.10277369928376,3,0.0076966533704860346,2,10.312424732369003,59.422895085023264
P1289,0.4015288666877792,3,0.2015874926034768,2,28.172689886814084,28.77580624610534
P1290,7.569042554996943,4,0.45226401879959593,2,23.923638452009044,31.94494502580558
P1291,4.020798694085004,3,0.22912541254841237,2,27.898113330625865,32.14803743725929
P1292,5.641328790174425,3,0.6191048913505252,2,54.19184446377961,60.45227814530457
P1293,0.6452045470082889,3,0.35323296909189505,2,30.699278430424254,31.697715946524436
P1294,1.0483727483027054,3,0.3747707739153218,2,34.551405075988384,35.97454859820642
P1295,19.208602557539944,3,3.126979903667441,2,102.17028564309989,124.50586810430728
P1296,26.256644718703058,3,3.1662489470887616,2,7.064625221291541,36.487518887083354
P1297,2.333659362084979,4,2.89192474631241,2,44.97849851577484,50.204082624172216
P1298,10.403878076058366,3,5.818944802805149,2,38.87938612088213,55.10220899974565
P1299,10.46412493592316,3,2.8108292896988916,2,3.6934513238725684,16.968405549494626
P1300,14.313909702014229,3,3.7781847567063775,2,46.790235204587425,64.88232966330803
P1301,1.61169382133759,3,3.8321248193241813,2,13.412029688005768,18.855848328667545
P1302,8.150436967282618,3,6.782881408041076,2,36.84827368556092,51.781592060884584
P1303,46.03570110374581,3,65.89428407706404,2,114.28685732776208,226.21684250857197
P1304,27.777241911394707,3,3.1307240143693376,2,65.4573727101574,96.3653386359214
P1305,4.482619338330549,3,0.9249784824091569,2,18.906545710730832,24.314143531470545
P1306,3.582599099833533,3,0.24894814863303708,2,29.029698011973167,32.86124526043973
P1307,18.43196588093816,3,8.27286074077473,2,20.68290896497964,47.387735586692514
P1308,56.66845555729447,3,7.444444284411321,2,36.70449632595692,100.81739616766271
P1309,7.155700907218721,3,0.4581753669661164,2,92.71884340453447,100.33271967871929
P1310,1.184895436360602,4,2.6209586526032553,2,58.16853434988745,61.97438843885133
P1311,3.8099562337474384,3,3.1434428654550564,2,30.40816760963201,37.36156670883451
P1312,12.644245638716027,3,10.049228059545483,2,23.45760563741585,46.15107933567738
P1313,1.6471089121786184,3,3.148235925964832,2,8.589657189792538,13.385002027935991
P1314,19.47329839971736,3,0.6091461479024003,2,96.5651714612506,116.64761600887036
P1315,0.726491565869672,3,1.32495156090686,2,4.716292806367184,6.767735933143717
P1316,22.157185829172246,3,12.591932096520388,2,107.31136554601355,142.0604834717062
P1317,0.062333509399872145,1,0.030573095500572973,2,15.236779500317967,15.329686105218414
P1318,7.647740999216042,3,4.508753472190154,2,44.83953609328849,56.99603056469467
P1319,2.3250072527625405,3,0.6302773431155295,2,31.438488121221308,34.393772717099374
P1320,3.7603456354682767,3,1.0663010750409454,2,46.05287193271645,50.87951864322567
P1321,10.057460466687068,3,0.07681019899573983,2,25.79725082984642,35.93152149552924
P1322,4.186139241789506,3,2.277741592966424,2,18.19866885970376,24.66254969445969
P1323,2.860277543330362,3,3.0707390452911834,2,8.399457258587688,14.330473847209232
P1324,41.675357318161744,3,13.783638876888787,2,114.05946435074782,169.51846054579832
P1325,1.925527349359856,3,14.42567517846293,2,50.62177422989076,66.97297675771355
P1326,0.8709673429356279,3,0.33614557849560867,2,30.682866269477696,31.889979190908935
P1327,2.4449687006144387,4,1.395547202993329,2,20.90360562466206,24.74412152826983
P1328,0.5770320011065392,3,16.03676738605899,2,84.97519166081597,101.5889910479815
P1329,6.561677650183834,3,0.586514262134977,2,40.28391968069014,47.43211159300895
P1330,0.9276164051231568,3,1.4461049478854981,2,54.00770213985146,56.381423492860115
P1331,4.995269536556477,3,3.3836395038691274,2,5.830831900789635,14.209740941215241
P1332,60.21905289024047,3,3.023324027332074,2,53.57490041535079,116.8172773329233
P1333,3.250200754674773,3,1.9999579922198865,2,30.370740133025084,35.62089887991975
P1334,10.9018880515992,3,8.173763779350736,2,40.60664449242441,59.68229632337434
P1335,2.2769316854934702,4,1.1812822925239708,2,40.87777852913091,44.335992507148354
P1336,1.160670694919401,3,0.763522627923096,2,30.654393856356737,32.57858717919923
P1337,18.68848816001922,3,1.5647224997871858,2,69.77393700702784,90.02714766683424
P1338,46.78935532026315,3,4.431722208554334,2,19.443394437154616,70.66447196597211
P1339,14.01970422874412,3,16.885845387679595,2,55.93849624832463,86.84404586474834
P1340,0.48159719913473886,3,0.1574996407577241,2,52.05833067652349,52.69742751641594
P1341,18.66772383884645,3,5.151958820854616,2,81.76606381217861,105.58574647187967
P1342,0.17617031658917928,3,2.9752679572593137,2,42.478279203107896,45.629717476956394
P1343,6.314469013577537,3,8.260789804042988,2,26.057807507233083,40.63306632485364
P1344,3.681900093123354,2,2.2025739927305414,2,21.188881413801326,27.073355499655225
P1345,0.12028080362381025,3,6.924216613681024,2,47.40706419810123,54.45156161540607
P1346,1.3203967955273148,3,0.1874187450754703,2,51.838118329374346,53.345933869977145
P1347,3.6973292748061697,3,2.241297766083556,2,8.113672792595663,14.052299833485394
P1348,2.021402706961971,3,0.08882578400616706,2,38.71576520569475,40.825993696662906
P1349,0.5171190452627696,3,2.160005772600244,2,7.165732814703736,9.842857632566748
P1350,0.46657962139474196,3,1.1212247225854775,2,49.65342777254429,51.24123211652449
P1351,1.7026439467213044,3,40.95588280642565,2,111.26518888896516,153.9237156421121
P1352,5.572860991025902,3,4.767497641066584,2,40.86580528520739,51.20616391729987
P1353,31.01400895132693,3,2.094226261166544,2,165.28835329352512,198.39658850601865
P1354,0.6023392847133748,3,1.8657151373249763,2,17.252618090531406,19.72067251256976
P1355,0.1086046210003007,3,0.9490208721385408,2,58.15523196662995,59.212857459768784
P1356,11.982173988883082,4,1.26898279885013,2,30.991393919314923,44.24255070704813
P1357,5.941671404996462,4,3.842405738128262,2,67.6217636880579,77.40584083118263
P1358,3.9289418016359314,3,2.591301838404463,2,53.569902995486764,60.09014663552716
P1359,12.325058959498556,3,0.35775739394146433,2,20.707108051269458,33.38992440470948
P1360,154.65353716401128,3,19.950388987718814,2,97.56752765284546,272.17145380457544
P1361,2.3110566209904144,4,1.3891917267252463,2,55.02676305440376,58.72701140211942
P1362,30.366268436823916,3,3.2283749888734654,2,81.05451903445143,114.64916246014879
P1363,19.266575975591174,3,8.709828881863212,2,38.834447395122204,66.81085225257657
P1364,2.503153418665795,3,0.9652607502226755,2,12.542057357483564,16.010471526372037
P1365,3.315089413244948,3,0.34862712222421405,2,42.69072864310938,46.354445178578544
P1366,1.5625849047204246,3,3.0073571811551414,2,45.7291364968215,50.29907858269707
P1367,57.394599530485536,3,0.032759859176949103,2,41.18153867047465,98.60889806013711
P1368,20.854202287613834,3,8.066246022528304,2,78.18771364949279,107.10816195963493
P1369,3.96197360418616,4,0.8392926318312207,2,39.82078106661689,44.622047302634265
P1370,1.2070623994921341,3,0.13710660994008683,2,46.10751798509627,47.451686994528494
P1371,3.2759969948294536,3,1.4759836859058773,2,64.53672558710134,69.28870626783669
P1372,4.385668437684416,3,1.8395388303464386,2,18.910794895969282,25.136002164000143
P1373,24.61678856839682,9,0.35714678449960724,2,91.23624190975983,116.21017726265626
P1374,0.7987271947712913,3,0.710248254314839,2,32.42041061924884,33.92938606833496
P1375,6.3207421928046,3,9.738166111555197,2,59.28035179896334,75.33926010332311
P1376,8.494533702612548,3,0.5680282766234842,2,36.347181366911514,45.409743346147536
P1377,1.3434142340446171,3,0.682364759587934,2,17.073245202801907,19.09902419643446
P1378,1.434741674141342,3,2.7637264931650134,2,47.03223987230677,51.23070803961314
P1379,1.6699331489154623,3,1.3241351858683708,2,13.083279803259952,16.077348138043792
P1380,0.5565341265394874,3,2.6559889312777107,2,8.014270020754495,11.226793078571696
P1381,0.731969985198356,3,1.8173340133145002,2,6.993746045197288,9.543050043710144
P1382,7.30235857828254,3,3.7093586869590833,2,63.01514292661449,74.0268601918561
P1383,9.73187274993802,3,0.07736621592519642,2,56.703790618362305,66.5130295842255
P1384,5.86701660915782,3,4.659479157897381,2,58.416497229530655,68.94299299658587
P1385,0.22514329109519546,3,1.4146014179253708,2,33.32453267515497,34.96427738417553
P1386,4.799953469586369,3,8.613189804333373,2,23.522258737973786,36.93540201189353
P1387,23.54863727806043,3,4.2922119560083205,2,38.31986967331163,66.1607189073804
P1388,2.522200475601289,3,6.253247460401489,2,32.33076717170502,41.106215107707804
P1389,1.6063027659188658,3,0.9497568808475153,2,32.84487909137655,35.40093873814292
P1390,16.512861338115027,3,1.2775936161120396,2,68.52414768524444,86.31460263947152
P1391,43.304292544333734,3,3.898420155363733,2,43.07271359561505,90.27542629531251
P1392,19.176644870147882,3,35.87903259752975,2,178.19658603831243,233.2522635059901
P1393,8.944879561231826,3,4.3721889648248675,2,79.14768192141415,92.46475044747085
P1394,0.857762151819564,3,0.8918539598000691,2,21.305813218233684,23.05542932985331
P1395,6.337111533224795,3,6.914141622215984,2,8.340313832875525,21.591566988316302
P1396,1.3715842690702211,3,2.9752534044759167,2,60.109020778055054,64.45585845160119
P1397,145.54304696034535,3,1.2135224496165484,2,43.846227284344,190.60279669430597
P1398,8.262096368107827,3,3.2809635801118997,2,35.62311699160429,47.16617693982401
P1399,31.062940830702892,3,0.06730710476798483,2,93.97231823919886,125.10256617466975
P1400,3.6998985218486418,3,1.1776541103481186,2,55.95555724347272,60.83310987566947
P1401,3.6761561452478047,3,2.8918070061102616,2,17.963080846272582,24.531043997630658
P1402,0.2817036518769509,3,4.526842166324646,2,22.899173885044007,27.707719703245612
P1403,3.1119328560625803,3,1.6354989524224313,2,34.73555862875713,39.48299043724214
P1404,55.65455634498087,3,14.928636585827995,2,58.1082957406229,128.69148867143173
P1405,5.8133920397744445,3,0.5941355808445681,2,26.966196119678557,33.373723740297564
P1406,15.867438348850655,3,0.742701814875557,2,52.014834165282025,68.62497432900825
P1407,2.4136289773581625,3,0.2252540989749084,2,39.278407847639045,41.917290923972104
P1408,2.758944152023016,3,0.1929574320954315,2,28.642527519271354,31.5944291033898
P1409,10.488619886542477,3,4.254405797039242,2,49.408376423765105,64.15140210734681
P1410,9.918676990193527,3,1.2435673454360316,2,26.806139768945993,37.96838410457554
P1411,41.36336277890378,3,3.744926601917902,2,26.195400152417314,71.30368953323904
P1412,2.742893198896697,3,0.17452419106713088,2,47.87504868557081,50.79246607553465
P1413,3.0276422649290113,3,0.2996866846144143,2,22.77720441961929,26.10453336916271
P1414,13.490541159688457,3,2.203024841373559,2,51.15184335692091,66.84540935798292
P1415,5.079661045519908,3,2.7309027267027735,2,20.15514438195464,27.965708154177324
P1416,64.03631247930679,3,7.5623674553457825,2,39.98701692050206,111.58569685515467
P1417,2.899287522877853,2,0.025877991918405455,2,7.108288884318962,10.033454399115222
P1418,1.1441343697125632,3,3.027612709563545,2,59.1054791466348,63.2772262259109
P1419,12.323719659502812,3,3.218596562684249,2,46.17788075381106,61.720196975998114
P1420,5.9605232270455675,3,2.4473896980869814,2,85.11032701882661,93.51823994395912
P1421,99.58138817942387,3,3.261224570798301,2,87.7834568436882,190.62606959391027
P1422,2.8273671729624907,3,5.517326288601467,2,22.539492774415734,30.88418623597969
P1423,0.6812840287176137,3,1.9589334558813638,2,53.847133928240765,56.48735141283975
P1424,2.7267454708352976,3,1.426953989767485,2,39.06549211325461,43.219191573857394
P1425,24.09893396520335,3,0.8593833124721635,2,87.22350194293446,112.18181922061001
P1426,2.7564148552213292,3,0.5379296108262764,2,52.00961358467973,55.303958050727346
P1427,2.8216851932024025,3,0.5292672135359839,2,27.32945372674855,30.680406133486933
P1428,0.9842855279567861,3,4.939933696200624,2,53.51679829569681,59.441017519854206
P1429,9.092960455815762,3,3.9750462059987397,2,55.688788454093384,68.75679511590789
P1430,1.11598517519899,3,2.0022673125896686,2,42.45516397614556,45.57341646393423
P1431,8.315329512333399,3,7.274601093109289,2,35.23005269776107,50.819983303203756
P1432,11.825927413454044,3,10.695240262859228,2,23.90333350754592,46.42450118385919
P1433,7.541673717561097,3,1.0100073237836145,2,52.55882911879156,61.11051016013626
P1434,6.506702706208393,3,0.7499605976339025,2,55.30654051854744,62.563203822389724
P1435,5.618051251698935,3,6.167382953226154,2,20.61740385339177,32.40283805831686
P1436,6.580308641391993,3,2.785815858888371,2,56.50579003252592,65.8719145328063
P1437,17.38030878541868,3,26.77416760808366,2,16.716958202177704,60.871434595680064
P1438,7.63997751466274,3,1.6125067429017732,2,68.36761761754677,77.6201018751113
P1439,0.33984288683713687,3,3.1273308306995578,2,48.13741022490938,51.604583942446084
P1440,7.9786490495599836,3,6.355758827040703,2,46.77276806948304,61.10717594608373
P1441,0.5270552102619671,3,0.9946001116795236,2,24.303692427982725,25.82534774992422
P1442,6.015289623373663,3,0.9051775322031388,2,26.3412122886018,33.261679444178604
P1443,6.2724001590789555,3,4.965027505693452,2,51.27185536802552,62.50928303279791
P1444,0.9755302185254817,3,1.7869789251902923,2,30.461321315967563,33.22383045968334
P1445,12.254341305204509,3,1.1654579598941208,2,52.460630565451595,65.88042983055023
P1446,1.603592354632787,3,0.3602338731634159,2,58.00707426169671,59.97090048949291
P1447,5.272403425720216,3,7.960822894629389,2,70.04071827401512,83.27394459436475
P1448,15.058158431168414,3,0.775831155297416,2,40.68245885848543,56.51644844495128
P1449,7.309770889956723,3,8.979439264214026,2,48.745084489985224,65.03429464415598
P1450,2.91070343314368,3,0.13738054189071472,2,4.392855219478559,7.440939194512952
P1451,10.420285851797228,3,8.058499806623724,2,40.773912836815086,59.25269849523605
P1452,7.951917483664195,3,9.258507794725826,2,52.72897651610452,69.93940179449451
P1453,8.230551250536614,3,4.057418208024835,2,47.35960361686016,59.64757307542159
P1454,14.10192723198088,3,1.3558602295159807,2,23.479123454964228,38.936910916461095
P1455,9.72950497905262,3,2.351334237890184,2,21.784009339246644,33.86484855618947
P1456,8.758230593991069,3,2.130226635001386,2,36.64971374165061,47.53817097064308
P1457,7.102061591184437,3,5.058069305095518,2,7.5415546422762985,19.701685538556255
P1458,0.15778818763562538,3,5.599180625321583,2,31.48259884417043,37.23956765712763
P1459,33.650097007575035,3,25.410258326909485,2,63.77114824506908,122.8315035795536
P1460,2.3538030135882937,3,1.0162898448846678,2,38.30320560046601,41.673298458938966
P1461,2.3599657890524086,3,2.002598418040268,2,56.371197475517334,60.73376168261003
P1462,19.91653518261888,3,3.1434701728716634,2,28.924682633343455,51.98468798883401
P1463,2.6618035659580768,3,0.7880879546073022,2,37.55050389873519,41.000395419300574
P1464,1.2126031483394413,3,0.7463554083030626,2,69.92517051939826,71.88412907604076
P1465,1.4110241855974293,3,1.5440838595701685,2,9.859197744132064,12.814305789299661
P1466,3.9190608839045153,3,2.493386144259326,2,44.52507043938577,50.93751746754963
P1467,4.24055172306461,3,0.1509091942789004,2,39.148390119164596,43.53985103650811
P1468,8.66175243333194,3,9.01624909731193,2,36.4772646637091,54.15526619435294
P1469,7.2475979323115896,3,1.5476947544149409,2,15.971300435999362,24.766593122725887
P1470,3.3553187078143387,3,3.0850875965245117,2,41.78712017458736,48.227526478926215
P1471,10.613640262367039,3,7.836476006587005,2,26.211244370601257,44.66136063955532
P1472,2.440493158936676,3,6.965978981872404,2,15.373925828807325,24.78039796961641
P1473,8.478800336775096,3,2.811856903079124,2,18.241968729604064,29.532625969458287
P1474,18.49483975472332,3,18.999665371066577,2,25.989988057754122,63.48449318354402
P1475,3.0566608580903654,3,3.4734052222547684,2,53.27711095248944,59.80717703283457
P1476,13.680387343615148,3,1.6268174250774874,2,46.10016656518051,61.40737133387315
P1477,14.721171304860414,3,0.7997428928571635,2,63.917592832976226,79.43850703069381
P1478,3.676288388380175,3,0.8439566392805568,2,15.141044847046425,19.661289874707155
P1479,3.166174996466089,3,2.569450601059944,2,12.824042738177711,18.559668335703744
P1480,2.1364693227376708,3,0.5338651140220084,2,56.44959771123902,59.1199321479987
P1481,3.3812756837426816,3,6.6135923832643675,2,34.30347448752901,44.29834255453606
P1482,26.474975113398962,3,6.141004401281147,2,37.957825442998036,70.5738049576781
P1483,7.691710406485447,3,36.499789095141594,2,83.19721644027354,127.38871594190056
P1484,4.116431400481601,3,0.10455702612238282,2,35.70156466624075,39.92255309284474
P1485,83.59689559158357,3,18.98810488994981,2,76.62571798304371,179.21071846457716
P1486,2.41368011125502,3,0.5902196880830118,2,43.43990871175385,46.4438085110919
P1487,8.584381876702318,3,7.571365567049838,2,44.801959294960376,60.95770673871256
P1488,8.04122707302469,3,0.4307626422555947,2,34.65330127918006,43.12529099446035
P1489,70.44882901698348,3,22.770277457478663,2,40.38269123841101,133.6017977128731
P1490,5.1339226150724135,3,7.466589439455425,2,52.716288970337466,65.31680102486528
P1491,14.602098703313507,3,1.2897443209472685,2,19.58557532998287,35.47741835424367
P1492,5.229578072723843,3,2.5189334641958068,2,16.562359787315465,24.310871324235112
P1493,4.455644071388866,3,2.705020715291669,2,20.52361311563463,27.684277902315166
P1494,7.932339195797709,3,1.6115445466545,2,17.800435074723083,27.3443188171753
P1495,5.8090779447293475,3,0.24844450395103693,2,29.98150160382098,36.03902405250137
P1496,7.9517788333551245,3,1.7934995787896146,2,28.385168366723963,38.130446778868695
P1497,4.901051777684368,3,0.5405620706043258,2,54.58520164469404,60.02681549298272
P1498,12.170753566634328,3,1.9314492705102726,2,27.18607474910715,41.288277586251766
P1499,0.6611314425270731,3,1.7761832795319121,2,54.5341900101116,56.97150473217059
P1500,5.939098770177577,3,0.30142119022081576,2,57.11539809011165,63.35591805051005
P1501,6.530853053926372,3,5.258513378150429,2,33.29937921880434,45.08874565088114
P1502,12.776284976313985,3,10.73763128193689,2,30.153686210201116,53.66760246845195
P1503,0.8564535436008388,3,2.926082495285278,2,32.35872830532016,36.141264344206284
P1504,17.938259187057636,3,44.020532289899855,2,43.31651810106821,105.27530957802571
P1505,4.801358612718574,3,1.4916758512071393,2,33.27887936038285,39.57191382430855
P1506,28.73249086454018,3,8.715494521192069,2,34.86757608922569,72.31556147495793
P1507,13.84098905595124,3,5.988438766584337,2,18.594184103220105,38.4236119257557
P1508,6.086273128023439,3,1.5561573305998573,2,15.04847339744344,22.69090385606674
P1509,7.991007787459748,3,3.6307741732112166,2,53.96175789935789,65.58353986002886
P1510,3.255863597689865,3,3.002741460854892,2,64.69506754677305,70.9536726053178
P1511,6.3284613040157085,3,0.35305609218774164,2,23.064833633014906,29.746351029218342
P1512,119.3928722130086,3,5.708532639183195,2,93.0354611092722,218.13686596146403
P1513,0.8795069091906543,3,3.2519825675228615,2,15.046309384422285,19.1777988611358
P1514,0.25630083956752625,3,3.072535435221227,2,38.28028274805086,41.6091190228396
P1515,4.583460863261275,3,0.4297050297103091,2,16.694248360822087,21.70741425379367
P1516,5.6617822608142205,3,8.176516108987286,2,52.86641624270029,66.7047146125018
P1517,0.8595798231376726,3,2.304686118992709,2,31.0679462502627,34.232212192393085
P1518,2.0664285463318515,2,1.106288855426139,2,21.564168863643957,24.736886265401942
P1519,1.2506208177006208,3,0.14155303992252222,2,12.56850552881347,13.960679386436608
P1520,5.12061125345682,3,0.23114923738933812,2,27.451908315168513,32.80366880601467
P1521,8.232476728744677,3,0.6473093331435888,2,52.73795140804266,61.6177374699309
P1522,11.496168217095386,3,3.0368399808012336,2,36.04542173842255,50.578429936319154
P1523,3.7523625019786153,3,1.4033087570020668,2,30.252589506895802,35.408260765876484
P1524,13.302147018023948,3,4.9662744430165695,2,56.16051796450795,74.42893942554848
P1525,52.0769694697806,3,0.8041360192249342,2,163.30229076432101,216.18339625332658
P1526,3.79565967113245,3,10.575828073117316,2,22.74156371049124,37.113051454741
P1527,0.8992718763881936,3,0.8899595300390901,2,45.21776552633073,47.00699693275802
P1528,2.819940436693018,3,2.431893133253322,2,47.153619594336384,52.4054531642827
P1529,2.294278702051231,3,3.7121099290897313,2,39.683167992638374,45.68955662377934
P1530,1.8669223406757463,3,5.217588170965531,2,7.440854990725565,14.52536550236685
P1531,11.081101443304815,3,1.7076200019381178,2,44.118472094119134,56.907193539362055
P1532,3.723028205518993,3,1.3898890609314354,2,83.38801522906434,88.50093249551476
P1533,1.6815846303682254,3,0.42275333533563775,2,47.48144104912858,49.58577901483243
P1534,2.541725063300622,3,2.2285809579370657,2,52.10667328946969,56.87697931070738
P1535,10.768347582021788,3,4.375059555779685,2,75.29592578379494,90.43933292159642
P1536,2.8726127228798584,3,11.520879523836948,2,91.88317608807158,106.27666833478837
P1537,7.352124395443737,3,0.3483819345412907,2,36.394596263822926,44.09510259380796
P1538,10.772278194499695,3,7.118042727856304,2,49.23640125151068,67.1267221738667
P1539,0.7347595022036928,3,14.914430422291746,2,40.20237339309986,55.85156331759532
P1540,3.452003340632849,3,0.08848208359237165,2,13.725959553036544,17.26644497726176
P1541,7.580668148203392,3,11.829275295575364,2,50.895909124789746,70.30585256856848
P1542,0.3296769466175485,3,1.6018893760917117,2,82.08789721970447,84.01946354241372
P1543,1.0777368479188276,3,2.7684607190743447,2,78.74705861731898,82.59325618431215
P1544,19.62252799522914,3,0.594877431869487,2,98.13154888788468,118.34895431498333
P1545,0.9782116621058484,3,1.5711033954871771,2,55.41405668213347,57.96337173972649
P1546,10.220109653079154,3,1.1849833308978706,2,43.02545579813622,54.43054878211324
P1547,1.259765331500331,3,5.714857015635471,2,21.393456255643606,28.368078602779413
P1548,16.335125077743477,3,2.798855306207524,2,34.37055397782054,53.50453436177155
P1549,4.103872306170006,3,1.8046037323768647,2,25.486143920168843,31.39461995871572
P1550,1.8432444388466558,3,2.3628954694631825,2,40.79856941530171,45.00470932361155
P1551,6.226116396242153,3,4.569245715327044,2,22.194246816394386,32.98960892796358
P1552,3.160441806659096,3,2.904660424575777,2,58.66811958012074,64.73322181135559
P1553,20.660357074873247,3,2.419920187221036,2,55.80764021916412,78.88791748125841
P1554,3.8362645596502074,3,1.382990601441182,2,34.86187917710577,40.081134338197145
P1555,10.342797878396802,3,9.775393804619965,2,19.992900772548992,40.111092455565746
P1556,5.351086144516338,3,2.7149289648327413,2,49.3452686583702,57.41128376771929
P1557,1.015820661139774,3,4.970276776872,2,49.64163805588077,55.62773549389252
P1558,2.4381942813582422,3,1.001054992635185,2,46.5156991903752,49.954948464368634
P1559,36.601045401080576,3,22.000312867472218,2,71.27363426446307,129.87499253301584
P1560,5.888967675744654,3,2.970062170830299,2,40.15896824259782,49.01799808917279
P1561,4.811823920380523,3,18.204750894627878,2,41.5811056431854,64.59768045819379
P1562,3.3268080507437627,3,2.3478367511038263,2,40.67614040865784,46.35078521050542
P1563,14.25653359815584,3,1.7956117960593148,2,40.38185844139119,56.43400383560632
P1564,25.821415204507087,3,2.8364836184449618,2,61.673311255079,90.33121007803102
P1565,25.89855372056663,3,2.271352784699486,2,20.615652500660733,48.78555900592683
P1566,6.527853578178697,3,5.671710195667172,2,30.46026787234951,42.659831646195386
P1567,4.9762037129937795,3,0.24559257550433863,2,23.6626894271434,28.88448571564152
P1568,1.9143578524536597,3,3.76286282704004,2,57.01473499969777,62.69195567919148
P1569,25.273486152904674,3,1.7192435458606068,2,50.40090701295909,77.3936367117244
P1570,3.0330487995926534,3,7.8565273581622215,2,18.925335193628346,29.81491135138323
P1571,18.022514283079698,3,2.1567146293952075,2,54.70211098285518,74.88133989533007
P1572,1.6008714410522698,3,5.907102952718291,2,25.59907664477891,33.10705103854946
P1573,0.5580170939175387,3,0.7102710489516617,2,23.332989406003836,24.60127754887304
P1574,12.7653645472279,3,2.471049350368185,2,51.08134135691659,66.31775525451266
P1575,0.6048618548300579,3,0.44421958188878613,2,61.453765431232334,62.50284686795118
P1576,8.077463747195338,3,6.650150902168477,2,31.897128667226053,46.62474331658986
P1577,0.665283965332712,3,3.25260299474298,2,83.2067483097588,87.12463526983449
P1578,2.4749004018036644,3,6.124644075664002,2,52.980367928385995,61.57991240585366
P1579,7.121669170659802,3,3.9746965950300366,2,13.023868769016046,24.12023453470588
P1580,24.866475901636324,3,0.3646131304566131,2,56.90101380403296,82.13210283612592
P1581,2.8748799601377897,3,12.626177893250981,2,34.117563417522994,49.618621270911774
P1582,10.442645306820552,3,0.6392839271062624,2,45.021347051223415,56.103276285150244
P1583,12.644048752422949,3,0.7123328784036359,2,60.33219508677218,73.68857671759876
P1584,6.021140154031617,3,0.08065179729972125,2,50.85642811794325,56.95822006927458
P1585,5.6445896264813165,3,3.2022147407154957,2,50.907342094600935,59.754146461797745
P1586,0.6738866322740653,3,4.092284190935009,2,42.137520726155536,46.9036915493646
P1587,25.14847393576779,3,3.34230921009851,2,22.8570747401825,51.347857886048864
P1588,0.45342246227034455,3,2.0058132189743083,2,6.359649043511312,8.818884724755964
P1589,16.266076460862163,3,0.40173545868235044,2,47.170925826364396,63.83873774590892
P1590,21.799634404372185,3,2.844794722422453,2,62.09047241093978,86.73490153773442
P1591,12.302662166249515,3,0.7850683512231336,2,65.78171483250986,78.86944534998251
P1592,1.3656080713223915,3,0.030306831029205207,2,41.83148022700324,43.22739512935484
P1593,4.220735928040975,3,0.3906474852158517,2,30.379848813517576,34.9912322267744
P1594,12.896289603580229,3,2.055151737776941,2,44.26126926102829,59.212710602385464
P1595,3.8090231260345715,3,1.9874103295095344,2,35.92122413431704,41.717657589861155
P1596,11.04809792353858,3,1.7881354234659796,2,7.491948097709816,20.32818144471436
P1597,5.687077180642055,3,3.7646476968394387,2,51.469407308947325,60.921132186428814
P1598,3.645390910685008,3,4.373191555215361,2,34.99792108693703,43.016503552837406
P1599,13.194355355622745,3,4.0404420776339895,2,34.427353899828134,51.66215133308488
P1600,5.87100164147028,3,0.00012017762104694649,2,29.200697528726852,35.071819347818185
P1601,2.908527868314871,3,0.32531767801459954,2,75.15003058481042,78.38387613113991
P1602,5.866426546361002,3,0.2529094726787474,2,63.04663658041078,69.16597259945054
P1603,0.2589473026429235,3,1.080758480664012,2,41.786059248559425,43.125765031866365
P1604,1.1101076129404366,3,0.9648382887380385,2,38.444082998084895,40.51902889976337
P1605,0.8610583959363401,3,1.913420727553744,2,74.27337646846622,77.04785559195632
P1606,55.20398301444736,3,1.8072840568815975,2,65.40558384790751,122.41685091923638
P1607,1.8815467243191804,3,6.608501894132745,2,88.51410919523005,97.00415781368199
P1608,6.562560368526409,3,0.17576238552916498,2,13.656249618674051,20.394572372729623
P1609,1.2680112579030292,3,3.0362461611553937,2,103.86345472693485,108.16771214599328
P1610,15.07855811881879,3,5.973211889329384,2,25.847238761209685,46.89900876935785
P1611,2.2911895478327433,3,5.190896860865228,2,41.93830668948796,49.42039309818594
P1612,1.7073134180006895,3,31.67420041767869,2,59.02777152838025,92.40928536405966
P1613,2.724566448813192,3,3.533623502003905,2,5.4475296407672635,11.705719591584364
P1614,3.3072641155575266,3,1.2763090056497097,2,50.114513933653896,54.69808705486113
P1615,14.797551727513673,3,10.13326803971297,2,20.012939731816815,44.94375949904348
P1616,2.338642487599298,3,0.9082025107980246,2,68.34880826027185,71.59565325866917
P1617,0.9362038499392645,2,2.270650888501151,2,76.93902242053592,80.14587715897636
P1618,1.3011975900419457,3,0.9089531951928222,2,32.22390202890671,34.43405281414149
P1619,1.5088764576588007,3,0.10779845330695258,2,33.7007954775839,35.31747038854966
P1620,2.2280091343610997,3,3.134685299862831,2,31.107890345763142,36.470584779987085
P1621,7.0900797520255585,3,0.6421892100914145,2,47.432051709810146,55.16432067192711
P1622,3.1466259528180562,3,3.4391305402666057,2,59.30411286596666,65.88986935905133
P1623,18.372822373170344,3,4.158743530493584,2,51.00486565972384,73.5364315633878
P1624,8.201072122564396,3,4.320785467849847,2,53.56065881293062,66.08251640334487
P1625,0.9803550744762114,3,1.4257529756831209,2,39.496965065340476,41.90307311549981
P1626,4.503414613890273,3,0.09679346414162064,2,23.474836874469588,28.075044952501486
P1627,2.296387205307878,3,5.80211999122245,2,56.483802270897264,64.5823094674276
P1628,0.8541013594735751,3,1.4452497003044233,2,6.492164223519107,8.791515283297105
P1629,4.218920728184841,3,3.4091888612461494,2,37.673880439305734,45.301990028736725
P1630,18.34657459072856,3,2.4738642286728143,2,53.74608268515183,74.56652150455318
P1631,54.78964813430614,3,18.074652096380284,2,43.78627014127735,116.6505703719638
P1632,3.0349199182101114,3,3.160392044902351,2,66.60188459763047,72.79719656074292
P1633,4.620882025082863,3,0.5229122416324484,2,18.309769056443024,23.453563323158328
P1634,3.8952961666921886,3,5.234583605833937,2,51.983597121684916,61.11347689421104
P1635,6.513239890921976,3,4.840822679904777,2,13.872357031689786,25.226419602516536
P1636,2.0438628568744703,3,0.565058059675458,2,31.53312553137225,34.14204644792218
P1637,1.6179186924151614,3,2.8192060896530062,2,7.531345151940605,11.968469934008773
P1638,6.5456031940277795,3,0.3046947133987912,2,84.05062773077975,90.90092563820632
P1639,4.294666350194526,3,3.0456558524348063,2,52.027164615402434,59.36748681803176
P1640,6.5475528799373395,3,4.5771517740755785,2,50.12076061110441,61.24546526511732
P1641,16.799938595841635,3,0.6194221407966463,2,61.81588399503564,79.2352447316739
P1642,10.537596915045349,3,0.07650443312844946,2,16.96030060829321,27.574401956467007
P1643,9.820826948540502,3,0.1991238791081464,2,16.319027790992095,26.338978618640738
P1644,19.011295243927204,3,0.47336364537062,2,58.3540435792054,77.83870246850327
P1645,1.3628431261971994,3,5.516450306635055,2,34.7671024211422,41.64639585397446
P1646,26.489559508818157,3,4.023423108061561,2,68.50254360113492,99.01552621801464
P1647,10.18819328993307,3,0.25520455630483974,2,5.0314142969632965,15.474812143201202
P1648,1.431242969937932,3,0.40846289963586746,2,54.93011437337489,56.76982024294869
P1649,6.9806791420055365,3,6.140855010876562,2,71.5478320602885,84.6693662131706
P1650,2.0785088335748223,3,0.2756751006999043,2,38.1050145334926,40.45919846776732
P1651,7.184303556261977,3,12.733563602540977,2,124.43868523873111,144.35655239753407
P1652,12.132099930328597,3,0.6110244031245243,2,50.09365105544888,62.836775388902
P1653,1.0611412754372969,3,4.499079875563688,2,49.940539390288045,55.50076054128903
P1654,3.939185860603933,3,0.4720211587379064,2,46.465863568339245,50.877070587681075
P1655,1.7654530267353985,3,6.436998185744847,2,23.30960140493363,31.512052617413875
P1656,18.04495461146907,3,23.511009495047755,2,82.30309205879979,123.85905616531664
P1657,2.1771692355743415,3,19.24480429021562,2,20.412964064530875,41.834937590320834
P1658,12.008126585419461,3,0.2660692403283027,2,33.30025952630866,45.574455352056404
P1659,10.137131936837335,3,0.22129845850338337,2,75.40828268129695,85.76671307663769
P1660,4.980827345057787,3,8.550111890542091,2,61.51785009265117,75.04878932825105
P1661,17.3094505424772,3,0.6643823634881301,2,38.67416239521428,56.64799530117961
P1662,2.113673351361355,3,5.278886360340224,2,35.675350828556034,43.067910540257614
P1663,2.7359062085148,3,0.8597239715089336,2,64.61033700497917,68.20596718500292
P1664,1.3611380595028628,3,3.1757639951021632,2,63.12312781705463,67.66002987165966
P1665,9.880638486541436,3,3.112468916763205,2,12.684054738804981,25.677162142109626
P1666,12.896704967187341,3,1.5719885141524828,2,80.66900998964884,95.13770347098868
P1667,1.3217134658048477,3,0.5133576847695912,2,8.342431258076388,10.177502408650827
P1668,3.191846907032345,3,1.2582077191688479,2,49.71540132819816,54.165455954399356
P1669,7.0833338746915,3,3.2243127616305207,2,49.565917725328454,59.87356436165048
P1670,4.217136769154773,3,1.6239544326291804,2,9.167163362485228,15.008254564269173
P1671,58.39910924390047,3,0.4620070979347949,2,5.0882057191477195,63.94932206098298
P1672,4.678828548008791,2,1.1304377416886418,2,12.389573852870685,18.198840142568116
P1673,2.1059768408723682,1,16.105056758823228,2,0.5398073166930725,18.75084091638866
P1674,7.681225469003034,2,15.341752539937184,2,20.902442665116997,43.92542067405723
P1675,12.539800557279838,2,41.275968755077336,2,8.982178589010914,62.79794790136801
P1676,0.18354537217677025,2,1.4112817583044939,2,1.4893963553961153e-26,1.5948271304812638
P1677,5.35375535706763,2,10.295763592999194,2,5.790964295820667,21.440483245887485
P1678,2.0240891853019014,2,9.383924991476828,2,0.14586401186526465,11.553878188643994
P1679,2.9641791817965797,2,2.002722248373331,2,0.1504846907167884,5.1173861208866915
P1680,4.069408057331195,2,0.6089376218461677,2,0.08502079850318506,4.763366477680548
P1681,26.889241497015725,2,7.517668415806942,2,1.2301316105535762,35.637041523376226
P1682,8.230288668193717,2,0.9029111733623596,2,8.16572665339984e-27,9.133199841556044
P1683,3.439286427258304,3,0.08795472163651955,2,10.007918045593176,13.535159194488005
P1684,10.732490278757265,3,5.8860896198135935,2,22.698042173209778,39.31662207178063
P1685,0.6732725433674832,1,1.2119255605083157,2,12.806015326513652,14.691213430389451
P1686,2.5483904471205485,2,0.0,0,7.832672824387821e-30,2.5483904471205485
P1687,4.024626272914546,2,3.2169211877541537,2,2.3729251982851514,9.614472658953853
P1688,11.890713039333075,2,0.7434178489440059,2,11.796211601228194,24.430342489505275
P1689,9.335838428482422,3,1.480538824270904,2,3.9752050513678614,14.791582304121185
P1690,2.2599121541774383,2,2.48732212945481,2,1.8605711920845864,6.6078054757168365
P1691,1.0848437538862163,3,10.486724254330905,2,6.056028307508645,17.62759631572578
P1692,0.5834470770497632,3,11.541482820781649,2,3.8653518280713164,15.990281725902745
P1693,4.614159382411521,2,0.012143924150244314,2,1.9003130829988613,6.526616389560629
P1694,7.324484543828003,2,5.318843263964025,2,10.618523754191035,23.261851561983057
P1695,8.526124200596557,2,0.2358035253370656,2,13.666039118314401,22.427966844248026
P1696,2.7645190917883666,2,0.1036625320945208,2,0.91172411451583,3.779905738398717
P1697,3.090752461614222,1,0.4135106113210569,2,5.776222910718385,9.280485983653666
P1698,1.355818241021985,5,2.5896821718448297,2,8.308805222034794,12.254305634901606
P1699,1.177019653002155,3,2.639556406379983,2,2.8602755313563635,6.676851590738502
P1700,7.562784749743305,7,0.1499916126744484,2,14.443669392181775,22.15644575459954
D0000,33.867134380193136,3,11.918241155677705,2,132.12467373224155,177.91004926811237
D0001,49.126609675190466,4,1.5711405300284929,2,8.56022344112456,59.2579736463435
D0002,134.38732519541156,3,28.217282361941084,2,81.67219937224358,244.27680692959623
D0003,13.693334334874411,3,6.137917428413124,2,112.08094071543681,131.91219247872434
D0004,52.677582844999016,3,66.74523661868348,2,118.65579169755254,238.07861116123502
D0005,68.83929266394881,4,99.6700127307713,2,59.6169186855371,228.1262240802571
D0006,2.0599538118726417,3,18.836290743532114,2,172.0978969179846,192.9941414733893
D0007,64.390764554652,3,19.81039499641912,2,93.72927716196112,177.93043671303218
D0008,15.63600996921247,3,1.909055568261548,2,67.53442161599658,85.0794871534706
D0009,11.571780400312143,3,9.105613867034467,2,6.861233477753061,27.538627745099667
D0010,7.608992547037876,3,90.74107687714488,2,8.245660835136924,106.59573025931964
D0011,6057.247359107274,10,233.35133559282707,2,1191.0750130915815,7481.673707791674
D0012,17.92640231065637,3,15.656337933159241,2,10.489306322368488,44.072046566184085
D0013,28.87870067795925,4,5.118823268417238,2,103.9110177516106,137.90854169798712
D0014,53.19300370296592,3,3.2554703967593808,2,29.1274193846057,85.57589348433095
D0015,46.99070874362641,3,0.3251265427294796,2,58.6346614343691,105.95049672072501
D0016,825.384323461239,4,104.72782568878372,2,188.03540363505562,1118.1475527850796
D0017,9.189567372168682,3,1.5023090935253947,2,4.605244631874959,15.297121097569034
D0018,111.85509452178864,3,5.420464814364167,2,199.3477456570618,316.6233049932145
D0019,1822.8807301360039,11,95.11105569819664,2,775.3118868910244,2693.3036727252265
D0020,325.02278504852325,10,36.24144801799103,2,498.1153251072765,859.3795581737901
D0021,37.47672443783036,4,1.482995199546078,2,23.337465094675558,62.29718473205202
D0022,1216.025224153863,9,3.6615399234801087,2,325.9502964248708,1545.6370605022134
D0023,290.50405042688294,9,43.29471426252867,2,310.921622684852,644.7203873742642
D0024,16.907022829526177,3,24.555338543157017,2,15.58581162487786,57.048172997561025
D0025,211.56665917661505,5,206.4090981161001,2,2444.392497835572,2862.3682551282873
D0026,21.515705466785523,3,2.2329427295273985,2,13.69530746273816,37.443955659051085
D0027,30.793230296967167,3,6.022669493995726,2,23.063685535531047,59.879585326493924
D0028,79.49344971462676,3,1.268247958573797,2,79.91465286148164,160.67635053468229
D0029,113.54640784024345,3,83.0057127721917,2,121.26717976360315,317.8193003760383
D0030,13.253355674310894,3,152.15869983178203,2,71.81339107168543,237.22544657777823
D0031,47.42800553432508,4,15.487145294867545,2,76.17114911730948,139.08629994650215
D0032,5.1461264973326495,3,8.286811419655384,2,21.357632404486775,34.7905703214748
D0033,19.328552991622924,3,82.7618594115196,2,116.19659794066226,218.28701034380472
D0034,7.62895940984815,3,6.470007985258874,2,74.84093662749005,88.93990402259706
D0035,47.684239378013935,3,5.208041138527028,2,101.64158767243002,154.53386818897098
D0036,10.667557647624825,3,8.71043545224955,2,34.12537996731767,53.503373067192044
D0037,7.355369583692078,3,10.514878472054129,2,79.98201228027945,97.85226033602568
D0038,15.670401544320704,3,60.3195504964437,2,71.37734442516141,147.36729646592585
D0039,13.694990533710826,3,1.7926890457636104,2,11.44808340462103,26.93576298409548
D0040,3334.204062249671,10,122.24078617218605,2,1739.104517200587,5195.549365622447
D0041,5.371129870349217,3,34.623692516996464,2,51.70826537005448,91.70308775740013
D0042,11.356119886088099,3,5.794263842884961,2,9.547888022276494,26.698271751249557
D0043,19.834818702634195,3,9.710888716719818,2,55.03789748884468,84.58360490819868
D0044,197.07205617992125,3,59.93002287519019,2,394.92264209797526,651.9247211530868
D0045,1752.7351898264676,9,82.43341498796791,2,615.0350351878116,2450.2036400022466
D0046,40.18177732983707,3,0.934753047636928,2,28.123981210307647,69.24051158778164
D0047,14.94697465198716,3,48.54718092072169,2,38.095243588778274,101.58939916148711
D0048,26.020363937238496,3,21.59943611653104,2,96.68773351112739,144.30753356489691
D0049,581.5080105541659,9,259.12292869397794,2,990.2788659536131,1830.909805201758
D0050,62.70943150212902,4,28.113323757662016,2,22.551504862662707,113.3742601224536
D0051,37.37900222912459,3,0.45409123878075425,2,87.41170864195686,125.24480210986222
D0052,14.141919880918753,3,18.497389523062033,2,39.419006431122966,72.05831583510376
D0053,12.051676265971903,3,9.297703902429262,2,23.102268291859104,44.45164846026027
D0054,49.37966117116916,3,9.510369643858198,2,246.87082940764645,305.7608602226738
D0055,28.88180315514067,3,17.66186970305277,2,45.323300104387116,91.86697296258055
D0056,289.54953372743915,4,57.959455252630306,2,435.907317716748,783.4163066968174
D0057,8.800485813794456,3,2.0312332563446085,2,26.367107502748112,37.1988265728872
D0058,21.76911708058662,3,20.073959245836143,2,71.68397486503335,113.52705119145614
D0059,616.5326373154904,9,632.7393213246784,2,1633.5987438344848,2882.870702474654
D0060,25.187319789122174,3,5.732351925642249,2,49.26325465315795,80.18292636792238
D0061,51.460661211431535,4,240.48823500440238,2,472.239934322876,764.18883053871
D0062,105.26057542002135,9,3.976762060484977,2,391.5652066237438,500.8025441042502
D0063,8.667155731692338,3,2.20469899725301,2,31.100478850812472,41.972333579757816
D0064,14.59688861676437,3,5.0995920320259644,2,44.805474923709475,64.50195557249981
D0065,35.94879574157008,3,3.3471008131653495,2,62.15620854367068,101.45210509840608
D0066,57.035418529448265,4,31.626957561371608,2,44.69127767850977,133.35365376932967
D0067,5.1178979551751445,3,193.2156277292078,2,37.43585450331531,235.76938018769803
D0068,150.55108839917594,5,2.9836712168276396,2,340.7519481295023,494.286707745506
D0069,57.94362226121163,3,113.86424816779119,2,167.2482556325905,339.05612606159326
D0070,216.31769409362624,10,185.98165500616915,2,322.4461766675686,724.7455257673636
D0071,9.137768006501076,3,1.015096184145988,2,19.336456021570754,29.489320212217823
D0072,13.115276372365239,4,22.120360063872837,2,38.63752972463366,73.87316616087173
D0073,0.6865267205477289,2,10.6224280403614,2,42.38169796392055,53.69065272482968
D0074,112.41178563634674,4,0.4196843926659396,2,342.1929980194565,455.0244680484692
D0075,84.08166376883966,4,24.85484889708684,2,153.3140203123986,262.25053297832505
D0076,8.193567682649382,3,1.88383742749412,2,98.23295612181354,108.31036123195702
D0077,5.966689124308503,3,16.605073652638097,2,35.269922297952995,57.84168507489961
D0078,30.941830449627446,4,15.185186354671252,2,57.721095822220825,103.84811262651957
D0079,30.364253421825875,4,14.645971921326941,2,9.504144220131602,54.51436956328444
D0080,31.98612838925805,3,13.426400403100246,2,92.70544073526723,138.11796952762555
D0081,22.925650153106574,3,168.87640914716349,2,126.8815203422424,318.68357964251254
D0082,16.57382908937774,3,3.6424805947366705,2,57.79573516059724,78.01204484471164
D0083,3.32438542787584,3,4.927427359702262,2,13.664613706505413,21.91642649408352
D0084,30.912579584830635,3,13.601578100138449,2,94.56489918571502,139.07905687068407
D0085,4.109768635547607,3,17.989974632423067,2,19.127361543877804,41.2271048118485
D0086,57.64927761074811,3,10.720188902798641,2,202.97235817130465,271.3418246848514
D0087,23.088292299237953,3,12.393871318509808,2,194.9699540907514,230.4521177084992
D0088,599.2502801866646,9,73.01427692845378,2,212.29109000871438,884.5556471238328
D0089,19.499384538123113,3,210.11917673446746,2,173.50063773895644,403.1191990115468
D0090,85.27504677624131,4,6.323077025054817,2,94.13346983075319,185.73159363204934
D0091,105.5500331942703,4,72.85214365697537,2,78.99405654980798,257.3962334010538
D0092,37.30723797003675,3,11.965100013230035,2,140.08662921094768,189.3589671942145
D0093,42.594415180343624,3,11.217253335465879,2,52.438373430491716,106.25004194630122
D0094,29.100592327636,3,24.675084479423134,2,71.15828516892657,124.93396197598574
D0095,902.0795178443693,5,10.310454253476879,2,200.97640280225016,1113.3663749000966
D0096,46.53766379184816,3,66.94740906888818,2,220.11445224547253,333.59952510620894
D0097,2.7570619547175332,3,2.5167123969323355,2,19.728632732212915,25.00240708386278
D0098,13.348858982548009,3,23.820536114491695,2,115.90533606987816,153.07473116691784
D0099,173.31125666366916,9,13.126665853058501,2,276.8467493165161,463.28467183324375
D0100,43.605326272107966,3,20.722769378892245,2,351.7923325812782,416.12042823227847
D0101,8.259002025534071,3,19.82214655323723,2,115.68083650780869,143.76198508657995
D0102,2.052936982912239,3,6.403875455850949,2,34.9223572428594,43.379169681622585
D0103,16.86810848241635,3,73.39379020239915,2,54.840663455013356,145.10256213982888
D0104,59.19450897603117,3,13.992822042932731,2,53.09143328131623,126.2787643002802
D0105,43.72423512456245,3,33.857496013582534,2,71.76707020727393,149.3488013454189
D0106,145.86460092842967,4,3.969948824573112,2,179.1945106010843,329.0290603540871
D0107,66.39656164727603,3,14.199273262464583,2,31.849483980819432,112.44531889055999
D0108,4.153810822772946,3,7.0056824290614275,2,54.42832046973034,65.58781372156473
D0109,10.587314279343229,3,14.697076556750151,2,19.453216682065083,44.73760751815847
D0110,68.38550500682182,3,132.90751153689433,2,309.6137807708581,510.90679731457436
D0111,7.955789217556345,4,22.959242853057876,2,12.900611211054349,43.81564328166858
D0112,78.93697854041666,4,8.409577457449874,2,58.420275379683325,145.76683137754975
D0113,10.031408767142647,3,121.74443691471545,2,48.67805384976813,180.45389953162623
D0114,8.78191688750837,3,33.74745513221694,2,51.456488879060345,93.98586089878567
D0115,16.265076513588898,3,43.46271253617306,2,90.80261444715211,150.53040349691412
D0116,159.88184890609128,9,8.059047198866663,2,671.6915156569127,839.6324117618709
D0117,37.396093820682,3,6.036184673152597,2,65.18637916795606,108.61865766179064
D0118,3.0228421543651485,3,2.2022564406725835,2,15.052305357077879,20.277403952115616
D0119,27.06682106755384,3,2.402571623734047,2,46.149997810548236,75.61939050183612
D0120,103.09795799612851,5,4.115304390406086,2,82.80922259752278,190.02248498405731
D0121,44.86653079897876,3,16.42385255025696,2,33.459293109031776,94.74967645826747
D0122,683.9232449477196,10,4.200780445209703,2,278.8985146487502,967.0225400416791
D0123,30.11926801942023,3,1.0927976865159803,2,96.90710593430458,128.11917164024075
D0124,17.518772477327126,3,141.30480018652412,2,1399.1130685577934,1557.936641221645
D0125,0.4360288078982798,3,21.184354767772362,2,46.526159103041465,68.14654267871211
D0126,3.339969689318642,3,43.61028916175793,2,44.64133247133372,91.59159132241034
D0127,74.47680120883972,4,6.007212475296354,2,90.19429461832797,170.67830830246405
D0128,144.90480239705957,5,29.244544184980665,2,394.23476174090894,568.384108322949
D0129,130.69435838548435,9,173.00830073934748,2,119.187193474014,422.889852598846
D0130,17.86521821152275,3,9.75192643112498,2,20.997607341685285,48.61475198433297
D0131,8.136359806533099,3,20.23266405383479,2,53.6795177540912,82.04854161445908
D0132,2.4905361634540593,3,3.381447265106134,2,35.56637087807833,41.43835430663852
D0133,9.894647243633345,3,45.42794676507617,2,173.42532988046833,228.74792388917788
D0134,17.751965763203692,3,26.420934799111766,2,30.028829470405533,74.20173003272096
D0135,3.397761148593278,3,23.513669061064753,2,45.58733372283079,72.49876393248884
D0136,17.919047194494535,3,17.180664568257082,2,59.45915703905754,94.55886880180917
D0137,2.4592718126578323,3,18.88464061569751,2,50.808216651148605,72.15212907950395
D0138,28.296733800151145,3,46.30811111177136,2,59.7024274651346,134.30727237705716
D0139,5.533973801536684,3,0.6213987418698449,2,19.138521957509692,25.29389450091622
D0140,9.398731132546216,3,3.9794824917667513,2,53.250676427970724,66.62889005228368
D0141,19.858000359584082,3,19.76151157671552,2,17.43778203060244,57.057293966902044
D0142,0.7232251779692133,3,2.0673047704925698,2,26.719489077975968,29.510019026437746
D0143,4.215688057911997,3,7.690950719615235,2,13.693678824323035,25.60031760185028
D0144,11.244124577760399,3,2.879613837320993,2,75.46248862782267,89.58622704290406
D0145,73.22940272104951,3,1.250684054099585,2,36.496175029175056,110.9762618043241
D0146,17.029062394332545,3,19.075957711506337,2,48.36943626892489,84.47445637476375
D0147,35.34761150651455,4,12.963410617889101,2,16.730223979263492,65.04124610366716
D0148,22.26028298082884,3,42.42479091603683,2,94.30356396694872,158.98863786381438
D0149,16.32186511124219,3,11.107508366698278,2,23.880834211452193,51.31020768939265
D0150,16.492437989585042,3,19.878619591214417,2,36.85065272056007,73.22171030135951
D0151,1.4331258863464587,3,3.7985385029492953,2,62.16252353254401,67.39418792183976
D0152,14.372827458525006,3,17.853780485902124,2,3.559166248346499,35.78577419277364
D0153,6.687161921807751,5,8.389218424833492,2,68.07717891989142,83.15355926653262
D0154,10.737958896673549,3,0.31824508698707926,2,36.99935429486561,48.05555827852621
D0155,12.07155728535577,3,16.217279798544347,2,28.88646218454324,57.175299268443375
D0156,3.996994039870598,3,0.30755242523474857,2,37.54827154334789,41.85281800845324
D0157,16.467938699724304,3,1.9887643559139303,2,24.37729674172381,42.833999797362054
D0158,8.133244499533621,5,6.4475963865379375,2,47.61448082420178,62.19532171027332
D0159,9.249170159613287,3,3.126062751390721,2,46.48184239776054,58.85707530876456
D0160,157.62003388261763,10,39.42653792710746,2,211.62557815612516,408.6721499658502
D0161,280.35347407525484,11,61.80339908937637,2,409.7934305403499,751.9503037049811
D0162,15.967827124598687,3,2.573851987183557,2,15.364324961588817,33.906004073371044
D0163,23.69797381680446,3,1.7417801079402828,2,24.997997555275596,50.437751480020324
D0164,15.056502774644338,3,20.514039530156733,2,73.85986931032753,109.43041161512856
D0165,194.217312840149,9,45.72431681772167,2,169.41588794281992,409.35751760069047
D0166,9.147852381531635,3,21.256701916768208,2,23.7073349895297,54.11188928782955
D0167,32.097323215414164,4,2.636789557928185,2,78.2232999768452,112.95741275018753
D0168,13.053987182896929,3,0.6108158663581083,2,27.87217026920709,41.53697331846213
D0169,8.297163284366917,3,0.25540266384286137,2,37.05619779592807,45.608763744137846
D0170,17.820491337413966,3,2.20445008201449,2,56.3935476668082,76.41848908623665
D0171,5.142224141692681,3,7.399280983920388,2,37.9651318901419,50.50663701575494
D0172,2.208109500847997,3,2.373333533710665,2,25.658936225989518,30.240379260548178
D0173,5.67220957146922,3,3.17587539731953,2,21.892785123283097,30.74087009207185
D0174,19.731116156615457,3,11.401537600320358,2,78.87286717727427,110.00552093421004
D0175,22.83576295550868,3,26.33547363425693,2,50.495994335086245,99.66723092485184
D0176,23.33801336798325,3,16.062533361373518,2,12.68109530398413,52.081642033340884
D0177,9.985183806329175,3,4.458931407254329,2,30.135270739787586,44.57938595337107
D0178,6.844733267302825,3,0.587220519023703,2,49.30198205362346,56.73393583995001
D0179,25.96461626910781,3,7.71658325322814,2,118.93959088427691,152.62079040661285
D0180,16.637543078519307,3,3.725091814871714,2,32.8391658639992,53.20180075739024
D0181,1.424711527980443,3,10.415626405573237,2,24.99359929170502,36.833937225258694
D0182,6.881370721289683,3,61.80795176504091,2,37.137635145321354,105.82695763165201
D0183,3.3111091496876184,3,7.312022016357989,2,51.28683312065178,61.90996428669741
D0184,16.294695382113254,3,11.586268596628745,2,32.52393526385961,60.40489924260161
D0185,15.522678087530657,3,9.91191377075524,2,16.416182749173217,41.85077460745914
D0186,0.581519242887012,3,4.090647010661409,2,69.70912445607965,74.38129070962809
D0187,91.38129852480847,3,743.0845560050093,2,338.51806265437773,1172.983917184196
D0188,896.5621503722086,3,1494.7520832838381,2,1067.8127636052316,3459.1269972612786
D0189,2.8971329720523324,3,7.905303933932458,2,74.64855438085333,85.4509912868381
D0190,13.688816871419556,3,4.886726455586961,2,23.268185217463543,41.84372854447007
D0191,98.79178166430968,9,4.754461852149696,2,179.91181402588572,283.45805754234505
D0192,29.68258319802205,3,4.49750510256627,2,19.627906299386325,53.80799459997465
D0193,13.338729946504014,3,0.9049968114458362,2,39.925694737440466,54.16942149539034
D0194,13.062342992344378,3,20.34215513752293,2,33.10552216447192,66.51002029433923
D0195,4.2996587395101775,3,0.6902669791792597,2,37.31618768672345,42.30611340541289
D0196,12.151431705116506,3,0.8939867701908127,2,80.32243363541951,93.36785211072684
D0197,13.239736556743093,3,3.628044550259045,2,8.342307934829869,25.210089041832017
D0198,19.909082587825058,3,0.860269485330074,2,24.545992008655986,45.315344081811126
D0199,127.4571169417164,3,632.7152204702788,2,2001.2800097853371,2761.452347197333
D0200,82.84618665810896,3,30.021804905968168,2,71.33178099187487,184.1997725559518
D0201,56.558197278789855,3,5.3909432479013395,2,148.98476439749925,210.93390492419059
D0202,107.0580884405599,3,10.629062559929299,2,162.73965791208022,280.42680891256936
D0203,198.34619779774178,3,383.2943437703531,2,297.9401692601751,879.5807108282705
D0204,176.10532606340252,3,181.7231797726307,2,678.1897825427185,1036.0182883787518
D0205,72.49707873617456,3,47.69759536625369,2,86.21738719250344,206.4120612949317
D0206,1959.291511924493,3,2853.8306395464897,2,2497.82880093691,7310.950952407896
D0207,30.68479292276615,2,20.555666928836658,2,248.93989567871873,300.1803555303216
D0208,30.747266918522488,3,23.310432792469086,2,25.203509481406158,79.26120919239776
D0209,183.40789074003428,3,29.46451190148375,2,86.11350615761414,298.9859087991321
D0210,303.24132490247035,3,33.42408021506864,2,194.54793181408454,531.2133369316234
D0211,58.09036406368821,3,1.6331743095830418,2,81.28903377628045,141.0125721495517
D0212,8.525691787565679,3,55.149020230736475,2,317.381633660207,381.0563456785092
D0213,841.2673628440557,3,717.5979690375501,2,521.3082058396143,2080.173537721221
D0214,380.3541690335927,3,22.023277238237497,2,454.80425918618783,857.1817054580182
D0215,45.07245140318103,3,11.968704992095574,2,251.14806295173574,308.18921934701245
D0216,2357.2233974706587,2,162.44021440165852,2,783.5678613056574,3303.2314731779757
D0217,5.580634873966306,3,78.92956942904995,2,83.34696796872487,167.85717227174115
D0218,15.596319839608094,1,78.11335065945313,2,160.43675766831043,254.14642816737162
D0219,47.68818810668736,3,0.39137021108884146,2,18.971709745509944,67.05126806328617
D0220,4.528251419947843,3,3.1470909361606125,2,330.0920131834976,337.7673555396061
D0221,38.271079698171675,3,39.3838075195558,2,65.06376306538814,142.71865028311564
D0222,7.036182681285319,3,7.84312704585542,2,54.93662750944215,69.81593723658288
D0223,4.3081479962039175,3,30.591458568807756,2,104.34320376401635,139.24281032902803
D0224,50.46129513417926,3,90.99714468967757,2,239.69861541878907,381.15705524264587
D0225,7.258729361738284,2,22.293507118172325,2,111.0695394939727,140.62177597388333
D0226,34.47807593064425,2,8.74184949712512,2,50.14936250856748,93.36928793633683
D0227,80.98051469940455,3,25.3090873633603,2,53.49047947416358,159.78008153692852
D0228,14.394541850595498,3,8.333037225214667,2,22.50193922208826,45.22951829789843
D0229,38.87606175337754,3,32.995399484699085,2,163.09627490041552,234.96773613849217
D0230,21.604875072590154,3,12.462505983297486,2,127.78293298549896,161.85031404138658
D0231,118.91012845315034,3,26.505935111822243,2,37.43071807505801,182.84678164003057
D0232,2.479690182402824,3,4.441546170257816,2,55.20224206491147,62.12347841757208
D0233,24.135728655501946,3,51.327334261457125,2,47.27634955592562,122.7394124728847
D0234,3.8688495473167075,3,2.5828457206515707,2,18.20738575497636,24.659081022944637
D0235,95.69784014707807,3,156.28904301516278,2,151.5036690235982,403.4905521858392
D0236,20.992307719375802,3,19.349325643817807,2,68.26497530347515,108.6066086666688
D0237,26.8976786385638,3,1.4947756579093758,2,41.99437906516266,70.38683336163585
D0238,91.71974139727374,3,11.70445346818879,2,87.44067093735093,190.86486580281348
D0239,3.7236015718841826,3,1.379670925616284,2,33.831170415252835,38.93444291275329
D0240,4.6917891463030035,3,13.954656335504696,2,25.837946047227977,44.48439152903568
D0241,33.6067361917049,3,29.669666003234514,2,35.29993323492748,98.57633542986687
D0242,57.43036310775097,3,2.032630453578574,2,25.392205896211298,84.8551994575408
D0243,27.51610542121428,3,2.287124044594062,2,78.50479357979702,108.30802304560537
D0244,3.3447797021555,3,30.822784517914318,2,71.29596907773337,105.4635332978032
D0245,16.27320570711765,3,8.162158095433693,2,102.81943260982501,127.2547964123764
D0246,21.536795578937273,3,31.70545344223844,2,46.991529007540315,100.23377802871609
D0247,4.529654095059201,3,1.2745406115598623,2,68.89557052897109,74.69976523559016
D0248,53.35411241467759,3,23.594316110046588,2,64.63584959295285,141.58427811767694
D0249,8.639012061688796,3,2.99018829556557,2,26.550033802102735,38.179234159357094
D0250,14.562359747446305,3,7.4118499306123296,2,43.068717648262265,65.04292732632086
D0251,21.860641619395366,2,2.2575285416680577,2,25.99704106161499,50.11521122267842
D0252,16.486992031092285,3,0.19383245674699143,2,35.315988729922445,51.99681321776172
D0253,6.2552599914253735,3,0.40476139827948016,2,77.94779400509736,84.60781539480224
D0254,34.5128416956894,3,47.1130038197542,2,99.19112466081337,180.81697017625697
D0255,1374.6246454007696,3,593.5597961662529,2,570.6744152607764,2538.8588568277987
D0256,499.450889962257,3,629.8459411306771,2,1452.5041757951806,2581.8010068881135
D0257,18.71849703023439,3,29.94828738684822,2,192.30318057615588,240.96996499323853
D0258,40.755247096217325,3,4.115564862556325,2,24.640279250603033,69.5110912093767
D0259,26.52855933560065,3,1.4989603540837653,2,4.4674957189146753e-26,28.027519689684393
D0260,3.8783536390801228,3,0.4703960561224644,2,21.706203749376762,26.054953444579354
D0261,50.87170092739968,3,3.9018428926413424,2,56.02792726145119,110.80147108149221
D0262,0.5717214500666872,2,4.1382825667379946,2,9.357720506829981,14.067724523634665
D0263,2.9035428035516153,3,4.802146241797608,2,41.94289710306934,49.64858614841856
D0264,13.67619587653121,3,10.239998957855809,2,24.65812962590619,48.57432446029327
D0265,5.281671098438887,3,5.6729327759854815,2,50.98579167174699,61.94039554617136
D0266,2.7080644423854423,3,5.088450139030285,2,7.996847676642022,15.793362258057746
D0267,10.928514768964558,3,4.405523935822823,2,25.12611023421378,40.46014893900115
D0268,22.83583030639618,3,0.7536230235427822,2,1.9455067118913307,25.53496004183029
D0269,48.250992883825376,3,66.51486047261147,2,85.6380514056429,200.40390476207975
D0270,136.40139855770445,3,93.185389321592,2,180.18491938934508,409.77170726864125
D0271,2.8904169335194587,3,0.18433948102448103,2,60.0578625981475,63.13261901269144
D0272,1.6808024579896108,3,4.342201374036252,2,49.399466641354515,55.422470473380365
D0273,21.473700259108444,3,5.845542838712514,2,16.119694291799917,43.43893738962088
D0274,15.999918176345657,3,0.04763808959602681,2,86.78432668997557,102.83188295591725
D0275,6.206140375722642,3,1.6568409652106828,2,29.228457800406677,37.091439141340004
D0276,3.6806197574147803,3,1.9512347776433696,2,34.66815721979574,40.3000117548539
D0277,62.36375746585004,3,6.04295590727516,2,33.482891674823264,101.88960504794842
D0278,13.665425121520581,3,15.672517102012018,2,45.19002457562131,74.52796679915392
D0279,77.53896672133469,3,18.82638913229875,2,55.87520621723304,152.24056207086656
D0280,5.437699068960116,3,15.251517924435916,2,42.21172318895668,62.90094018235272
D0281,12.196479358031599,3,8.594078721601312,2,125.50060760465082,146.29116568428373
D0282,32.02918144751849,3,17.145999424693667,2,163.5432430546053,212.71842392681745
D0283,19.02324217928283,3,103.29115126126756,2,277.35486566622524,399.6692591067756
D0284,10.633597731323809,3,0.1721133772051717,2,5.0968721979469525,15.902583306475938
D0285,4.002973706787706,2,7.443001629898284,2,44.93515339809812,56.38112873478413
D0286,0.26413032791312147,3,22.55204887165414,2,35.315439865614394,58.13161906518165
D0287,15.961286046824178,3,28.961491994173386,2,40.75259787431165,85.67537591530923
D0288,2.163415007202526,3,0.5666167750776271,2,96.47406300596698,99.20409478824715
D0289,268.1813981599166,3,60.17640269543349,2,199.0923325035091,527.450133358859
D0290,0.9145546118700293,3,8.056426176855519,2,38.694462006566695,47.66544279529224
D0291,2.1643593690395906,3,5.543508698411309,2,34.84492812377348,42.552796191224374
D0292,20.131108730186345,3,12.167962187292597,2,20.81495010983581,53.11402102731477
D0293,44.79755124038105,3,32.34735102184525,2,38.48112905694537,115.62603131917163
D0294,182.66207185750002,3,116.81403987371516,2,110.21164266957766,409.6877544007929
D0295,11.395593864366957,3,6.320999397165743,2,61.24133068443408,78.9579239459668
D0296,2.955430610574825,3,9.183932928329183,2,65.06179021446185,77.20115375336586
D0297,7.226831162940135,3,7.543693117093852,2,36.91682527074132,51.687349550775295
D0298,12.979643649040808,3,2.205433558624277,2,59.3001074511242,74.48518465878927
D0299,10.869683542503884,3,8.619723497177567,2,48.03350727243163,67.52291431211307
D0300,53.83120030810999,3,7.452875972880125,2,59.684718553698104,120.96879483468825
D0301,5.329984395721226,3,6.466282095991765,2,47.12583837311233,58.92210486482533
D0302,31.72956147727111,3,2.124410732430439,2,70.18457059499065,104.03854280469221
D0303,5.820027641559757,2,27.092055968850758,2,44.52478802409415,77.43687163450467
D0304,4.498887662067884,3,7.96226041249194,2,74.22629518167501,86.68744325623486
D0305,38.917120939529184,3,12.80353450751867,2,116.0632107405236,167.78386618757145
D0306,20.939741907836645,3,28.52339695534901,2,44.11030331742145,93.57344218060715
D0307,5.296141593526659,3,0.10627361218730609,2,105.14741155637672,110.5498267620907
D0308,26.392381764532153,3,6.169453418693905,2,8.24984289902659,40.81167808225264
D0309,7.969553935018513,3,11.131220356569674,2,37.41354769879568,56.51432199038386
D0310,3.2346653364276494,3,0.41326835692426245,2,48.62329578694817,52.271229480300065
D0311,13.66288987122446,3,47.926700377262904,2,147.0351087173131,208.62469896580052
D0312,19.218143882589082,3,13.064757614590336,2,31.01445595555753,63.29735745273696
D0313,27.367012085549046,3,5.991519018590337,2,85.55444256208449,118.91297366622388
D0314,0.9763182305471056,3,7.191743159866421,2,26.665828569010095,34.83388995942363
D0315,0.794587525444831,3,15.015081904677086,2,54.2199561600283,70.02962559015022
D0316,2.7921445571391876,3,1.8155813473274718,2,31.322222292468897,35.929948196935555
D0317,28.118368869019296,3,2.3132142932474706,2,39.91351278461841,70.34509594688518
D0318,2.328890774693635,2,16.93150228142554,2,28.348524576575453,47.60891763269462
D0319,1.5230664895210488,3,1.7255803749884626,2,20.553598062244202,23.802244926753716
D0320,3.4671250004153453,3,4.640546445689944,2,34.71751048591966,42.825181932024954
D0321,0.690591272137647,3,3.0734229080201563,2,51.608866254182935,55.37288043434073
D0322,8.344431876085599,3,7.495211838934697,2,13.968215823877351,29.80785953889766
D0323,15.11282611853681,3,1.9233288495234193,2,29.660022469927615,46.69617743798784
D0324,14.283635613131265,3,1.362760861161599,2,59.870362166665224,75.5167586409581
D0325,64.91498955531483,3,15.482192673707056,2,70.6593081858523,151.05649041487416
D0326,20.60722487696726,3,1.047724923772917,2,10.770875646470184,32.42582544721036
D0327,0.16414748780988772,3,2.8523830764290032,2,43.339876557864514,46.35640712210341
D0328,2925.585534565924,3,62.83309343664627,2,434.9275995233585,3423.3462275259276
D0329,0.4824211952379733,3,23.662089408508464,2,42.4733931808196,66.61790378456604
D0330,2.3173556385858447,3,1.155461258529187,2,21.359700436861882,24.832517333976917
D0331,9.006071361788397,2,1.918051350398463,2,115.48896294271356,126.41308565490039
D0332,29.824888192486032,3,1.3374394953558242,2,58.645849613277036,89.80817730111892
D0333,3.8739146605610535,3,6.013780389581242,2,17.18658199078492,27.074277040927225
D0334,14.594587898870323,3,0.5442146777501579,2,28.96344859265233,44.10225116927282
D0335,18.063955368287655,3,4.44671468526345,2,25.80093440810667,48.311604461657765
D0336,87.40703356859406,3,69.51165574959661,2,102.62637504129412,259.5450643594847
D0337,1.9804745375330668,3,3.537661140928175,2,26.71558612826176,32.233721806723
D0338,24.587786496827558,3,29.796670964459462,2,31.297647671141995,85.68210513242904
D0339,3.373516491506618,3,1.8182934388715042,2,48.56280309834603,53.75461302872415
D0340,6.994805941884413,2,4.739475656957508,2,58.73354869104989,70.46783028989184
D0341,5.914616819627523,3,32.1594854861928,2,41.6043647416209,79.67846704744126
D0342,9.210221067906803,3,4.554198941471657,2,19.095574336251655,32.85999434563011
D0343,0.4001892231531822,1,4.088851612728584,2,14.960788540346684,19.44982937622845
D0344,12.501120813321144,3,2.535523175522833,2,40.91624891232056,55.95289290116455
D0345,11.38446122125105,3,14.593176628639311,2,31.121191439087273,57.09882928897761
D0346,18.64104275884539,3,3.2753808139225042,2,35.0958621459549,57.01228571872277
D0347,5.660200443409576,3,1.3008269462117508,2,29.84038839535135,36.80141578497268
D0348,5.104775334081487,3,1.1336053716636592,2,4.713674900212893,10.952055605958035
D0349,0.9974798193302765,3,1.8124861480026926,2,26.43120867520349,29.241174642536457
D0350,1.584380244007813,3,2.5205711623753158,2,32.88444768222653,36.989399088609666
D0351,2.601846879028531,3,4.3924161382809475,2,25.92728279144714,32.92154580875662
D0352,6.335859442503022,3,3.9152041291285737,2,61.2305151318919,71.48157870352348
D0353,19.236778752982843,3,1.2950847483077084,2,66.07012614647235,86.60198964776288
D0354,17.876454330383627,3,13.595532686172778,2,55.48623045136221,86.95821746791862
D0355,1.3749992649009175,3,1.9492177239304849,2,14.953247873923544,18.277464862754947
D0356,0.892150619437185,3,3.1023066450847905,2,34.169897673262426,38.164354937784395
D0357,75.33352992293446,3,27.757787252138463,2,111.34156231321545,214.43287948828834
D0358,30.34284657572355,3,6.872314511293145,2,65.81655021663727,103.03171130365396
D0359,104.36696015697623,3,55.36998870491027,2,65.20625483787913,224.94320369976572
D0360,1.0408857003391845,3,3.182512839606795,2,28.689277028455077,32.912675568401056
D0361,8.117125738859041,3,10.698082882647313,2,44.30429637853467,63.11950500004102
D0362,9.773080602825026,3,3.636720296723894,2,22.697837030414746,36.10763792996367
D0363,0.8722363298385976,3,0.2650502703383337,2,22.11611164494436,23.25339824512129
D0364,3.659127744483406,3,5.595326862753574,2,91.54934949425895,100.80380410149591
D0365,20.92915592452301,2,7.797757045910537,2,55.222577513267304,83.94949048370086
D0366,5.042062865908076,3,4.375319616831968,2,24.515760140581055,33.9331426233211
D0367,66.75544514617826,3,5.9486925053393325,2,33.89453466175436,106.59867231327185
D0368,2.6955984094707763,3,19.48986909852499,2,56.54039111558371,78.72585862357946
D0369,6.196186822221001,3,2.715875694474427,2,20.106283251540486,29.018345768235925
D0370,30.13319871606614,3,2.093294734998763,2,40.695278013039434,72.9217714641044
D0371,11.531393152590928,3,7.433315626628963,2,54.19482822034489,73.15953699956479
D0372,14.46230616133872,3,0.6686813379942469,2,43.985380804664544,59.116368303997504
D0373,12.827639692926525,3,4.093675232333058,2,48.489303713340675,65.41061863860025
D0374,12.76968728871825,3,1.4933559725702563,2,32.2929772306284,46.556020491916904
D0375,14.964125209796542,2,6.0371293081168815,2,84.51113736830051,105.51239188621393
D0376,23.764926058136766,3,23.780103969052572,2,71.96702411797766,119.51205414516699
D0377,8.33629204888062,3,0.3058636445428296,2,47.9056803369079,56.54783603033136
D0378,9.89644380599894,3,1.4716151123029084,2,44.30981839327407,55.677877311575934
D0379,7.639210661236871,3,3.592007322764551,2,72.09675059848276,83.32796858248417
D0380,16.02436060075926,3,2.890346564808496,2,57.07277261688097,75.98747978244874
D0381,1.8882795238243608,3,3.0393307649441246,2,47.57242489099918,52.500035179767686
D0382,5.758459112639616,3,2.069932319056709,2,24.13543910301641,31.963830534712727
D0383,4.847737313437561,3,4.781151834773449,2,29.123215704973536,38.752104853184534
D0384,2.5386247094892234,3,2.544661707651559,2,19.451147970084822,24.534434387225605
D0385,0.6994163248702209,3,18.416034436707072,2,41.610753760509475,60.72620452208674
D0386,5.586522063539266,3,2.619857353819327,2,26.47076441546669,34.67714383282528
D0387,7.486573004224997,3,2.0329436296940524,2,52.730701422417454,62.25021805633647
D0388,2.03519288587394,3,3.5954541278727676,2,24.826926449617297,30.457573463363993
D0389,3.6402389042770835,2,10.423609744682969,2,4.544448171491004,18.608296820451056
D0390,7.918976970956498,3,0.9110708424149273,2,20.199857605099425,29.029905418470847
D0391,10.519324123886923,3,0.11909493815721081,2,51.18779314583072,61.82621220787486
D0392,54.312609069367156,2,2.604722452573099,2,61.32458441086161,118.24191593280192
D0393,3.5435977338035887,3,1.6179691573376536,2,38.3943450068591,43.55591189800034
D0394,7.7329376218195485,3,3.6032622842127875,2,45.11234025899594,56.44854016502828
D0395,11.479174076331617,3,1.8745240675860193,2,56.803993327739676,70.15769147165732
D0396,71.92943251928915,3,25.788179188351386,2,70.69327884583926,168.41089055347993
D0397,8.665963462523358,3,1.147130006548114,2,24.205226736295305,34.0183202053668
D0398,28.191718773826533,3,5.002230407390679,2,37.67235795141873,70.86630713263597
D0399,11.295911054956584,3,7.652585300841001,2,71.21333689464217,90.16183325043976
D0400,8.678395049719143,3,5.89430609025319,2,43.69367607586566,58.26637721583799
D0401,0.8651883553832899,3,3.706968912307632,2,54.24605404212713,58.81821130981805
D0402,24.881156746371005,3,1.0524986821806677,2,58.79039659703168,84.72405202558333
D0403,13.56975558879126,3,1.0448564250324546,2,43.79638925415909,58.41100126798279
D0404,19.59956410360244,3,2.8074635418173814,2,65.26428451927399,87.6713121646938
D0405,96.42983471598218,3,8.568289737660107,2,251.85051988571794,356.84864433935996
D0406,3.0126080587610637,3,2.186238378817934,2,19.415898450822674,24.614744888401667
D0407,17.69495710894066,3,0.7192944807473618,2,60.06124996894973,78.47550155863775
D0408,4.451346946644585,3,2.2311655245302986,2,53.64813994768598,60.330652418860865
D0409,38.37129583405551,3,45.69595368678995,2,19.75699475011121,103.82424427095661
D0410,1.2953259488461997,1,29.000907904817662,2,44.331495516668085,74.62772937033196
D0411,34.21947965432061,3,2.7800560631916116,2,57.8524018525372,94.85193757004943
D0412,127.57100120190205,3,96.96897819520133,2,172.37481961899556,396.914799016099
D0413,29.232897153689265,3,2.395800960870122,2,225.1449707055063,256.7736688200657
D0414,3.3616525664887282,3,1.9810594710229588,2,43.21208571653909,48.55479775405078
D0415,5.331921309020635,3,6.138934951547362,2,26.31761943726542,37.78847569783341
D0416,6.543799697159354,3,5.017388555960782,2,56.134816008579214,67.69600426169934
D0417,4.326466510936839,3,1.8888661628177785,2,46.344253938333665,52.55958661208828
D0418,6.281308592496765,3,5.439032637887042,2,34.277326932570624,45.99766816295443
D0419,1.127267695703216,3,0.2784534685292921,2,47.23305182442762,48.63877298866011
D0420,5.633458316848678,3,5.499813934274869,2,29.202212555868417,40.33548480699198
D0421,65.80267683289804,3,2.2784929657100412,2,56.78931089147716,124.87048069008524
D0422,17.435270147992938,3,12.595607017834423,2,52.33037168532688,82.36124885115429
D0423,7.865170968783763,3,0.9965503826771587,2,28.585646653591358,37.44736800505228
D0424,10.986559478846512,3,2.852219228064709,2,26.32057600322983,40.159354710141066
D0425,250.0661017359343,3,11.510655558589654,2,350.76376244514523,612.3405197396689
D0426,20.673296252893334,3,0.07119582747091158,2,26.065678109365194,46.81017018972942
D0427,0.5659603917765976,3,0.4636551036287473,2,77.56602185419607,78.59563734960142
D0428,24.271280536573798,3,3.466203870705057,2,66.08204343356036,93.81952784083919
D0429,21.256722805472137,3,0.495203853686798,2,27.092447303309992,48.84437396246892
D0430,4.064141127829267,3,0.6854767742422005,2,36.86858128474331,41.618199186814756
D0431,1.856366269751703,3,3.134324804045047,2,22.088006344843517,27.078697418640267
D0432,16.33356044579491,3,11.97619736806758,2,37.53801365130147,65.84777146516397
D0433,3.133574393605731,3,2.540356890076391,2,60.229809570456986,65.90374085413912
D0434,4.441790465593461,3,0.7984999755395517,2,14.287679374749349,19.527969815882358
D0435,3.0655212189527967,3,23.71512515924161,2,42.789230749591546,69.56987712778596
D0436,1.4537714240966415,3,11.857276531264503,2,67.79177049781478,81.10281845317591
D0437,34.37133859449046,3,0.5435275513374945,2,21.660158761622565,56.57502490745053
D0438,0.49294731022984956,2,0.8636319333047136,2,12.828091036183086,14.184670279717649
D0439,5.397918335546087,3,3.5218734618726892,2,22.596540001452542,31.516331798871313
D0440,1.760245944166766,3,0.2538539127930101,2,27.49394510254573,29.508044959505497
D0441,3.002233130462887,3,4.039551326194963,2,13.70834545326305,20.7501299099209
D0442,5.538342882822893,3,10.911830740779461,2,15.011497278366505,31.46167090196885
D0443,5.404981805025958,3,1.8212103924181446,2,38.552247283877065,45.77843948132118
D0444,6.826365446981372,2,0.03725036797513097,2,30.718205610958467,37.581821425914974
D0445,24.25319588699099,3,2.9820739970695542,2,68.19708824084077,95.4323581249013
D0446,23.169575011602888,3,17.997773079547603,2,26.02209243920533,67.1894405303558
D0447,0.3949716655178006,3,5.311892135600757,2,30.414936342099413,36.121800143217975
D0448,2.9468373082728134,3,6.020083976779968,2,55.446458197246166,64.41337948229895
D0449,18.12498099276606,3,3.2005286662221892,2,63.40857326238179,84.73408292137002
D0450,28.49123548940298,3,37.49009502675887,2,78.10768213748662,144.08901265364844
D0451,9.314513868750186,3,28.328682150779944,2,24.014751291066965,61.65794731059709
D0452,4.678822626717672,3,11.098559180353488,2,67.59606259728504,83.37344440435616
D0453,3.4264049421163825,3,3.204109383703826,2,16.412568973515217,23.043083299335425
D0454,1.5035470264744646,3,1.5133106840913138,2,53.56117030305806,56.57802801362383
D0455,6.153088471940277,3,8.152319958297356,2,16.87112961586297,31.176538046100596
D0456,5.328843073279393,3,2.770759215394251,2,50.67992170189513,58.77952399056879
D0457,0.8803112372733916,3,11.640691111236709,2,26.953066523146422,39.47406887165652
D0458,16.177407231344272,3,0.30297984641490144,2,44.2981683036108,60.77855538137001
D0459,11.063386416076378,3,6.932712870671808,2,31.243165988443756,49.23926527519194
D0460,4.1961604944059605,3,5.089108837178763,2,46.51621576876218,55.80148510034691
D0461,12.867399914179396,3,3.270239128655689,2,61.68699338328169,77.82463242611679
D0462,65.36290749018215,3,2.122835749868998,2,63.59962780779812,131.08537104784924
D0463,3.304066758478773,3,1.527785273317568,2,28.47617826105517,33.30803029285151
D0464,6.238688944421883,3,4.1617021717053975,2,51.70961837136215,62.11000948748944
D0465,6.1608202117539,3,1.6838845264519788,2,34.08877139235492,41.9334761305608
D0466,6.791447632524868,3,4.83076469014809,2,29.774197851396785,41.39641017406974
D0467,34.85144854042269,3,4.245240747496799,2,44.599070251778734,83.69575953969819
D0468,8.513015834091801,3,0.9288499252388673,2,21.534515215726035,30.976380975056706
D0469,10.488838396708205,3,42.6242551817423,2,77.33916089714194,130.45225447559244
D0470,6.139514349818297,3,10.361838895557073,2,51.84981636022219,68.35116960559756
D0471,47.326066504952266,3,0.23430948878519933,2,106.39257795634626,153.95295395008375
D0472,4.430953592578656,3,5.8716146052679745,2,69.80242040736552,80.10498860521213
D0473,3.3746782891680636,3,15.105907182744485,2,23.620245637487614,42.100831109400154
D0474,4.793213961502648,3,0.7229131638311668,2,10.20080371341373,15.716930838747544
D0475,3.5594569405360024,2,35.811393622833705,2,134.34701904116707,173.71786960453682
D0476,28.648977388748506,3,5.85933743804448,2,34.45859088054876,68.96690570734174
D0477,79.24793736845902,3,6.407041429120433,2,84.84536500465187,170.50034380223144
D0478,1.3195409006765317,3,3.5232401395138404,2,61.88601965686311,66.72880069705349
D0479,7.895660198176892,3,0.06631491821252726,2,21.119037515875036,29.08101263226445
D0480,1.33358538590216,3,0.2377869519351502,2,26.465686041530237,28.037058379367554
D0481,3.859042310510824,3,0.8752078184282854,2,44.38782391502677,49.122074043965895
D0482,20.757885863728735,3,16.313623792363487,2,93.65074249878145,130.72225215487364
D0483,42.90655570436646,3,0.045958685606437545,2,81.92937336311427,124.88188775308718
D0484,39.56759865452185,3,12.928090742159917,2,7.950225408138396,60.445914804820184
D0485,2.094922190780989,3,1.317727610884464,2,31.76878235487257,35.18143215653803
D0486,24.641280644097325,3,7.529493035515614,2,31.520873407330775,63.691647086943725
D0487,7.425485831709691,3,1.4114900683190303,2,46.465464498411244,55.302440398439956
D0488,3.131340906652807,3,0.8874591069660865,2,19.43502683270101,23.453826846319902
D0489,4.309900754198837,3,3.524145760376887,2,36.386348593212176,44.22039510778788
D0490,10.36037951598703,3,0.8705839724372517,2,45.14411953175091,56.375083020175204
D0491,5.807032422512428,3,2.05346031643068,2,40.751537837236434,48.612030576179535
D0492,5.464426895781054,3,0.03228891406521215,2,29.95812559347389,35.454841403320145
D0493,5.503036966379678,3,3.6172037889774487,2,6.197889712741399,15.318130468098525
D0494,7.682010141758337,3,3.6995033250825164,2,3.7817864106685875,15.163299877509441
D0495,20.56222892613544,3,2.2144830306321186,2,43.97130601882659,66.74801797559417
D0496,8.585771249790671,3,46.57061054119807,2,198.76658694158914,253.92296873257789
D0497,0.9585642055518941,3,4.109896359034291,2,13.918557848783212,18.987018413369388
D0498,5.377324441002599,3,0.4324714527726854,2,38.11672813254349,43.92652402631878
D0499,106.80455068871942,1,1.8334935513440245,2,161.6102113470442,270.2482555871076
D0500,12.71974009799766,2,0.2778534037462766,2,2.288091596035054,15.285685097779002
D0501,9.334492027520685,3,0.18823639890048335,2,34.56863166733541,44.09136009375658
D0502,13.624962643401158,3,24.14761480610418,2,51.29376914510961,89.06634659461493
D0503,5.19653578231629,3,2.54513869677372,2,31.210096599585906,38.95177107867591
D0504,149.6686754072662,3,7.054081282406958,2,69.09715455247506,225.8199112421481
D0505,16.604866694527455,3,4.604119884042101,2,54.07924438013372,75.28823095870328
D0506,2.6911673559467326,3,0.38105736250133265,2,32.50130158507541,35.573526303523465
D0507,5.048716557071516,3,2.5602766120114984,2,39.992052071808516,47.60104524089154
D0508,9.544332230714497,3,5.640967321268833,2,56.77294878190772,71.95824833389105
D0509,2.711156014964383,3,1.872002284824132,2,17.62259181616231,22.205750115950828
D0510,20.79067138336586,3,0.7647086937628546,2,32.027205577320565,53.58258565444931
D0511,36.78359073025584,3,24.470632042476346,2,64.03854298022387,125.29276575295604
D0512,0.26316239101875893,3,6.017496112969618,2,39.69809902580823,45.97875752979658
D0513,1.7829402895143402,3,8.884061918389127,2,46.95992316115952,57.62692536906301
D0514,28.526545813087655,3,4.327211436685283,2,26.853563267250355,59.70732051702329
D0515,5.381516299177945,3,0.08707797998665986,2,37.661924070602176,43.130518349766774
D0516,2.665761486194996,3,2.6505851241340395,2,38.29836177283181,43.61470838316084
D0517,3.137131969864691,3,4.372784608341365,2,11.342557262060012,18.852473840266075
D0518,6.389214591132566,3,10.322814844982993,2,82.76726947700094,99.47929891311648
D0519,4.267712572512286,3,2.878310235912548,2,33.5324624232528,40.67848523167764
D0520,13.048731362595337,3,10.13906430782976,2,35.52255153590513,58.71034720633027
D0521,20.274196291095354,3,1.2886588312408274,2,89.34363391403235,110.90648903636853
D0522,676.3462091227516,2,75.83657351525532,2,108.66588763755301,860.8486702755603
D0523,96.93146642137793,3,144.93907279829716,2,72.38797779241501,314.2585170120901
D0524,5.253587387124851,3,7.183785982453812,2,28.688631520868885,41.126004890447554
D0525,14.58962109513566,3,0.8403575937154464,2,38.86677139479111,54.29675008364221
D0526,1.6447034906321951,3,2.85238838843455,2,50.42913513400952,54.926227013076264
D0527,6.8543345038319545,3,0.31645323663847985,2,32.447943871979284,39.618731612449714
D0528,34.482764423629774,3,20.20482614706052,2,57.210448264927365,111.89803883561764
D0529,5.287140537753851,3,1.656476682357769,2,51.88911524757658,58.83273246768819
D0530,1.9483223742866598,3,1.9391001753629855,2,37.32433781645985,41.21176036610949
D0531,59.374133138584355,3,18.787487383598865,2,59.86783587296794,138.02945639515116
D0532,15.885891502453786,3,1.5184870763343912,2,5.0014762232358745,22.405854802024056
D0533,18.51508233405104,3,0.7674381540195271,2,2.1741095815225293,21.456630069593103
D0534,2.4807717534941323,3,11.935134396492193,2,55.609174460620565,70.02508061060688
D0535,10.951026685818798,3,15.120298819480977,2,34.645342517175834,60.716668022475616
D0536,8.05255818910123,3,1.9867215784578744,2,18.765832280927615,28.805112048486723
D0537,6.192120424098679,3,0.7587705772547225,2,40.67142758586501,47.62231858721842
D0538,9.046273188127627,3,2.7254637176967904,2,45.36053649727932,57.132273403103746
D0539,3.019193709674954,3,1.8208622506645815,2,47.796164047782405,52.63622000812195
D0540,3.6315221910948354,3,5.41969164724344,2,51.71859519357805,60.76980903191631
D0541,3.013437186908822,3,2.314480625182811,2,34.684320126236955,40.012237938328596
D0542,7.591914165714897,3,2.669489078609201,2,49.89878424092276,60.16018748524685
D0543,17.104829861430293,3,0.2677925918551065,2,28.87231583766749,46.244938290952874
D0544,7.929586894652693,3,0.9707064057334663,2,27.72461744230726,36.624910742693416
D0545,11.625374811824324,3,0.47690305251708226,2,33.636657096442576,45.73893496078396
D0546,13.85176810780064,3,30.378517521077143,2,59.96183512197426,104.19212075085208
D0547,8.08220425889762,3,0.04585034134586176,2,37.08344204075771,45.21149664100118
D0548,6.5985100210504255,3,0.7106920361364016,2,82.83019793911296,90.13939999629984
D0549,12.93684883802565,3,2.527794553859162,2,36.51695647813401,51.98159987001883
D0550,8.857245111608776,3,0.11273537703995867,2,13.569918668248484,22.53989915689723
D0551,14.9224188723925,3,0.8826993343025231,2,26.251222965704844,42.05634117239987
D0552,12.454620524835,3,14.209592989286627,2,37.03916403456978,63.703377548691435
D0553,9.295088801274566,3,0.1431395555967968,2,28.402873112742522,37.84110146961389
D0554,28.402203998357912,3,7.1661789409224,2,72.82390057560062,108.39228351488093
D0555,3.883836108479029,3,0.5895614477616166,2,36.76782006819314,41.24121762443379
D0556,17.985620385356473,3,5.8200002856211315,2,53.243610599209354,77.04923127018697
D0557,2.6240314363636417,3,8.558556474401335,2,35.63703272523762,46.81962063600259
D0558,3.155765593407411,3,4.572956892459308,2,62.84928266842049,70.5780051542872
D0559,1.2364682085114567,3,1.8248272167141473,2,46.602393464498526,49.663688889724135
D0560,2.0581708131419303,3,1.3090122483219024,2,45.33401399221766,48.70119705368149
D0561,17.31595955402052,3,0.5100541684500963,2,49.29302982736901,67.11904354983962
D0562,3.0786648249071034,3,4.152183766433058,2,38.83013044827978,46.06097903961995
D0563,14.136669987604263,3,4.532527183078518,2,29.795967004958797,48.46516417564159
D0564,2.7382933925521558,3,1.87141062566436,2,37.29622639875137,41.905930416967884
D0565,16.71459710819657,3,1.169747626435981,2,17.350521513443006,35.234866248075576
D0566,9.328247229961175,3,9.10454532626453,2,47.12762681224223,65.56041936846795
D0567,3.307041280024826,3,4.689161235297913,2,20.014151308401466,28.010353823724213
D0568,5.6648720320946415,3,0.6010466161945751,2,38.918280578611856,45.18419922690107
D0569,1.5047716822169244,3,7.581220969592924,2,55.32329244323547,64.40928509504532
D0570,0.3012219562217286,3,1.8370277551631138,2,36.19873210208606,38.33698181347091
D0571,21.552441508401124,3,0.2919828348131781,2,36.1043093174282,57.948733660642546
D0572,17.29596734246328,3,2.625726629604336,2,36.58087506784457,56.50256903991216
D0573,2.4239734465410545,3,1.120264272909189,2,8.920278008235774,12.464515727686022
D0574,3.5446982518090273,3,3.2538426225539334,2,47.510213044077744,54.30875391844071
D0575,1.4140841401522874,3,0.33323633150574633,2,32.8542847400446,34.60160521170264
D0576,3.908865952326242,3,1.8589377756827528,2,75.30053956600145,81.06834329401043
D0577,13.447738175361843,3,4.752382447302005,2,45.93011668386435,64.1302373065282
D0578,3.449067085134501,3,0.1152003236642736,2,39.32164277634901,42.885910185147786
D0579,114.14735655354067,3,11.682109783873107,2,113.82717965701555,239.65664599442928
D0580,2.9170682892902855,3,1.5861736107291418,2,59.52135165399575,64.02459355401517
D0581,14.462528742142677,3,7.383190875726926,2,66.50788627615617,88.35360589402579
D0582,10.39996984625694,3,1.5563432244435462,2,59.70217579524612,71.65848886594661
D0583,2.318644048195656,3,1.5245369920967253,2,8.553999030536893,12.397180070829279
D0584,4.522794718443836,3,5.357898169592631,2,50.50444318367876,60.385136071715216
D0585,7.626482290375684,3,4.30229344720774,2,55.38356595531499,67.31234169289841
D0586,8.10067633646019,3,5.000638632374261,2,33.03214176888928,46.133456737723755
D0587,3.3046454008779778,3,6.863822989299783,2,52.99050569124316,63.158974081420915
D0588,0.624905343542643,2,4.510598474220785,2,25.56142774383089,30.696931561594322
D0589,5.692664222694841,3,3.245727887328832,2,34.71029432555051,43.64868643557418
D0590,6.944223538233121,3,2.4613588381583433,2,56.453970208226444,65.85955258461793
D0591,1.494455181308508,3,3.179896504369911,2,30.766786550465078,35.441138236143495
D0592,8.002208636366156,3,1.5848689920265422,2,94.27204885610932,103.859126484502
D0593,5.0694374025924915,3,0.6267320992824387,2,3.9148678961646803,9.611037398039617
D0594,13.717481477493452,3,1.7745129399655817,2,26.414007327024763,41.90600174448379
D0595,1.4950132746062683,2,12.06979992410939,2,27.370628799988395,40.93544199870406
D0596,9.179191813764955,3,4.524294727275138,2,2.833055763837471,16.536542304877543
D0597,5.27057270618307,3,1.2740970447428626,2,11.104246358813816,17.64891610973976
D0598,3.8529665365050128,3,0.8604033826876568,2,6.931707530947753,11.645077450140423
D0599,4.047646435742909,3,2.654588191205052,2,54.69023993090015,61.392474557848125
D0600,23.5048350744655,2,0.45118146759221067,2,30.98272307199758,54.93873961405529
D0601,15.677569175042061,2,2.128951603395012,2,12.752086125063283,30.55860690350035
D0602,37.32016268323444,3,2.3583252175310565,2,35.005632234168395,74.6841201349338
D0603,1.8401331428330783,3,5.7239562208344825,2,11.569517125188256,19.133606488855804
D0604,7.487085827091946,3,0.8745766678339836,2,28.097372457680066,36.45903495260599
D0605,5.698773180549004,3,7.22803738619181,2,81.21837086002387,94.14518142676467
D0606,9.49769069668283,3,0.09053271560862727,2,58.9755139487174,68.56373736100886
D0607,4.894342791052107,3,4.355225595973845,2,37.26269828198564,46.512266669011595
D0608,8.87226724339797,3,0.006469890245148361,2,39.11063468093897,47.98937181458211
D0609,6.442999193863245,3,30.59810057987036,2,92.06591875631351,129.1070185300471
D0610,1.1766707149914188,3,17.47622958306379,2,44.61400601622095,63.26690631427614
D0611,4.289289929219636,3,0.35313164086862014,2,50.0247088933951,54.66713046348336
D0612,2.5869488988916585,3,0.9868132400336104,2,50.3989187006822,53.97268083960746
D0613,64.94741074617039,3,27.767283074068775,2,110.62622694969413,203.34092076993332
D0614,0.3712967071563491,3,7.136844727496831,2,41.47674772440831,48.98488915906148
D0615,4.842753940181683,3,6.130728488067334,2,27.92458433897066,38.89806676721968
D0616,0.9623247819949079,3,2.434660951620578,2,20.413034717452874,23.81002045106836
D0617,7.424623150938117,3,2.9995968616043984,2,157.6999969071158,168.1242169196583
D0618,0.4509251596943199,3,0.7501230719704223,2,18.1162798965337,19.317328128198444
D0619,3.719645860230268,3,1.6981304148960663,2,56.20226783045983,61.620044105586175
D0620,2.4365009848301242,3,3.6525477834932145,2,30.487269625873807,36.576318394197145
D0621,2.046086826742918,3,1.2900062952822111,2,20.561980684147542,23.898073806172683
D0622,4.513205560637088,3,3.294189456020048,2,60.72979346748161,68.53718848413874
D0623,0.6143198455831518,2,1.0191604366514202,2,10.85817213914734,12.491652421381913
D0624,8.175386223125662,3,0.5919954210336352,2,42.44627035166526,51.21365199582456
D0625,6.073744617998794,3,1.9853087227737183,2,53.89075766744039,61.94981100821291
D0626,5.120008604427045,2,3.5819757672716945,2,47.07919467964329,55.781179051342036
D0627,4.127247014365945,3,0.42585602851557747,2,30.486323878153314,35.03942692103485
D0628,7.547501935138994,3,0.7845009465483936,2,26.5965912830736,34.928594164760995
D0629,5.882269511765542,3,0.6058897924219276,2,33.12998373205546,39.61814303624295
D0630,1.008359586563583,3,11.542491990990793,2,59.78577858692058,72.33663016447494
D0631,2.464653627107385,3,0.10825408603939074,2,55.249542982579044,57.822450695725806
D0632,8.326264353367707,3,10.639941608225554,2,41.822244092121814,60.78845005371507
D0633,2.9062576619248888,3,9.542230041968155,2,152.3025739846987,164.75106168859173
D0634,5.268620679131943,3,0.7664260058584342,2,58.826903677443866,64.86195036243426
D0635,8.238656763486206,3,0.12385867490701902,2,46.684666510297696,55.04718194869092
D0636,2.26811208242035,3,3.9457729820580525,2,51.97084080278767,58.184725867266074
D0637,5.364798774804237,3,0.4295544243976599,2,67.12115566453853,72.91550886374044
D0638,27.925702165736574,3,11.235020958049622,2,37.82486825405684,76.98559137784301
D0639,0.8803509459150479,3,0.5502690143594237,2,15.978751123816805,17.409371084091276
D0640,4.11646698477478,3,0.2160429459855138,2,37.136043907127686,41.46855383788797
D0641,4.399684535268497,3,2.2565709941328302,2,13.601999416457893,20.25825494585922
D0642,6.831903716152613,3,4.068139979802243,2,28.05937811634229,38.959421812297144
D0643,10.762070337891831,3,0.8838694107557192,2,49.00302369895987,60.64896344760742
D0644,8.28964331810884,3,4.15714549097136,2,23.86558725508832,36.3123760641685
D0645,1.0904560598651465,3,0.5615516712101997,2,4.864705054949118,6.516712786024463
D0646,7.8730504243858785,3,5.794908525208236,2,46.64518750735546,60.313146456949575
D0647,2.2468663909366193,3,1.8820562016697207,2,35.778242079732706,39.90716467233906
D0648,6.847321528682969,3,3.3429460064763576,2,33.769023103926635,43.95929063908596
D0649,5.468673593205558,3,11.396291934530126,2,55.67554774325927,72.54051327099494
D0650,7.395010713913012,2,3.2064929396234367,2,26.148303568761975,36.74980722229843
D0651,7.316803332483437,3,0.6409565414944236,2,78.27600308512429,86.23376295910215
D0652,6.979077971714961,3,4.791652153700805,2,37.11518511987684,48.88591524529261
D0653,11.42271980404074,3,0.5359115402888331,2,40.392232908928484,52.350864253258074
D0654,2.1805827641182374,3,2.341636787667179,2,44.52671793556842,49.04893748735385
D0655,2.8169262462578453,3,0.9647759073815418,2,45.501675454268984,49.28337760790837
D0656,0.6017194280219086,2,1.0092510352134585,2,27.270456625554292,28.881427088789657
D0657,4.106029078449802,3,1.0518651520739426,2,25.971127215913352,31.12902144643709
D0658,22.584346476734265,3,3.088724104174624,2,45.72021313564744,71.39328371655631
D0659,1.87582408333871,3,0.5793762394909875,2,15.617917330552466,18.07311765338216
D0660,2.4554004747991294,3,8.611748969945912,2,23.43156229780813,34.49871174255318
D0661,23.28498365400369,2,1.5709090836367219,2,73.35074422823841,98.20663696587884
D0662,61.50385749262153,3,9.482805300844545,2,34.071286265441316,105.05794905890741
D0663,4.837368919270097,3,0.21735671511373034,2,26.701959216283395,31.756684850667224
D0664,5.873025639423769,3,2.711532023873172,2,67.94802903143027,76.53258669472721
D0665,1262.2497692210181,3,255.50012955874868,2,957.1762086385137,2474.926107418279
D0666,5.496523034397634,3,1.5268537162051496,2,44.5236659761418,51.5470427267446
D0667,1.5680987612878121,3,0.049897777881405404,2,37.367596265280454,38.98559280444968
D0668,54.72251183851485,3,1.9169767590120919,2,34.628522638882494,91.26801123640949
D0669,3.3926656840132092,3,9.538452445322898,2,31.51026937656453,44.44138750590061
D0670,1.800215497226841,3,11.386249007557899,2,52.054432431327875,65.24089693611259
D0671,4.4800356781132304,3,0.1686756737501983,2,104.65767247903688,109.30638383090036
D0672,3.18517657577728,2,2.9194576525545672,2,27.23018484924364,33.33481907757548
D0673,1.947892706418601,3,0.6555210502981751,2,30.58395751706853,33.1873712737853
D0674,8.985512098909833,3,0.467527226915523,2,43.85558420243414,53.308623528259496
D0675,2.7210211411629315,3,0.3608773410814611,2,52.443032784609464,55.52493126685387
D0676,87.40132855254146,3,37.99537395010158,2,82.44662821226126,207.84333071490437
D0677,11.964769976910066,3,0.20597253947211672,2,64.02085320448776,76.19159572086996
D0678,135.75222181764903,3,65.97301267326222,2,111.34076552920209,313.0660000201133
D0679,31.189809646471396,3,1.5521446631471478,2,23.080258584360767,55.822212893979334
D0680,7.746415871365431,3,0.9065808091595112,2,28.030126804037426,36.68312348456237
D0681,1.9829205701528285,3,3.1510712249128807,2,53.8350127920236,58.96900458708932
D0682,21.542858445028372,3,4.580918874129209,2,31.181925398179462,57.305702717337034
D0683,2.6935360952943657,3,1.6244331763442625,2,15.306104532699166,19.624073804337794
D0684,11.947033239227965,3,1.7444833102056185,2,26.427890164807415,40.11940671424098
D0685,12.345866411931029,3,0.422220220668341,2,26.26512772693216,39.03321435953153
D0686,3.6846101619801868,3,3.676368460707993,2,58.130071328303735,65.49104995099192
D0687,0.8973738135521235,3,0.5790971896481002,2,45.61014750854583,47.08661851174605
D0688,13.60387625912458,3,0.28103625541441213,2,67.67627907226665,81.56119158680563
D0689,27.525183930579107,3,0.1600003236341091,2,73.3410458577981,101.02623011201129
D0690,5.205640251601127,3,2.6264514010150677,2,45.95091511835449,53.78300677097068
D0691,1.67723386786669,3,4.205369806184597,2,62.973747685877605,68.85635135992888
D0692,5.906383192481667,3,3.2207944181363932,2,36.32904040955979,45.456218020177836
D0693,101.72631817841172,3,4.854968949036132,2,39.23392919937808,145.8152163268259
D0694,70.05227539128953,3,20.707768446006963,2,51.4763749587512,142.23641879604753
D0695,12.117239037435045,3,3.003918403273826,2,46.387918934015204,61.50907637472407
D0696,4.020255788153411,3,4.183598740322246,2,61.57428805898312,69.77814258745879
D0697,18.89122469290963,2,6.315503843410744,2,41.546426729856016,66.75315526617638
D0698,4.890480664890543,3,4.5392892923926595,2,49.79261532788183,59.222385285165046
D0699,0.9128122173740721,3,0.6264200053338712,2,46.25743953452873,47.79667175723667
D0700,2.0590272317175367,3,2.4434094006987657,2,11.467343213311027,15.96977984572733
D0701,6.690455282985293,3,12.394006793514244,2,25.90918908797922,44.99365116447876
D0702,4.29460510770396,3,0.5747447718596117,2,51.95606068588302,56.82541056544659
D0703,1.4898406915244586,3,0.9446003845814569,2,65.10964799995418,67.54408907606009
D0704,6.629797447814457,3,3.1737005228868154,2,49.84526533884107,59.64876330954233
D0705,7.801708289249757,3,5.205293712474198,2,25.267508542480563,38.274510544204524
D0706,3.4361328770565294,3,2.8867652361461,2,26.983403379933826,33.306301493136445
D0707,3.2389282293465183,3,4.081592180751756,2,38.99443481379651,46.3149552238948
D0708,4.843003769098965,3,1.2384082432351935,2,19.62940638423414,25.710818396568282
D0709,0.2551176362806118,3,2.890150229521601,2,31.367337348801556,34.51260521460377
D0710,35.78590093402945,3,5.131089604262516,2,49.66822398301319,90.58521452130516
D0711,2.9359788738456842,3,0.5904291956416164,2,31.952573785189767,35.47898185467707
D0712,19.08299941644409,3,0.6278007419841591,2,58.89551597630975,78.60631613473798
D0713,16.098179950524205,3,0.803286880642058,2,45.22304477173262,62.1245116028989
D0714,5.152290590108618,3,3.2129210172878446,2,58.73030641608942,67.09551802348588
D0715,22.212012548570122,3,1.720701817441454,2,38.288696522267074,62.221410888278626
D0716,7.166132278509791,3,3.1994365919872143,2,57.598923738965645,67.96449260946265
D0717,11.870971375992783,2,7.10466813843132,2,25.94460721786434,44.92024673228847
D0718,7.049957284817753,3,9.133353690810008,2,58.50125388194063,74.68456485756839
D0719,7.461992439878391,3,3.5766580778577888,2,40.86644936286747,51.905099880603665
D0720,22.579544106544912,3,1.9692931340854078,2,32.80586565371113,57.35470289434144
D0721,8.385404301324638,3,0.5253891517105703,2,16.24124251484191,25.152035967877104
D0722,14.46795326725247,3,0.27607071077628165,2,51.08023074736512,65.82425472539386
D0723,2.2017373247010066,3,5.459864745003928,2,32.475873180253615,40.137475249958555
D0724,18.750919792172628,3,2.8171693359542007,2,64.92025418490627,86.48834331303308
D0725,1.2896506559099392,3,3.6725600590001632,2,72.41973298880143,77.38194370371153
D0726,0.11370173333032592,3,0.13452702643130254,2,25.018953632511874,25.267182392273504
D0727,2.7003863371385393,3,4.749111359295394,2,57.54309342342295,64.9925911198569
D0728,9.12505811474043,3,5.694008576281258,2,64.66452181381716,79.48358850483883
D0729,3.630310027426446,3,5.722412087560003,2,63.79074630733714,73.1434684223236
D0730,31.40400790353157,3,39.37333099461278,2,67.89979220848382,138.6771311066282
D0731,5.3266937309316384,3,12.404931670501112,2,69.065073572395,86.79669897382774
D0732,5.505324196991349,3,0.8777164784207518,2,49.459016013553715,55.842056688965826
D0733,4.733973822659859,3,1.8298736236425786,2,26.39089311919781,32.95474056550025
D0734,33.785027877144074,3,1.0638219435585738,2,48.43901731378717,83.28786713448982
D0735,2.6917815488405674,3,0.7431492801402806,2,60.14406625669697,63.57899708567783
D0736,8.258982317470284,3,1.8486595063400573,2,52.66158566890008,62.76922749271043
D0737,2.3950513974760272,3,0.7260292826101944,2,46.779111573278975,49.9001922533652
D0738,22.31318510778151,3,4.862154809158076,2,43.01960442134062,70.19494433828018
D0739,4.2222604289287045,3,0.2776926492541026,2,43.94136251697201,48.44131559515482
D0740,1.3102587828309458,2,1.2399748828571404,2,35.53384985100307,38.08408351669115
D0741,4.978599695787987,3,3.2265765671312785,2,37.79695100866578,46.00212727158506
D0742,0.18118898670836836,3,3.402698036912187,2,38.032484687635105,41.61637171125567
D0743,2.136509166581611,3,1.0050080161480575,2,31.052282313504225,34.193799496233886
D0744,3.845644957617531,2,1.8922682257173138,2,23.017924581660953,28.755837764995793
D0745,0.8658064649350616,3,2.5968680343314157,2,47.08394440123238,50.54661890049885
D0746,1.6105195497726026,3,2.3821957281062676,2,50.98151540711292,54.974230684991795
D0747,4.725033981439747,3,2.4587615216057666,2,31.916273841172444,39.10006934421796
D0748,17.09776805706009,3,10.73046175845888,2,38.17220449190998,66.00043430742895
D0749,1.771256878629357,2,0.39846966218088214,2,48.874790178352605,51.04451671916284
D0750,15.345700599352897,3,55.329681083599965,2,17.26999560319686,87.94537728614975
D0751,38.2219547344879,3,6.592236398908626,2,44.748526358848885,89.56271749224541
D0752,3.1238108100856428,3,0.02648154128098932,2,34.019557015647266,37.16984936701392
D0753,29.027761964622645,3,6.0130390149241055,2,28.924332277670178,63.965133257216934
D0754,7.210186643944596,3,1.026223864594587,2,25.552016141218324,33.7884266497575
D0755,5.095234288285175,3,1.6286507543064837,2,67.9066736349029,74.63055867749456
D0756,18.05222111691884,3,1.0589006093655933,2,16.912110985904675,36.02323271218914
D0757,2.95480892309075,3,0.018322987414125066,2,35.519446038381865,38.492577948886755
D0758,5.718415857191251,3,3.762161640793693,2,46.12066807571292,55.60124557369785
D0759,3.6322582412424156,3,0.906908479022141,2,32.46865414215798,37.00782086242255
D0760,6.751792671845407,3,3.560980039770142,2,27.81879675365489,38.13156946527044
D0761,6.1515868568768495,3,0.03656391573258208,2,36.099087714374186,42.28723848698361
D0762,9.738960467597277,2,9.659316832072374,2,40.50650222453328,59.90477952420294
D0763,45.51999389157191,3,0.7656069496519953,2,26.317409265324656,72.60301010654864
D0764,8.465535772898036,3,1.0083986582073496,2,83.93281208148902,93.4067465125944
D0765,1.260905409818205,3,3.2634849231949072,2,13.063980597653678,17.588370930666787
D0766,2.6473159211475963,3,0.5741712767534751,2,61.24857690925234,64.4700641071534
D0767,1.8157705834871924,3,7.109935162531906,2,80.78578694992048,89.71149269593955
D0768,7.503067293820279,3,3.1356886144661766,2,81.49314860854747,92.13190451683391
D0769,3.649676403858391,3,0.9423805911638052,2,56.975640906968465,61.56769790199065
D0770,36.51134282622522,3,4.876859193343283,2,26.42370564229637,67.81190766186485
D0771,4.760345342126631,3,3.5490524619218293,2,28.72391279605208,37.03331060010055
D0772,20.181564431759192,3,0.8249382022438105,2,56.60492043015789,77.61142306416087
D0773,6.255971907822199,3,0.7849255720129722,2,9.98001583327319,17.020913313108355
D0774,4.0313350513171216,3,0.13212677217529317,2,62.84868951533694,67.01215133882937
D0775,111.48129635862851,3,29.204112575772328,2,112.75109225414356,253.43650118854453
D0776,28.04996535299768,3,0.2977644531566654,2,23.051419103009955,51.3991489091643
D0777,5.179879539070693,3,14.123710836697423,2,4.6299940998174165,23.933584475585548
D0778,1.253077849461622,3,3.250193366875196,2,46.76853247052433,51.271803686861155
D0779,10.672940469590571,3,1.927112687500671,2,128.7077444552591,141.30779761235036
D0780,2.0393900149066577,3,1.0644483560619091,2,14.194773338661138,17.2986117096297
D0781,8.426465834909441,3,9.42667157595856,2,62.885314471843245,80.73845188271123
D0782,4.142743058878473,3,4.150266569445879e-06,2,44.25162551729893,48.39437272644398
D0783,2.4226229904797107,3,0.14074483143915195,2,37.13364898135532,39.69701680327418
D0784,11.381005553088341,3,24.085108919441616,2,38.016866753399974,73.48298122592992
D0785,20.98100294004796,3,2.7237463971096085,2,42.59849074354867,66.30324008070627
D0786,1.5914996014921585,3,1.6703205611351968,2,61.608899510355926,64.87071967298327
D0787,0.0725489422017234,3,0.2434802678862769,2,26.267055654721833,26.583084864809827
D0788,1.1058099064221405,3,3.027806426623421,2,22.05227504070336,26.185891373748923
D0789,0.09997663310857659,3,3.5536874049079077,2,29.750260967048497,33.403925005064984
D0790,10.02973171073111,3,1.9177181167545445,2,202.21256205114514,214.16001187863083
D0791,9.077264932961343,3,2.411559105650463,2,27.515814920062205,39.00463895867401
D0792,2.4710804455435103,3,3.249884659713975,2,27.17189662792642,32.89286173318392
D0793,47.22940932465466,3,4.969306493489069,2,133.83399659723122,186.03271241537487
D0794,2.110343359743518,3,7.138907299186966,2,63.470191115744726,72.7194417746752
D0795,3.7049469668114408,3,5.02184488590222,2,59.14830314927922,67.87509500199289
D0796,40.07130615897065,3,20.55125255789868,2,81.64183012250957,142.26438883937897
D0797,2.623261121631456,2,0.47926707547538033,2,24.988025314160403,28.090553511267235
D0798,1.1806848170936537,3,3.442601121973159,2,25.389712287365047,30.012998226431847
D0799,2.0068884437425996,3,0.34298524583528506,2,42.9389346794756,45.2888083690535
D0800,0.7973503797398438,3,0.8474933919683916,2,50.332773592308534,51.97761736401678
D0801,4.527335421306596,3,2.8982920183138714,2,16.582861261486965,24.008488701107428
D0802,3.2446122871511,3,0.6436792854107509,2,60.398656214217986,64.28694778677983
D0803,11.922805021264773,3,6.585495694992735,2,51.056925058262536,69.56522577452006
D0804,0.4938641339808283,2,11.51239007264688,2,46.61112331191182,58.61737751853954
D0805,0.054519808883864256,3,0.9207426282340252,2,58.94349733050537,59.91875976762324
D0806,12.218493161710105,3,7.400091525345941,2,41.111012617809976,60.729597304866026
D0807,10.789270120458294,3,8.751763194314051,2,84.29171615612243,103.83274947089478
D0808,2.152094994968115,3,0.2974453477775293,2,68.13764748097684,70.58718782372249
D0809,5.960945582699115,3,2.572233372949501,2,36.53356273500929,45.06674169065791
D0810,3.7303759667223457,3,4.80110350508449,2,21.992835130390468,30.524314602197304
D0811,3.5908933151444047,3,0.1387995464156045,2,14.547456752408781,18.277149613968792
D0812,9.387075910880178,3,3.3387478765960723,2,58.98149483019492,71.70731861767118
D0813,3.5168451837739894,3,5.772716312980561,2,63.88388070644463,73.17344220319916
D0814,0.9354021250748121,3,1.0324007857598392,2,34.978093233810334,36.94589614464497
D0815,5.382387205836105,3,7.32223916671816,2,42.19184397562396,54.89647034817821
D0816,0.9156405878536871,2,2.109080510684372,2,41.80629991821401,44.83102101675208
D0817,8.054371117334455,3,2.939408049590501,2,52.42176312870956,63.415542295634516
D0818,137.3782703017037,3,4.137891016413005,2,64.7497554599775,206.26591677809392
D0819,3.3730171760326626,3,0.1179989594966863,2,70.7604481814011,74.25146431693044
D0820,5.018620340254221,3,12.362266959529032,2,133.08400867964934,150.4648959794326
D0821,6.108213728501595,3,1.0384274380154728,2,185.9315302094788,193.0781713759959
D0822,1.7301205035330978,3,5.3531519830452785,2,42.47522594808842,49.558498434666795
D0823,3.4541790390091793,3,2.492223891798266,2,38.78559144393716,44.731994374744595
D0824,296.3890154731126,3,77.5544601386373,2,164.77486632435244,538.7183419361023
D0825,10.546383116695075,3,0.435686171319845,2,63.16960681946474,74.15167610747969
D0826,2.43342320147569,3,0.23001088589819008,2,44.54595261173248,47.20938669910637
D0827,0.9315083226746348,3,2.0767275579341065,2,32.29217170575496,35.30040758636372
D0828,18.86607058592083,2,1.8153691377162824,2,40.177744479004076,60.859184202641146
D0829,2.8984904133905363,3,1.0692436206443694,2,11.941766709533793,15.909500743568696
D0830,4.559715127437536,3,1.613944817154036,2,62.37540709950745,68.549067044099
D0831,6.089660777840087,3,3.3940468036725746,2,53.2434904170738,62.727197998586455
D0832,5.377713759321124,3,2.16632810244265,2,35.4143049649919,42.95834682675568
D0833,1.3630717463985558,3,2.4165063281700996,2,56.21636860117143,59.995946675740086
D0834,1.4710978249060511,3,1.8210493489835238,2,28.816482757030332,32.1086299309199
D0835,4.462640627064724,3,2.382420614471764,2,37.745732842087754,44.59079408362423
D0836,16.45754599912953,3,1.8193143760180746,2,44.79487464251901,63.07173501766662
D0837,9.643456626566431,3,6.114420191813776,2,29.266671475802728,45.02454829418292
D0838,1.665800557099316,3,1.2358103015397348,2,23.54655206686948,26.448162925508544
D0839,0.7235808227246486,3,2.007689249799178,2,43.33975776518575,46.07102783770958
D0840,6.852786239190199,3,7.479925135875391,2,79.14495949512727,93.47767087019287
D0841,3.6691142081379344,3,0.8086012037947137,2,39.396479722821994,43.87419513475466
D0842,4.284222810465705,3,0.9074686285395553,2,49.29491905437222,54.48661049337748
D0843,56.89662515245612,3,0.5060287065457773,2,24.969061609945786,82.37171546894768
D0844,1.325048021510621,3,4.040601485049858,2,84.74613517147054,90.11178467803099
D0845,0.8388772405462789,3,1.091855558445014,2,45.35080659932311,47.2815393983144
D0846,55.34556743042763,3,21.957528198058135,2,46.64644405216807,123.94953968065383
D0847,0.2066640284229057,2,0.6677419768347879,2,38.69611068336077,39.57051668861846
D0848,4.164211458469287,3,1.9104716472096317,2,27.85130898458659,33.92599209026552
D0849,1.3535064601460678,3,1.2074017917574666,2,46.51783903162373,49.07874728352727
D0850,2.5235756333182007,3,0.38677083090061776,2,20.124879847210835,23.035226311429653
D0851,1.9193784199553732,3,0.5068671696817716,2,48.36434244767469,50.790588037311835
D0852,7.940297927813091,3,0.5676330312348742,2,73.43867194706813,81.9466029061161
D0853,11.931603324263751,2,1.6431360372117225,2,26.6041495425446,40.17888890402007
D0854,7.521957657009874,3,0.42133336182611414,2,30.379832326473522,38.32312334530952
D0855,1.6179805060196975,3,1.1375252428941662,2,40.620178426232485,43.37568417514635
D0856,75.80234567204757,3,13.423902284234677,2,70.36702432630399,159.5932722825863
D0857,8.630686980352563,3,0.3088711143095318,2,15.815375150841982,24.75493324550408
D0858,0.5359114150272859,3,2.297167737509302,2,83.16225945675188,85.99533860928847
D0859,4.090679932559329,3,0.7227236666154356,2,26.923263542363227,31.736667141537993
D0860,41.55885815120156,3,1.3132931163436876,2,66.99271468260086,109.8648659501461
D0861,35.511027950685126,3,0.7127575165473091,2,35.147466314629646,71.37125178186207
D0862,10.012347417062243,3,1.781705300098819,2,57.55067307272203,69.34472578988311
D0863,3.251598748333936,3,1.3512049566700788,2,33.76976253382993,38.37256623883394
D0864,16.93691158340689,3,2.8145908935984814,2,46.6392718877483,66.39077436475368
D0865,4.255484754467874,3,3.779257465123537,2,54.68119106193473,62.71593328152617
D0866,0.9678575361864027,3,0.10132942790141693,2,74.35771054095169,75.4268975050395
D0867,14.247834805577929,3,1.8903625299435431,2,13.37708660753591,29.515283943057387
D0868,10.943388328900827,3,1.8439459326338414,2,53.323515524221676,66.11084978575634
D0869,9.688869508425327,3,18.06597075723189,2,57.126059137487644,84.88089940314487
D0870,1.583675442368414,3,2.3915185353766852,2,28.148543299547274,32.12373727729238
D0871,2.865309548592026,3,1.3381991198459329,2,57.36768139958929,61.57119006802724
D0872,6.34050411256879,3,0.36160512754780827,2,63.44836342122175,70.15047266133834
D0873,2.631665204851826,3,1.268053787616625,2,4.9596016225407284,8.859320615009176
D0874,6.010804179058679,3,2.0092740429031064,2,92.81818582576678,100.83826404772856
D0875,1.3502598181955567,3,1.1628427966843926,2,45.80126118363865,48.31436379851857
D0876,6.110739557582739,3,4.938873851067472,2,29.154023647035494,40.20363705568571
D0877,2.868186891469046,3,1.863971347170563,2,33.32014692450871,38.05230516314832
D0878,7.532351238737665,3,2.1630653266534092,2,16.628325619365803,26.323742184756888
D0879,7.827450028279435,3,1.802870602268846,2,21.456164009118684,31.086484639666967
D0880,10.00287111532732,3,1.8003002389303784,2,51.944195820538525,63.74736717479622
D0881,1.2869251312878824,3,4.557895485899748,2,42.60944438782633,48.45426500501396
D0882,4.861977832531162,3,6.762825652209509,2,15.053478583041343,26.67828206778203
D0883,2.0471328592513482,3,2.879233595151209,2,37.02356983294804,41.94993628735061
D0884,6.636498913802855,3,2.4820834826846343,2,39.4292628097889,48.54784520627639
D0885,4.262481971971196,3,1.8339774555890798,2,48.497060497095724,54.59351992465601
D0886,1.488819448389615,3,3.8803532255019735,2,42.82424352137025,48.193416195261825
D0887,5.137994413863077,3,2.109728679837127,2,54.272737124751906,61.52046021845212
D0888,9.070722361465455,3,2.7205057204275267,2,56.85935947367954,68.65058755557253
D0889,4.290473948521015,3,2.5377721516345293,2,48.47397044917431,55.30221654932987
D0890,4.033400791172378,2,19.131450113061966,2,5.806753781503085,28.97160468573745
D0891,2.2097314400798935,3,4.4554136773779245,2,59.30904026643857,65.97418538389637
D0892,5.375625480772767,3,0.2738383924703484,2,34.1410159136135,39.79047978685662
D0893,2.9916552856765994,3,0.4322887797246098,2,18.16724020762006,21.591184273021273
D0894,1.7503425913890907,3,1.4930608479836796,2,31.868489330844483,35.11189277021726
D0895,1.3071955021146282,3,1.6377377433076123,2,41.637503964604996,44.58243721002725
D0896,1.2582975971348136,3,2.8347152813932666,2,72.77800867121951,76.8710215497476
D0897,38.316139751508395,3,13.273524443893443,2,45.3281229549513,96.91778715035312
D0898,9.505938807967661,3,0.21065094760973924,2,30.290599747998726,40.00718950357613
D0899,2.199327326086817,3,1.579266105587469,2,25.343234957101657,29.12182838877594
D0900,0.703057916972307,3,2.5628848436648792,2,57.22612188344713,60.49206464408431
D0901,5.100334740243792,3,3.403410538578378,2,82.39596105915055,90.89970633797273
D0902,9.963705851973153,3,0.34911554186604,2,53.761577035767914,64.07439842960713
D0903,2.1746140670999745,3,4.298010696342523,2,24.661446923694232,31.134071687136732
D0904,25.354475902435993,3,5.085935613486949,2,39.727792330870436,70.16820384679343
D0905,6.552765110264187,3,1.450208093050866,2,37.05243777511483,45.0554109784299
D0906,8.405706649554457,3,0.7138393646617491,2,42.75932486720158,51.878870881417775
D0907,116.14003090864175,3,1.9192522727592094,2,74.31344394081086,192.37272712221184
D0908,10.81101219659576,3,1.893023329567048,2,159.47526254495068,172.17929807111355
D0909,10.347480792062264,3,2.0128512914533987,2,51.5652455608892,63.92557764440488
D0910,4.404247841376962,3,16.64465728316575,2,87.569483544289,108.6183886688317
D0911,8.945494988657371,3,1.2117721277012463,2,57.30128854984202,67.45855566620064
D0912,2.6247629975851448,3,2.135646973480785,2,51.2877866460442,56.04819661711013
D0913,7.411959324759347,3,10.138998431356148,2,55.92017647647794,73.47113423259341
D0914,4.636734803933638,3,0.34953612052068744,2,47.43673866934797,52.42300959380229
D0915,1.1764056438313273,3,13.740475238998226,2,45.792869551519544,60.70975043434908
D0916,1.9757263696844984,3,0.9337076543096209,2,56.545629486584254,59.45506351057838
D0917,3.379084660192926,3,0.05063266757154717,2,36.947618700564334,40.37733602832883
D0918,3.9667040057653664,3,0.9749694524262486,2,32.92995004856766,37.87162350675927
D0919,2.2955085380399,3,0.25303323434923664,2,22.48871269716351,25.037254469552643
D0920,1.8165939558870292,3,0.4748056823322116,2,58.392572651442215,60.68397228966145
D0921,1.8078436781912939,3,0.5271111526763094,2,49.34238559978847,51.677340430656066
D0922,1.0926167308020858,3,1.4635743454850387,2,28.717468401124048,31.27365947741117
D0923,5.141819762741412,3,0.27627486803689205,2,47.11504861008672,52.533143240865016
D0924,1.5954185186742598,3,0.4153910819222642,2,48.1067661405061,50.11757574110262
D0925,1.788162418498209,3,0.9125398577120325,2,29.370352425198355,32.0710547014086
D0926,1.734549177733125,3,3.532388644992831,2,33.435488394618574,38.70242621734452
D0927,13.875399849677207,3,0.30364813584067785,2,57.98817859920482,72.16722658472271
D0928,2.818038349081935,3,4.15360969119033,2,44.31013741060291,51.28178545087518
D0929,3.813235394321075,3,0.6822374514458714,2,56.84272736223676,61.338200208003705
D0930,0.5897567877926942,3,0.4925014910302106,2,72.70820615011158,73.79046442893448
D0931,0.698028791514022,3,2.4443750594972267,2,54.3930952136039,57.53549906461515
D0932,0.7813271485600236,2,0.7269743077559854,2,52.72155577174251,54.22985722805852
D0933,7.056296227409794,2,6.568679788843081,2,49.44085084002221,63.06582685627507
D0934,2.5395283700606592,3,0.9969959534451374,2,55.299550109932376,58.83607443343819
D0935,4.109236333286173,3,1.7015438116054211,2,53.13363004407047,58.94441018896207
D0936,3.4535947211264624,3,0.45158096181100654,2,30.924176202342466,34.82935188527993
D0937,1.2601952033891446,3,1.5197479561047529,2,55.236783947414324,58.01672710690822
D0938,53.143380631367634,3,9.412093477476722,2,50.66484691193775,113.22032102078211
D0939,3.973497100300283,3,2.6375757857450446,2,78.66038996209488,85.27146284814022
D0940,5.1708848413079584,3,2.3315379547237867,2,55.33488965720242,62.837312453234176
D0941,40.60344025445532,3,13.336413074887592,2,45.85407621841918,99.79392954776208
D0942,2.1066579736740585,3,0.5278851390942948,2,50.8038353355818,53.43837844835015
D0943,20.078569518039327,3,0.8848239699915068,2,29.31714635187018,50.28053983990104
D0944,7.502029824935535,3,1.5170068837801813,2,35.32054012412773,44.33957683284345
D0945,8.46464614483499,3,2.150068011039546,2,25.677623447148775,36.29233760302332
D0946,6.068596379822131,3,6.0772182729611615,2,12.167131528550382,24.31294618133367
D0947,9.460042413641236,2,0.1908940121663498,2,26.938407762044896,36.589344187852475
D0948,2.648780158326287,3,0.40142369837425157,2,13.922940534977712,16.97314439167825
D0949,8.308532352037922,3,1.4913608159439904,2,51.88977661425468,61.689669782236585
D0950,2.533054809350553,3,0.05940961608168897,2,46.28279779275896,48.87526221819121
D0951,16.797708158622438,3,0.2548702556650402,2,3.711102363405087,20.76368077769259
D0952,17.322739323614634,3,2.3724360857518065,2,60.050280118523695,79.74545552789014
D0953,8.856586296135315,3,3.390856182250133,2,14.156516040446618,26.403958518832077
D0954,10.410546178950035,2,0.11762319228464312,2,40.54742801741896,51.07559738865365
D0955,7.409468323848663,3,3.0223316040440986,2,48.86804723405028,59.29984716194302
D0956,1.5191047758119836,3,0.7696071205819108,2,31.594679787930612,33.883391684324494
D0957,5.5566512363485865,3,1.885850897542873,2,13.373692602440752,20.816194736332214
D0958,8.163345975928419,3,1.006658532010155,2,17.850858488353033,27.020862996291605
D0959,1.038428004536191,3,0.05693361286913466,2,66.38563908648548,67.4810007038908
D0960,2.320568140347399,3,0.7656963904410002,2,71.47038078634533,74.55664531713374
D0961,6.0346255789244765,3,3.9415310069432925,2,40.62388654601688,50.60004313188463
D0962,7.187382594598036,3,7.1084896516158285,2,21.833352433663993,36.12922467987787
D0963,10.289440255854487,3,1.8273929804241105,2,72.47161216617748,84.58844540245606
D0964,6.398241384387183,3,10.379965727527347,2,35.36271323665974,52.14092034857427
D0965,4.151095704790252,3,7.085937736402275,2,23.464521526546577,34.70155496773911
D0966,1.2439298435350084,3,0.26196908902061766,2,16.68764384903249,18.193542781588118
D0967,11.898175121275106,3,2.620471888490956,2,36.90376724590026,51.42241425566631
D0968,7.874076840573433,3,0.3571756103591361,2,29.803567155262026,38.03481960619461
D0969,7.503120640216746,3,3.214729527414282,2,75.7016410406991,86.4194912083301
D0970,1.2397860173633117,3,4.644029793752172,2,35.18226357458884,41.06607938570431
D0971,0.31863249601595034,3,0.7349425069186707,2,117.7282813919469,118.78185639488149
D0972,3.8400702099403152,3,6.205197748391572,2,37.69193533356871,47.73720329190059
D0973,5.324368930242473,3,0.8408764439276597,2,45.380257831835756,51.545503206005876
D0974,30.847249576972814,3,11.989862811045729,2,48.62801610799423,91.46512849601275
D0975,1.8741440677178904,3,0.8214548339297942,2,103.11646200521021,105.81206090685791
D0976,2.264016721628432,3,0.3942901063976546,2,56.99968213052006,59.65798895854615
D0977,6.123915389005033,3,0.04515750821502915,2,54.2429973847956,60.412070282015655
D0978,16.81040820076313,3,2.395759646451127,2,24.996615632154455,44.20278347936872
D0979,10.799978700139519,3,1.6520448193390675,2,6.96637204034007,19.418395559818652
D0980,2.8859925829872437,2,3.698416958460404,2,28.424433413393583,35.00884295484124
D0981,246.95027222279677,3,34.20948934704721,2,135.67356367928616,416.83332524913004
D0982,1.4441809251785216,3,7.497215586618714,2,20.103652128932396,29.045048640729636
D0983,2.4016087904580328,3,0.7169752354858497,2,30.48122895288351,33.59981297882739
D0984,7.486440245249044,3,4.649462274829995,2,44.1158428056857,56.25174532576472
D0985,1.4312365500489845,3,0.2574271555140549,2,45.0881052711939,46.776768976756934
D0986,15.853879820778344,3,1.8103412321342225,2,46.38934124722891,64.05356230014148
D0987,8.168093068868368,3,2.807932309764451,2,84.89851787458821,95.874543253221
D0988,2.714625761149904,3,1.3802719539712023,2,16.915888749211273,21.010786464332377
D0989,0.6753933698590124,3,12.817343516990862,2,39.8229926886662,53.315729575516066
D0990,7.522677444572942,3,2.3342401423373005,2,47.17338311721937,57.030300704129615
D0991,1.5975504755305798,3,8.706076429409583,2,40.08688692358942,50.39051382852957
D0992,7.3598249686148,3,2.676057792334363,2,49.65796928918662,59.69385205013578
D0993,5.71378807844631,3,6.388912249377,2,35.50063607699033,47.603336404813646
D0994,5.833583896491019,3,5.203296205708237,2,115.6290278939635,126.66590799616272
D0995,4.156198963792628,3,0.2920378861332256,2,35.691341635871616,40.139578485797486
D0996,2.8149797704531876,3,1.1389908826697126,2,41.20825061295156,45.16222126607446
D0997,1.4402454557707958,3,0.9349060703155915,2,15.893244641866293,18.268396167952677
D0998,1.7914280107536564,3,7.07043259371768,2,42.48126246972539,51.34312307419672
D0999,0.2698196471983364,3,2.813843909090461,2,56.86995905407838,59.95362261036716
D1000,2.0941583822189958,3,0.06378661733454628,2,25.67146093463177,27.829405934185313
D1001,0.9237076220046575,3,2.6945354079461232,2,57.65774053294612,61.2759835628969
D1002,1.821297771554936,3,0.12136356763030554,2,16.962916623389745,18.905577962574984
D1003,6.0556884263527655,3,3.124800662091785,2,43.58247973371755,52.7629688221621
D1004,6.150470394887684,3,1.6150614089543482,2,14.986530556799616,22.752062360641652
D1005,3.501299197836207,3,3.3480049903100806,2,51.878815174417845,58.728119362564144
D1006,1.731110873183394,3,0.07476175558817852,2,30.624272685419072,32.430145314190646
D1007,16.585574957911405,3,18.87377710446658,2,33.78744476872409,69.24679683110206
D1008,0.7671052748090271,3,1.019680561088001,2,38.184022786121425,39.97080862201846
D1009,5.085405403873192,3,5.67257854615032,2,34.04951093802242,44.807494888045944
D1010,73.18291125726502,3,36.25638460006541,2,96.26578643538068,205.70508229271115
D1011,41.54930465811528,3,4.748918991498555,2,153.30131993511995,199.59954358473377
D1012,2.1393395693346546,3,2.0733533046377555,2,36.273310009538385,40.48600288351079
D1013,5.767673262503462,3,0.41620933547351135,2,18.20846474267503,24.392347340652
D1014,15.062956649902603,3,7.433454413922201,2,36.501467582835986,58.99787864666079
D1015,6.334793706374597,3,0.2432653838310198,2,69.03171528142438,75.60977437163
D1016,1.3167117886690207,3,0.7013852341536899,2,22.069498412683007,24.087595435505712
D1017,1.249733643792375,3,2.365769959525487,2,27.762199027484954,31.377702630802823
D1018,1.8664264843549543,3,1.8082546579377483,2,11.102624717757518,14.777305860050223
D1019,1.4096333610269727,3,0.2340677865285386,2,50.188350438417174,51.832051585972685
D1020,8.860735083394804,3,0.10972958959909632,2,37.918649949534995,46.88911462252888
D1021,0.28030694803924683,3,5.129558290566008,2,30.7948520511208,36.20471728972605
D1022,3.4867407849581706,3,1.0548597173944954,2,62.04697437832335,66.58857488067602
D1023,8.367674277373226,3,3.9527921281316,2,89.34950738000731,101.66997378551217
D1024,8.926322625306513,3,2.723073295386505,2,29.542684221002837,41.192080141695854
D1025,6.831443493985405,3,0.10961045319278676,2,48.574644437963286,55.51569838514148
D1026,4.560270188370541,2,8.45294017775108,2,42.880918831285946,55.89412919740756
D1027,3.9346274159141896,3,1.7540304878826354,2,47.01107674805075,52.69973465184757
D1028,36.19822388824321,3,4.599466077037323,2,68.70163413212552,109.49932409740606
D1029,1.276234280546707,3,0.26182915479370145,2,24.64044153579776,26.178504971138164
D1030,1.2548590543907683,3,1.7537014396833523,2,15.294903476208743,18.30346397028286
D1031,4.951025757051317,3,4.747860156590517,2,31.98462175032853,41.683507663970374
D1032,4.492761104718461,3,1.8495044901122573,2,24.161937681881845,30.504203276712566
D1033,0.0011731078526653158,2,1.7803149683801962,2,34.87035919422277,36.651847270455626
D1034,2.2115928347151494,3,1.1174694735303037,2,37.68299673186966,41.012059040115126
D1035,26.85368276093892,3,1.5478973970503225,2,27.03401740150237,55.43559755949161
D1036,3.120299978971849,3,0.522716061834029,2,65.02876866545508,68.67178470626098
D1037,4.268737359836696,3,1.5640799786415716,2,39.79094606422526,45.62376340270351
D1038,106.78439662435886,3,11.957026590971122,2,278.2218767874556,396.96330000278556
D1039,12.870748717785329,3,2.350491620534949,2,228.4145536475971,243.63579398591736
D1040,3.347931699963399,3,1.1593255002274199,2,42.87623226113297,47.38348946132379
D1041,0.3452200869062656,2,0.281492068672105,2,22.047970081405094,22.674682236983465
D1042,3.0917266328614987,3,2.0464973110293734,2,33.89754625195016,39.03577019584103
D1043,13.343790249277802,3,1.881023979707619,2,33.054759587327055,48.27957381631249
D1044,5.539298773397374,3,6.710141276502823,2,37.424956579017994,49.6743966289182
D1045,3.1471378869095483,3,2.1477263032796734,2,27.142801917793754,32.43766610798298
D1046,3.44821834974841,3,0.8956165842611793,2,92.89553988452995,97.23937481853956
D1047,9.133644487483053,3,3.8288216699820015,2,87.61828448170724,100.58075063917228
D1048,4.091403544909942,3,0.16039008657445206,2,52.29317608157448,56.54496971305887
D1049,0.9529277917831026,3,2.9082161661596406,2,52.89948219108783,56.760626149030564
D1050,6.784796633162452,3,1.8737249095925388,2,25.41892925937138,34.07745080212638
D1051,50.01061403398008,3,12.205935816987726,2,60.83944412460628,123.05599397557425
D1052,3.219256154878397,3,8.458475892789187,2,67.59240006951929,79.27013211718686
D1053,20.018049715512507,3,0.10276495150039183,2,37.64425512919047,57.765069796203356
D1054,1.2563527512708301,3,5.645005938140086,2,52.561138109067564,59.46249679847848
D1055,3.1858870060504145,3,0.265244003656745,2,19.797685576342534,23.24881658604969
D1056,8.99087059678522,3,0.01916424429751233,2,49.25093033088529,58.260965171968024
D1057,1.0529839812659194,3,0.6071865943207639,2,51.92322881650203,53.583399392088715
D1058,1.7899979176784901,3,1.3571512313430787,2,22.97631404860462,26.123463197626187
D1059,1.9192432712292924,2,2.469457560372576,2,22.970633871038938,27.359334702640812
D1060,89.83966413386166,3,1.0092515417955896,2,7.401401740546799,98.25031741620394
D1061,2.1352478464247753,3,1.0681962162306144,2,47.325293080100735,50.52873714275612
D1062,7.525809326121488,3,2.7806457577223442,2,36.2069527387442,46.513407822588036
D1063,5.547928131141171,3,3.3028531235581613,2,69.48570764859775,78.33648890329711
D1064,3.7277155577523926,2,0.15987953663779206,2,51.58848607885896,55.47608117324914
D1065,1.2250173914151272,3,0.9076530248921499,2,45.82114560849443,47.95381602480171
D1066,3.7270732998036173,3,3.2407624571826745,2,97.11593006153322,104.08376581851952
D1067,1.4310356183630422,3,6.626548483314556,2,35.2414497237824,43.299033825460015
D1068,48.08020170835745,3,32.593520530240966,2,82.70281323777712,163.37653547637558
D1069,7.785944871824418,3,5.5490335110149225,2,47.47825923377719,60.81323761661654
D1070,1.659357670385443,3,1.0305459284625762,2,38.59349403022698,41.283397629075
D1071,7.976195649032369,3,6.719471326194582,2,38.73595613421626,53.43162310944321
D1072,26.37888710672691,3,20.99429681092215,2,37.91416052933493,85.287344446984
D1073,9.111417464484962,3,2.9989767188555287,2,43.70588157136236,55.81627575470284
D1074,3.196777371724302,3,1.1358855710163107,2,48.93094897031215,53.26361191305276
D1075,8.033885420199967,3,3.981144100050627,2,37.48876214126969,49.50379166152029
D1076,0.8537821909363122,3,1.8504116714452106,2,40.75291856020539,43.457112422586896
D1077,11.509742587652365,3,5.527019618802455,2,38.180818226510084,55.21758043296489
D1078,12.01112265283872,3,9.511702276360284,2,47.39117077509574,68.91399570429472
D1079,6.591277790285748,3,4.2896333564863705,2,42.978412842771526,53.859323989543654
D1080,4.122462860004389,3,1.951843189630791,2,15.325564106948717,21.39987015658389
D1081,40.70753159563948,3,3.3976653720286962,2,33.23799617013034,77.3431931377985
D1082,1.938772432542046,3,2.4595240078985423,2,42.08953448112304,46.487830921563635
D1083,29.007596812265664,3,55.808929148105065,2,58.214589227994374,143.03111518836513
D1084,1.9214458472013936,3,3.778086559755316,2,47.482357453465646,53.18188986042236
D1085,13.45485526699265,3,5.519423096662835,2,68.70681205513765,87.68109041879312
D1086,0.8854116699094107,3,1.4653872751051198,2,53.55043696932183,55.90123591433636
D1087,0.5625066115591555,3,1.4523707434500142,2,33.21338581216151,35.22826316717069
D1088,1.9967751039313497,3,15.686815070267063,2,37.20522789500842,54.88881806920683
D1089,1.847189652851363,3,0.7014370891078187,2,61.39045363074556,63.93908037270473
D1090,18.61822486762857,3,0.23458068230161744,2,14.698368595306109,33.551174145236274
D1091,16.785972035819213,3,0.07130253562805597,2,41.87322086455315,58.73049543600042
D1092,2.0309868054499036,3,1.430911186140665,2,83.0463519086994,86.50824990028997
D1093,8.658918269185556,3,4.544511191155302,2,25.732940475421238,38.93636993576211
D1094,6.713930398820001,3,0.24749261582899373,2,23.270698679756908,30.2321216944059
D1095,0.6081922259888386,3,1.8244055362318579,2,18.03668856913169,20.469286331352386
D1096,9.743212127677932,3,4.790087944393427,2,84.35621027118374,98.8895103432551
D1097,65.77348905982296,3,35.286010182704864,2,150.31650424890708,251.3760034914349
D1098,1.5456049300831591,3,0.4145245982105285,2,45.05388176817107,47.014011296464744
D1099,35.634872783220295,3,5.811786428591005,2,56.31655920410549,97.7632184159168
D1100,1.4921988100173156,3,1.0408187148761765,2,11.049296789670125,13.582314314563622
D1101,9.347994959319395,3,0.3783647702034213,2,76.63700390710694,86.36336363662976
D1102,1.0994957117032789,3,0.8726516591146009,2,66.95881180860121,68.93095917941909
D1103,6.81516737293117,3,0.8372636095952626,2,47.558282935415875,55.21071391794231
D1104,83.15809199189711,3,0.2632993001219245,2,44.79916955787212,128.22056084989123
D1105,1.164029301445795,3,1.2003829470599658,2,32.56903265346603,34.9334449019718
D1106,4.349831462181172,3,1.4828521589539156,2,123.16474488868619,128.99742850982128
D1107,1.3988396136420707,3,2.8501914548714242,2,76.50265789888928,80.75168896740279
D1108,1.3340997942385275,3,2.081221602084025,2,37.72861000500474,41.143931401327286
D1109,2.178639011875946,3,3.3359041690083613,2,45.990106745545994,51.50464992643029
D1110,0.20883121697259768,3,6.4264446037269645,2,66.6883669078773,73.32364272857687
D1111,4.849807888957058,3,1.2544163793604621,2,54.37129300162232,60.47551726993985
D1112,9.646741956279977,3,3.4514858853307144,2,47.50835638720046,60.60658422881116
D1113,1.585498921042002,3,4.2948891413161645,2,69.31701365926808,75.19740172162625
D1114,8.838509989924509,3,0.17071214842942267,2,40.940155196269735,49.94937733462366
D1115,5.34457510510881,3,1.359763928686022,2,15.977483283211743,22.681822317006574
D1116,5.075278489252459,3,1.178370651279376,2,49.057170754301445,55.31081989483329
D1117,5.066501725101312,3,2.7746237567030305,2,26.64104139226978,34.482166874074125
D1118,4.714221689306729,3,1.1269767096027143,2,29.195649308738894,35.03684770764834
D1119,2.3649244214342566,3,0.7946210354519204,2,43.39357580110679,46.55312125799297
D1120,1.5241071132243003,3,12.500798270508833,2,41.975471216923005,56.00037660065612
D1121,0.8195295112830888,3,1.8993469764409545,2,14.367647384810985,17.086523872535025
D1122,8.995618519524001,3,6.276665395229628,2,42.3348140148455,57.60709792959912
D1123,3.240978057242346,3,4.843723420400591,2,17.709901729765644,25.794603207408578
D1124,0.5441574415450938,3,1.3671399375146185,2,32.409803899397204,34.32110127845691
D1125,0.0651159088552841,3,0.04458261475700003,2,68.06675976466853,68.17645828828081
D1126,1.7860044893038138,3,3.513254370577712,2,57.71424954065833,63.013508400539855
D1127,7.043455216382554,3,0.17812416746184495,2,36.86235875680835,44.08393814065275
D1128,0.7382276894263762,3,4.811579112634943,2,18.624587125830747,24.17439392789207
D1129,13.532896779341748,2,14.554394215847072,2,18.203284115950108,46.29057511113889
D1130,7.914023355008911,3,2.904300216539388,2,62.45733825680121,73.27566182834954
D1131,8.540554133108737,3,1.4862413073311682,2,37.09652363169544,47.123319072135345
D1132,4.656124188630299,3,1.0216472506726815,2,22.89629329846292,28.574064737765898
D1133,2.756785593386214,3,0.3033667766909388,2,61.007095987730956,64.06724835780811
D1134,13.282784262339598,3,0.8976228362169447,2,13.218002649734284,27.39840974829082
D1135,1.9740978609748367,3,1.3905363909731399,2,29.717422510721423,33.082056762669396
D1136,10.618923946344239,3,4.852995235076404,2,62.81300405960893,78.28492324102957
D1137,7.566627855534577,3,2.948805927804661,2,36.66842395705281,47.18385774039204
D1138,14.176745352131462,3,12.681367292736269,2,51.940874437385006,78.79898708225278
D1139,8.743616019803484,3,0.3145167066794778,2,21.324018879818016,30.382151606300994
D1140,5.721823921701626,3,4.4059750675301075,2,23.57484125575511,33.70264024498685
D1141,6.254968058279225,3,0.2600769787001803,2,46.51818431839994,53.03322935537935
D1142,7.94446312887827,3,4.297450505939455,2,44.79518397155321,57.037097606370935
D1143,0.8264716287063938,2,6.696551159069497,2,35.03050497855248,42.553527766328365
D1144,16.044407032175794,3,2.318186861868002,2,45.18925515738806,63.55184905143185
D1145,2.071698943965084,3,1.2285715466642768,2,55.76861586349482,59.06888635412418
D1146,1.8116923386769914,3,0.5124834190077326,2,51.705320135685874,54.029495893370594
D1147,4.544005301167199,3,2.2705499229861723,2,42.09243164245239,48.90698686660578
D1148,3.754741048011661,3,0.41322281123946913,2,63.91046450298763,68.07842836223875
D1149,4.154386258238891,3,1.1306934855898343,2,31.26176616508762,36.54684590891636
D1150,10.314662050659422,3,0.3454060475451455,2,45.42645148863678,56.08651958684135
D1151,2.0624788144828554,3,3.9120001065393537,2,28.916299818011506,34.890778739033706
D1152,6.004175847565839,3,1.70985604260753,2,88.87152292367905,96.58555481385241
D1153,0.7067494638272237,3,1.82421508352296,2,25.38753443259165,27.91849897994183
D1154,4.277323068659382,3,1.0804565932620132,2,19.802843782671957,25.16062344459335
D1155,6.071436289944601,3,1.3412299184443353,2,32.033731400831485,39.44639760922042
D1156,3.7888298536220693,3,1.991129751452557,2,76.21320264181335,81.99316224688798
D1157,88.3869641958006,3,28.723880669825,2,48.48269846651595,165.59354333214145
D1158,2.6545967106896957,3,0.05578813989710923,2,56.391466718364676,59.10185156895148
D1159,3.762276757655219,3,2.683700472861227,2,67.31698649049315,73.76296372100961
D1160,0.6567742776615133,3,0.6051495482227922,2,46.25075625816784,47.51268008405216
D1161,24.38013566154543,3,3.3672297365047537,2,79.99709782822863,107.74446322627881
D1162,6.775121611583143,3,0.2493777828631448,2,54.10297383911379,61.12747323356005
D1163,7.870277433761047,3,1.700765218448876,2,25.541769286646588,35.11281193885652
D1164,1.137977476898676,3,1.1892816823376717,2,43.8551821102636,46.18244126949995
D1165,5.646018273789115,3,0.8181294030923651,2,117.41461655014976,123.87876422703124
D1166,10.880519651446814,3,0.27971024194698796,2,25.598677408354643,36.75890730174846
D1167,15.696495701153728,3,7.229571924567023,2,180.505005193073,203.43107281879372
D1168,3.9548175325200727,3,6.462642061831695,2,46.691718871803175,57.109178466154965
D1169,8.99673551104888,3,9.651611609291086,2,43.424610701572426,62.0729578219124
D1170,4.834768510843469,3,1.5437629538805258,2,23.830396643734012,30.208928108457997
D1171,0.5763065288015841,3,0.40862684666479404,2,39.37482758956469,40.35976096503106
D1172,5.659822691902043,3,3.628410266223752,2,127.82605722377116,137.1142901818969
D1173,0.12762066373999842,3,1.774949820688674,2,37.92146124309227,39.82403172752094
D1174,2.396449954994027,3,0.867699663883463,2,17.03453796758708,20.298687586464574
D1175,4.109837642310832,3,0.6811981120207364,2,47.53551627732129,52.32655203165287
D1176,2.5977680827762373,3,0.41979691352820114,2,113.35728209934197,116.3748470956464
D1177,2.731790199600734,3,0.9995041040516003,2,16.641358026317494,20.372652329969828
D1178,3.95576268157893,3,7.709028557428563,2,61.97432973237891,73.63912097138642
D1179,42.84829937443816,3,5.605113239514715,2,9.619845499360922,58.0732581133137
D1180,2.1179028817200636,3,2.038376546653154,2,90.77316660249701,94.92944603087024
D1181,49.09543829954012,3,8.848844727623334,2,74.2669888458634,132.21127187302685
D1182,1.594402371008528,3,0.5306768187198357,2,17.423024640053313,19.548103829781677
D1183,1.505843265876878,3,1.9080010358994262,2,49.46709422132818,52.88093852310449
D1184,1.182548142022485,3,1.582413531781949,2,39.29497867157721,42.059940345381634
D1185,1.8853295593652488,3,2.5912494448459222,2,32.1137159849906,36.590294989201766
D1186,2.9628705243147815,3,3.6659045527180374,2,30.99649353486438,37.6252686118972
D1187,5.592882017777403,3,1.463835179967862,2,43.18290115166226,50.23961834940753
D1188,1.011704405562104,3,4.514384230657466,2,46.161360538629566,51.68744917484916
D1189,3.1503508426670686,3,3.4929443926873653,2,78.529800473708,85.17309570906241
D1190,3.9318788618530807,3,2.4699360496013036,2,22.07553254480565,28.477347456260034
D1191,4.86052482929663,2,1.1181993683221592,2,62.66076675949683,68.63949095711564
D1192,1.620295760631359,3,0.7510713798238666,2,42.83520444858665,45.20657158904187
D1193,2.5152074117320753,3,3.613120282151165,2,49.48348213514382,55.61180982902707
D1194,1.0326678534301086,3,0.7749309660426184,2,32.29347930920418,34.101078128676896
D1195,12.395814144758152,3,0.051664455508883066,2,61.044317292025596,73.49179589229264
D1196,3.5348080419642844,3,0.9496515209208413,2,45.03783988163062,49.52229944451575
D1197,4.384966752221205,3,0.6100650937782401,2,112.95112301035927,117.94615485635873
D1198,3.4495668502401107,3,6.247560694811017,2,68.34550758296078,78.04263512801191
D1199,4.822450430324968,3,1.0451167436965143,2,35.57266949378919,41.44023666781068
D1200,5.942329032522679,2,1.1534049167172884,2,86.61958511029508,93.71531905953505
D1201,6.316730403380596,3,5.577287278541008,2,50.985984749938815,62.88000243186042
D1202,28.744743907976996,3,0.20670196007189728,2,33.15901348348011,62.11045935152895
D1203,9.253953470389941,3,0.3981105036206523,2,61.62903422528016,71.28109819929078
D1204,1.3842847008155617,3,0.4618241041862974,2,30.174901067981594,32.021009872983456
D1205,3.1636993142517147,3,0.8040906259499887,2,37.39687257734856,41.36466251755025
D1206,2.787674310376079,3,1.1327745430603913,2,36.66240714893056,40.58285600236703
D1207,9.075201798054836,3,3.1570364871419545,2,45.65377948135284,57.88601776654964
D1208,5.2726873332932405,3,3.406122127417592,2,176.19662717241837,184.87543663312925
D1209,3.0897402341086195,3,0.9792145677712254,2,33.32248762496006,37.39144242683991
D1210,9.66996590865459,3,0.06277235663368642,2,36.64867777637038,46.38141604165867
D1211,7.129397340291179,3,2.2247899961777233,2,51.10068092490767,60.45486826137658
D1212,6.5860446127618735,3,5.0336056611969395,2,65.27618655629911,76.8958368302579
D1213,1.8028061539616,3,1.3388311653578866,2,50.422145290371695,53.56378260969118
D1214,1.3832648909326475,3,4.410145849901288,2,29.099673402814155,34.893084143648096
D1215,8.908271946041328,3,1.2126585386178588,2,44.33141423378361,54.452344718442795
D1216,2.438783849770976,3,2.0816762829036173,2,47.202784396432655,51.72324452910725
D1217,0.8244739118422967,3,4.014797926594886,2,67.9311535806955,72.77042541913268
D1218,10.146807632428494,3,2.078950189942392,2,60.26087095470541,72.48662877707628
D1219,9.321164800751166,3,1.7586142264559141,2,53.42860287309769,64.50838190030477
D1220,16.672138946087834,3,1.559923494525746,2,22.435004449692023,40.667066890305605
D1221,1.5784758553432294,3,2.9683842641667324,2,51.61761198009717,56.164472099607124
D1222,2.0836855900344298,3,3.795587275661555,2,32.51176171105119,38.39103457674717
D1223,2.7456852354543964,3,0.1795789601740274,2,35.168955600018776,38.094219795647206
D1224,4.262922384112175,3,1.4562448556176106,2,28.412684606644625,34.13185184637442
D1225,0.5604408798553654,3,1.890215923165769,2,40.22769146966079,42.67834827268192
D1226,3.700526607552869,3,1.6433369715385089,2,44.581127566401165,49.92499114549255
D1227,2.684652647932833,3,2.862693930537432,2,25.008889431229072,30.556236009699333
D1228,5.467408370914778,3,1.6114112802344902,2,16.474575297052706,23.553394948201973
D1229,1.2173889298672815,3,1.4219764890550615,2,20.90565320065068,23.545018619573025
D1230,1.0628745032799267,3,1.4225412895763674,2,33.88775995137628,36.37317574423258
D1231,2.5967862774881527,3,0.024611117653553446,2,40.53457482456163,43.15597221970333
D1232,0.26360368600798983,3,2.8608148380995555,2,46.64746122229213,49.771879746399684
D1233,2.3561087448090854,3,4.037025117731153,2,65.12436575318125,71.5174996157215
D1234,2.6845623920622823,3,22.030310166465675,2,41.93268799754815,66.64756055607614
D1235,5.447286324941066,3,9.188409841256997,2,35.062645889708705,49.69834205590679
D1236,0.5248978371042907,2,6.797283178934395,2,36.05982757603698,43.382008592075664
D1237,1.1385662810341397,3,0.2566779445804254,2,44.19700498996952,45.59224921558407
D1238,3.626832418283872,3,1.5506461578585526,2,54.01220636457107,59.18968494071349
D1239,1.5965437017339223,3,0.8422609759151679,2,38.70105426187088,41.139858939519975
D1240,3.480157577762503,3,1.0490589999972662,2,58.30583088634251,62.83504746410229
D1241,1.3519552462889308,3,1.4052611850895904,2,27.873488074019527,30.630704505398043
D1242,3.3999423018731942,3,4.100147077681223,2,13.081618805163318,20.581708184717733
D1243,4.032323316204655,3,0.5804884140972282,2,67.99725673264201,72.61006846294389
D1244,1.4924754753451692,3,3.578156924519713,2,41.45293553232286,46.52356793218775
D1245,1.944684218036433,3,0.9456526169884081,2,52.45404495866213,55.34438179368697
D1246,2.8114837484551303,3,4.841287710387924,2,68.772078731466,76.42485019030907
D1247,6.318009938196555,3,1.674380746980462,2,42.99871067847473,50.991101363651744
D1248,5.849312463768043,3,5.99253913515248,2,50.89846807081443,62.740319669734944
D1249,4.5572003895508155,3,2.713724753398512,2,43.209505852022964,50.480430994972295
D1250,0.7357108086696383,3,2.3235315109309833,2,44.64469446171611,47.703936781316735
D1251,16.928998535175104,3,0.8850880927024799,2,132.97402357350478,150.78811020138238
D1252,6.852505377298436,3,0.1321370483170259,2,44.29389741576237,51.278539841377835
D1253,7.775908595014086,3,4.7924108867126645,2,62.05548808125483,74.62380756298161
D1254,3.144022126665515,3,5.938628993629756,2,17.964142614441464,27.04679373473673
D1255,2.9153065729372836,3,1.0158574018164752,2,25.137503596889523,29.068667571643285
D1256,9.720549002415574,3,0.19439911213770852,2,25.952980226510608,35.867928341063894
D1257,14.041448117653916,3,2.8740468208686982,2,51.78387171809401,68.69936665661665
D1258,9.752754497847043,3,2.0463583809599712,2,96.07111644848958,107.8702293272966
D1259,1.1775518781659235,3,1.5448979101854363,2,103.21913719534939,105.94158698370077
D1260,1.9904861181701414,3,1.4796971973249515,2,42.586157773688406,46.056341089183505
D1261,10.461094591275174,3,1.0628616999969978,2,45.02882015227712,56.55277644354928
D1262,2.4945788730923497,3,0.43927511885514997,2,51.8031092468788,54.7369632388263
D1263,5.477270601654098,3,0.4005230698105917,2,25.22842387285328,31.10621754431798
D1264,0.6043868362929157,3,1.6694509770562442,2,46.2684839450926,48.54232175844176
D1265,4.458889923136492,3,4.583659723225352,2,90.32092901282257,99.36347865918441
D1266,2.2827547166978293,3,1.1121345263203366,2,27.36009209099396,30.754981334012125
D1267,1.88419029809806,3,1.2048363276878358,2,23.22403378701798,26.31306041280387
D1268,2.735892608618785,3,2.5400417938028825,2,37.67172919380907,42.947663596230726
D1269,3.3012168837026437,3,3.8281514504300467,2,25.97272774481869,33.10209607895138
D1270,1.749633343240442,3,1.2017388536530935,2,82.11063896321977,85.06201116011329
D1271,77.68948695473397,3,19.2237014656461,2,112.62912118959817,209.54230960997825
D1272,9.91315682380317,3,5.4495678564430685,2,32.18083472402715,47.54355940427339
D1273,0.5968574448250191,3,0.09457828880027759,2,20.63514571671111,21.32658145033641
D1274,5.427168210587807,3,1.8107205951655958,2,36.573753345564114,43.8116421513175
D1275,1.5119206804303835,3,6.803009168748517,2,57.78645034075349,66.1013801899324
D1276,2.02366406347687,3,1.884575387516,2,18.2175228463962,22.125762297389066
D1277,0.6300647568659374,3,4.705072639459554,2,12.439076013112807,17.774213409438296
D1278,25.03743438362616,3,2.191965046492153,2,40.034640484939516,67.26403991505782
D1279,3.236072849242894,3,0.43415741616299786,2,53.80704210430044,57.47727236970635
D1280,5.360151077570054,3,8.346885407973465,2,54.718043873162046,68.42508035870556
D1281,8.549782781532782,3,3.8029654505194306,2,80.08158626646298,92.43433449851518
D1282,4.0743386981177085,3,1.3523655887759751,2,75.33858507494887,80.76528936184253
D1283,1.5868710533653994,3,0.35976948148423754,2,57.32605362834548,59.27269416319512
D1284,4.481474745201845,3,1.3930318023588217,2,25.258520138647153,31.133026686207824
D1285,3.487287044316152,3,2.120242792771496,2,55.204731961085834,60.812261798173495
D1286,7.006152629062705,3,5.280631326018278,2,63.47010327957654,75.75688723465753
D1287,2.791225047706807,3,2.0406775701526714,2,48.494226704415624,53.32612932227511
D1288,7.454660233934481,3,7.451058955261273,2,63.752087765692735,78.65780695488847
D1289,1.0286667225153263,3,1.1311572066318807,2,29.231379941955602,31.391203871102814
D1290,3.143679214002249,3,2.839110859088099,2,41.51813625284869,47.50092632593902
D1291,2.520671610897718,3,4.637272280817421,2,37.33905608805536,44.49699997977049
D1292,4.581924198214664,3,2.466823764882609,2,29.973406793989525,37.022154757086795
D1293,161.50040527307337,3,386.36259078271877,2,364.4313449929248,912.2943410487167
D1294,10.196635491586234,3,0.8060922464980987,2,54.442108355312385,65.44483609339672
D1295,4.969918185329257,3,4.167302865000905,2,19.596947427281396,28.73416847761155
D1296,0.6501533550240265,3,1.2157125432461235,2,41.24041364666913,43.10627954493929
D1297,1.9276296238405264,3,0.2807933461958129,2,74.22477111919996,76.43319408923628
D1298,1.495728149751677,3,6.873154114788736,2,29.016445317594723,37.38532758213515
D1299,2.270714165985673,3,5.9808807255760605,2,25.822592930688025,34.074187822249755
D1300,6.260225035122186,3,2.6845561547672903,2,76.8908930267471,85.83567421663659
D1301,13.163531561909547,3,5.199124090502959,2,48.52070658924643,66.88336224165893
D1302,3.3435221735431764,3,1.0869296713476801,2,38.09725218092153,42.5277040258124
D1303,2.9450126432839587,3,0.5053274267470623,2,48.82790959969116,52.27824966972218
D1304,5.743271831276329,3,3.840612030126121,2,46.489701849325904,56.073585710728345
D1305,3.6044983459395237,3,3.0066304247343223,2,18.22643290738251,24.837561678056343
D1306,14.64016946284365,3,2.447542343926366,2,36.81382084484825,53.901532651618275
D1307,4.077403599357886,3,2.5751948345710933,2,39.66521131312614,46.317809747055136
D1308,4.555617727627665,3,1.7302308872498675,2,67.33317076327361,73.61901937815115
D1309,5.159218218439681,3,0.10607253806098156,2,53.73975449924972,59.00504525575038
D1310,19.08295830058909,3,5.093794289758439,2,125.30889343854203,149.4856460288895
D1311,11.097231671367215,3,0.5992496461806714,2,29.439587736279705,41.13606905382758
D1312,4.794859809809289,3,0.3409422337122543,2,21.466112660888182,26.601914704409726
D1313,1.856597073669492,3,2.672612303611674,2,57.688578092135415,62.21778746941657
D1314,0.07924205152527307,3,0.9446515359809111,2,75.76844629321837,76.79233988072455
D1315,5.643452576150102,3,2.055136044431351,2,47.393996033865484,55.092584654446924
D1316,12.508741693294587,3,0.8081839427479961,2,40.04453987891486,53.36146551495745
D1317,4.427078982436708,3,3.5366999424898125,2,107.90274652723313,115.86652545215965
D1318,3.7648348899486055,3,0.5456834780349119,2,65.55173992417429,69.8622582921578
D1319,49.592581994458094,3,15.242372975837668,2,154.83067099564752,219.66562596594326
D1320,2.9193771337982297,3,0.8372958436048769,2,29.914661891666743,33.671334869069845
D1321,2.0362251981346384,3,3.8478288652940997,2,20.96307211556315,26.847126178991886
D1322,2.811042638820826,3,0.700363207534184,2,69.97849710689212,73.48990295324714
D1323,771.3778267053223,3,61.31888053779501,2,171.13642368477497,1003.8331309278922
D1324,0.5337980412423077,3,2.3441388013652045,2,50.53103381122806,53.40897065383558
D1325,4.060055279212818,3,2.4473722090649805,2,74.62331425430382,81.1307417425816
D1326,0.8241893818981855,2,0.8678166802707135,2,31.964897495342644,33.656903557511555
D1327,8.143020462605108,3,0.18747375832798324,2,41.22111903555838,49.55161325649147
D1328,3.0448834917834495,3,1.9046007651233647,2,55.54263132395111,60.49211558085793
D1329,1.2956428128567008,3,1.627431995114445,2,34.49542560194383,37.418500409914984
D1330,6.581167103107238,3,0.01351319080281026,2,40.87091658078145,47.46559687469148
D1331,0.6941546371615502,3,0.3622889914840693,2,56.89218532703608,57.948628955681706
D1332,2.5749570976985114,3,0.5850479694683023,2,42.06689535185525,45.22690041902207
D1333,6.60219056913919,2,3.7164111550180423,2,23.63728266344314,33.95588438760038
D1334,4.6234622562087,3,0.026899846904774437,2,4.682209568596403,9.33257167170988
D1335,1.9597961775476216,3,7.594098146230318,2,33.25029155270579,42.804185876483714
D1336,3.5195741177791717,3,4.178147483583215,2,54.125542069506,61.823263670868386
D1337,4.005465415154093,3,0.9033396274920181,2,46.618616636958194,51.52742167960429
D1338,0.971895254812354,2,4.017462880980288,2,22.91661237558699,27.905970511379632
D1339,2.24642295832254,3,2.9839697384995425,2,45.28318654138815,50.51357923821021
D1340,5.428085962422019,3,1.4955560658624634,2,21.37632006320634,28.299962091490823
D1341,1.6884041926196862,3,0.22827678749541952,2,20.21414971639884,22.130830696513943
D1342,3.5331178147393154,3,0.48035772835335955,2,46.16093018646936,50.17440572956202
D1343,9.87660790016643,3,0.667133113105509,2,46.767355904406344,57.31109691767828
D1344,3.4482714804800314,3,0.0008570955491472937,2,53.914874795004174,57.36400337103334
D1345,71.67789213284283,3,7.636863084503679,2,49.350050891677796,128.6648061090244
D1346,3.3347855643703075,3,3.771777133660413,2,102.62497968800987,109.73154238604059
D1347,4.953260956127787,3,7.0214243535394445,2,39.67578684939884,51.65047215906606
D1348,0.33321017263006564,3,0.7953898748892752,2,37.535445274290126,38.664045321809475
D1349,3.274605435390312,3,0.016909770465920057,2,31.86823500480883,35.15975021066507
D1350,2.3542483200659143,3,1.2831578115116469,2,30.221268210661073,33.85867434223863
D1351,6.716435279424545,3,0.947469705192787,2,38.59302543316632,46.25693041778364
D1352,3.101510173180323,3,1.3203809446930734,2,37.12595886662233,41.54784998449573
D1353,9.395648157203741,3,0.32672214517159726,2,63.28789798317849,73.01026828555383
D1354,5.012144428422168,3,0.7617246820609092,2,44.195578799368135,49.96944790985121
D1355,5.873101366787619,3,8.919775400577834,2,40.898638348968966,55.69151511633442
D1356,3.5036156887539125,3,0.4918208512421839,2,114.43787182936185,118.43330836935795
D1357,8.39111644948958,3,4.3487914361251665,2,109.25590667858033,121.99581456419506
D1358,14.113926385827115,3,0.599284483059428,2,35.962045841399814,50.67525671028637
D1359,5.295134410038693,3,0.7874922345365999,2,23.823982045165028,29.906608689740324
D1360,0.686785923756616,3,9.125139656827374,2,38.947830668984885,48.75975624956886
D1361,3.878660136070957,3,1.4820178697737065,2,55.8789025848512,61.23958059069585
D1362,5.832293165525269,3,0.33496595283096325,2,50.193612196655,56.360871315011224
D1363,1.4546628244376951,3,0.7218146056446172,2,66.40398284843062,68.58046027851293
D1364,3.7167212551878213,3,0.5145564604477111,2,24.17792978725535,28.40920750289089
D1365,2.954213676823257,3,0.09758401585287729,2,46.15994992458562,49.211747617261736
D1366,10.421206501977537,3,1.6618867125046675,2,52.29177598614477,64.37486920062696
D1367,0.661871638141844,3,0.23398697507409003,2,15.61074328730966,16.506601900525595
D1368,6.118007917725931,3,1.171033066949628,2,66.77315365559767,74.06219464027322
D1369,1.37875695263838,3,3.88881379897597,2,99.38618279784905,104.65375354946336
D1370,2.080535735691923,3,2.4057929303049272,2,38.38176586542066,42.868094531417526
D1371,0.8004461047759464,3,2.2593203532605592,2,49.82259604272828,52.882362500764785
D1372,4.8661706039074,3,4.701853219939693,2,47.00344812319115,56.57147194703823
D1373,1.0879146540036138,3,3.1395218406518355,2,30.25950668894322,34.486943183598655
D1374,41.19444286207162,3,14.378518872372588,2,54.32671522645661,109.89967696090088
D1375,6.389530196589415,2,1.4162940101711283,2,52.04715016539675,59.852974372157284
D1376,8.274777253608079,3,6.708334039929272,2,67.3153815608147,82.29849285435205
D1377,17.972620245897193,3,7.191102645598602,2,28.713534807668818,53.87725769916461
D1378,9.594125563419846,3,0.6655454193259766,2,62.3143472456669,72.57401822841271
D1379,5.469178012844834,3,4.069098378127077,2,26.080103134412308,35.61837952538423
D1380,4.128153650165121,3,10.225880835124325,2,127.62094336645644,141.97497785174588
D1381,1.676173974570101,3,7.424789838116884,2,73.56981011802408,82.67077393071108
D1382,28.625034373063446,3,1.926613262708843,2,38.30642663961403,68.85807427538633
D1383,4.585956223283619,3,0.7813269006034266,2,46.50258662194677,51.86986974583382
D1384,0.5313015740503736,2,1.919759761099301,2,31.627655346167504,34.07871668131718
D1385,2.134363585121958,3,0.9407091303883433,2,67.37737352082424,70.45244623633454
D1386,3.1825687509160194,3,3.689148883908092,2,34.08323343614794,40.95495107097205
D1387,5.377878601765468,3,7.350146421699761,2,48.55313796329755,61.28116298676277
D1388,7.368117879761708,3,7.046706908811364,2,49.43039611018622,63.8452208987593
D1389,1.9200436480763037,3,3.359636720771076,2,56.29361488857897,61.57329525742634
D1390,27.767021414479668,3,1.6600383945272483,2,55.70237204145898,85.12943185046592
D1391,3.7604810809688054,3,0.1647202856082169,2,27.819794160945587,31.74499552752262
D1392,9.294566631336403,3,3.6145189364479133,2,8.524648883463499,21.433734451247815
D1393,62.564080993077695,2,246.647611543974,2,227.4229872931123,536.6346798301637
D1394,10.453833018005456,3,0.8998998797969044,2,75.1939236325878,86.54765653039016
D1395,0.23651369917552922,3,4.269383889997364,2,53.954150657418296,58.460048246591214
D1396,4.2193165943182835,3,0.39115899948541744,2,27.939997799640597,32.5504733934443
D1397,6.720045228683451,3,2.8988752346147226,2,67.6803548966532,77.2992753599514
D1398,1.5490547612410104,3,0.3987349204450834,2,73.40600223267622,75.3537919143623
D1399,1.661311855939932,3,4.350405067077168,2,68.99444786258226,75.00616478559937
D1400,4.923409047323681,3,4.001541513823084,2,76.84481576567545,85.76976632682224
D1401,5.460504920485984,3,0.2571192898824901,2,76.60236642053454,82.31999063090304
D1402,11.77403030562216,3,1.4961459538562754,2,98.03135041146548,111.30152667094389
D1403,2.546713062140708,3,0.4368397165442605,2,56.75833902667836,59.74189180536332
D1404,0.6292736936942511,3,0.8390479059125101,2,46.43686326037261,47.90518485997938
D1405,0.5287772155845161,3,0.5282509115122745,2,26.855675886184304,27.912704013281097
D1406,25.173609739608153,3,0.05597303557989887,2,45.43400239051403,70.66358516570205
D1407,2.2067785069128356,3,3.1615794073109402,2,50.65682784566438,56.02518575988815
D1408,21.330351839304498,3,3.2663058108814695,2,49.70576480753806,74.302422457724
D1409,11.212108156024003,3,0.48149149485171755,2,96.47913547987055,108.17273513074629
D1410,1.605772860373319,3,1.8832484512471503,2,45.063359794276394,48.55238110589686
D1411,1.1337406260521536,2,0.10780776397127796,2,37.81764826427487,39.059196654298304
D1412,4.174673368394442,3,1.0667789936081293,2,51.8751167977333,57.116569159735874
D1413,2.1396037792017872,3,3.068938061854494,2,59.58375750132129,64.79229934237756
D1414,1.515509196494914,3,0.42868992558682134,2,64.53566876741112,66.47986788949285
D1415,23.72720403648367,3,27.084791014250527,2,75.63896866647444,126.45096371720868
D1416,5.26817917455926,3,0.20318354569494287,2,52.96695049407337,58.43831321432757
D1417,12.20927611500753,3,3.719816377208498,2,86.5777036780518,102.50679617026783
D1418,1.1949741144362023,3,0.809515613292033,2,39.06620630800572,41.07069603573397
D1419,1.5204466992380063,3,0.04386684294462717,2,72.22159714574678,73.78591068792942
D1420,8.925314117741335,3,1.2582873355369268,2,61.2189606867907,71.40256214006898
D1421,7.496707133129756,3,1.8609125235380204,2,53.984128383041515,63.341748039709294
D1422,14.987340101310535,3,1.6406249785131335,2,65.10111292758634,81.72907800741004
D1423,1.6161277094247632,2,0.6115599769116307,2,23.457560078049163,25.685247764385558
D1424,1.2510087716174143,3,2.970489547412325,2,70.29651571772209,74.51801403675184
D1425,6.525980969693312,3,5.196934760827687,2,41.78334677223103,53.50626250275201
D1426,0.6025601283728201,3,0.913344621862719,2,73.37873528925643,74.89464003949195
D1427,0.9621634210527056,3,2.4557957036333966,2,67.44646733035583,70.86442645504194
D1428,47.42370800853393,3,12.728303820875192,2,25.428387338424717,85.58039916783382
D1429,17.073351219232,3,1.0265776836985818,2,47.84929942299983,65.94922832593039
D1430,5.847343258734659,3,1.530891267260167,2,29.909944873243226,37.28817939923807
D1431,9.141787231131676,3,1.702761058797907,2,33.52281572705975,44.36736401698934
D1432,1.305448930495806,3,0.2854790785726556,2,32.58174143392281,34.17266944299128
D1433,18.944093806059524,3,0.24960984031861908,2,82.6291884945282,101.82289214090635
D1434,2.264684106613135,3,0.842740332790376,2,43.79719063949038,46.9046150788939
D1435,0.7972255625523066,3,0.4362359967105429,2,50.539988961209225,51.773450520472075
D1436,2.1660778122637376,3,2.8834016615361446,2,58.940527204701795,63.990006678501686
D1437,0.3908268856323349,2,0.40027138935678513,2,4.754538154738461,5.5456364297275815
D1438,14.118486451964088,3,2.8112493205196833,2,43.586694914320596,60.51643068680436
D1439,4.258226523935805,3,0.9333979599553343,2,33.82864959286358,39.02027407675472
D1440,3.936527361858456,3,1.807469967023215,2,142.66333727555644,148.40733460443812
D1441,9.484939567497342,3,0.5368580877252633,2,15.510540410467344,25.532338065689935
D1442,10.39725028087378,3,4.7487247307932385,2,46.211421453510205,61.357396465177224
D1443,2.9309257067570806,3,0.16258332890441152,2,133.93150691100135,137.0250159466629
D1444,4.561369784191425,3,0.2827015977963565,2,20.724269990412807,25.568341372400585
D1445,5.299750047257875,3,1.570922618358557,2,56.31882783787323,63.189500503489654
D1446,10.508346857494818,3,13.15356641852997,2,23.39200719910716,47.05392047513197
D1447,1.9386595109172133,3,2.8274958303416646,2,26.888330250115157,31.65448559137404
D1448,2.9439621873187956,3,0.3610659688678149,2,63.1732817587286,66.47830991491519
D1449,3.9942394973988793,3,0.47894828660185623,2,39.02719428664696,43.50038207064768
D1450,1.2716549686656526,3,0.17886760074964086,2,54.24393721341397,55.69445978282928
D1451,5.781209039915925,3,1.0754282186596198,2,57.28700975226082,64.14364701083637
D1452,0.6385740329967907,3,2.1301408058331868,2,50.3488039063564,53.117518745186395
D1453,2.9487175271840695,3,2.809380967347179,2,49.32310165307527,55.081200147606516
D1454,10.823989409761182,3,0.4833676222626901,2,62.68091285072902,73.98826988275289
D1455,4.084374229317752,3,0.1990369954834971,2,15.28366459502535,19.567075819826595
D1456,0.7166300548263791,2,0.38148411705998836,2,33.01011961477917,34.10823378666555
D1457,4.661366151385637,3,0.6807057518785365,2,49.2681555108813,54.61022741414547
D1458,6.962033639052944,3,0.09006892612444917,2,52.840564637460076,59.892667202637476
D1459,2.5882989591632226,3,1.9335090610947632,2,82.19948312097243,86.72129114123042
D1460,1.233983021729457,3,1.4393376148144275,2,29.37673724756729,32.050057884111176
D1461,3.8449664195737703,3,0.4264981987855648,2,66.19291839987727,70.46438301823663
D1462,3.229480272630613,3,3.4487518697243,2,38.46888954760209,45.14712168995701
D1463,5.133999653031272,3,9.204557812919624,2,67.37315016914644,81.71170763509735
D1464,6.102982820725874,3,1.5900966593721662,2,57.77870501843101,65.47178449852906
D1465,15.005599543854794,3,0.2699582796530344,2,44.65651273600519,59.93207055951303
D1466,1.841798849058243,3,1.4912922361928997,2,57.358902869770944,60.691993955022085
D1467,2.958211830388855,3,3.639322750875522,2,26.943041974214147,33.54057655547852
D1468,0.4303676477493011,3,1.7173639227711348,2,38.357686976798036,40.505418547318484
D1469,3.663296949108204,3,0.8456563178957347,2,25.103841894992346,29.612795161996278
D1470,1.9303402630205324,3,0.6987399167240886,2,18.034747213628673,20.663827393373296
D1471,2.0633122724758937,3,1.6860462013132755,2,63.203299991283124,66.95265846507229
D1472,5.5762193896471,3,2.270818927700975,2,22.60203380329926,30.449072120647337
D1473,9.032343596880962,3,1.035725696719381,2,27.676450510106505,37.74451980370685
D1474,3.6843251613231547,3,1.943412755415984,2,46.076489907509014,51.70422782424815
D1475,7.164420672851573,3,0.5694750535571667,2,166.9685654401391,174.7024611665479
D1476,1.0591962970937228,3,2.1631861692407073,2,55.722215835239645,58.944598301574075
D1477,54.562914439290736,3,21.069870240107818,2,46.09587022604055,121.72865490543904
D1478,11.087307730760433,3,20.24240780635851,2,24.66581675499116,55.99553229211012
D1479,3.668727994763275,3,0.04442640487565537,2,66.2708870766155,69.98404147625443
D1480,8.366631696779997,3,0.7516107816509454,2,32.34049962033483,41.45874209876577
D1481,1.1571287342509533,3,0.03529647890881128,2,42.3688314448356,43.56125665799536
D1482,5.482666405913404,3,4.050556603025476,2,42.41560949977897,51.94883250871784
D1483,3.140340838788969,3,5.040670439741282,2,39.6636336474297,47.84464492595993
D1484,10.665071895615503,3,2.754871567370052,2,92.83790084068978,106.25784430367537
D1485,4.3336210008745,3,1.282381632011535,2,47.18687703658732,52.80287966947337
D1486,7.401522101729652,3,2.429108626813422,2,37.178767177114175,47.009397905657245
D1487,6.16760159292081,3,1.3854472365431132,2,51.880076635949514,59.43312546541344
D1488,3.945330473185976,3,2.691953178684557,2,36.6270770679114,43.264360719781926
D1489,6.4311864306081885,3,1.6225878495040236,2,16.537003386537357,24.59077766664957
D1490,1.400136309775642,3,1.6531498785000864,2,49.19617721497563,52.24946340325136
D1491,0.8089397839028662,3,2.5594912524572613,2,51.64119885062861,55.009629886988755
D1492,1.6535408176623583,3,5.254954824641444,2,15.16655261377364,22.07504825607744
D1493,6.416944351486339,3,10.182243875374773,2,68.40373066595609,85.00291889281719
D1494,1.3995005307065593,3,1.385485784178162,2,34.837986971714905,37.62297328659962
D1495,3.7926663926654944,3,0.4351580769716885,2,58.309252940896634,62.537077410533804
D1496,3.500425940757209,3,0.6622701268919731,2,46.96699600818306,51.129692075832246
D1497,8.812882758912908,3,9.645836077631236,2,70.51504657835233,88.97376541489646
D1498,4.285009307424642,3,1.100853112961086,2,71.37667791415244,76.76254033453817
D1499,9.548235769872807,3,14.245933712489924,2,80.83899896365723,104.63316844602
D1500,1.5494537518997569,3,0.07738526231563182,2,43.33641691494605,44.96325592916144
D1501,26.20366180660923,3,5.482952980606663,2,57.961034004340846,89.64764879155673
D1502,5.321864465076133,3,2.6816639675729093,2,51.76084606904023,59.764374501689275
D1503,3.2156122078117093,3,1.1393303305589944,2,62.453646709881525,66.80858924825225
D1504,1.1477322353826718,3,0.4383960097572286,2,65.86908883482015,67.45521707996004
D1505,5.719285299173816,3,3.048639484384787,2,58.881609367044014,67.64953415060258
D1506,0.13369625938705101,3,1.49590098107263,2,48.94717990123966,50.57677714169934
D1507,3.6088347342444296,3,0.3411853586205148,2,20.54902251391997,24.49904260678491
D1508,13.434370396522706,3,3.6583707296115477,2,28.228598895277567,45.321340021411814
D1509,10.19800475048915,3,2.761849799396309,2,19.931659149465712,32.89151369935116
D1510,6.446337675895488,3,2.9746120868544144,2,87.71595466638465,97.13690442913457
D1511,3.3951129259910484,3,1.9484113178615863,2,27.422643979252612,32.76616822310524
D1512,3.9852414879603173,3,5.023022694933356,2,44.56725376178772,53.575517944681415
D1513,23.34900723599453,3,0.8993167690111331,2,43.43006739155234,67.67839139655801
D1514,2.0808268528474487,3,12.906805262863028,2,56.936458121482026,71.92409023719249
D1515,0.6266429703282166,2,0.11412456927057617,2,28.293745287273833,29.034512826872632
D1516,2.7728946661159273,3,5.391699255267756,2,48.748414988540944,56.91300890992464
D1517,1.6178279310301498,3,3.737240754237128,2,17.54373990047799,22.898808585745265
D1518,0.1930737992825393,3,0.5993905200368391,2,165.68010696484268,166.4725712841621
D1519,8.220729854998993,3,1.5289968016390258,2,77.30234727536806,87.05207393200608
D1520,3.55387529804115,3,5.8338490222523145,2,82.135886351065,91.52361067135845
D1521,4.248928079002445,3,0.20995225847293722,2,43.90802626448043,48.3669066019558
D1522,1.2917634530626767,3,1.5315484253207812,2,19.112911029148705,21.936222907532162
D1523,3.428747033982831,3,0.4904715287316673,2,50.09620927666055,54.01542783937505
D1524,2.524010431028771,3,4.301649316272713,2,59.38125307472015,66.20691282202164
D1525,0.03201247080765514,3,0.3163339957664535,2,89.83715330976608,90.18549977634021
D1526,1.8819952961136948,3,1.4829515148669425,2,61.48784462945981,64.85279144044044
D1527,3.4260490036762787,3,1.7899702368517652,2,94.24832212514133,99.46434136566937
D1528,55.86596466315476,3,5.973188759860163,2,64.90925673039828,126.74841015341315
D1529,4.047859096893972,3,2.52264933626852,2,52.72020636171115,59.290714794873644
D1530,9.875740608335189,3,3.5083610965444914,2,74.35106781051367,87.73516951539335
D1531,2.384870285281186,3,2.495448883530755,2,16.087263515415607,20.967582684227548
D1532,14.482908583481086,3,5.822240938907944,2,107.18297593540903,127.48812545779808
D1533,0.5877122960178623,2,0.6755302628794142,2,15.608221990363946,16.871464549261216
D1534,7.172422712176066,3,0.41729691605728253,2,72.10390066794243,79.69362029617578
D1535,5.69866448526385,3,2.6810777462476243,2,52.42768947632991,60.807431707841374
D1536,5.06961088013408,3,0.32445729408903,2,86.97047782283046,92.36454599705358
D1537,2.5676564923681373,3,0.013359672845066473,2,45.687862790487905,48.26887895570112
D1538,7.751661738056131,3,2.2133156856053375,2,44.842994216308135,54.80797163996961
D1539,5.223396191438133,3,0.75096181202547,2,54.51928112321128,60.493639126674886
D1540,0.5492722964846786,2,0.18103139562055337,2,49.090945962867636,49.82124965497287
D1541,0.9339747994668309,3,0.33596878366572847,2,27.22243891023033,28.492382493362893
D1542,0.4162984906415338,3,3.017046797993161,2,52.35412135757234,55.787466646207044
D1543,10.335271745023402,3,5.276281692168321,2,44.020267332844625,59.63182077003634
D1544,3.4410697628833127,3,1.0431814074472687,2,50.284504007825575,54.76875517815616
D1545,0.6384657594478811,3,0.4015410328261661,2,48.85135471476209,49.89136150703613
D1546,6.4957000744195605,3,3.8482870931236293,2,21.643439699412358,31.987426866955545
D1547,9.261906428417312,3,1.6834281606984702,2,36.51831675408486,47.46365134320064
D1548,15.612288218876913,3,3.33068792240956,2,49.28532981180495,68.22830595309141
D1549,2.4474259201158555,3,1.4773101605787298,2,35.272743552295374,39.197479632989975
D1550,3.9725983322154144,3,6.320310623146032,2,44.17190131342789,54.46481026878933
D1551,2.3891621745845764,3,0.4033031594615969,2,122.4948140085623,125.28727934260846
D1552,3.159973552525985,3,2.1136216844028777,2,61.711554706155006,66.98514994308387
D1553,0.10330978466768202,3,4.358981056670528,2,53.17251975708004,57.63481059841824
D1554,5.562243445244795,3,2.123094190096276,2,51.54770593745023,59.2330435727913
D1555,6.742860639793416,3,1.3763048643033595,2,38.87117276960565,46.990338273702434
D1556,6.041158346317817,3,0.020860694691948095,2,48.02869755302729,54.09071659403705
D1557,8.368556937976232,3,0.25100693351796755,2,42.14081112399915,50.76037499549337
D1558,2.1865315573706443,3,0.7125925834801994,2,55.56136577404436,58.460489914895206
D1559,1.7354046167109143,3,4.857164601103465,2,39.378237027022344,45.97080624483672
D1560,3.102773996678746,3,0.18892166270508548,2,82.67267476040666,85.96437041979051
D1561,0.7621920112064813,3,2.470498964881929,2,51.510707950817846,54.74339892690626
D1562,10.35345805085832,3,5.648023437440595,2,65.63014758273803,81.63162907103694
D1563,2.1539289176848517,3,0.04628704267988794,2,34.30976809625217,36.5099840566169
D1564,18.959255031888098,3,11.062704173198924,2,41.51869928631058,71.54065849139762
D1565,11.41184912134009,3,1.3595977832213335,2,30.033234260264734,42.80468116482614
D1566,21.86506663698627,3,1.9844910646013119,2,48.44274004438506,72.29229774597265
D1567,5.20975454062376,3,2.6456940329129055,2,22.82356304998377,30.679011623520424
D1568,3.449574474106729,3,0.8794675815640239,2,38.013405808776334,42.34244786444709
D1569,0.05961817714060374,3,1.5771245255570192,2,3.113807222065126,4.750549924762749
D1570,3.9263722609576694,3,1.6513402731981952,2,47.276275260836876,52.85398779499273
D1571,1.598750827139939,3,4.225482220969917,2,58.51949498375374,64.34372803186362
D1572,0.9900553117950638,1,2.2358959829896663,2,21.94922735806115,25.175178652845883
D1573,4.423673565939133,3,3.855589740259505,2,137.4944898760338,145.77375318223244
D1574,3.1512537309164976,3,1.6305471305252728,2,15.40719226918936,20.18899313063113
D1575,1.4025867829560077,3,4.097329689621882,2,22.57703944193891,28.0769559145168
D1576,7.14532100551142,3,0.6547321979501628,2,71.24271305897906,79.04276626244062
D1577,4.087089447435627,3,2.933792880377216,2,42.39833101192478,49.41921333973762
D1578,5.245492951095808,3,0.7747673074491563,2,25.448790202736575,31.469050461281537
D1579,13.040252595921519,3,0.29988562132763547,2,19.09466313772256,32.43480135497171
D1580,2.987224429534391,2,3.418130796033219,2,77.37278609406326,83.77814131963086
D1581,2.1517597233033703,3,0.059260068825808795,2,61.54164043161114,63.75266022374032
D1582,3.923317900137877,3,7.379641129739587,2,66.56351012177429,77.86646915165174
D1583,2.1281808391169976,3,1.9188178825046918,2,32.48305409718553,36.53005281880722
D1584,11.790866466666746,3,1.5823803784520671,2,44.12833971670794,57.501586561826755
D1585,11.806794553466395,3,1.6338335833190178,2,49.06680810000305,62.507436236788465
D1586,4.298458528281199,3,0.06083345997064673,2,21.59900283034686,25.958294818598706
D1587,4.700144205820717,3,1.4328964900262333,2,78.84890694330693,84.98194763915389
D1588,0.4862355036965229,3,1.3002827047623104,2,25.69200292901402,27.47852113747286
D1589,8.599504539316477,3,0.6817504353303872,2,78.36840307337818,87.64965804802502
D1590,0.6967409370343897,3,3.6816297019840976,2,65.8654669507757,70.2438375897942
D1591,2.519287654149309,3,1.441112963013849,2,64.51047458745589,68.47087520461905
D1592,9.371720205746232,3,0.37499232630823404,2,30.343770432753228,40.0904829648077
D1593,0.4579041530531792,3,0.35995480052772916,2,58.66207772936195,59.47993668294286
D1594,2.9452037600411534,3,1.3552498940365427,2,56.28260236798575,60.58305602206343
D1595,2.7094651908902017,3,1.1860445992038835,2,43.80505163659285,47.700561426686946
D1596,2.5783010087255596,3,0.1832687258518141,2,59.655606876708,62.417176611285385
D1597,0.696435472062161,3,5.6819928541035125,2,68.98716568350035,75.36559400966601
D1598,2.983205607858835,3,5.0124681660164905,2,52.75834311861417,60.7540168924895
D1599,5.974044941746219,3,5.078475664118801,2,150.5741653607704,161.62668596663545
D1600,2.36236765069314,3,0.2346757276922204,2,92.51238966190864,95.10943304029398
D1601,0.84362895064164,3,2.624410663772425,2,18.88799021121367,22.35602982562774
D1602,5.609859978434753,3,1.2386532388749918,2,10.599994997140085,17.44850821444983
D1603,0.8106989428116659,3,1.2158342991359101,2,43.46982855555217,45.496361797499745
D1604,2.803123987901261,3,7.709874822141682,2,58.30983102122809,68.82282983127104
D1605,4.190959567985373,3,0.37954050184976074,2,43.17869328974686,47.74919335958198
D1606,13.153552483518803,3,5.214976464139584,2,97.8395756450967,116.20810459275509
D1607,3.2116335246475125,3,6.337790119078824,2,55.38441493935098,64.93383858307732
D1608,25.585947964727403,3,0.3647585037372434,2,149.24894561585572,175.19965208432035
D1609,4.1382395395666665,3,0.7190830603717455,2,37.097505432469355,41.954828032407775
D1610,14.261847902890691,3,1.482156524435777,2,20.974463352584962,36.718467779911435
D1611,10.317124161830142,3,0.6102188419004932,2,211.73025940702001,222.65760241075066
D1612,8.63024222215119,3,0.32157548893306126,2,50.63955347872591,59.591371189810154
D1613,6.42369753288659,3,2.1690596681535994,2,47.42289840307182,56.015655604112006
D1614,3.2399868095437516,3,1.563927141855561,2,52.97960904759861,57.78352299899792
D1615,1.661346496397451,3,3.2100466890611346,2,20.556297735985286,25.42769092144387
D1616,1.6838439196108046,3,1.264436060384538,2,42.01255943232067,44.960839412316
D1617,0.27192806618963644,3,1.4790130566697794,2,30.455549755369667,32.20649087822908
D1618,6.643830119440419,3,0.19417285122277897,2,48.63419450471265,55.47219747537583
D1619,11.725450666472964,3,2.1215330758950293,2,24.561006554064406,38.407990296432395
D1620,1.679219922346766,3,2.8809340032966793,2,61.24076607825069,65.80092000389412
D1621,7.649427040120632,3,7.15897780944326,2,64.1658556310407,78.9742604806046
D1622,1.5947695170377383,3,0.08131319435839614,2,57.025776003180425,58.701858714576545
D1623,2.9388966804315806,3,3.1696205299596127,2,167.92040943062554,174.0289266410167
D1624,2.807819888017916,3,0.3536687192826011,2,42.25886009160212,45.42034869890264
D1625,1.6702769256332544,3,6.765732657622757,2,61.19137058125603,69.62738016451205
D1626,3.145266899075083,3,2.795791651102003,2,70.59308530736425,76.53414385754132
D1627,0.9325002650530871,3,0.875653942995391,2,36.60926169266736,38.41741590071585
D1628,2.914992524450101,3,6.763152050580869,2,65.34108622907678,75.01923080410778
D1629,5.891424082329191,2,4.0109994574858,2,12.139467008053227,22.04189054786821
D1630,2.0111175458064534,3,2.0714067394712026,2,77.23183424101956,81.31435852629721
D1631,2.319614792180066,3,1.268230084766421,2,69.31028408499259,72.89812896193905
D1632,1.3322103331629402,2,1.7337798932193085,2,27.31622024705575,30.382210473438004
D1633,4.98527034846146,3,0.8827411811859531,2,70.02986529170454,75.89787682135194
D1634,2.081643221617157,3,0.26798653676109746,2,40.41449981461863,42.764129572996886
D1635,3.345699658962127,3,10.858338300184919,2,128.55471457909178,142.7587525382388
D1636,0.9684850010875276,3,2.5251110063470614,2,47.214862789526,50.70845879696061
D1637,3.113098939334855,3,5.629642045576757,2,77.51335632620614,86.25609731111776
D1638,2.241646762958166,2,2.819861421905557,2,19.07513006652106,24.136638251384785
D1639,4.4557099060009815,3,3.0157332238670853,2,47.39236012130319,54.86380325117124
D1640,1.6706030227216386,3,0.2050308166018835,2,80.65363307568477,82.52926691500825
D1641,5.140029499125067,3,1.7170805698297396,2,37.249823614902105,44.1069336838569
D1642,1.0837010123942759,3,0.9400702439127288,2,54.54694965196486,56.57072090827186
D1643,48.60894932350463,3,8.99751993059764,2,147.2930437751701,204.89951302927238
D1644,17.48010612654299,3,3.9833383056118787,2,64.40265582195639,85.86610025411126
D1645,86.26885197631101,3,2.3127436292828922,2,188.54952251408233,277.13111811967633
D1646,2.428217567292048,3,0.9200813011024882,2,75.68984135282055,79.03814022121509
D1647,10.39611885291559,3,8.182224158278187,2,64.93296833947564,83.51131135066939
D1648,0.7620468528279849,3,16.53140301251732,2,55.06140883880613,72.35485870415143
D1649,5.358512749193329,3,1.035275566770813,2,46.01476881113144,52.408557127095584
D1650,2.022346128184536,3,2.9990482198099246,2,68.64219509711725,73.66358944511171
D1651,3.7668308127717594,3,9.02984450989397,2,82.52244117421272,95.31911649687842
D1652,7.03506843827177,3,9.821743072727317,2,44.1002299153772,60.95704142637629
D1653,13.179828243417315,3,9.22572159464782,2,56.550357120156626,78.95590695822173
D1654,0.6588567550748996,3,3.373564006181259,2,38.85607528073645,42.88849604199261
D1655,4.106266060163983,3,1.8367351339994782,2,31.01108191614248,36.95408311030595
D1656,1.0361401899427536,3,2.3591871047696586,2,45.82548359518128,49.22081088989368
D1657,2.2193220345854243,3,4.335400329017766,2,58.2054043068995,64.76012667050269
D1658,11.694309677296834,3,3.3532299797164247,2,55.6444041908723,70.69194384788554
D1659,2.8131650887281183,3,4.183093952499655,2,74.4266304136587,81.42288945488649
D1660,8.814019029277615,3,1.7378876021646092,2,65.04711286351673,75.59901949495897
D1661,3.06511448034577,3,0.5037888154485117,2,34.976770094471405,38.54567339026569
D1662,2.1128111587814367,3,0.35072635928864715,2,79.92949581053178,82.39303332860186
D1663,114.43764779648849,2,68.71617537572978,2,184.58753015316645,367.74135332538464
D1664,0.9836389801404851,3,2.913258485547026,2,75.30565434556993,79.20255181125745
D1665,4.691807620576166,2,0.5216888851562111,2,48.324914261679616,53.53841076741202
D1666,4.99564023571138,3,2.9326388006362305,2,59.689244098227576,67.61752313457518
D1667,5.729418966156435,3,0.7304507352842188,2,65.89069836068163,72.35056806212229
D1668,0.7323936669031655,3,3.3663129679277177,2,16.951806627016012,21.050513261846906
D1669,4.849659469936299,3,1.1737632893048309,2,26.26047421290758,32.2838969721487
D1670,5.385617399454221,2,0.9077586003650748,2,48.77776390805933,55.07113990787863
D1671,3.9947665907187604,3,4.148760636786156,2,52.3409625624444,60.484489789949336
D1672,0.9819096218777147,3,2.878769593724415,2,44.63475389160211,48.49543310720424
D1673,6.858076500453271,3,1.2282716268183833,2,47.401399714495575,55.48774784176722
D1674,3.1114414566373707,3,2.461016230056893,2,55.899495600236065,61.47195328693032
D1675,4.42772945962488,3,0.3328058659528095,2,32.294553683059064,37.05508900863676
D1676,7.119617705841871,3,8.074982612969382,2,103.03628532957046,118.23088564838173
D1677,7.1033453251418415,3,2.412683780579056,2,64.57021535908727,74.08624446480817
D1678,3.291956647085387,3,0.6109754017266719,2,63.6725020789455,67.57543412775757
D1679,6.195631643999312,2,0.06779295380670733,2,30.385256701009062,36.648681298815085
D1680,1.1706882287241482,3,2.9651486326099943,2,86.85850057469219,90.99433743602633
D1681,1.3864586661532061,3,0.1600692664906992,2,59.686140252508906,61.23266818515282
D1682,3.0057639354804997,3,4.233323301425557,2,25.956563631160662,33.19565086806671
D1683,2.4917396386811834,3,4.953577349624556,2,157.48757962586055,164.9328966141663
D1684,5.960622734766027,3,4.48307277535259,2,82.94527338906924,93.38896889918787
D1685,8.717529625328474,3,0.7231937777417208,2,53.986012020979125,63.42673542404932
D1686,0.9781754596175446,3,2.978271286454752,2,26.36613147772497,30.32257822379727
D1687,8.212816992927456,3,1.0908560506219145,2,52.55910168463286,61.86277472818222
D1688,10.99062929625175,3,1.2666030335711114,2,20.157106624677983,32.414338954500856
D1689,1.261700322099553,3,0.9377062928698864,2,10.103009086047871,12.30241570101731
D1690,9.173609025898221,3,1.2434495007545159,2,55.78903788232186,66.20609640897456
D1691,4.483674019095344,3,4.246785287847039,2,64.19145562310271,72.92191493004508
D1692,1.051509828840549,3,0.7057458363825138,2,54.39961241956681,56.15686808478985
D1693,2.5305222962527774,3,1.770823252152458,2,72.16049004585955,76.4618355942648
D1694,4.586039036686764,3,0.3817071979814587,2,47.13319489448253,52.10094112915075
D1695,2.600780703856784,3,5.929891620650616,2,62.61745441614365,71.14812674065104
D1696,1.6955646688162003,3,0.8728594044065666,2,90.20617880325953,92.77460287648228
D1697,4.6428752779378994,3,0.6210960140924575,2,61.60264936210494,66.86662065413533
D1698,1.7055976291876789,3,0.5890481448408955,2,87.19164168248417,89.48628745651274
D1699,10.153683011683574,3,11.09447779048578,2,146.01389694771936,167.26205774988867
D1700,6.320460829961367,3,5.47023979215924,2,52.58290200756184,64.37360262968245
D1701,3.8109721627480564,3,1.4388399736574682,2,35.057023576334046,40.30683571273957
D1702,4.641182031201173,3,0.6320035018736632,2,23.887508233103304,29.160693766178134
D1703,5.452133467763587,3,1.7153639755503076,2,47.03477304834962,54.202270491663526
D1704,7.036017530085501,3,2.3618327598099285,2,52.54239723634373,61.94024752623916
D1705,4.105436985350724,3,1.0278717779670057,2,70.88476034864817,76.0180691119659
D1706,3.9789587848018884,3,2.0586289632376,2,53.08635034533433,59.123938093373816
D1707,1.0979916182522362,3,7.331743560322486,2,40.58927346355414,49.01900864212886
D1708,6.796913878112967,3,0.5956132677212944,2,80.07691909934746,87.46944624518173
D1709,3.229066457694722,3,2.7379785794161706,2,167.9388536117237,173.90589864883458
D1710,2.728124779599726,3,0.48980933983123975,2,55.58911637252836,58.80705049195933
D1711,2.8347546985232746,3,4.648997719105372,2,41.60753158605126,49.09128400367989
D1712,1.7295097262498829,3,0.23740100551353382,2,36.28511683651876,38.25202756828218
D1713,2.5738538631439005,3,1.7566279427012124,2,57.784779838350026,62.11526164419514
D1714,6.859340556787916,3,5.828499438506603,2,37.29747861825468,49.985318613549204
D1715,3.960174083290256,3,1.650965954053764,2,26.229535459986366,31.84067549733038
D1716,2.045791303183332,3,2.2732433657501456,2,29.326998021374685,33.64603269030816
D1717,6.9761292106968895,3,1.1854812811147568,2,24.556027814574424,32.71763830638607
D1718,8.843104168382078,3,0.4273704154290612,2,36.6563411613233,45.92681574513445
D1719,7.81581098249894,3,2.861123266782519,2,54.90503021083066,65.58196446011212
D1720,4.251459752829734,3,0.32177732866051867,2,52.17909587425667,56.7523329557469
D1721,5.314463069125852,3,0.7607132165043198,2,51.147150704356896,57.222326989987096
D1722,2.644403067435626,2,0.25198031137012084,2,26.481993523515623,29.378376902321367
D1723,7.679423448691238,3,7.315133117906817,2,28.355293608833232,43.3498501754313
D1724,3.335286904317303,3,1.0753387274164465,2,72.4086530598939,76.81927869162766
D1725,0.11650031394809703,2,3.3053441839977644,2,37.942323041751926,41.364167539697796
D1726,7.777670678440659,3,0.8675738662337695,2,55.18338939834803,63.82863394302245
D1727,0.605266938783524,3,1.6749759379794686,2,80.43107744220272,82.7113203189657
D1728,0.9088075069056502,3,4.773515140303386,2,61.04418037170946,66.7265030189185
D1729,0.876488507690173,3,0.8709229078668911,2,84.31575496443858,86.06316637999564
D1730,3.842060959660554,3,2.590381685718533,2,106.65295779869325,113.08540044407233
D1731,1.4671997770735719,3,1.7516152935112996,2,28.154272728356354,31.373087798941235
D1732,9.558605823991439,3,14.289223948315254,2,136.06723910179892,159.91506887410563
D1733,109.03383967881547,3,19.58810363743396,2,128.7644217063552,257.3863650226048
D1734,0.6808981378986987,3,1.8221359601588807,2,60.638958426272296,63.14199252432987
D1735,3.2937108014921432,3,3.3126585244644127,2,70.42849088893297,77.03486021488953
D1736,5.216516086340607,3,0.7453839301570347,2,26.442738364797744,32.40463838129538
D1737,23.511023896366705,3,1.1849893250797412,2,252.95797767955824,277.65399090100476
D1738,6.5495264348525355,3,2.914893714780124,2,59.38538012015111,68.84980026978377
D1739,3.908994111188082,3,0.07978328439424717,2,43.77878865185718,47.76756604743954
D1740,2.2420633550396567,3,9.691541077596568,2,37.27666296423805,49.21026739687429
D1741,1.4977924938641116,3,1.4745792881288906,2,46.998111336669055,49.97048311866207
D1742,10.614855992476828,3,2.7179078085981603,2,28.735592411171083,42.06835621224609
D1743,1.9863722174612655,3,0.23834329721224018,2,60.2412327203301,62.465948235003594
D1744,13.30119826298941,3,6.621850108567504,2,100.13012616521469,120.05317453677162
D1745,1.3956316864721034,3,0.2766639273681331,2,54.444609588619706,56.11690520245996
D1746,3.1131994971871797,3,1.722362993848654,2,63.330190496466706,68.16575298750256
D1747,1.8628525884926526,3,1.1427903771393102,2,94.53340474832373,97.53904771395567
D1748,129.15415074195496,3,32.03138185486372,2,131.37992631617692,292.56545891299555
D1749,0.5982897494494791,3,3.544994726056066,2,92.42540315391716,96.56868762942268
D1750,0.3975568565582028,2,0.10517687087871916,2,24.821934428015368,25.324668155452283
D1751,3.447991671701845,3,0.24766612577278752,2,105.95723677381702,109.65289457129165
D1752,1.627584287569005,3,1.0144720601091193,2,44.56565512188362,47.20771146956175
D1753,2.9482405432581853,3,3.849966816566868,2,101.07906517841727,107.87727253824231
D1754,0.4417677163952967,2,3.95362402859317,2,16.58348406573214,20.978875810720595
D1755,6.950307551696506,3,1.1039380208913778,2,15.619018311739033,23.67326388432692
D1756,13.412532935332313,3,4.059569488627397,2,65.99060480611325,83.46270723007298
D1757,1.2109974132220018,3,0.8761199862729616,2,41.57996921889717,43.66708661839213
D1758,11.161280377291819,3,2.838653080681518,2,121.7444708311533,135.7444042891267
D1759,3.40833955411904,3,4.580698282419593,2,74.96074176836781,82.94977960490647
D1760,13.525242158426593,3,1.1431385769555826,2,31.48556938065172,46.15395011603389
D1761,1.958994616180064,3,1.5275674923299907,2,52.927226679529774,56.41378878803983
D1762,2.9052355632882865,3,9.481852623407713,2,87.18519640848405,99.57228459518004
D1763,1.1187155304305085,3,6.569637156769264,2,57.597810184264134,65.2861628714639
D1764,60.10748016156509,3,26.972629812816333,2,275.26552341823066,362.34563339261194
D1765,1.2044412481826714,2,1.741788040613891,2,61.63415860332228,64.58038789211885
D1766,10.960510014025452,3,1.9918079942222036,2,36.48174362896689,49.43406163721455
D1767,224.98505910957377,3,57.92473908608378,2,301.971696776723,584.8814949723808
D1768,8.507228958333895,3,3.4334544389914097,2,102.0719523517483,114.0126357490736
D1769,0.5317916484564406,2,6.006850806559236,2,31.613993450929517,38.15263590594519
D1770,3.072364146996685,2,0.41437600212414466,2,46.04925550432815,49.535995653448985
D1771,2.391866183703359,2,1.118833272143693,2,35.586350816055806,39.09705027190286
D1772,7.54602935656282,2,0.9329977976703144,2,47.95267567530956,56.431702829542694
D1773,2.0610625113144705,2,4.937035725193118,2,34.72912956467414,41.727227801181726
D1774,1.7450155028613956,2,0.02169070893251796,2,33.346695218296425,35.11340143009034
D1775,0.9845948099157728,2,9.337139936619751,2,54.59113258160659,64.9128673281421
D1776,3.358950645217861,2,0.6799598573295,2,38.148042025389906,42.18695252793728
D1777,0.22512246686395204,2,1.5364759727981496,2,38.610118954978205,40.371717394640314
D1778,1.1255190586251673,2,0.6177499926931095,2,17.205058569062064,18.948327620380347
D1779,2.080087421214081,2,0.3083157930189892,2,27.00063337482109,29.389036589054147
D1780,4.864005809150287,2,1.1284783299753345,2,17.05177785649687,23.04426199562249
D1781,1.9145098585733948,2,0.4354951423883285,2,36.43027796929744,38.78028297025917
D1782,1.4279588124182645,2,1.1989005754403368,2,51.13730535339221,53.7641647412508
D1783,4.904316224135816,2,0.996212645076097,2,22.757090119446264,28.65761898865817
D1784,0.42751312650740614,2,1.8967762986653351,2,64.7528017655981,67.07709119077083
D1785,0.9818516143578925,2,3.634922032927652,2,6.9186735213756805,11.535447168661225
D1786,0.7414170332742174,2,1.1281988246385262,2,43.81801104791419,45.68762690582693
D1787,0.10273426395355885,2,3.2259498969900973,2,67.71672248796425,71.04540664890789
D1788,0.34839876683190746,2,1.492843832311385,2,37.54351495929774,39.38475755844102
D1789,1.4639538797179674,2,1.7654333453536788,2,35.02393267205926,38.253319897130915
D1790,0.20503286048477523,2,2.841985570340483,2,63.0040528725976,66.05107130342284
D1791,0.4967554710840198,2,1.276104048699629,2,46.520350519546874,48.29321003933053
D1792,3.86043390041632,2,0.16662681000494234,2,6.9359763468432245,10.96303705726449
D1793,1.8099013809877373,2,0.6239062157717384,2,45.543011919206414,47.9768195159659
D1794,6.623454660333037,2,3.7274834819300766,2,31.95919027423006,42.31012841649316
D1795,0.2739211126059121,2,3.389844874536262,2,74.6915400721561,78.35530605929827
D1796,0.27380531990362056,1,0.37782871263373724,2,28.94387957292261,29.59551360545997
D1797,5.948296835841606,2,0.5425928053521777,2,28.361469207593018,34.85235884878681
D1798,4.811352280693656,2,0.7363252284925548,2,56.62601591379068,62.1736934229769
D1799,0.2662085722049993,2,0.48850438542355756,2,40.251806857475565,41.00651981510413
D1800,8.278502452771997,2,1.856979045081931,2,34.22075777774972,44.35623927560364
D1801,0.20118198081095454,2,2.125928107339532,2,55.85061746516123,58.177727553311705
D1802,4.5111960017772255,1,1.3726656790370488,2,13.96482848997882,19.8486901707931
D1803,2.203564075980005,2,0.3306497202084141,2,38.126471169054646,40.66068496524307
D1804,1.4017245110895653,2,2.0986320807195793,2,34.95654960754252,38.45690619935167
D1805,1.2678898844267397,2,0.7344564695850636,2,42.149687953870696,44.15203430788251
D1806,1.388209372308594,2,10.768828398148166,2,64.16075467316449,76.31779244362127
D1807,29.640327129817493,2,5.8711416124969125,2,76.10480932106688,111.6162780633813
D1808,6.89321231543192,2,0.09107467980100793,2,42.63851738086499,49.62280437609792
D1809,3.1079240259621166,2,5.223697401634708,2,29.114805860650414,37.446427288247236
D1810,0.1778122238569568,2,1.1406498392600897,2,75.11549087310703,76.43395293622407
D1811,4.1017397313682675,2,0.8339122853543587,2,23.090430682579235,28.02608269930187
D1812,1.2311607422632407,2,2.16651321486681,2,19.725933962661017,23.12360791979107
D1813,0.8554544733908895,2,1.824183493341868,2,62.73160210901742,65.41124007575017
D1814,3.201785264466551,2,0.5240542989619198,2,43.94572166023555,47.67156122366401
D1815,5.605490581125506,2,1.361322357507355,2,40.925196023613594,47.892008962246464
D1816,1.1167987038026923,2,0.2992855391726996,2,29.664400834791888,31.08048507776729
D1817,11.321367623372623,2,2.512204684143252,2,56.283646183293754,70.11721849080965
D1818,10.903008495790854,2,10.090114479548493,2,120.97712617823684,141.9702491535762
D1819,5.3071168220136276,2,6.441878363398724,2,18.52047032924241,30.269465514654787
