uid,epochs_tested,identifiable_epoch_jackknifes,single_epoch_jackknife_max
P0000,21,21,0.009102324138317498
P0001,68,68,0.011611910337973257
P0002,58,58,0.002077954844892351
P0003,30,30,0.007393132216833883
P0004,54,54,0.0034940945668773655
P0005,20,20,0.006792872642490102
P0006,18,18,0.020161180528158594
P0007,79,79,0.0052289195267112175
P0008,24,24,0.008430778140762351
P0009,128,128,0.012699062769229665
P0010,35,35,0.004060259510988773
P0011,30,30,0.0076553897042652575
P0012,32,32,0.006273308656721696
P0013,15,15,0.014299028861383881
P0014,47,47,0.012556960106510145
P0015,10,10,0.007584618933782336
P0016,16,16,0.01747918872889916
P0017,65,65,0.0026111992918264673
P0018,14,14,0.007816449160308032
P0019,21,21,0.013271879805793847
P0020,91,91,0.004608273553903239
P0021,18,18,0.0029290423670886878
P0022,23,23,0.013234759392558455
P0023,25,25,0.0846509228257367
P0024,135,135,0.005147228874954053
P0025,39,39,0.002139430125247196
P0026,24,24,0.04790282702935529
P0027,15,15,0.022519889906029756
P0028,77,77,0.008045657784550285
P0029,15,15,0.017575402725991243
P0030,16,16,0.04817635572301438
P0031,48,48,0.005517608036024209
P0032,22,22,0.03034103660894655
P0033,12,12,0.016776149845308924
P0034,83,83,0.009226220288711937
P0035,14,14,0.009590532744245909
P0036,26,26,0.007474964460108157
P0037,15,15,0.03478257400400668
P0038,129,129,0.0036812994642835325
P0039,32,32,0.027668353744117653
P0040,10,10,0.007436669466150289
P0041,9,9,0.01104836958931344
P0042,9,9,0.006774398346678707
P0043,17,17,0.0042500110590731055
P0044,68,68,0.0025262332149428722
P0045,22,22,0.002445947321692191
P0046,134,134,0.0016273588775746325
P0047,24,24,0.010031267239437779
P0048,18,18,0.005656988505712098
P0049,19,19,0.006553287621131681
P0050,25,25,0.007358928581952654
P0051,14,14,0.06274344015761216
P0052,133,133,0.008436065829223644
P0053,17,17,0.009124186538605118
P0054,53,53,0.06410930088088235
P0055,36,36,0.02350746794746633
P0056,13,13,0.023319309084773934
P0057,43,43,0.015481814470246385
P0058,55,55,0.004170789536191191
P0059,7,7,0.0520878946291069
P0060,58,58,0.01204985121950493
P0061,25,25,0.04611588549457567
P0062,38,38,0.0028873405181141522
P0063,13,13,0.013176862455077596
P0064,110,110,0.008220112865512845
P0065,21,21,0.004763167387972859
P0066,27,27,0.00583721807274568
P0067,26,26,0.0181464738210958
P0068,76,76,0.016727964376144187
P0069,27,27,0.011683265574286577
P0070,7,7,0.009827165117321896
P0071,12,12,0.01712145800979554
P0072,89,89,0.005474170348528912
P0073,29,29,0.002670402424281534
P0074,6,6,0.02886134042488214
P0075,13,13,0.004469947526328174
P0076,19,19,0.0132239044727902
P0077,42,42,0.018480061848177617
P0078,22,22,0.010165007368711518
P0079,6,6,0.012160739106484873
P0080,25,25,0.05277126120241824
P0081,7,7,0.03721254911651616
P0082,37,37,0.01511892661609053
P0083,10,10,0.018430831995447008
P0084,18,18,0.007599508116865383
P0085,22,22,0.003069286731013584
P0086,27,27,0.010709139228220792
P0087,12,12,0.015009631399859846
P0088,20,20,0.036149869909718746
P0089,32,32,0.01972597649119008
P0090,83,83,0.01058906659139173
P0091,17,17,0.0313507937597795
P0092,34,34,0.09929490254854036
P0093,31,31,0.00446029208156061
P0094,48,48,0.0032572986065409286
P0095,9,9,0.025500407577682026
P0096,25,25,0.009558664704520197
P0097,88,88,0.008462869480520616
P0098,13,13,0.012744018131004212
P0099,28,28,0.004774754310626907
P0100,5,5,0.03654204782847047
P0101,25,25,0.006508764589741199
P0102,44,44,0.010377816847640959
P0103,14,14,0.009545485704178857
P0104,49,49,0.006477595956325198
P0105,35,35,0.005276490140665825
P0106,15,15,0.014036932020358713
P0107,14,14,0.007836111087559277
P0108,15,15,0.009585324303249466
P0109,19,19,0.004099939767835487
P0110,24,24,0.041474891839148695
P0111,8,8,0.023825397370898335
P0112,14,14,0.00815276472135581
P0113,29,29,0.015404192817292989
P0114,13,13,0.051844936542825196
P0115,20,20,0.036106553357517404
P0116,18,18,0.006716592524844834
P0117,15,15,0.024416502973399205
P0118,32,32,0.012459740401270574
P0119,43,43,0.012051072052704566
P0120,26,26,0.008752966009976925
P0121,6,6,0.08459267941094484
P0122,12,12,0.04620590296750988
P0123,45,45,0.009670424853408237
P0124,12,12,0.07374745488206205
P0125,18,18,0.0763065424039156
P0126,38,38,0.01184966287803323
P0127,14,14,0.02022569911241929
P0128,9,9,0.045247943127340505
P0129,10,10,0.021853206988321203
P0130,10,10,0.005870124400127436
P0131,21,21,0.009151227129820989
P0132,12,12,0.0076353060276073996
P0133,13,13,0.009905232057538764
P0134,25,25,0.03819117288106754
P0135,13,13,0.12263994478842281
P0136,29,29,0.0022882748045645104
P0137,42,42,0.010916654356860575
P0138,17,17,0.01037791850426519
P0139,15,15,0.03388220054540876
P0140,18,18,0.008271537247248587
P0141,26,26,0.007572285473107418
P0142,58,58,0.007039176190330744
P0143,40,40,0.0037324821189467397
P0144,15,15,0.025824367464815586
P0145,19,19,0.018705976200614614
P0146,13,13,0.014255930424252663
P0147,29,29,0.004583403828924104
P0148,50,50,0.0066988089814994205
P0149,19,19,0.06664854000153123
P0150,20,20,0.07602980700654827
P0151,22,22,0.02754047750519772
P0152,18,18,0.014336789455151471
P0153,19,19,0.01168529550921996
P0154,22,22,0.018772771808582653
P0155,10,10,0.006998982960300732
P0156,18,18,0.008522145475226004
P0157,13,13,0.008129773453434764
P0158,13,13,0.019695616591315912
P0159,20,20,0.0060859850770758365
P0160,25,25,0.012508771126623817
P0161,18,18,0.009621925888849256
P0162,13,13,0.00492038679558629
P0163,53,53,0.009705769046516745
P0164,14,14,0.013725959492086083
P0165,12,12,0.00514394898147465
P0166,48,48,0.003893556668996361
P0167,93,93,0.009679857335882829
P0168,31,31,0.005649810836144324
P0169,16,16,0.024441441082540934
P0170,40,40,0.0014293944893837291
P0171,28,28,0.003782469011389984
P0172,10,10,0.002351287269001873
P0173,13,13,0.005861538124959322
P0174,37,37,0.0267876965863109
P0175,13,13,0.018941851829186382
P0176,16,16,0.010303348530847696
P0177,21,21,0.020259758453350256
P0178,9,9,0.027347296496513705
P0179,20,20,0.005977408553392583
P0180,183,183,0.011209995087532657
P0181,19,19,0.018766719233860862
P0182,34,34,0.004395357760306999
P0183,18,18,0.014297190422583119
P0184,21,21,0.019363220687897673
P0185,18,18,0.016978938212714356
P0186,33,33,0.036615025653188006
P0187,26,26,0.005349667089701026
P0188,11,11,0.02302378049462124
P0189,22,22,0.006482197531762134
P0190,4,4,0.12545521114442001
P0191,25,25,0.0052564802680461825
P0192,34,34,0.02092087453936625
P0193,103,103,0.007097845262455993
P0194,26,26,0.013908840376829455
P0195,17,17,0.007138101801562499
P0196,18,18,0.006844077898490225
P0197,16,16,0.0397142057192912
P0198,7,7,0.007344421508472097
P0199,26,26,0.005642831118382142
P0200,18,18,0.0896729437667036
P0201,24,24,0.008067198725011398
P0202,38,38,0.01600978707977895
P0203,16,16,0.060856913119029486
P0204,12,12,0.0196887570667296
P0205,16,16,0.015399141580976048
P0206,46,46,0.004091964136869948
P0207,20,20,0.009274291776516626
P0208,21,21,0.02448268502204976
P0209,17,17,0.021698010576494377
P0210,13,13,0.010271462194862453
P0211,30,30,0.009188342516187355
P0212,12,12,0.01386341161801383
P0213,19,19,0.0057541494588142054
P0214,21,21,0.006959632867026019
P0215,18,18,0.0224722965659529
P0216,22,22,0.016032014470798023
P0217,10,10,0.012177325901284642
P0218,4,4,0.06457085089773008
P0219,18,18,0.028827571950613595
P0220,17,17,0.010125437596201044
P0221,5,5,0.03315035776005392
P0222,22,22,0.017369873722725197
P0223,16,16,0.019674372688594146
P0224,7,7,0.018114231938296917
P0225,5,5,0.016674642715340464
P0226,22,22,0.00639142546215602
P0227,13,13,0.17776591916892082
P0228,21,21,0.03326532801586187
P0229,18,18,0.008101361835521506
P0230,9,9,0.007957683544509214
P0231,24,24,0.0680809300464809
P0232,11,11,0.029946043224685803
P0233,15,15,0.018762677427157717
P0234,11,11,0.010746323962864873
P0235,13,13,0.03634808819570023
P0236,20,20,0.007927689779373219
P0237,118,118,0.0027698386737698053
P0238,23,23,0.007848756546917466
P0239,8,8,0.017344689568922184
P0240,16,16,0.01243436209467342
P0241,11,11,0.06930017553865299
P0242,28,28,0.022371106552365523
P0243,9,9,0.015861306405569594
P0244,12,12,0.017298374756860673
P0245,18,18,0.00952496105737787
P0246,12,12,0.007716551618754415
P0247,18,18,0.012732493999583233
P0248,23,23,0.013381587943037395
P0249,15,15,0.024091206639154837
P0250,29,29,0.009752518341042486
P0251,6,6,0.06861020184746752
P0252,15,15,0.10141400314005027
P0253,7,7,0.041348635890273704
P0254,15,15,0.04005564075382355
P0255,13,13,0.013597547649541675
P0256,16,16,0.008032617687856606
P0257,5,5,0.057881057706681935
P0258,18,18,0.017070550442397754
P0259,14,14,0.011919183070403707
P0260,68,68,0.014083248735659958
P0261,18,18,0.01947877224079458
P0262,16,16,0.02895895389669174
P0263,13,13,0.026243406320963534
P0264,21,21,0.03896112261235233
P0265,41,41,0.017558062535880527
P0266,25,25,0.011706719774795012
P0267,9,9,0.005803136115857378
P0268,14,14,0.019306963070459034
P0269,11,11,0.022550547093605742
P0270,18,18,0.011627218250161811
P0271,10,10,0.006209368452137013
P0272,47,47,0.026382045275454957
P0273,37,37,0.014502173206829519
P0274,59,59,0.011802725929965457
P0275,12,12,0.027906069419470422
P0276,63,63,0.018642087712251357
P0277,18,18,0.00556119485639143
P0278,17,17,0.012580333573866072
P0279,17,17,0.048404181990982106
P0280,21,21,0.010065043134879697
P0281,35,35,0.02125643273020632
P0282,13,13,0.019764484301737554
P0283,15,15,0.02731676773436339
P0284,8,8,0.022447459591208932
P0285,26,26,0.007746368555610148
P0286,70,70,0.007944939884393752
P0287,19,19,0.013136167600802197
P0288,40,40,0.010145711944254907
P0289,15,15,0.029980490882564097
P0290,15,15,0.039300543024562436
P0291,22,22,0.008749690875022033
P0292,7,7,0.019528930356912857
P0293,19,19,0.009172115604275407
P0294,15,15,0.021578245785758052
P0295,14,14,0.0031244971845397185
P0296,46,46,0.012711848859299517
P0297,21,21,0.07112660948339583
P0298,10,10,0.06017451335752638
P0299,39,39,0.015819001237661126
P0300,33,33,0.012661399191394898
P0301,64,64,0.005937189786093158
P0302,35,35,0.007786849245612978
P0303,17,17,0.005475362874539538
P0304,10,10,0.08394891961460134
P0305,24,24,0.007502933982613896
P0306,12,12,0.07041715497331949
P0307,13,13,0.01000214231794729
P0308,116,116,0.008876455867267263
P0309,13,13,0.07487484332092335
P0310,18,18,0.011734091149205006
P0311,21,21,0.009326848937549388
P0312,17,17,0.025653125714781254
P0313,17,17,0.0055424284293769084
P0314,18,18,0.014429091448602861
P0315,40,40,0.047694187350068806
P0316,24,24,0.005881165770586169
P0317,40,40,0.013167484933625687
P0318,15,15,0.013230329477938762
P0319,26,26,0.006863009877766106
P0320,7,7,0.029954376581029972
P0321,33,33,0.009094148020013673
P0322,19,19,0.036455476513794424
P0323,19,19,0.012725011122676473
P0324,94,94,0.01937053741991443
P0325,24,24,0.005045101524757297
P0326,14,14,0.032133000153721884
P0327,26,26,0.010731110253277281
P0328,26,26,0.009797652181585438
P0329,12,12,0.010587898245068892
P0330,72,72,0.009602990395159291
P0331,7,7,0.004203204979030327
P0332,5,5,0.040032469693428975
P0333,8,8,0.037936283368640335
P0334,20,20,0.005561261546943559
P0335,35,35,0.04163069795719093
P0336,14,14,0.017583152077078223
P0337,72,72,0.007628874809646233
P0338,15,15,0.3008492577921516
P0339,13,13,0.03977417044455354
P0340,18,18,0.029169456502500742
P0341,14,14,0.00760934666075997
P0342,8,8,0.004171196101344073
P0343,18,18,0.02820501256827506
P0344,15,15,0.007786465158953798
P0345,59,59,0.015094743544024201
P0346,13,13,0.010001242830156902
P0347,98,98,0.007283695479686962
P0348,15,15,0.050367665493426354
P0349,18,18,0.03551681945948382
P0350,12,12,0.019314803953417392
P0351,51,51,0.006595238927205055
P0352,35,35,0.024391705327139208
P0353,31,31,0.026323208463523245
P0354,13,13,0.013323640953032921
P0355,4,4,0.019771299028479624
P0356,9,9,0.008026971692114228
P0357,19,19,0.002844709338297586
P0358,10,10,0.010285775132511315
P0359,16,16,0.010460017722127268
P0360,94,94,0.0021793986174940922
P0361,23,23,0.04539413842217029
P0362,29,29,0.014930698397379906
P0363,6,6,0.09123049133764528
P0364,95,95,0.010372626209650697
P0365,18,18,0.03868646711215245
P0366,17,17,0.009282885401588958
P0367,21,21,0.0017840486383578669
P0368,3,3,0.4017538663845822
P0369,20,20,0.009439787983438764
P0370,26,26,0.011099957898303698
P0371,21,21,0.005957422434142571
P0372,21,21,0.002695225461307561
P0373,81,81,0.004351385037436328
P0374,15,15,0.012336556952291673
P0375,19,19,0.01030236598106125
P0376,15,15,0.008890201341053788
P0377,25,25,0.0031230123981672757
P0378,22,22,0.0037107052067715356
P0379,25,25,0.029088458078233112
P0380,14,14,0.007506067479843469
P0381,50,50,0.016653547026748212
P0382,18,18,0.01334826743370392
P0383,16,16,0.012995403346682316
P0384,21,21,0.009815303146154643
P0385,13,13,0.014009100840493604
P0386,20,20,0.05624763319078526
P0387,2,0,
P0388,20,20,0.03299994693761167
P0389,28,28,0.011281442918506248
P0390,35,35,0.01662156966885899
P0391,31,31,0.009061614521969644
P0392,15,15,0.27255450567143746
P0393,14,14,0.028287080619873735
P0394,34,34,0.025917010699859397
P0395,38,38,0.012479068308409728
P0396,25,25,0.012296837302574132
P0397,12,12,0.016275237543688918
P0398,16,16,0.029014666424964232
P0399,12,12,0.04903399283397644
P0400,21,21,0.11529838721989939
P0401,15,15,0.004350486499029559
P0402,42,42,0.0017619151792966855
P0403,11,11,0.12772504456247216
P0404,13,13,0.039999475661573865
P0405,17,17,0.0333247336255962
P0406,62,62,0.008726738075297521
P0407,22,22,0.08961355643442416
P0408,60,60,0.003425695175715722
P0409,43,43,0.0086929682553748
P0410,24,24,0.004247362533002394
P0411,15,15,0.06560606473944117
P0412,23,23,0.04055699444233777
P0413,18,18,0.00483286624692341
P0414,7,7,0.030003929132288668
P0415,34,34,0.0022736797082089444
P0416,22,22,0.0040802650993617545
P0417,10,10,0.006513996145741231
P0418,122,122,0.007025580547890292
P0419,8,8,0.010200045936731463
P0420,5,5,0.035444715904709996
P0421,21,21,0.01760497408057879
P0422,21,21,0.02645837423301286
P0423,58,58,0.01781285799112185
P0424,18,18,0.028381769704479677
P0425,21,21,0.059430145809692095
P0426,10,10,0.06757181135893482
P0427,9,9,0.006417007434398861
P0428,9,9,0.010710519163695443
P0429,21,21,0.01675517243373482
P0430,19,19,0.0016662877403611676
P0431,12,12,0.006122125504882588
P0432,21,21,0.006485885463952714
P0433,18,18,0.024802733835699507
P0434,112,112,0.009078009147848388
P0435,22,22,0.019161531028469143
P0436,19,19,0.007228616706181117
P0437,12,12,0.009124752835206237
P0438,22,22,0.004139119874904472
P0439,15,15,0.014691164442304639
P0440,15,15,0.006925095487030623
P0441,18,18,0.0016966083514583967
P0442,14,14,0.017779765682385377
P0443,29,29,0.009218924198384725
P0444,12,12,0.0193831989233744
P0445,6,6,0.07155123867835421
P0446,12,12,0.08370248476648591
P0447,10,10,0.029733606541398033
P0448,5,5,0.5529510553467195
P0449,68,68,0.006805702651532645
P0450,21,21,0.023469217766360278
P0451,15,15,0.01447516469563915
P0452,36,36,0.02834814105330142
P0453,35,35,0.014642424344586489
P0454,29,29,0.028262296392576578
P0455,18,18,0.009549901578015179
P0456,32,32,0.014545208511552696
P0457,18,18,0.047071070200459274
P0458,14,14,0.011385020318271549
P0459,22,22,0.0037580585772374773
P0460,24,24,0.0030689163174849434
P0461,29,29,0.013717149129176898
P0462,25,25,0.023303436424899685
P0463,23,23,0.027886628155829932
P0464,40,40,0.027143436961607478
P0465,18,18,0.038764504579654496
P0466,12,12,0.1486896021236349
P0467,6,6,0.0140315222280689
P0468,24,24,0.005480816155581345
P0469,45,45,0.0017381506982806951
P0470,20,20,0.25099116588488435
P0471,18,18,0.03238911148084338
P0472,12,12,0.02555433883379694
P0473,18,18,0.0079265203948766
P0474,29,29,0.018472377442606342
P0475,43,43,0.00915079341272632
P0476,5,5,0.13416770384455176
P0477,21,21,0.0305984451140121
P0478,16,16,0.012188096490038458
P0479,27,27,0.04976146447093698
P0480,5,5,0.009983072626659708
P0481,34,34,0.0059549863060704145
P0482,18,18,0.03934148707267967
P0483,26,26,0.04728331177476442
P0484,8,8,0.05545555574207966
P0485,6,6,0.061761217336000485
P0486,11,11,0.04326091995078199
P0487,18,18,0.014288683233200504
P0488,19,19,0.00227615013941838
P0489,35,35,0.009249006823193049
P0490,16,16,0.18423958803851734
P0491,5,5,0.09036927820683421
P0492,11,11,0.009016297925926346
P0493,46,46,0.005502595175379054
P0494,21,21,0.06316775105092427
P0495,11,11,0.03486524100311829
P0496,93,93,0.00648409520792911
P0497,32,32,0.03215588178168992
P0498,20,20,0.027495809475952614
P0499,19,19,0.0680054491086067
P0500,13,13,0.009385492436246179
P0501,21,21,0.02175146617577498
P0502,18,18,0.006184310857399552
P0503,16,16,0.02664801841045528
P0504,53,53,0.010843617749765973
P0505,17,17,0.010900452995941026
P0506,17,17,0.026529146949111546
P0507,148,148,0.005016390356671187
P0508,22,22,0.029202109587738726
P0509,23,23,0.09762762131560786
P0510,12,12,0.011897364486821925
P0511,42,42,0.010498370558603492
P0512,14,14,0.05854720144696523
P0513,23,23,0.03527196461583941
P0514,18,18,0.053922937975461
P0515,13,13,0.004346627659949268
P0516,15,15,0.011839518294052026
P0517,17,17,0.004895772539131176
P0518,18,18,0.032032632402110565
P0519,18,18,0.05330649054177353
P0520,59,59,0.009365567352286311
P0521,13,13,0.013156922908503463
P0522,23,23,0.0035481041144199863
P0523,31,31,0.018384412206055273
P0524,22,22,0.01573935909683997
P0525,21,21,0.003053324458662643
P0526,11,11,0.0026039688548210515
P0527,12,12,0.026108091431422936
P0528,67,67,0.006219823298446083
P0529,16,16,0.003365882970076783
P0530,18,18,0.026297711721193672
P0531,30,30,0.02821183593083994
P0532,17,17,0.009856720225392974
P0533,17,17,0.046152090644141434
P0534,106,106,0.005266424283147075
P0535,5,5,0.08563772950789464
P0536,18,18,0.011707058974062854
P0537,93,93,0.0021166003865957035
P0538,25,25,0.048244638151792266
P0539,16,16,0.04942403058759593
P0540,24,24,0.035208557193700696
P0541,11,11,0.012221934674230736
P0542,22,22,0.07063247090146381
P0543,20,20,0.01481991641564781
P0544,29,29,0.029618057089746786
P0545,14,14,0.011881664820765959
P0546,17,17,0.006652776450955634
P0547,96,96,0.023254941561288288
P0548,12,12,0.11302957172963149
P0549,24,24,0.08596126575691018
P0550,5,5,0.08101261055778582
P0551,30,30,0.022948734283751156
P0552,9,9,0.00971117485127443
P0553,18,18,0.08648164854077083
P0554,12,12,0.07261510178819534
P0555,18,18,0.04960245403552522
P0556,24,24,0.024871321785934198
P0557,19,19,0.00663332742845291
P0558,34,34,0.05964011816472896
P0559,29,29,0.02402533073767087
P0560,16,16,0.003696228622640139
P0561,4,4,0.03505928716326969
P0562,4,4,0.04717066293570709
P0563,16,16,0.0090323840495119
P0564,11,11,0.03790885110321911
P0565,38,38,0.016784043066087505
P0566,13,13,0.06274582516071585
P0567,52,52,0.003527943356571637
P0568,16,16,0.012227858205817522
P0569,29,29,0.002569260791034543
P0570,55,55,0.0064437022576819426
P0571,34,34,0.017100086406623236
P0572,20,20,0.014820400878286125
P0573,32,32,0.021723465439688297
P0574,16,16,0.015337581677665326
P0575,16,16,0.012527786365041912
P0576,36,36,0.10315075098056548
P0577,17,17,0.01820562109372069
P0578,13,13,0.02280429324105066
P0579,10,10,0.03095791899580451
P0580,53,53,0.04031411118559035
P0581,22,22,0.020931202741741328
P0582,24,24,0.1529210921922733
P0583,15,15,0.020118582814724128
P0584,19,19,0.01780482299963405
P0585,16,16,0.01932230225427083
P0586,19,19,0.026527108125803802
P0587,8,8,0.010782359095658788
P0588,35,35,0.12268041034548012
P0589,25,25,0.01736350040561459
P0590,21,21,0.02283079109515825
P0591,32,32,0.06571492423113842
P0592,30,30,0.0052371704951455645
P0593,83,83,0.008807839483868748
P0594,28,28,0.051644430123970964
P0595,27,27,0.0489620524477404
P0596,19,19,0.0656900544963456
P0597,23,23,0.026606081719326567
P0598,25,25,0.020142719440756723
P0599,12,12,0.09174560514843794
P0600,14,14,0.020597834086305177
P0601,22,22,0.08368077472927408
P0602,18,18,0.051858439582468406
P0603,15,15,0.021697968766116457
P0604,19,19,0.006722630523917974
P0605,26,26,0.010015445197511514
P0606,32,32,0.02274788079569044
P0607,32,32,0.021954560640779316
P0608,26,26,0.04234797667005136
P0609,17,17,0.03894157368463184
P0610,17,17,0.02628825034394187
P0611,23,23,0.03560988304856492
P0612,29,29,0.009752010065460162
P0613,28,28,0.03286523581170013
P0614,7,7,0.023582022877690262
P0615,14,14,0.005449764651442485
P0616,9,9,0.07976661837595853
P0617,10,10,0.020142373372899865
P0618,23,23,0.09868867208710695
P0619,24,24,0.047516923282462514
P0620,107,107,0.0032812127153973372
P0621,16,16,0.0018020968581844155
P0622,20,20,0.11642393289694011
P0623,46,46,0.03025932792531381
P0624,16,16,0.049516367977665954
P0625,21,21,0.04396931113065752
P0626,60,60,0.011083889503131359
P0627,27,27,0.026233877742918275
P0628,30,30,0.002249069816741768
P0629,9,9,0.01899561068457653
P0630,11,11,0.008505431291338796
P0631,24,24,0.11333877338854659
P0632,31,31,0.033932266553834925
P0633,35,35,0.01065685171311337
P0634,35,35,0.018762981088664046
P0635,20,20,0.05012589651688425
P0636,28,28,0.01193246366717815
P0637,35,35,0.05782494647633738
P0638,24,24,0.01540827832861889
P0639,23,23,0.07326583148355081
P0640,14,14,0.00501486078201986
P0641,33,33,0.01456871057584085
P0642,20,20,0.016475205046317665
P0643,13,13,0.015360516690667379
P0644,26,26,0.057190707187430745
P0645,5,5,0.09732276916603459
P0646,26,26,0.04833141769565664
P0647,12,12,0.03366201717727408
P0648,16,16,0.023713370159060308
P0649,22,22,0.03195334772410933
P0650,17,17,0.06772180267598764
P0651,34,34,0.056516372182427076
P0652,29,29,0.08888584791999533
P0653,21,21,0.042088378640465614
P0654,24,24,0.02437059519710155
P0655,18,18,0.009921277508537206
P0656,12,12,0.019574147241875756
P0657,14,14,0.10029663345094328
P0658,24,24,0.00940612822821719
P0659,20,20,0.03358072756999111
P0660,36,36,0.015220269752640864
P0661,3,3,0.11397997853127022
P0662,13,13,0.01518479670434888
P0663,29,29,0.025949057416237733
P0664,33,33,0.0535832787172981
P0665,23,23,0.05935214128613275
P0666,37,37,0.020944985675715223
P0667,19,19,0.03493223830172673
P0668,7,7,0.005876714826170987
P0669,36,36,0.01544025438122479
P0670,10,10,0.009032004089047556
P0671,11,11,0.012495998438004268
P0672,11,11,0.028995891591305584
P0673,68,68,0.0050663185258843215
P0674,20,20,0.01711396677080706
P0675,28,28,0.03382376501692229
P0676,18,18,0.018737354006067214
P0677,9,9,0.07444025482702436
P0678,32,32,0.019239223750860016
P0679,10,10,0.012739590944311674
P0680,14,14,0.013312835804396943
P0681,20,20,0.025775241405403822
P0682,8,8,0.25514766439237957
P0683,6,6,0.020328309254503605
P0684,68,68,0.005152281431063525
P0685,17,17,0.028520042996662043
P0686,34,34,0.013395173209570073
P0687,27,27,0.020094836775854694
P0688,49,49,0.012850946322782667
P0689,36,36,0.011991637224239479
P0690,16,16,0.011048948412767389
P0691,20,20,0.01595649490367438
P0692,23,23,0.017505919034449136
P0693,30,30,0.03055446478417966
P0694,28,28,0.02428916867422497
P0695,32,32,0.031575061310191714
P0696,29,29,0.06321259930325285
P0697,11,11,0.01610458713103397
P0698,5,5,0.030763792417027407
P0699,17,17,0.03100212910277294
P0700,54,54,0.04187680019131978
P0701,39,39,0.05996981017918358
P0702,23,23,0.0617280602328789
P0703,34,34,0.027213981911996293
P0704,23,23,0.04376760769780938
P0705,33,33,0.009367214624624936
P0706,28,28,0.02503149854499252
P0707,37,37,0.01641797283824879
P0708,24,24,0.02127733969380475
P0709,14,14,0.025572638835408664
P0710,26,26,0.024589224977279115
P0711,44,44,0.03478861929426608
P0712,15,15,0.04148808715289149
P0713,22,22,0.10945486761030479
P0714,9,9,0.021368592121803077
P0715,12,12,0.0030224602972002304
P0716,10,10,0.006184745846316911
P0717,27,27,0.14094897652395746
P0718,34,34,0.03683163824648187
P0719,30,30,0.03513751838774424
P0720,32,32,0.07921547017737085
P0721,11,11,0.016026393519138725
P0722,10,10,0.027608960192513042
P0723,23,23,0.08087089591580632
P0724,9,9,0.07535137051979468
P0725,31,31,0.007724690238918987
P0726,30,30,0.013707594362059518
P0727,34,34,0.0032315974959914256
P0728,27,27,0.0039385364020715985
P0729,16,16,0.06868302850609567
P0730,15,15,0.010463693689279048
P0731,11,11,0.19368190049250172
P0732,40,40,0.0413256257726266
P0733,16,16,0.010754182564002488
P0734,20,20,0.08488870174486866
P0735,15,15,0.007523918255650987
P0736,11,11,0.12876625717736703
P0737,13,13,0.0070839380590851835
P0738,39,39,0.009320906787651332
P0739,17,17,0.2305244707452509
P0740,24,24,0.010189572368848248
P0741,28,28,0.010356369394636423
P0742,37,37,0.008270339325244624
P0743,29,29,0.011136784419501939
P0744,12,12,0.06044056080997145
P0745,32,32,0.0032565544287923498
P0746,10,10,0.03235192178114144
P0747,14,14,0.04517376229732848
P0748,16,16,0.003386007614249908
P0749,6,6,0.00999076653178367
P0750,14,14,0.0323627878795187
P0751,4,3,0.040339101483394084
P0752,6,6,0.01864520920107884
P0753,23,23,0.012236172405420364
P0754,12,12,0.006029538355567868
P0755,21,21,0.030254990956275884
P0756,14,14,0.012878067176492872
P0757,14,14,0.006732789072346779
P0758,8,8,0.019747218318788323
P0759,18,18,0.0041883367928558235
P0760,20,20,0.015473935365456163
P0761,8,8,0.010004869873727507
P0762,16,16,0.005362679175790928
P0763,39,39,0.06442709056864863
P0764,13,13,0.005619687688184411
P0765,14,14,0.03174934939702613
P0766,31,31,0.025925960818756193
P0767,9,9,0.010633565825367532
P0768,26,26,0.027369466032147963
P0769,15,15,0.010841993433151674
P0770,14,14,0.06369871579686692
P0771,11,11,0.018160693462056596
P0772,20,20,0.0131494551844788
P0773,17,17,0.006954016360401166
P0774,17,17,0.005448891280328452
P0775,13,13,0.026384380205410393
P0776,17,17,0.009155379806453093
P0777,13,13,0.012319297363037501
P0778,18,18,0.02886363813808341
P0779,9,9,0.02323488987134934
P0780,9,9,0.02133547638070848
P0781,19,19,0.00850652525615817
P0782,15,15,0.005535962298635092
P0783,6,6,0.023293619492813642
P0784,15,15,0.030253261059377777
P0785,25,25,0.011765446710780472
P0786,14,14,0.023490551293854297
P0787,14,14,0.042355419273650684
P0788,29,29,0.01683799131266939
P0789,23,23,0.04471183552968489
P0790,12,12,0.01360326694757474
P0791,21,21,0.01452079864045898
P0792,13,13,0.014617600106907625
P0793,19,19,0.030639121323811334
P0794,18,18,0.029834757573749995
P0795,12,12,0.022135687569448746
P0796,12,12,0.04145210060526918
P0797,8,8,0.030091016046865315
P0798,12,12,0.05810817747469195
P0799,18,18,0.005784833234925336
P0800,42,42,0.00702618107086245
P0801,9,9,0.014100849199520421
P0802,10,10,0.027046715945203595
P0803,35,35,0.010840863582392418
P0804,28,28,0.01055914612778283
P0805,12,12,0.004359903816071604
P0806,11,11,0.023874089582053323
P0807,9,9,0.6344786517270112
P0808,37,37,0.03494309957669122
P0809,21,21,0.01084383342003063
P0810,15,15,0.05640914175230619
P0811,46,46,0.008305022891879475
P0812,25,25,0.003947464489841107
P0813,16,16,0.10165663368499478
P0814,11,11,0.085901451755772
P0815,24,24,0.028624498091398744
P0816,33,33,0.012884961571664848
P0817,27,27,0.022661883641937094
P0818,19,19,0.012493068050471515
P0819,21,21,0.008223288616751642
P0820,44,44,0.010604560945488756
P0821,29,29,0.017888631384664063
P0822,21,21,0.02078216361843246
P0823,21,21,0.036929556746127426
P0824,18,18,0.014882219565164091
P0825,18,18,0.01167832765637544
P0826,18,18,0.025775006938521437
P0827,27,27,0.014763263095421872
P0828,15,15,0.01598129483731931
P0829,15,15,0.014306957188880465
P0830,19,19,0.006390443444224817
P0831,28,28,0.008043320164492967
P0832,16,16,0.010745036486322967
P0833,20,20,0.01601311468886063
P0834,13,13,0.006819000878392113
P0835,9,9,0.01739683385884655
P0836,15,15,0.04381196036041593
P0837,10,10,0.009173935442200583
P0838,17,17,0.016408936615623267
P0839,7,7,0.025403454667420063
P0840,34,34,0.013456517715637278
P0841,22,22,0.02643148541127646
P0842,17,17,0.016283443521095058
P0843,29,29,0.013804078767262676
P0844,19,19,0.0071388434567284265
P0845,14,14,0.040343637067130594
P0846,21,21,0.018458460546766104
P0847,16,16,0.011739515492553667
P0848,27,27,0.03050925907577526
P0849,16,16,0.06981365235843214
P0850,16,16,0.012689222761201126
P0851,17,17,0.008686051201734081
P0852,14,14,0.011467578047306366
P0853,9,9,0.015281873034121618
P0854,8,8,0.018767489639335836
P0855,12,12,0.0996105683090648
P0856,12,12,0.268053854020861
P0857,36,36,0.021222410706976603
P0858,14,14,0.08527790280175128
P0859,14,14,0.008650607627232453
P0860,15,15,0.03750607728187575
P0861,40,40,0.03138762001454745
P0862,14,14,0.021532815408386346
P0863,31,31,0.05693976806906924
P0864,18,18,0.044872821848757356
P0865,17,17,0.014632861272848572
P0866,13,13,0.021159503327672604
P0867,22,22,0.025418058524675623
P0868,13,13,0.02349694662163585
P0869,18,18,0.011414488457285427
P0870,9,9,0.010085322910471727
P0871,12,12,0.010569138160467501
P0872,15,15,0.04208889951219854
P0873,12,12,0.024837521720870163
P0874,27,27,0.013367887095319407
P0875,22,22,0.022331699387634126
P0876,10,10,0.033259078698017974
P0877,20,20,0.004420347856296983
P0878,14,14,0.04721433021902587
P0879,37,37,0.054235548945434114
P0880,15,15,0.044705614777616844
P0881,12,12,0.014064608761635306
P0882,27,27,0.012309713888267355
P0883,14,14,0.02888297065014315
P0884,11,11,0.1663775150405148
P0885,19,19,0.01146527292560516
P0886,29,29,0.02168202029257786
P0887,15,15,0.03574882144103023
P0888,20,20,0.02049069604780959
P0889,23,23,0.03507396289761939
P0890,27,27,0.15270882630701607
P0891,33,33,0.02110567519790833
P0892,20,20,0.01776772437146296
P0893,10,10,0.049025901081474886
P0894,22,22,0.00748612709300208
P0895,17,17,0.006634854540367676
P0896,19,19,0.09140484871308997
P0897,14,14,0.08971355137982273
P0898,19,19,0.019743894997008706
P0899,50,50,0.010194609703543158
P0900,14,14,0.010528535762315803
P0901,11,11,0.015122234273493743
P0902,33,33,0.009880334908767548
P0903,11,11,0.005437157368801981
P0904,10,10,0.0295644000640035
P0905,44,44,0.01039174551725584
P0906,17,17,0.01145086526885129
P0907,9,9,0.041617756327189045
P0908,14,14,0.012487458599455672
P0909,34,34,0.015543067652621924
P0910,14,14,0.010976875005545499
P0911,8,8,0.030357881450472222
P0912,23,23,0.015926369644590863
P0913,13,13,0.011184370500478259
P0914,14,14,0.011327681531785814
P0915,16,16,0.011923157737779914
P0916,14,14,0.12483858087003473
P0917,10,10,0.036800918193507684
P0918,43,43,0.07855580517643687
P0919,17,17,0.008480897277666516
P0920,16,16,0.015583655541966251
P0921,23,23,0.02831997242433502
P0922,15,15,0.010092929860218477
P0923,15,15,0.014274086330412702
P0924,11,11,0.059281557687150786
P0925,19,19,0.026647498540890605
P0926,9,9,0.024677614432650173
P0927,20,20,0.03374820437724467
P0928,10,10,0.0711167679290608
P0929,41,41,0.02656697110231657
P0930,17,17,0.026579401280568852
P0931,12,12,0.04662187616701528
P0932,44,44,0.025867896130388403
P0933,20,20,0.04613383201808408
P0934,15,15,0.08125170582328081
P0935,38,38,0.014063886581400982
P0936,16,16,0.04040066062273305
P0937,18,18,0.010734423897601415
P0938,47,47,0.02210120846694001
P0939,14,14,0.02500566836780502
P0940,39,39,0.004485646089221793
P0941,13,13,0.02039030879761464
P0942,37,37,0.006514570482558279
P0943,11,11,0.011630859906766076
P0944,17,17,0.05508967545607248
P0945,16,16,0.09823591022401254
P0946,39,39,0.09794120862914633
P0947,21,21,0.021102752979600802
P0948,13,13,0.02342545119346834
P0949,37,37,0.011573792136128231
P0950,8,8,0.036763531501624515
P0951,15,15,0.027107396259222236
P0952,17,17,0.009849632551087877
P0953,11,11,0.012678690422028314
P0954,14,14,0.013620636204370781
P0955,41,41,0.007089977466267611
P0956,17,17,0.022282721279414795
P0957,16,16,0.01049017795182822
P0958,11,11,0.02602500125494249
P0959,11,11,0.011153396822143365
P0960,17,17,0.016098220011597338
P0961,17,17,0.04570949085634576
P0962,16,16,0.05526285552855227
P0963,13,13,0.025455022249570036
P0964,39,39,0.006901188469581331
P0965,30,30,0.02492998598822047
P0966,46,46,0.04884204218227763
P0967,9,9,0.048333835404936173
P0968,14,14,0.006237293666746297
P0969,21,21,0.01238543486885861
P0970,18,18,0.011816118181890089
P0971,29,29,0.017500262008173385
P0972,9,9,0.016773889927276426
P0973,29,29,0.08176024176144087
P0974,16,16,0.014442894381475417
P0975,23,23,0.03642358068851429
P0976,24,24,0.009443543767587218
P0977,19,19,0.02179547961299706
P0978,28,28,0.009097490312070498
P0979,14,14,0.01273499738706278
P0980,15,15,0.014514507806738092
P0981,17,17,0.019961334194106905
P0982,19,19,0.011799387235812553
P0983,9,9,0.03712076225265686
P0984,12,12,0.021335166279852963
P0985,17,17,0.03685684783508667
P0986,20,20,0.06765061339383215
P0987,22,22,0.02070251740994214
P0988,12,12,0.04439256708677489
P0989,21,21,0.04070940433778505
P0990,17,17,0.011779732166359387
P0991,11,11,0.01220238976617244
P0992,11,11,0.011622458559181564
P0993,17,17,0.01174644201252574
P0994,28,28,0.010959635434633054
P0995,35,35,0.06597953182897306
P0996,10,10,0.05595975648855941
P0997,28,28,0.017892107500318735
P0998,17,17,0.014653652249392678
P0999,36,36,0.06654461390826481
P1000,15,15,0.017175852534894915
P1001,38,38,0.027291242662101922
P1002,33,33,0.010205016953519984
P1003,20,20,0.010968113246631585
P1004,15,15,0.02634335002605737
P1005,16,16,0.008905803344086406
P1006,18,18,0.028234805633122344
P1007,33,33,0.02881987921122765
P1008,39,39,0.01069292442706088
P1009,50,50,0.01299191313695836
P1010,27,27,0.028532029447899246
P1011,16,16,0.035424502940631694
P1012,25,25,0.023050311633914244
P1013,13,13,0.1523653315678749
P1014,25,25,0.1071386040426541
P1015,40,40,0.011752815657521617
P1016,11,11,0.042743600899317113
P1017,19,19,0.027764026747667196
P1018,14,14,0.02198693795149873
P1019,21,21,0.016824140435075047
P1020,9,9,0.03771251811834044
P1021,31,31,0.016550017787338733
P1022,41,41,0.047807816137873806
P1023,44,44,0.03908728420440669
P1024,14,14,0.4195462338872116
P1025,17,17,0.04114527156837985
P1026,10,10,0.03344413137543704
P1027,17,17,0.038829347637272985
P1028,29,29,0.028291742820994264
P1029,14,14,0.03251781972494274
P1030,36,36,0.017974048922900936
P1031,18,18,0.022351585575296245
P1032,33,33,0.0327713980085327
P1033,45,45,0.00962181101657469
P1034,64,64,0.011010625524376889
P1035,13,13,0.01875759537860035
P1036,37,37,0.01799729441811767
P1037,35,35,0.08518675953442373
P1038,37,37,0.03091351925620046
P1039,12,12,0.19209298259702925
P1040,16,16,0.20038619778594466
P1041,35,35,0.011505003040127878
P1042,46,46,0.01624835637653663
P1043,43,43,0.005438697738159498
P1044,17,17,0.024993363808587295
P1045,27,27,0.012370311367447808
P1046,40,40,0.02045169002514389
P1047,19,19,0.01958236790217758
P1048,13,13,0.03759309257218267
P1049,11,11,0.018991207104689305
P1050,48,48,0.013628636378053864
P1051,9,9,0.06673992489569135
P1052,17,17,0.05584044966662884
P1053,19,19,0.04473458707931525
P1054,17,17,0.017417645741641053
P1055,45,45,0.011294128996228859
P1056,24,24,0.0691954150233205
P1057,49,49,0.05893647572353913
P1058,19,19,0.008722774753083692
P1059,11,11,0.06055731426621609
P1060,24,24,0.0273389544805475
P1061,10,10,0.050161776646060724
P1062,36,36,0.022605261067701485
P1063,23,23,0.01487495900055636
P1064,18,18,0.022525902515498523
P1065,27,27,0.02958714911061676
P1066,15,15,0.03510761896576182
P1067,20,20,0.06478070563232026
P1068,42,42,0.016893665082376306
P1069,27,27,0.10069823015885157
P1070,9,9,0.021755693312638845
P1071,27,27,0.015202509810437203
P1072,19,19,0.012244644433032541
P1073,14,14,0.00992136558459964
P1074,16,16,0.027191763605772273
P1075,15,15,0.020669267226726434
P1076,39,39,0.005404599643939722
P1077,17,17,0.02735596486148298
P1078,21,21,0.10124311316767204
P1079,24,24,0.010078700897879416
P1080,18,18,0.008097798828546394
P1081,16,16,0.030192477054270413
P1082,15,15,0.02697720922802695
P1083,11,11,0.02673458051236478
P1084,33,33,0.02891143172639174
P1085,15,15,0.03732296479463649
P1086,14,14,0.005502934296992516
P1087,27,27,0.02716713945949389
P1088,25,25,0.006534585413821028
P1089,18,18,0.017543472854196742
P1090,25,25,0.011987420761509044
P1091,23,23,0.17516320908588837
P1092,10,10,0.013996238175041798
P1093,16,16,0.01435711609919924
P1094,42,42,0.030481209781297206
P1095,11,11,0.029285634264647427
P1096,15,15,0.06816498756778656
P1097,12,12,0.027635515524873436
P1098,26,26,0.010114047432211426
P1099,32,32,0.012045272934538803
P1100,16,16,0.02427606831269853
P1101,15,15,0.014332034830816983
P1102,11,11,0.02231560834073122
P1103,16,16,0.03213411186583546
P1104,15,15,0.05715598985864304
P1105,13,13,0.009239474429114092
P1106,12,12,0.015088877579498807
P1107,29,29,0.07441571155300959
P1108,41,41,0.019642938315433817
P1109,61,61,0.012077305652500153
P1110,49,49,0.04312586890987474
P1111,26,26,0.008610795305513893
P1112,14,14,0.055494047323362244
P1113,51,51,0.009167042764592062
P1114,27,27,0.007774547592165027
P1115,39,39,0.0035380651313084927
P1116,19,19,0.03984369065571548
P1117,32,32,0.04300261984690723
P1118,16,16,0.09753409388012428
P1119,14,14,0.05687614007385888
P1120,15,15,0.01830508953111145
P1121,19,19,0.04344845836983433
P1122,15,15,0.008214090766303708
P1123,18,18,0.049093777657593825
P1124,43,43,0.024964976045558713
P1125,35,35,0.009575866978819111
P1126,34,34,0.033801636424104865
P1127,37,37,0.057436508743420885
P1128,11,11,0.27101236142416074
P1129,15,15,0.007776928575076432
P1130,16,16,0.08149218689838535
P1131,17,17,0.05794932078750988
P1132,17,17,0.020088623926542544
P1133,13,13,0.018220486567474117
P1134,17,17,0.1995766541190046
P1135,17,17,0.052681640755550166
P1136,32,32,0.031505281813179374
P1137,45,45,0.13821288649891508
P1138,36,36,0.041007040854112185
P1139,30,30,0.0085476812610662
P1140,20,20,0.01781673749672485
P1141,47,47,0.051932701916497126
P1142,15,15,0.020745447663285694
P1143,39,39,0.024525504372554983
P1144,23,23,0.03474836475863203
P1145,35,35,0.017899598801022383
P1146,37,37,0.01602318329476026
P1147,15,15,0.028201844813564636
P1148,34,34,0.03262529939002974
P1149,21,21,0.03458589772040259
P1150,35,35,0.0385622857199239
P1151,9,9,0.024389861436456
P1152,26,26,0.009622617118325587
P1153,16,16,0.11455380117507726
P1154,16,16,0.07290482611601574
P1155,49,49,0.005116576518671616
P1156,17,17,0.02015471289693855
P1157,15,15,0.021326299128146438
P1158,29,29,0.07431344129406943
P1159,24,24,0.005003161700980258
P1160,17,17,0.010833379069673058
P1161,40,40,0.006027444332223163
P1162,38,38,0.004431831604286037
P1163,18,18,0.02458815290724948
P1164,46,46,0.007161400557614414
P1165,19,19,0.023564761033233017
P1166,11,11,0.058169654598181554
P1167,15,15,0.1328145834831327
P1168,19,19,0.018303725734903655
P1169,38,38,0.028434836127731507
P1170,11,11,0.016066685213856444
P1171,10,10,0.021888510247261222
P1172,30,30,0.01823758059675885
P1173,11,11,0.03156110535536344
P1174,44,44,0.01178881713982213
P1175,46,46,0.02351650020388533
P1176,26,26,0.03066953852271338
P1177,17,17,0.039848634558953606
P1178,16,16,0.06637412562636028
P1179,38,38,0.011255804272321694
P1180,50,50,0.01748296437680271
P1181,14,14,0.1345968168779762
P1182,60,60,0.05416996175429025
P1183,38,38,0.06494631502501405
P1184,14,14,0.031432319717507214
P1185,14,14,0.043606834202699646
P1186,47,47,0.0137059665132766
P1187,31,31,0.02989767731690446
P1188,13,13,0.18190930564053828
P1189,26,26,0.02653493627453012
P1190,10,10,0.014966733560753802
P1191,25,25,0.2361706801007845
P1192,22,22,0.03101566573717195
P1193,21,21,0.005648975373728606
P1194,12,12,0.009420089132617855
P1195,54,54,0.005377416042079128
P1196,14,14,0.03210615348054208
P1197,32,32,0.023197363227303352
P1198,13,13,0.03469944966561764
P1199,19,19,0.020753343925363394
P1200,41,41,0.019921060746213016
P1201,35,35,0.022445602958236475
P1202,14,14,0.03603850778762828
P1203,13,13,0.03208537179797764
P1204,9,9,0.10912894976735711
P1205,11,11,0.1048323867314883
P1206,18,18,0.05200278207784979
P1207,47,47,0.02127353102209024
P1208,22,22,0.024980384069821632
P1209,32,32,0.09454366786867316
P1210,36,36,0.025316513781180116
P1211,17,17,0.04012005163290556
P1212,17,17,0.08959528033915196
P1213,31,31,0.07031478470060216
P1214,23,23,0.008177099015269616
P1215,25,25,0.022895844941915114
P1216,16,16,0.039300935441019536
P1217,15,15,0.04619205577740656
P1218,45,45,0.009038781005614269
P1219,33,33,0.016956768601094623
P1220,13,13,0.3964692114513688
P1221,44,44,0.018805685229662947
P1222,35,35,0.011504916408486523
P1223,38,38,0.1299223068202703
P1224,16,16,0.10894109956400504
P1225,27,27,0.07485307181986402
P1226,68,68,0.00801068226042189
P1227,50,50,0.051752427573843955
P1228,12,12,0.14457383147068512
P1229,45,45,0.025456217362353088
P1230,19,19,0.04233550017321278
P1231,28,28,0.017108437188651553
P1232,12,12,0.022397868878463695
P1233,8,8,0.06729522246189006
P1234,46,46,0.017965492900962422
P1235,18,18,0.05437334301720934
P1236,20,20,0.01695853013659071
P1237,42,42,0.007528286484259809
P1238,35,35,0.02851007085831472
P1239,34,34,0.011811015372049921
P1240,31,31,0.04069420574608998
P1241,36,36,0.020470384625587493
P1242,13,13,0.03657388795852184
P1243,44,44,0.06457105865178418
P1244,24,24,0.027849768570943043
P1245,16,16,0.05535628250509561
P1246,46,46,0.04959428696509496
P1247,15,15,0.028295248022381377
P1248,16,16,0.024575804018267696
P1249,33,33,0.07772971653891522
P1250,13,13,0.030726773354051592
P1251,15,15,0.11184582708055171
P1252,17,17,0.0775939718120485
P1253,20,20,0.012288264523466845
P1254,41,41,0.025832375000998845
P1255,32,32,0.09978374110746464
P1256,44,44,0.014042007507136207
P1257,22,22,0.0545515367398867
P1258,14,14,0.08259918462099422
P1259,26,26,0.018851582945635367
P1260,19,19,0.01900905230737531
P1261,27,27,0.05259123014446013
P1262,29,29,0.03984761279271658
P1263,36,36,0.015275188796643949
P1264,11,11,0.026945119792368778
P1265,27,27,0.012181897630617656
P1266,31,31,0.047926144672793304
P1267,48,48,0.05569641556876443
P1268,15,15,0.016722770526914843
P1269,43,43,0.014820740163105075
P1270,51,51,0.009115776159478218
P1271,35,35,0.023404626114512495
P1272,32,32,0.03077340471299177
P1273,27,27,0.11971166300957241
P1274,27,27,0.051933374892940566
P1275,39,39,0.009810209754905468
P1276,42,42,0.007786514199575278
P1277,13,13,0.013325498424876328
P1278,37,37,0.02962493209298496
P1279,19,19,0.03528262440632882
P1280,34,34,0.04613997519996153
P1281,47,47,0.007737775637284468
P1282,17,17,0.023269701248062963
P1283,29,29,0.018039245413229425
P1284,27,27,0.013032222026753833
P1285,17,17,0.07717063913829098
P1286,42,42,0.040026111173583456
P1287,15,15,0.017950139591402882
P1288,19,19,0.020356130050532394
P1289,23,23,0.07937645121166018
P1290,10,10,0.059906351945412856
P1291,30,30,0.05218239142926699
P1292,42,42,0.019210633953286683
P1293,49,49,0.004568109027575498
P1294,26,26,0.0343604011446523
P1295,51,51,0.009044286414288968
P1296,15,15,0.06363375468500677
P1297,12,12,0.072515075085681
P1298,38,38,0.058556091494869116
P1299,15,15,0.04242043764543192
P1300,43,43,0.006574880797965057
P1301,18,18,0.038333503991123695
P1302,32,32,0.03487200845506107
P1303,36,36,0.004561302728543813
P1304,48,48,0.01728034086436016
P1305,24,24,0.04664150334534107
P1306,21,21,0.019661124142209545
P1307,26,26,0.05132619564302461
P1308,30,30,0.006876996862923327
P1309,40,40,0.06101841386431254
P1310,17,17,0.054895887483162695
P1311,51,51,0.006761723194374416
P1312,24,24,0.014384848513788994
P1313,13,13,0.0389717836240101
P1314,45,45,0.01581582062885278
P1315,14,14,0.023100792713697502
P1316,43,43,0.0118185760632908
P1317,26,26,0.021721322152165566
P1318,33,33,0.033416923472548966
P1319,26,26,0.04026096618053212
P1320,44,44,0.044179204705359174
P1321,44,44,0.04527029785808506
P1322,28,28,0.006867345065332635
P1323,21,21,0.027068061916342916
P1324,40,40,0.00975613102714894
P1325,19,19,0.05090984240804025
P1326,32,32,0.028793828674906322
P1327,11,11,0.042674468173480105
P1328,48,48,0.006588492225835818
P1329,42,42,0.013044639197799902
P1330,31,31,0.0219379688683327
P1331,19,19,0.00285146020288279
P1332,32,32,0.16343123782869948
P1333,41,41,0.011406303453647541
P1334,36,36,0.006997193739419113
P1335,15,15,0.10540511447249064
P1336,44,44,0.009931943912049336
P1337,43,43,0.0060504005748622984
P1338,21,21,0.025560830985005226
P1339,50,50,0.029256519807290483
P1340,42,42,0.04534544280766089
P1341,48,48,0.01187251859630842
P1342,31,31,0.02676065545749198
P1343,14,14,0.024518884689469223
P1344,25,25,0.01492857474378066
P1345,33,33,0.07726233339264221
P1346,30,30,0.035385470467496655
P1347,24,24,0.02421348846680848
P1348,37,37,0.03758208761365163
P1349,15,15,0.11205766330518822
P1350,42,42,0.018729574864675837
P1351,47,47,0.013358452055186102
P1352,38,38,0.03527363031767916
P1353,48,48,0.005678358340173109
P1354,27,27,0.026319847780601216
P1355,72,72,0.02701187585316547
P1356,12,12,0.027766018800074403
P1357,20,20,0.04008993702164597
P1358,50,50,0.029452350401452488
P1359,22,22,0.050197909249706824
P1360,56,56,0.015583152520504311
P1361,18,18,0.030523993422100052
P1362,45,45,0.016561524524600083
P1363,27,27,0.03641427109794038
P1364,21,21,0.11751466421821052
P1365,48,48,0.03328847891887654
P1366,42,42,0.015412073169057027
P1367,47,47,0.01208945494613488
P1368,50,50,0.00851621141455994
P1369,12,12,0.03967508107042332
P1370,46,46,0.01749435206970494
P1371,58,58,0.04774835875086114
P1372,23,23,0.07635065277645085
P1373,26,26,0.01986020952707976
P1374,44,44,0.016709379636314938
P1375,43,43,0.01173831910894024
P1376,33,33,0.05605324476792622
P1377,49,49,0.015918416187792023
P1378,43,43,0.026575503926504748
P1379,13,13,0.039226447273348064
P1380,18,18,0.027853307704642238
P1381,20,20,0.012156739949253745
P1382,62,62,0.025683120737682957
P1383,45,45,0.051181244263084236
P1384,38,38,0.05179922910632
P1385,30,30,0.11899865006969707
P1386,26,26,0.03939729703140715
P1387,32,32,0.12196234954313401
P1388,32,32,0.04123145395780619
P1389,28,28,0.01925673555926172
P1390,53,53,0.06148755081875892
P1391,47,47,0.02603312614870316
P1392,39,39,0.033004821660104273
P1393,48,48,0.009756096743591057
P1394,28,28,0.10089654095434535
P1395,15,15,0.03030794777593288
P1396,54,54,0.02830411124263567
P1397,45,45,0.021104272333265763
P1398,36,36,0.16205308406160013
P1399,53,53,0.012386258153284934
P1400,54,54,0.013699279449317281
P1401,28,28,0.029699458972626262
P1402,52,52,0.034273910175631236
P1403,29,29,0.0576116758107965
P1404,45,45,0.01389552196228134
P1405,35,35,0.03202836709434047
P1406,58,58,0.07196011434873219
P1407,47,47,0.04024983118676268
P1408,41,41,0.034866528011169545
P1409,45,45,0.03125222149802884
P1410,21,21,0.008749537644621625
P1411,26,26,0.028266129326664273
P1412,39,39,0.01954186407949406
P1413,34,34,0.04081713620440792
P1414,50,50,0.013007909616285354
P1415,30,30,0.008790280031809842
P1416,39,39,0.05699291992453256
P1417,15,15,0.04401540306162447
P1418,64,64,0.02483027982715256
P1419,34,34,0.09775336930038867
P1420,59,59,0.05200621839841245
P1421,43,43,0.03668248953367353
P1422,19,19,0.060098810413694574
P1423,37,37,0.1191990329980962
P1424,44,44,0.16906295506769195
P1425,47,47,0.019163526182802003
P1426,54,54,0.01729902823774852
P1427,49,49,0.04826382637375271
P1428,53,53,0.048985839288235244
P1429,34,34,0.05094933166040805
P1430,34,34,0.05181427379363312
P1431,33,33,0.02183784568528993
P1432,34,34,0.025351746191684725
P1433,39,39,0.05536294488497994
P1434,54,54,0.02392716851980464
P1435,26,26,0.050142774180272826
P1436,42,42,0.025713312856885245
P1437,25,25,0.012892669781892891
P1438,49,49,0.007806318616106187
P1439,46,46,0.007087706607426777
P1440,46,46,0.011249810413364621
P1441,40,40,0.03608137238972519
P1442,53,53,0.020459950995661755
P1443,35,35,0.0321229097568531
P1444,26,26,0.017523607120769398
P1445,39,39,0.03928508875794754
P1446,51,51,0.019142305852073417
P1447,61,61,0.013427382209888403
P1448,45,45,0.01929105195853671
P1449,43,43,0.006661392607519864
P1450,19,19,0.01839582297589913
P1451,41,41,0.037526063030365944
P1452,39,39,0.13244607814311637
P1453,61,61,0.036794044775918855
P1454,31,31,0.01744384068061552
P1455,25,25,0.025918590438554497
P1456,31,31,0.033415308863954975
P1457,21,21,0.007917510913760424
P1458,31,31,0.019622015464369126
P1459,48,48,0.036399157112973334
P1460,33,33,0.06923566069486387
P1461,44,44,0.02190126905386654
P1462,50,50,0.027231777394994345
P1463,48,48,0.020581571605690723
P1464,61,61,0.016916952492332212
P1465,20,20,0.0514412970258679
P1466,44,44,0.021595349929052685
P1467,28,28,0.048281195805056396
P1468,45,45,0.004077401980489078
P1469,29,29,0.03860250898344434
P1470,42,42,0.020533423590956144
P1471,29,29,0.006111385425459228
P1472,31,31,0.012401487039508068
P1473,29,29,0.008698120787007711
P1474,24,24,0.011680055272788545
P1475,31,31,0.018367995762026575
P1476,42,42,0.07574210892933053
P1477,38,38,0.008586833551025918
P1478,31,31,0.07122880192837472
P1479,34,34,0.03031379995485158
P1480,61,61,0.019969570550417166
P1481,28,28,0.07379551477795887
P1482,47,47,0.011921183278649654
P1483,38,38,0.01326862698938783
P1484,32,32,0.022071384547555438
P1485,34,34,0.024812877988073412
P1486,61,61,0.05631525546436009
P1487,27,27,0.012331784409247171
P1488,48,48,0.006140368024362615
P1489,33,33,0.015715839211602592
P1490,43,43,0.014602907534439595
P1491,20,20,0.01613561369680228
P1492,25,25,0.030165789723033323
P1493,36,36,0.04911409336052093
P1494,26,26,0.12390816108077359
P1495,34,34,0.12054986990586958
P1496,43,43,0.004756389928183729
P1497,51,51,0.029329945929209237
P1498,25,25,0.01723058555009945
P1499,47,47,0.04314781925308122
P1500,52,52,0.017369339643233988
P1501,31,31,0.031471690306210144
P1502,42,42,0.024080262625444885
P1503,33,33,0.11408855795021261
P1504,29,29,0.019262119731035348
P1505,41,41,0.011298434278227684
P1506,41,41,0.00976014828425095
P1507,38,38,0.045986790579745696
P1508,33,33,0.018394717445009427
P1509,52,52,0.02902941575722824
P1510,55,55,0.014053002169479181
P1511,33,33,0.03611982638692134
P1512,41,41,0.012972882551547547
P1513,18,18,0.011807462179160557
P1514,43,43,0.05220846811602964
P1515,21,21,0.013921458898889719
P1516,33,33,0.05187683794523804
P1517,29,29,0.006660659214121377
P1518,19,19,0.046734937023054944
P1519,21,21,0.02046502014159026
P1520,40,40,0.051079652710055594
P1521,46,46,0.020594526883973167
P1522,28,28,0.00868545015044289
P1523,26,26,0.018216200047082284
P1524,56,56,0.015765457618657507
P1525,55,55,0.021102805482305666
P1526,26,26,0.0199497837562677
P1527,63,63,0.01817043140808906
P1528,34,34,0.026358601594740357
P1529,31,31,0.039438729806319024
P1530,18,18,0.04888697688077927
P1531,40,40,0.015901730489460343
P1532,63,63,0.04997381723949725
P1533,37,37,0.07222349670188828
P1534,49,49,0.011032848611859204
P1535,42,42,0.03335512493612703
P1536,52,52,0.01315464576200408
P1537,29,29,0.014501264751506949
P1538,39,39,0.01383751845836242
P1539,56,56,0.009532633697211428
P1540,21,21,0.021629389996442223
P1541,51,51,0.011756143663634797
P1542,67,67,0.028031243484811966
P1543,60,60,0.05187503967359525
P1544,56,56,0.018439928816382206
P1545,77,77,0.025461028102619247
P1546,60,60,0.02130137011019594
P1547,32,32,0.02696628513270293
P1548,49,49,0.013022365160797475
P1549,33,33,0.02520674355354142
P1550,52,52,0.021561361579878705
P1551,26,26,0.021487749445344446
P1552,42,42,0.1187086547718655
P1553,41,41,0.018249562692149283
P1554,46,46,0.06852268657102979
P1555,19,19,0.012322709884014505
P1556,32,32,0.04277509960128405
P1557,54,54,0.005073271646798346
P1558,53,53,0.0733033332281219
P1559,53,53,0.012405484265031741
P1560,44,44,0.027120310626209936
P1561,40,40,0.020545739373176865
P1562,48,48,0.007297767428523339
P1563,56,56,0.009597207785737968
P1564,49,49,0.017354518890210783
P1565,27,27,0.015697316397039383
P1566,33,33,0.055911161566513976
P1567,41,41,0.015600344531930084
P1568,56,56,0.027055006330723653
P1569,48,48,0.014810456328106153
P1570,17,17,0.032046991378483915
P1571,41,41,0.030022282431043965
P1572,41,41,0.016469926007630517
P1573,40,40,0.03527655769792332
P1574,55,55,0.016617510189975614
P1575,44,44,0.0607030083216842
P1576,34,34,0.011160771973883165
P1577,74,74,0.022698258129991072
P1578,58,58,0.025649171438612228
P1579,23,23,0.019351685033781527
P1580,46,46,0.015940991884111994
P1581,37,37,0.021308953151374873
P1582,48,48,0.022643734517806796
P1583,58,58,0.013443198690990754
P1584,57,57,0.059575528595218016
P1585,55,55,0.02583245308134965
P1586,45,45,0.015858138375561177
P1587,43,43,0.05367512631346972
P1588,15,15,0.008551274763655102
P1589,34,34,0.017297131994343597
P1590,47,47,0.021283719872467126
P1591,57,57,0.0135524181630914
P1592,36,36,0.03449060287891161
P1593,32,32,0.01161361146411908
P1594,51,51,0.01598526495111902
P1595,37,37,0.044937960621821885
P1596,20,20,0.055955544822673904
P1597,46,46,0.03154866913297179
P1598,40,40,0.029638599723198412
P1599,49,49,0.019878846988868572
P1600,29,29,0.028280084871758825
P1601,55,55,0.10750490917969342
P1602,43,43,0.041893484794405064
P1603,36,36,0.047593286353411444
P1604,51,51,0.00954001881191084
P1605,72,72,0.023643044661241314
P1606,44,44,0.02757580453820211
P1607,54,54,0.00849591745875112
P1608,29,29,0.015227609749272121
P1609,62,62,0.02047281009719208
P1610,25,25,0.037863429614963126
P1611,47,47,0.04371552597257931
P1612,42,42,0.019189321871421885
P1613,21,21,0.03682795691562391
P1614,51,51,0.020302748499417975
P1615,23,23,0.014769523191330028
P1616,39,39,0.01686052465721572
P1617,60,60,0.007350546745624257
P1618,45,45,0.01928334352559953
P1619,39,39,0.022521389403994407
P1620,42,42,0.0054282741756489445
P1621,51,51,0.01703999972048016
P1622,59,59,0.01602882833698077
P1623,61,61,0.007465317699115846
P1624,54,54,0.00821343427594219
P1625,34,34,0.011713125992176273
P1626,27,27,0.021029410769762433
P1627,51,51,0.01535504883779762
P1628,18,18,0.020482556147458694
P1629,39,39,0.029862006156833185
P1630,59,59,0.02746691151695877
P1631,61,61,0.013174995748034457
P1632,55,55,0.023749597197493266
P1633,19,19,0.024001866726197738
P1634,64,64,0.02643804755752129
P1635,23,23,0.05116470584640749
P1636,47,47,0.015315133557178838
P1637,23,23,0.012892494563422344
P1638,67,67,0.03798358603667988
P1639,51,51,0.03452599008543818
P1640,55,55,0.025598596517862168
P1641,48,48,0.025723709787875842
P1642,21,21,0.03263839728087289
P1643,26,26,0.015465569846917767
P1644,62,62,0.015369425001614484
P1645,35,35,0.05745114467405428
P1646,60,60,0.014816460247257503
P1647,18,18,0.03787212703521839
P1648,52,52,0.011093980217396014
P1649,59,59,0.010605704391979028
P1650,40,40,0.010644252143574885
P1651,39,39,0.029864158141672186
P1652,59,59,0.014875839769580717
P1653,41,41,0.013277557321144717
P1654,45,45,0.01788080727935697
P1655,28,28,0.012398489947842454
P1656,68,68,0.015263043132105974
P1657,34,34,0.0231668474606851
P1658,41,41,0.01742939482383862
P1659,59,59,0.007119956495150433
P1660,64,64,0.04889894461009646
P1661,45,45,0.027439908463251575
P1662,43,43,0.020822813147512574
P1663,63,63,0.014719162866674658
P1664,62,62,0.019420714893767434
P1665,20,20,0.03579094959788472
P1666,69,69,0.018982475036816743
P1667,19,19,0.02231773352378921
P1668,62,62,0.008571205044556707
P1669,57,57,0.019530282441477618
P1670,20,20,0.03596032888018072
P1671,7,7,0.1804888284502483
P1672,12,12,0.23195080438210486
P1673,6,6,0.22955118923873064
P1674,12,12,0.0680186674095105
P1675,11,11,0.04551327853233366
P1676,8,8,0.16582033961903245
P1677,10,10,0.028563402320340183
P1678,8,8,0.46422263307645995
P1679,7,7,0.2793975007553882
P1680,9,9,0.06794186677377434
P1681,8,8,0.020881314971625927
P1682,8,8,0.10841236037147899
P1683,14,14,0.02894838181614459
P1684,15,15,0.04859712935135838
P1685,8,8,0.11458008804019056
P1686,6,6,0.6012260828384868
P1687,11,11,0.03827105987265364
P1688,13,13,0.07025596117350913
P1689,12,12,0.06620533407667739
P1690,10,10,0.04811318585794692
P1691,9,9,0.11383808148721224
P1692,12,12,0.1634598478463508
P1693,14,14,1.4206238007651095
P1694,16,16,0.1586115868320212
P1695,17,17,0.03944973734224164
P1696,12,12,0.0243412058885275
P1697,16,16,0.05926051407188768
P1698,16,16,0.03102819072953158
P1699,14,14,0.10666877069823483
P1700,25,25,0.04207980582756241
D0000,32,32,0.03191668102722048
D0001,18,18,0.015815425521847906
D0002,50,50,0.01521081996584795
D0003,27,27,0.02671635512048155
D0004,20,20,0.05800166794999638
D0005,35,35,0.025824620341585416
D0006,43,43,0.035941658199336035
D0007,45,45,0.00857126913676812
D0008,30,30,0.012176412138548936
D0009,16,16,0.016781697967277236
D0010,16,16,0.027949280201930885
D0011,53,53,0.017413255308094375
D0012,17,17,0.027209417975878596
D0013,60,60,0.0040097020146698005
D0014,17,17,0.05361374724650228
D0015,27,27,0.03946042815949805
D0016,122,122,0.007314922009191595
D0017,5,5,0.047312921019945206
D0018,28,28,0.01231303590429188
D0019,79,79,0.02189578037398263
D0020,130,130,0.005303174533581066
D0021,22,22,0.01772653659499664
D0022,31,31,0.006085398883517406
D0023,33,33,0.010424200672620341
D0024,19,19,0.020882575119942497
D0025,29,29,0.02410882998251261
D0026,16,16,0.01601530857855907
D0027,6,6,0.05634279308666476
D0028,68,68,0.007288856945523816
D0029,27,27,0.08141145337741518
D0030,45,45,0.008321263728791845
D0031,29,29,0.03483833489170342
D0032,24,24,0.01969509407884548
D0033,37,37,0.01385644854873513
D0034,22,22,0.04112768067261405
D0035,36,36,0.01916008471416295
D0036,33,33,0.014724482946314298
D0037,28,28,0.02870230357563604
D0038,24,24,0.027941062456618943
D0039,16,16,0.10847997380002689
D0040,65,65,0.011486862964297262
D0041,24,24,0.02631652698599404
D0042,16,16,0.020133083469356567
D0043,24,24,0.01340278550988029
D0044,56,56,0.010201251486408786
D0045,59,59,0.02699253823583647
D0046,19,19,0.024945295300346945
D0047,32,32,0.054199288474682895
D0048,44,44,0.011814219342607173
D0049,57,57,0.007890185492659943
D0050,22,22,0.0444221252914458
D0051,25,25,0.09647931787243998
D0052,24,24,0.03232609692626714
D0053,28,28,0.01680175055078518
D0054,62,62,0.024150925521262686
D0055,23,23,0.017732933948141016
D0056,148,148,0.003930986188757937
D0057,10,10,0.059417349751749
D0058,28,28,0.06787115875359272
D0059,37,37,0.04887905808701811
D0060,24,24,0.03969949339887436
D0061,20,20,0.019545298765302845
D0062,30,30,0.007780381958354093
D0063,23,23,0.024027934954780773
D0064,24,24,0.023356516918088682
D0065,59,59,0.010019241692506108
D0066,31,31,0.01858550174408597
D0067,27,27,0.02833506748927665
D0068,21,21,0.0032126653776371203
D0069,14,14,0.017957472661817138
D0070,83,83,0.0035843344221800585
D0071,23,23,0.015855759220848267
D0072,30,30,0.019843140246959202
D0073,17,17,0.041778219400130726
D0074,106,106,0.0055037083214664086
D0075,93,93,0.0022169131546081835
D0076,30,30,0.017774029714691855
D0077,32,32,0.011413264366206054
D0078,22,22,0.05085642902589987
D0079,20,20,0.023294759835324044
D0080,36,36,0.026578775065521597
D0081,96,96,0.02089915743822551
D0082,24,24,0.057607121744474
D0083,5,5,0.10102588726464204
D0084,30,30,0.0258738839040707
D0085,24,24,0.047241322115034866
D0086,34,34,0.019404119328506095
D0087,29,29,0.04419742161195856
D0088,20,20,0.005967859625328642
D0089,38,38,0.018353873107798388
D0090,52,52,0.003635053244490114
D0091,55,55,0.006108624751293625
D0092,34,34,0.016688268875073745
D0093,20,20,0.01937778968871463
D0094,32,32,0.010965665405273932
D0095,15,15,0.02023521864889744
D0096,36,36,0.14838535363102592
D0097,13,13,0.020730508710575777
D0098,53,53,0.03293870290317636
D0099,37,37,0.014907348224116648
D0100,19,19,0.017195730120432337
D0101,16,16,0.012563460312601828
D0102,19,19,0.016438027554581746
D0103,8,8,0.008640657162222409
D0104,39,39,0.09234135653614665
D0105,32,32,0.055033276834256226
D0106,83,83,0.00792112868072203
D0107,28,28,0.04048144182503215
D0108,27,27,0.028593152759633138
D0109,19,19,0.033426784216172185
D0110,23,23,0.017679316408635154
D0111,25,25,0.01617878070380595
D0112,18,18,0.04255217496149075
D0113,26,26,0.007190097647224053
D0114,32,32,0.024114176290610544
D0115,32,32,0.025900251448206714
D0116,33,33,0.04552252677101981
D0117,26,26,0.03644675643303557
D0118,23,23,0.026442385321332567
D0119,28,28,0.02861937260444354
D0120,7,7,0.0347483206939018
D0121,24,24,0.04032093445221276
D0122,123,123,0.0038502331580723107
D0123,20,20,0.10579359715379497
D0124,46,46,0.03407156827110803
D0125,16,16,0.0828285832991731
D0126,21,21,0.03115007080063205
D0127,60,60,0.008210404861949338
D0128,30,30,0.0027387018757032153
D0129,20,20,0.01465973681259527
D0130,24,24,0.08724956946823516
D0131,31,31,0.03019835239347392
D0132,35,35,0.011086711249368112
D0133,35,35,0.014079588155085292
D0134,20,20,0.03967329051041027
D0135,28,28,0.014603668361836913
D0136,35,35,0.014756223449732842
D0137,23,23,0.09583807156026468
D0138,33,33,0.017878565612943712
D0139,20,20,0.018101158869209853
D0140,26,26,0.10019212684069216
D0141,26,26,0.03653718368454104
D0142,11,11,0.032063480243011845
D0143,16,16,0.014460453924150555
D0144,22,22,0.017663161577558498
D0145,34,34,0.05406156023270495
D0146,29,29,0.0710323426807085
D0147,21,21,0.036755898993421396
D0148,24,24,0.02066039910502207
D0149,24,24,0.01130822622544354
D0150,20,20,0.05567538982823253
D0151,36,36,0.016980894647111083
D0152,3,3,0.4299227149578684
D0153,13,13,0.008226359099531842
D0154,29,29,0.018157340097885277
D0155,33,33,0.028895892752427828
D0156,23,23,0.019504463723651076
D0157,19,19,0.03443204645695267
D0158,7,7,0.0061796902520262
D0159,36,36,0.016983637874391302
D0160,56,56,0.00887779033331856
D0161,81,81,0.015477036371079379
D0162,20,20,0.023009873824403514
D0163,28,28,0.021784696057223614
D0164,32,32,0.018757443056124416
D0165,24,24,0.01638224910148319
D0166,20,20,0.025844855819800845
D0167,68,68,0.004468019726239841
D0168,34,34,0.015137902800512878
D0169,27,27,0.02374172398088325
D0170,49,49,0.01219316714114766
D0171,36,36,0.011283968779123434
D0172,20,20,0.039240503315400375
D0173,23,23,0.017084532400163784
D0174,30,30,0.03178201238205214
D0175,28,28,0.027068855068204285
D0176,32,32,0.02853610933717565
D0177,29,29,0.06902837173824616
D0178,17,17,0.026798841238991206
D0179,54,54,0.03598268416609736
D0180,40,40,0.11321092544207795
D0181,23,23,0.08433566767734342
D0182,23,23,0.02943155048912217
D0183,33,33,0.016867881782268373
D0184,28,28,0.016578318621737285
D0185,24,24,0.02452586084904347
D0186,26,26,0.05982132617300982
D0187,51,51,0.015042713986917304
D0188,32,32,0.06179319968542173
D0189,44,44,0.03603754970635176
D0190,22,22,0.10777570292568561
D0191,39,39,0.004905527756716032
D0192,27,27,0.1487416094734113
D0193,30,30,0.0351652570651187
D0194,32,32,0.052161326501512645
D0195,31,31,0.008779730615333253
D0196,40,40,0.025973722667410777
D0197,19,19,0.025807049073057413
D0198,20,20,0.07867397244166555
D0199,44,44,0.03975433261547833
D0200,17,17,0.01351942704617354
D0201,25,25,0.012574773745299774
D0202,37,37,0.04282165685719924
D0203,41,41,0.004830649064825509
D0204,39,39,0.028676977847137297
D0205,31,31,0.43586078466724587
D0206,39,39,0.07926644126664414
D0207,39,39,0.01298324613435831
D0208,32,32,0.02640534775966177
D0209,40,40,0.05239024318883544
D0210,35,35,0.021814205118824252
D0211,40,40,0.002774936740811645
D0212,105,105,0.018200665844898774
D0213,78,78,0.008802513455575162
D0214,39,39,0.00902142953179398
D0215,77,77,0.0032337615199402817
D0216,32,32,0.19650580419908656
D0217,31,31,0.0514092562477139
D0218,20,20,0.011373315612407188
D0219,25,25,0.06226083957743056
D0220,45,45,0.033822197181529234
D0221,36,36,0.030030597766819857
D0222,39,39,0.014111118773704023
D0223,45,45,0.021145060213543287
D0224,103,103,0.00458018423305025
D0225,37,37,0.033229944977334384
D0226,39,39,0.05136723767186927
D0227,38,38,0.08703614766378302
D0228,36,36,0.011979865669063977
D0229,33,33,0.004661147209857455
D0230,47,47,0.009921084222670302
D0231,34,34,0.009878385990988866
D0232,43,43,0.014275261677716046
D0233,36,36,0.009243473008863667
D0234,38,38,0.04558146217947113
D0235,39,39,0.1297794888439081
D0236,41,41,0.01457944487226537
D0237,44,44,0.006502761975495402
D0238,43,43,0.03582031175540488
D0239,26,26,0.01864657313058623
D0240,40,40,0.006673669985238391
D0241,32,32,0.005268053480385024
D0242,19,19,0.06258561912275994
D0243,49,49,0.05622079582947825
D0244,35,35,0.0227947438411381
D0245,47,47,0.007181225198741783
D0246,43,43,0.01885740295774958
D0247,51,51,0.008012749715553274
D0248,54,54,0.04355192453912818
D0249,41,41,0.007031816845748041
D0250,32,32,0.01064048587142374
D0251,15,15,0.11136782762794213
D0252,44,44,0.041855369526455764
D0253,54,54,0.025795656739093953
D0254,44,44,0.06751496278036612
D0255,43,43,0.1263056853494945
D0256,47,47,0.06648208237574689
D0257,48,48,0.0276677427217242
D0258,34,34,0.08793161898789034
D0259,9,9,0.15631283967425744
D0260,47,47,0.008205780247050225
D0261,41,41,0.028194921090526164
D0262,14,14,0.04463948529756107
D0263,28,28,0.017548067544180534
D0264,36,36,0.07612633765346422
D0265,51,51,0.007909269356759296
D0266,17,17,0.011976718108463692
D0267,39,39,0.018287909605419973
D0268,12,12,0.01720467698881362
D0269,42,42,0.022758949201445552
D0270,45,45,0.020756639669598464
D0271,56,56,0.004789251069410932
D0272,52,52,0.015393675750258467
D0273,20,20,0.06668694251044754
D0274,40,40,0.028374580464419298
D0275,43,43,0.020600693385211567
D0276,24,24,0.02082260723796536
D0277,47,47,0.015633165670859414
D0278,39,39,0.013670553332225464
D0279,43,43,0.02075961376907138
D0280,37,37,0.012408532676387666
D0281,46,46,0.01243705084916993
D0282,45,45,0.059649561041966996
D0283,50,50,0.013325266742727692
D0284,19,19,0.07245511538258073
D0285,39,39,0.09709671882206942
D0286,28,28,0.008551823511679317
D0287,44,44,0.006872178734645221
D0288,54,54,0.010914962030734438
D0289,40,40,0.053152534823772496
D0290,44,44,0.00657471572162634
D0291,36,36,0.012051861559411039
D0292,39,39,0.03225418560083262
D0293,35,35,0.00843805038105377
D0294,24,24,0.06308885864008816
D0295,49,49,0.020600358789859066
D0296,55,55,0.02197883705468142
D0297,32,32,0.010377716416551963
D0298,48,48,0.026538714624553057
D0299,43,43,0.01679167944609987
D0300,44,44,0.010057774416780685
D0301,39,39,0.013831985833832865
D0302,53,53,0.041485518394091994
D0303,42,42,0.017072194719907004
D0304,56,56,0.016181149430202966
D0305,47,47,0.00993179853317025
D0306,25,25,0.01407824106031646
D0307,46,46,0.018434602034783375
D0308,16,16,0.024669832116686916
D0309,24,24,0.07369939846669514
D0310,44,44,0.018998249373911123
D0311,36,36,0.03301419997287125
D0312,44,44,0.015320531486191483
D0313,52,52,0.016723328611735484
D0314,44,44,0.0035257044344476204
D0315,42,42,0.014549789255815099
D0316,23,23,0.030756723908460765
D0317,44,44,0.017717842085700656
D0318,23,23,0.006743214906148885
D0319,49,49,0.008667013694522491
D0320,36,36,0.008650463128466682
D0321,48,48,0.04460563700010609
D0322,21,21,0.01526648211696678
D0323,41,41,0.022979184277688972
D0324,58,58,0.008812107895137207
D0325,53,53,0.03969515960038036
D0326,14,14,0.013414306748365974
D0327,42,42,0.0071530776964976025
D0328,34,34,0.2158735669125895
D0329,32,32,0.03806885001807939
D0330,47,47,0.007040523602152913
D0331,32,32,0.020638168510447967
D0332,59,59,0.19430634336361263
D0333,17,17,0.028817643563216075
D0334,41,41,0.04296916012878127
D0335,32,32,0.012967988958483157
D0336,39,39,0.02749683612354194
D0337,45,45,0.005584529264308725
D0338,46,46,0.18386524553699246
D0339,50,50,0.018765414421695572
D0340,35,35,0.03362826193321647
D0341,44,44,0.008140648904652914
D0342,33,33,0.012407777118607823
D0343,22,22,0.012536898341376985
D0344,49,49,0.00800705031777176
D0345,43,43,0.0065061155485067095
D0346,44,44,0.009307329950264802
D0347,39,39,0.023453432818010506
D0348,20,20,0.01682282515452849
D0349,36,36,0.014457275891155334
D0350,44,44,0.0029570673374047776
D0351,40,40,0.01742694243487022
D0352,56,56,0.008599087362127725
D0353,46,46,0.015297355701854838
D0354,41,41,0.038992876111626
D0355,32,32,0.0171973575743459
D0356,48,48,0.007311540201459144
D0357,54,54,0.03235288293865656
D0358,43,43,0.02536083052981854
D0359,50,50,0.03383577849975547
D0360,50,50,0.025860197868880233
D0361,48,48,0.0056866349365163795
D0362,40,40,0.1175658596311651
D0363,48,48,0.03140184446531918
D0364,36,36,0.007773335735748041
D0365,31,31,0.012016980414984599
D0366,24,24,0.031734387571042695
D0367,43,43,0.022968940795845234
D0368,46,46,0.014333424170202483
D0369,48,48,0.028326500734569576
D0370,44,44,0.02127951389876768
D0371,39,39,0.015082683737975933
D0372,48,48,0.08665581851590555
D0373,48,48,0.019457408151238694
D0374,49,49,0.033248827907670385
D0375,41,41,0.06453796827715028
D0376,35,35,0.013735574225169892
D0377,55,55,0.04177722021808965
D0378,46,46,0.008386759395565855
D0379,62,62,0.006612645907153726
D0380,50,50,0.016755777010569944
D0381,47,47,0.013331914897830996
D0382,30,30,0.007023228093808614
D0383,31,31,0.05619457089640807
D0384,39,39,0.038936760542446096
D0385,47,47,0.011761493543485945
D0386,40,40,0.02676571880092875
D0387,38,38,0.11216241797041981
D0388,23,23,0.03105979998854243
D0389,11,11,0.018252868494859995
D0390,32,32,0.012785499954161571
D0391,39,39,0.059283213053949506
D0392,31,31,0.025044424687396177
D0393,56,56,0.02062672580898687
D0394,48,48,0.11299974424939803
D0395,43,43,0.01654315598613002
D0396,38,38,0.07500621799811069
D0397,45,45,0.010411972319903852
D0398,40,40,0.01564952437072571
D0399,47,47,0.03334354013074336
D0400,48,48,0.026981430447078184
D0401,50,50,0.016486670410457406
D0402,52,52,0.013939811081434798
D0403,44,44,0.15151910976969424
D0404,36,36,0.08053852916079737
D0405,40,40,0.038624883707907086
D0406,32,32,0.029112579357250767
D0407,48,48,0.06393729763241708
D0408,47,47,0.014535785771764335
D0409,17,17,0.03805239952364501
D0410,18,18,0.042186782459460656
D0411,46,46,0.010866563428833383
D0412,51,51,0.031983793220360865
D0413,37,37,0.011803108232729823
D0414,51,51,0.022225350428760268
D0415,46,46,0.01486591624097549
D0416,58,58,0.009091957542712255
D0417,51,51,0.024242361884316797
D0418,47,47,0.020291878091258504
D0419,27,27,0.029098606330588334
D0420,28,28,0.023759729876411582
D0421,50,50,0.14602495196957554
D0422,50,50,0.020224175587140708
D0423,32,32,0.02416234704148086
D0424,23,23,0.01983029700334129
D0425,32,32,0.10141721064614861
D0426,36,36,0.026779211889552148
D0427,45,45,0.02711103839410292
D0428,35,35,0.009392956513165945
D0429,32,32,0.05802844071474115
D0430,36,36,0.012638611176201154
D0431,22,22,0.02496612058103452
D0432,36,36,0.12405125068449262
D0433,43,43,0.02625350488902342
D0434,23,23,0.02665139887101008
D0435,48,48,0.028458900248743618
D0436,48,48,0.005591344387501643
D0437,27,27,0.007797791958122861
D0438,27,27,0.02486134928189658
D0439,40,40,0.02063733385295488
D0440,46,46,0.01029739223461601
D0441,23,23,0.01515274428009723
D0442,20,20,0.012169052980001852
D0443,35,35,0.01379548696355971
D0444,34,34,0.05423030108006476
D0445,47,47,0.01287395786549392
D0446,26,26,0.1701316640730357
D0447,48,48,0.030681974713829864
D0448,50,50,0.008277438582708293
D0449,43,43,0.01955894164619806
D0450,53,53,0.0036587476476691093
D0451,36,36,0.00976489860512959
D0452,56,56,0.0155895143642398
D0453,17,17,0.0240832947022425
D0454,43,43,0.013801383961155439
D0455,31,31,0.051916197403791456
D0456,44,44,0.016582088495939708
D0457,27,27,0.020376708134519292
D0458,43,43,0.015525524801038594
D0459,50,50,0.00968518527715798
D0460,66,66,0.013318515289708852
D0461,37,37,0.014612259421420712
D0462,36,36,0.04165404969082174
D0463,43,43,0.011337975331597338
D0464,58,58,0.05741710590803324
D0465,39,39,0.005169283678043644
D0466,38,38,0.04232682550557535
D0467,36,36,0.035756976190554346
D0468,24,24,0.06534921685059968
D0469,45,45,0.009886620299594737
D0470,48,48,0.014378184621313031
D0471,70,70,0.019645512155120917
D0472,57,57,0.011515227548609874
D0473,27,27,0.014725743423255284
D0474,32,32,0.013500955728670282
D0475,54,54,0.029877865400538845
D0476,23,23,0.017055570911712788
D0477,46,46,0.05176668038042155
D0478,72,72,0.01564235714325372
D0479,39,39,0.019730265587725795
D0480,46,46,0.005474171373510336
D0481,49,49,0.013016406144143509
D0482,36,36,0.02575033408980029
D0483,47,47,0.006477882858765204
D0484,16,16,0.11781021747543105
D0485,44,44,0.039710934698222754
D0486,48,48,0.034772883071378095
D0487,55,55,0.043927301329569596
D0488,38,38,0.021487155424458226
D0489,57,57,0.012658155858455611
D0490,50,50,0.023769239565026235
D0491,47,47,0.009676912330717302
D0492,44,44,0.05957130138163039
D0493,23,23,0.04173382340938092
D0494,16,16,0.04322424805404392
D0495,45,45,0.20249126476312543
D0496,60,60,0.028213601291805945
D0497,24,24,0.020024183641971848
D0498,64,64,0.008490129152704489
D0499,22,22,0.10391204635655249
D0500,16,16,0.04327588506666737
D0501,30,30,0.05639539746357295
D0502,55,55,0.008562341720036837
D0503,50,50,0.009379324163220763
D0504,45,45,0.015649395347637172
D0505,43,43,0.028950006361087445
D0506,35,35,0.020911209152075463
D0507,40,40,0.028041543892518537
D0508,47,47,0.016307696825476614
D0509,19,19,0.12673233462615435
D0510,44,44,0.017229998491290855
D0511,57,57,0.041286500349897524
D0512,43,43,0.020513417408966516
D0513,45,45,0.009751322718236996
D0514,25,25,0.058621752458664
D0515,53,53,0.032359768564255764
D0516,43,43,0.017320590395637676
D0517,20,20,0.10855426017818787
D0518,56,56,0.04714466654076455
D0519,51,51,0.005367467091061018
D0520,40,40,0.010515201971245489
D0521,63,63,0.041609298062041035
D0522,37,37,0.179558713480481
D0523,47,47,0.030369573305298738
D0524,48,48,0.04089788159587136
D0525,42,42,0.021025787888766342
D0526,47,47,0.006563757591745741
D0527,51,51,0.006708603643478119
D0528,47,47,0.09637136092188217
D0529,50,50,0.028416035765132516
D0530,55,55,0.028585378727519716
D0531,62,62,0.06836597381459703
D0532,23,23,0.04417529535880307
D0533,12,12,0.04039520571600437
D0534,54,54,0.01779167464277299
D0535,43,43,0.007788709301368258
D0536,47,47,0.13707888263516296
D0537,41,41,0.019252524551123883
D0538,48,48,0.00995507056355912
D0539,59,59,0.022494270640956698
D0540,38,38,0.006580631685998202
D0541,59,59,0.009752830535940999
D0542,72,72,0.03230453730873674
D0543,38,38,0.03969735563412019
D0544,24,24,0.042956814445621175
D0545,31,31,0.11967329640387041
D0546,40,40,0.06972275497306572
D0547,55,55,0.029970827091989245
D0548,56,56,0.047587601914325484
D0549,47,47,0.021862243947487658
D0550,28,28,0.020328688881476622
D0551,28,28,0.058556804129376736
D0552,44,44,0.03243572816509762
D0553,46,46,0.01526024680737014
D0554,52,52,0.010782578376227116
D0555,47,47,0.04633542140724677
D0556,52,52,0.009048412410959961
D0557,71,71,0.014275183652924498
D0558,58,58,0.027034245732369774
D0559,49,49,0.014627046555912345
D0560,62,62,0.05440713867471292
D0561,45,45,0.04272405564504645
D0562,39,39,0.016556910410531502
D0563,41,41,0.10559348112381844
D0564,49,49,0.033855596421042244
D0565,32,32,0.018637166337948787
D0566,56,56,0.023808545800864844
D0567,20,20,0.016120285137167636
D0568,37,37,0.06559209047964322
D0569,53,53,0.029005550012973256
D0570,49,49,0.022119826325654436
D0571,46,46,0.017471681712012396
D0572,48,48,0.027401318235754136
D0573,27,27,0.01097400273823344
D0574,48,48,0.034573349537047424
D0575,44,44,0.012256733432573953
D0576,65,65,0.012592520023968214
D0577,56,56,0.011137311525592788
D0578,46,46,0.007568087711036404
D0579,68,68,0.08337982289734552
D0580,47,47,0.01006394574980083
D0581,44,44,0.009636400700171507
D0582,38,38,0.02825475349085039
D0583,19,19,0.031450745712481326
D0584,57,57,0.06482422435681326
D0585,54,54,0.04136991949797526
D0586,31,31,0.013724942164459082
D0587,49,49,0.018116627735509316
D0588,33,33,0.03398928057068549
D0589,43,43,0.01964783084558352
D0590,58,58,0.04643557083753087
D0591,38,38,0.034829150471419566
D0592,56,56,0.04105230062420566
D0593,24,24,0.040696639063560386
D0594,31,31,0.02133998159067111
D0595,35,35,0.009976397823343676
D0596,10,10,0.2754381029327567
D0597,24,24,0.02269233416317033
D0598,20,20,0.028712727755246782
D0599,61,61,0.02324460092379507
D0600,29,29,0.01513912522991919
D0601,29,29,0.023376021813086418
D0602,41,41,0.10214152943083193
D0603,26,26,0.042229932737961086
D0604,43,43,0.013368236036605521
D0605,44,44,0.027065349235729556
D0606,35,35,0.01438723805580621
D0607,60,60,0.013362209901640857
D0608,49,49,0.02086293078543402
D0609,20,20,0.09659600434906686
D0610,43,43,0.019040128072017177
D0611,53,53,0.015559867221400195
D0612,56,56,0.019522846695291543
D0613,40,40,0.05408651109652907
D0614,53,53,0.011132182066977024
D0615,38,38,0.03329233542116477
D0616,33,33,0.04257163330285841
D0617,49,49,0.031098623585341895
D0618,28,28,0.04049180732469165
D0619,61,61,0.030494004161948803
D0620,35,35,0.008589095231183152
D0621,31,31,0.06110071205114277
D0622,54,54,0.02324056538449365
D0623,21,21,0.028124339371726023
D0624,49,49,0.02340704084256124
D0625,54,54,0.033741437830107454
D0626,39,39,0.07501409833392751
D0627,45,45,0.026295989366727186
D0628,32,32,0.027694316488493294
D0629,36,36,0.013815231267259712
D0630,63,63,0.010182524135549199
D0631,46,46,0.01940123748240379
D0632,56,56,0.024948850826450302
D0633,119,119,0.058743168472195816
D0634,60,60,0.06481057250073691
D0635,54,54,0.09649177182487287
D0636,54,54,0.011990106425091861
D0637,44,44,0.027935029114879488
D0638,19,19,0.01189248233232528
D0639,44,44,0.013999010788299694
D0640,46,46,0.02400767160021139
D0641,32,32,0.006203795689088344
D0642,32,32,0.009128838268263753
D0643,40,40,0.07287921251976852
D0644,32,32,0.034033204390548355
D0645,20,20,0.018502621683921378
D0646,55,55,0.041763963795970124
D0647,40,40,0.013667708905254239
D0648,52,52,0.03104161565805297
D0649,59,59,0.03574132213771761
D0650,41,41,0.028010521958173495
D0651,66,66,0.015630064853063844
D0652,56,56,0.02395616123148651
D0653,33,33,0.024446195282088495
D0654,51,51,0.019752753121317124
D0655,40,40,0.04304609331075816
D0656,34,34,0.03436815574405038
D0657,36,36,0.034181405245670114
D0658,54,54,0.01713204419097437
D0659,27,27,0.08848474218881815
D0660,24,24,0.02144730374091835
D0661,42,42,0.02284909676075356
D0662,44,44,0.07791337473063055
D0663,40,40,0.011386339320715722
D0664,71,71,0.02576332631318333
D0665,47,47,0.04436782739180247
D0666,56,56,0.02490660110225926
D0667,57,57,0.030541346500613322
D0668,41,41,0.05181962303269171
D0669,39,39,0.01601119361080049
D0670,45,45,0.025662609454102682
D0671,108,108,0.01222132095928066
D0672,38,38,0.028283368875114012
D0673,40,40,0.0422651621090352
D0674,58,58,0.025744739842395017
D0675,67,67,0.011627450887560108
D0676,48,48,0.06984238222751768
D0677,58,58,0.05791525668094627
D0678,42,42,0.04378985698607394
D0679,37,37,0.08986535324375419
D0680,47,47,0.031932973960796036
D0681,47,47,0.04710069301418963
D0682,45,45,0.04883214207772626
D0683,22,22,0.07812721606080612
D0684,51,51,0.029000310747524877
D0685,48,48,0.021977930080087044
D0686,38,38,0.10282164950389772
D0687,50,50,0.01486777411996218
D0688,70,70,0.019909348307866247
D0689,75,75,0.015108709175059219
D0690,50,50,0.10717947540553746
D0691,60,60,0.021764879740947658
D0692,49,49,0.0229842906030493
D0693,24,24,0.07032069635089858
D0694,50,50,0.06412130545406873
D0695,51,51,0.0423876056316835
D0696,62,62,0.01882344237249147
D0697,41,41,0.014169086951869778
D0698,54,54,0.0348693185111468
D0699,48,48,0.01446196605679751
D0700,31,31,0.01270172747699642
D0701,30,30,0.035627636811278306
D0702,51,51,0.011896696970943723
D0703,56,56,0.0561064149361193
D0704,53,53,0.03522888576624687
D0705,20,20,0.07026011573628381
D0706,40,40,0.011758906448757376
D0707,48,48,0.019619786090442154
D0708,27,27,0.04228451864563933
D0709,56,56,0.026764306784253226
D0710,54,54,0.03954344976317429
D0711,43,43,0.08796436548277109
D0712,53,53,0.010371016453186053
D0713,62,62,0.0797470395334504
D0714,69,69,0.024530458098031633
D0715,45,45,0.036370558222616325
D0716,46,46,0.019226735737551195
D0717,25,25,0.21573742892903708
D0718,48,48,0.012683446963096204
D0719,39,39,0.014433164195807214
D0720,49,49,0.021377836336061568
D0721,28,28,0.04259257334316985
D0722,47,47,0.017915475983779412
D0723,43,43,0.013756464212035371
D0724,51,51,0.017502438911953428
D0725,69,69,0.03213372153818849
D0726,36,36,0.01633076113736214
D0727,53,53,0.014444280355202675
D0728,61,61,0.03908219491240286
D0729,54,54,0.03115254168165758
D0730,50,50,0.028541472217804568
D0731,72,72,0.02474499898955317
D0732,62,62,0.01132766729074156
D0733,41,41,0.0038734830780694177
D0734,51,51,0.20406512926271536
D0735,66,66,0.031108183072863976
D0736,44,44,0.015778507354281834
D0737,57,57,0.026429188342437532
D0738,60,60,0.09355142651073264
D0739,45,45,0.04188594488757114
D0740,41,41,0.013371096940400388
D0741,29,29,0.014619021867359088
D0742,55,55,0.10513065685594723
D0743,39,39,0.034592008759176
D0744,36,36,0.06523715583154026
D0745,56,56,0.04733679687117969
D0746,54,54,0.06056542953486394
D0747,36,36,0.05656648013409231
D0748,50,50,0.012591224471798348
D0749,42,42,0.022948670918343923
D0750,32,32,0.033589429937172684
D0751,35,35,0.019232341479510088
D0752,44,44,0.03932624145126817
D0753,44,44,0.04332985626031816
D0754,48,48,0.019803112117941474
D0755,66,66,0.012868117670661313
D0756,34,34,0.0856775390978453
D0757,51,51,0.027755781480691993
D0758,57,57,0.01559264179641506
D0759,48,48,0.046540784362374965
D0760,40,40,0.010325497544151574
D0761,35,35,0.024033822120076574
D0762,38,38,0.0350475887895981
D0763,32,32,0.026088459360103906
D0764,53,53,0.06714288812125671
D0765,23,23,0.035987293950519805
D0766,55,55,0.0308544578982424
D0767,67,67,0.018880724656763662
D0768,60,60,0.051713504965870905
D0769,56,56,0.009512761980321163
D0770,37,37,0.013060308663177264
D0771,42,42,0.02578736075237458
D0772,56,56,0.03187060278419152
D0773,23,23,0.0485017270483894
D0774,64,64,0.04502846429978575
D0775,42,42,0.03692627424447849
D0776,36,36,0.03811379377388984
D0777,21,21,0.0214392851868363
D0778,49,49,0.035543009333268226
D0779,58,58,0.09899722685805787
D0780,23,23,0.02603073889421307
D0781,59,59,0.018162979926121234
D0782,53,53,0.013342816502915819
D0783,48,48,0.09365461168781732
D0784,44,44,0.03374413402692634
D0785,47,47,0.009345433509179102
D0786,69,69,0.022844071906903917
D0787,47,47,0.032284904336987295
D0788,39,39,0.024984462211770784
D0789,50,50,0.016930568447320576
D0790,52,52,0.11562104345068441
D0791,33,33,0.02040400737584558
D0792,45,45,0.009478333886596055
D0793,40,40,0.021809753242452674
D0794,62,62,0.0314002525772163
D0795,61,61,0.016569923928825715
D0796,50,50,0.05504042220179002
D0797,24,24,0.01467484632735276
D0798,45,45,0.02775154680560351
D0799,31,31,0.013170888568195746
D0800,59,59,0.03790111947318517
D0801,23,23,0.061975365885035424
D0802,47,47,0.014216133101800655
D0803,57,57,0.037128016401936255
D0804,43,43,0.02707760798805939
D0805,53,53,0.039538516512904076
D0806,50,50,0.058423780180844764
D0807,73,73,0.014760653497031241
D0808,67,67,0.04116380156176005
D0809,35,35,0.01925248355726961
D0810,40,40,0.04319481699290603
D0811,27,27,0.09359942995040887
D0812,64,64,0.046193961490209795
D0813,66,66,0.03659579735990364
D0814,44,44,0.03730886541889278
D0815,47,47,0.02973993258193956
D0816,39,39,0.02521827008879811
D0817,66,66,0.046823728195033304
D0818,63,63,0.08021951272258507
D0819,67,67,0.02019208660390502
D0820,108,108,0.010316351838563487
D0821,54,54,0.019006510866496372
D0822,54,54,0.014303457490059752
D0823,52,52,0.011686591385337418
D0824,54,54,0.042439753401170704
D0825,84,84,0.014348000860071885
D0826,34,34,0.05892200500039768
D0827,36,36,0.01767269662721188
D0828,41,41,0.21465566957441706
D0829,36,36,0.05976910052700127
D0830,49,49,0.014394286243888598
D0831,65,65,0.035700231386093614
D0832,51,51,0.026661335463647837
D0833,57,57,0.02456346529525783
D0834,41,41,0.01573500055911016
D0835,40,40,0.04126481337800699
D0836,60,60,0.040164321535254344
D0837,51,51,0.031912464062635336
D0838,44,44,0.020609467157594815
D0839,54,54,0.0741496774017629
D0840,63,63,0.04363230465876426
D0841,48,48,0.034795765183418516
D0842,66,66,0.015179583557007085
D0843,28,28,0.09587051936915238
D0844,59,59,0.017145948309681695
D0845,50,50,0.010913959945520746
D0846,41,41,0.041016065385957166
D0847,35,35,0.006627962334334304
D0848,36,36,0.03875228258190043
D0849,63,63,0.021497337811109168
D0850,32,32,0.03884439626086576
D0851,56,56,0.019001829993733548
D0852,55,55,0.05400959840358565
D0853,29,29,0.11373164635758941
D0854,47,47,0.03582507200693301
D0855,49,49,0.016529710045434215
D0856,51,51,0.10843148431999429
D0857,31,31,0.047548910888567886
D0858,67,67,0.03956247945624827
D0859,54,54,0.0176637470926205
D0860,57,57,0.015072697300974162
D0861,40,40,0.07582812918391703
D0862,59,59,0.019817033766269695
D0863,53,53,0.016013060259253708
D0864,57,57,0.02207579594149584
D0865,52,52,0.019630469295791476
D0866,37,37,0.019842098581992908
D0867,32,32,0.013379534476699241
D0868,68,68,0.014538519642043588
D0869,48,48,0.02634852628764
D0870,32,32,0.01732021083215283
D0871,52,52,0.011783474812699335
D0872,53,53,0.03633074816439055
D0873,20,20,0.024839676962242853
D0874,59,59,0.028469311734506793
D0875,63,63,0.043405519323539414
D0876,31,31,0.006552314854635243
D0877,54,54,0.055154273316024516
D0878,44,44,0.06688892452391283
D0879,29,29,0.01835066397765119
D0880,52,52,0.10425022467385328
D0881,51,51,0.03736142496565848
D0882,31,31,0.012871357062448407
D0883,48,48,0.060197542974950634
D0884,44,44,0.04560634706163862
D0885,52,52,0.029929334579455447
D0886,30,30,0.1680051126924922
D0887,45,45,0.01432656052575473
D0888,52,52,0.0369393048294003
D0889,52,52,0.04684532164717119
D0890,17,17,0.025674883909583238
D0891,51,51,0.035115835125109664
D0892,47,47,0.020016207753467713
D0893,39,39,0.018662298373452495
D0894,45,45,0.031600782616825286
D0895,51,51,0.010748557792191091
D0896,71,71,0.020785146172272964
D0897,20,20,0.036685595736681474
D0898,47,47,0.015375197315526253
D0899,26,26,0.03878018331323777
D0900,74,74,0.02614004755690623
D0901,64,64,0.06568058636943803
D0902,48,48,0.043795921947485335
D0903,28,28,0.02869186918606759
D0904,40,40,0.009597519848191634
D0905,44,44,0.05138708017868321
D0906,67,67,0.02095184099436067
D0907,56,56,0.01406773086579317
D0908,116,116,0.04919180456969511
D0909,53,53,0.05668454830035069
D0910,58,58,0.02108303363814672
D0911,42,42,0.03767177895009518
D0912,59,59,0.04400503443447794
D0913,53,53,0.008431584409725681
D0914,60,60,0.016716502783710563
D0915,51,51,0.03589208412370778
D0916,57,57,0.02615514823919082
D0917,57,57,0.023478026033587635
D0918,52,52,0.0447270951671915
D0919,26,26,0.14520484841302542
D0920,63,63,0.08101030052599865
D0921,48,48,0.02461186640513797
D0922,33,33,0.11160660025118188
D0923,66,66,0.01856357994936365
D0924,60,60,0.010884932681051857
D0925,50,50,0.04550234107217417
D0926,47,47,0.017506431853610595
D0927,57,57,0.03961782215282938
D0928,62,62,0.03492488194030613
D0929,57,57,0.013116578987214156
D0930,47,47,0.014820751738091938
D0931,66,66,0.04073281147347179
D0932,59,59,0.03460238643996156
D0933,41,41,0.02056966223495329
D0934,65,65,0.05040514186524525
D0935,53,53,0.0417103624130716
D0936,60,60,0.02655345524414759
D0937,32,32,0.039580791552098114
D0938,48,48,0.05734646105865236
D0939,58,58,0.016200258388823052
D0940,51,51,0.046832721495194476
D0941,43,43,0.05145486169593196
D0942,44,44,0.01083218788430532
D0943,31,31,0.03620507112750067
D0944,48,48,0.04205334284033431
D0945,29,29,0.01816662892016515
D0946,28,28,0.035565019110571645
D0947,36,36,0.01296221096361991
D0948,26,26,0.04042858240093309
D0949,62,62,0.019606016641579238
D0950,53,53,0.013591689266499798
D0951,18,18,0.014682485166258872
D0952,60,60,0.045482943825865145
D0953,39,39,0.05457678362536404
D0954,41,41,0.05216012266998541
D0955,35,35,0.03521076258767696
D0956,47,47,0.10115411283737025
D0957,24,24,0.018138065769696222
D0958,31,31,0.0728991494098325
D0959,68,68,0.0154564006937653
D0960,58,58,0.013231374456351981
D0961,48,48,0.024383966746190314
D0962,36,36,0.02703037014309873
D0963,69,69,0.02645634269049632
D0964,35,35,0.029917934909088523
D0965,24,24,0.020504397367166506
D0966,27,27,0.08623392722942652
D0967,56,56,0.038203153960561356
D0968,43,43,0.1556933064792789
D0969,47,47,0.043865832107614036
D0970,43,43,0.009556299262931651
D0971,57,57,0.019073306710457455
D0972,49,49,0.02990799748674341
D0973,66,66,0.048693654896064816
D0974,52,52,0.026547607976269864
D0975,63,63,0.03245326493576394
D0976,67,67,0.03516167120177297
D0977,51,51,0.03229545343935732
D0978,24,24,0.021527744583000316
D0979,13,13,0.05902004738281874
D0980,45,45,0.05088673653208727
D0981,49,49,0.14975527025560748
D0982,30,30,0.040485654401559636
D0983,40,40,0.010707606564386695
D0984,53,53,0.04908124097577809
D0985,74,74,0.012027411097867811
D0986,56,56,0.041362884525380825
D0987,54,54,0.013277516769942654
D0988,31,31,0.04454851661513758
D0989,43,43,0.06024584326894648
D0990,60,60,0.03248166178185964
D0991,53,53,0.01446903691127117
D0992,59,59,0.05593624165698715
D0993,56,56,0.021327223798169318
D0994,123,123,0.01928340869194344
D0995,42,42,0.04059749780685128
D0996,60,60,0.014484348993103987
D0997,38,38,0.03011989251970173
D0998,60,60,0.030941105543132313
D0999,61,61,0.047563729872100884
D1000,51,51,0.03825188656578305
D1001,71,71,0.04603919294184815
D1002,28,28,0.0348628988086213
D1003,51,51,0.036573561463796346
D1004,33,33,0.018777467668341426
D1005,60,60,0.014627211218453616
D1006,48,48,0.011425236306104434
D1007,39,39,0.08056667099736307
D1008,55,55,0.020418497484717482
D1009,27,27,0.10050516308432357
D1010,59,59,0.06424671155370405
D1011,55,55,0.28808014876793425
D1012,45,45,0.04418193856857064
D1013,42,42,0.03050842358723118
D1014,56,56,0.030428205937816158
D1015,72,72,0.04365081653884269
D1016,28,28,0.040416345834043244
D1017,31,31,0.013570572273983658
D1018,23,23,0.028364873045081933
D1019,57,57,0.009457295488666698
D1020,64,64,0.07894795807197696
D1021,38,38,0.025610118873851864
D1022,49,49,0.018880924959741738
D1023,70,70,0.04516377930292808
D1024,48,48,0.0442761347640175
D1025,40,40,0.02578549070146655
D1026,49,49,0.023127101435556893
D1027,50,50,0.032644364570419915
D1028,55,55,0.04890896942912187
D1029,32,32,0.012925892812827005
D1030,20,20,0.010424070481308126
D1031,54,54,0.060916758958137675
D1032,36,36,0.042452543696287606
D1033,48,48,0.044275416987062055
D1034,51,51,0.033552800009402896
D1035,45,45,0.02509330947144614
D1036,57,57,0.023687441047375076
D1037,57,57,0.042527675399979016
D1038,48,48,0.15195719201875513
D1039,74,74,0.012728321818967069
D1040,45,45,0.059111705660020296
D1041,36,36,0.029993596934197772
D1042,43,43,0.027812273094447622
D1043,32,32,0.03320627708389795
D1044,52,52,0.015856621665420925
D1045,35,35,0.025529473021313497
D1046,84,84,0.022254124734648304
D1047,56,56,0.012719682501504006
D1048,51,51,0.07405945239961817
D1049,68,68,0.03793274398640489
D1050,40,40,0.06548311913442584
D1051,45,45,0.048382400736775875
D1052,49,49,0.06421795808989537
D1053,46,46,0.028543849776073892
D1054,50,50,0.021284243740152413
D1055,25,25,0.0218337538830442
D1056,47,47,0.023125847317570735
D1057,58,58,0.07201987793730984
D1058,48,48,0.039014386772634246
D1059,39,39,0.041938470235422375
D1060,13,13,0.17635829103137976
D1061,52,52,0.013787717152326245
D1062,50,50,0.0638598000565652
D1063,63,63,0.046081031733221735
D1064,54,54,0.05708491696474968
D1065,48,48,0.05671263315675426
D1066,73,73,0.01619015266156765
D1067,53,53,0.019027686031301443
D1068,70,70,0.03284706341761358
D1069,58,58,0.03279561631085124
D1070,58,58,0.05377766972702328
D1071,44,44,0.015064200980824059
D1072,33,33,0.03575439187010146
D1073,36,36,0.04817791408269997
D1074,52,52,0.055426754328004556
D1075,40,40,0.06695629185929763
D1076,46,46,0.04150003084424408
D1077,57,57,0.044381460556739236
D1078,56,56,0.037684395882165427
D1079,32,32,0.05067041585069819
D1080,25,25,0.01268283769826808
D1081,37,37,0.0834780505194727
D1082,58,58,0.031006277842610355
D1083,28,28,0.10280872611432192
D1084,58,58,0.07727220829909802
D1085,67,67,0.027838970334076184
D1086,52,52,0.03532286850453312
D1087,28,28,0.03773681856410212
D1088,48,48,0.07074303425906885
D1089,63,63,0.019368516574121957
D1090,28,28,0.0631384119378931
D1091,52,52,0.028445866144888754
D1092,62,62,0.07683384737773634
D1093,35,35,0.019831863208746595
D1094,28,28,0.018869968403902312
D1095,32,32,0.030567782832570462
D1096,65,65,0.04756822430206267
D1097,63,63,0.10595116312339704
D1098,55,55,0.03256287769350263
D1099,47,47,0.053144182666963004
D1100,20,20,0.03357965663862489
D1101,70,70,0.04250774325643644
D1102,56,56,0.020473735981611858
D1103,54,54,0.03349893321940531
D1104,39,39,0.0594360350384775
D1105,50,50,0.03606061681076425
D1106,119,119,0.019227252066224276
D1107,58,58,0.039815951777606995
D1108,57,57,0.026551601660854546
D1109,53,53,0.01590910665818962
D1110,75,75,0.022335353276443936
D1111,71,71,0.024090171937854645
D1112,63,63,0.052745975208573735
D1113,70,70,0.03322776430829162
D1114,47,47,0.07018933156002989
D1115,23,23,0.059724192450456334
D1116,59,59,0.03769898823767793
D1117,44,44,0.03947850977747174
D1118,46,46,0.014260432933885948
D1119,57,57,0.015734315424546785
D1120,59,59,0.030603472999213416
D1121,19,19,0.013165845260935446
D1122,49,49,0.014478569586395528
D1123,24,24,0.06780049323005427
D1124,57,57,0.0423878276151858
D1125,71,71,0.018445659785706753
D1126,52,52,0.008561345081099587
D1127,48,48,0.01898387233276183
D1128,25,25,0.01529459065700183
D1129,31,31,0.03880728499426976
D1130,52,52,0.03465487558211483
D1131,52,52,0.017815686696936568
D1132,54,54,0.023859208378419074
D1133,60,60,0.02561380533276264
D1134,25,25,0.03866751652216505
D1135,54,54,0.016070948893256366
D1136,61,61,0.01110485243450123
D1137,49,49,0.05567115681309074
D1138,48,48,0.028901439234999923
D1139,40,40,0.07128233624174929
D1140,24,24,0.0700781260702525
D1141,33,33,0.017806838735780806
D1142,57,57,0.02394627626341528
D1143,31,31,0.25996023834891707
D1144,46,46,0.06977007332641887
D1145,67,67,0.0708002109719444
D1146,59,59,0.026286038123992564
D1147,61,61,0.04065510215325695
D1148,60,60,0.050178608678832094
D1149,40,40,0.05445582013764093
D1150,42,42,0.040475157561246304
D1151,32,32,0.044535906886257456
D1152,70,70,0.023069277375879566
D1153,36,36,0.023354701607067974
D1154,36,36,0.043516945012365964
D1155,40,40,0.04867513002393607
D1156,64,64,0.06480066498406306
D1157,35,35,0.018611820972191367
D1158,54,54,0.057122763829338195
D1159,60,60,0.014205993132480088
D1160,51,51,0.025700508963984833
D1161,65,65,0.041172953923720605
D1162,62,62,0.017745175530530267
D1163,36,36,0.025664504101349114
D1164,65,65,0.020036871535622558
D1165,121,121,0.019604598738731036
D1166,36,36,0.04113059996920554
D1167,79,79,0.028731027276487704
D1168,46,46,0.011546119360496184
D1169,70,70,0.03315573888489138
D1170,31,31,0.04097049444655223
D1171,45,45,0.11193441015778706
D1172,108,108,0.010951322299186671
D1173,52,52,0.013727190787486255
D1174,29,29,0.01718240565204787
D1175,58,58,0.015863466338116507
D1176,65,65,0.04740747201969681
D1177,22,22,0.008114516478978592
D1178,65,65,0.01356888778073751
D1179,23,23,0.08763493057333317
D1180,55,55,0.04643925459367617
D1181,54,54,0.0135058409109853
D1182,28,28,0.03299617746925482
D1183,61,61,0.02533745859325711
D1184,37,37,0.18046228581224438
D1185,46,46,0.032560980237123636
D1186,38,38,0.03642245894993103
D1187,52,52,0.029059266038565307
D1188,56,56,0.04432985282023098
D1189,69,69,0.034342486500082085
D1190,38,38,0.046108164173618404
D1191,54,54,0.055359764387449814
D1192,57,57,0.01482398071034545
D1193,57,57,0.0809460308730898
D1194,43,43,0.05725019506204779
D1195,49,49,0.05868971260732993
D1196,58,58,0.019087288723853294
D1197,57,57,0.04818899650362596
D1198,64,64,0.04471983129281846
D1199,48,48,0.07360715166485378
D1200,44,44,0.019646914257950766
D1201,65,65,0.06933516472222284
D1202,55,55,0.053122794591524046
D1203,44,44,0.051792789372782574
D1204,38,38,0.04900776143756784
D1205,60,60,0.04156630068521719
D1206,50,50,0.01987362832019544
D1207,49,49,0.09525259973771366
D1208,117,117,0.02321991959153952
D1209,65,65,0.028749824808281817
D1210,60,60,0.03309669795149846
D1211,70,70,0.031193784094188447
D1212,51,51,0.060125814881219146
D1213,50,50,0.03003040079626186
D1214,28,28,0.041399085814951594
D1215,45,45,0.03266910251828081
D1216,55,55,0.011188153557690355
D1217,51,51,0.024994534666521694
D1218,67,67,0.04657830075096318
D1219,61,61,0.03729307456617311
D1220,41,41,0.05254083534011883
D1221,70,70,0.018476049136025737
D1222,36,36,0.0667431557694323
D1223,48,48,0.024346935853113864
D1224,44,44,0.014789852638213356
D1225,48,48,0.03764240094555943
D1226,55,55,0.034833428120207816
D1227,33,33,0.013478524813156896
D1228,24,24,0.059776522318803274
D1229,46,46,0.011281779508971945
D1230,63,63,0.026075650971742304
D1231,57,57,0.03541257942544779
D1232,55,55,0.012726133626139531
D1233,69,69,0.03859007514619217
D1234,51,51,0.05651936637233533
D1235,44,44,0.07775293952403331
D1236,48,48,0.07272614689059288
D1237,47,47,0.06581042823868245
D1238,57,57,0.03781600781172557
D1239,32,32,0.08438066689698011
D1240,60,60,0.059383282299297596
D1241,43,43,0.048076514202483114
D1242,31,31,0.030169181956590983
D1243,53,53,0.018527779921659868
D1244,35,35,0.014408647566164072
D1245,57,57,0.017425324743445228
D1246,57,57,0.03266906975816585
D1247,60,60,0.07470941480437629
D1248,63,63,0.03716340789603193
D1249,55,55,0.04013206153260551
D1250,41,41,0.022518548527189406
D1251,112,112,0.01924805315987528
D1252,47,47,0.04577172816085109
D1253,77,77,0.0837028956808355
D1254,32,32,0.014989028101986554
D1255,23,23,0.018469671315267513
D1256,46,46,0.01922046158078236
D1257,75,75,0.04225452566907772
D1258,67,67,0.04520854948662627
D1259,104,104,0.012179302683938274
D1260,28,28,0.03395140049230896
D1261,44,44,0.04506240409074335
D1262,60,60,0.0196413034669604
D1263,46,46,0.016556878028414993
D1264,66,66,0.05689918012862701
D1265,92,92,0.016075401567552848
D1266,40,40,0.026800749404794506
D1267,41,41,0.03166201911291741
D1268,57,57,0.020148086548189743
D1269,27,27,0.03796553365199192
D1270,64,64,0.03947099040470209
D1271,122,122,0.026711620054060747
D1272,37,37,0.07130205337639273
D1273,40,40,0.03651671177426045
D1274,55,55,0.03737638840372748
D1275,54,54,0.0578526798481548
D1276,24,24,0.05051682418983916
D1277,28,28,0.07602400572678072
D1278,48,48,0.03442248185924012
D1279,47,47,0.03937469690464641
D1280,60,60,0.012487846789483342
D1281,60,60,0.01873261159123031
D1282,60,60,0.011389329663995923
D1283,57,57,0.05047835906495887
D1284,33,33,0.06090142993348309
D1285,63,63,0.029363918219754606
D1286,52,52,0.043053072012077205
D1287,48,48,0.015578842504051525
D1288,62,62,0.036507378584107936
D1289,28,28,0.01634974981911418
D1290,57,57,0.032192440181836646
D1291,38,38,0.03429665352059952
D1292,44,44,0.04768292139806665
D1293,60,60,0.03946385446349711
D1294,49,49,0.022382822751268024
D1295,37,37,0.05594499035607746
D1296,68,68,0.06509060594593491
D1297,65,65,0.04067026585811528
D1298,36,36,0.05250545848786255
D1299,48,48,0.040711442328415205
D1300,58,58,0.0909420507985691
D1301,57,57,0.07180177581846184
D1302,41,41,0.020354474188274404
D1303,56,56,0.010847679543348131
D1304,36,36,0.029335090672975166
D1305,28,28,0.023161110238001142
D1306,58,58,0.014899675319957895
D1307,45,45,0.019612554530079554
D1308,64,64,0.09553748768077738
D1309,52,52,0.020428275441279398
D1310,66,66,0.02394102504457829
D1311,31,31,0.05090667553711473
D1312,41,41,0.009013067058445645
D1313,59,59,0.041498664932536684
D1314,60,60,0.015277433745667268
D1315,54,54,0.027508089651277046
D1316,52,52,0.03493152865535536
D1317,112,112,0.010580509726557864
D1318,47,47,0.03302577947368416
D1319,54,54,0.03466386950657021
D1320,44,44,0.022021786477682184
D1321,36,36,0.027085065969556094
D1322,64,64,0.03820627298131017
D1323,44,44,0.08064923960588545
D1324,57,57,0.02227859701385733
D1325,54,54,0.022057807732923953
D1326,31,31,0.020329932168245038
D1327,49,49,0.026343212200876
D1328,51,51,0.011444767839019088
D1329,40,40,0.009202222946534559
D1330,58,58,0.07170282267978956
D1331,67,67,0.03628977015865511
D1332,54,54,0.033911633794130924
D1333,33,33,0.05405729047015905
D1334,17,17,0.18294542393116844
D1335,45,45,0.02739574789752549
D1336,64,64,0.021987813892561426
D1337,45,45,0.025990762636291024
D1338,32,32,0.014839883780850797
D1339,53,53,0.032242953002523445
D1340,43,43,0.03420319140758453
D1341,40,40,0.01736924193202339
D1342,59,59,0.0680832636797775
D1343,62,62,0.05195887237272652
D1344,51,51,0.12264744014823366
D1345,62,62,0.09107711510599689
D1346,48,48,0.04630119087723431
D1347,52,52,0.029435641154354927
D1348,48,48,0.010158702316976152
D1349,57,57,0.016861787830401574
D1350,38,38,0.03715708711513402
D1351,54,54,0.0225213897824555
D1352,52,52,0.035899972984489
D1353,65,65,0.0795246735111553
D1354,54,54,0.030952518613857418
D1355,56,56,0.020370367352184802
D1356,105,105,0.01803445602724752
D1357,80,80,0.05764410388168872
D1358,54,54,0.13972383182898507
D1359,38,38,0.024561569413142532
D1360,50,50,0.04760464300371791
D1361,65,65,0.08732029179775709
D1362,56,56,0.0204251072691386
D1363,68,68,0.021026819098364204
D1364,28,28,0.03505261691416026
D1365,61,61,0.029321789729465954
D1366,64,64,0.04051950148586462
D1367,55,55,0.021185199111674626
D1368,65,65,0.03500297263149664
D1369,42,42,0.1707151196358401
D1370,46,46,0.045324464247813466
D1371,57,57,0.014287705844864544
D1372,59,59,0.043889181309726466
D1373,44,44,0.020448630649624114
D1374,59,59,0.042925217564508726
D1375,47,47,0.019645428962181768
D1376,49,49,0.023527639312494138
D1377,56,56,0.013139755704986432
D1378,49,49,0.037877179046487755
D1379,45,45,0.01231410252773459
D1380,65,65,0.05194297187453665
D1381,68,68,0.057857740860027256
D1382,47,47,0.042752795486192076
D1383,61,61,0.040967880994495824
D1384,37,37,0.05139164436966421
D1385,70,70,0.04288626559097945
D1386,40,40,0.027388505518545905
D1387,57,57,0.015555078231174989
D1388,55,55,0.058036100871442176
D1389,56,56,0.018987153113679198
D1390,85,85,0.06994463565299351
D1391,43,43,0.09372385460012825
D1392,20,20,0.05163011871772162
D1393,49,49,0.1380165590581424
D1394,65,65,0.05774931916909634
D1395,59,59,0.033384104699587525
D1396,56,56,0.03876186540027438
D1397,66,66,0.025948152602755525
D1398,68,68,0.07135615288774248
D1399,58,58,0.02786217845311954
D1400,56,56,0.030515877073121
D1401,57,57,0.09199404325109452
D1402,55,55,0.06718325375090366
D1403,56,56,0.049962785826024377
D1404,57,57,0.032435594111575546
D1405,41,41,0.03345301965605618
D1406,65,65,0.06860826623238114
D1407,57,57,0.04583141673003037
D1408,56,56,0.03809478808236767
D1409,70,70,0.04474982566936523
D1410,55,55,0.023233900774679964
D1411,42,42,0.05458531866097489
D1412,64,64,0.04448227559099398
D1413,65,65,0.023544028297866466
D1414,67,67,0.04000538553766018
D1415,63,63,0.07857820099940653
D1416,60,60,0.023990685327976453
D1417,64,64,0.02209717209567798
D1418,47,47,0.026839787034292927
D1419,43,43,0.034701194016909215
D1420,76,76,0.02007387629694689
D1421,56,56,0.041325129672739665
D1422,52,52,0.013490172192420944
D1423,44,44,0.015903122342716083
D1424,55,55,0.02202808904136992
D1425,54,54,0.04444123915923173
D1426,82,82,0.02239503344398931
D1427,71,71,0.0321985976688475
D1428,31,31,0.07943251465616008
D1429,56,56,0.030021382972587142
D1430,40,40,0.08629083134636854
D1431,24,24,0.1305295410208073
D1432,56,56,0.025022705614719566
D1433,65,65,0.028438119836519886
D1434,39,39,0.016003224461296765
D1435,51,51,0.019380835633047173
D1436,60,60,0.022478579382267525
D1437,21,21,0.05528738603664233
D1438,67,67,0.03451881269048636
D1439,60,60,0.07242499089325934
D1440,115,115,0.06873015860335825
D1441,39,39,0.03551633616754485
D1442,41,41,0.01177362848012711
D1443,134,134,0.024142753382556458
D1444,32,32,0.08578029120911432
D1445,58,58,0.08871269997636395
D1446,35,35,0.037460969592225994
D1447,40,40,0.021719283157130082
D1448,40,40,0.061977885507983124
D1449,40,40,0.019053391459340326
D1450,74,74,0.030367645738460305
D1451,41,41,0.040078746928351054
D1452,52,52,0.029851676668222856
D1453,65,65,0.04860492806177104
D1454,67,67,0.027120523635261372
D1455,27,27,0.05136841264677063
D1456,39,39,0.03056959452759991
D1457,56,56,0.021576406407700102
D1458,66,66,0.03895221749316345
D1459,52,52,0.06355426339514834
D1460,52,52,0.006597430848061638
D1461,88,88,0.03753955980961721
D1462,53,53,0.031626992170260965
D1463,50,50,0.03389881464670112
D1464,47,47,0.025158795744131355
D1465,59,59,0.057906159736997836
D1466,67,67,0.025927993076902238
D1467,41,41,0.038502507413992894
D1468,35,35,0.05429982777332769
D1469,45,45,0.023266186705189384
D1470,36,36,0.022466515164346005
D1471,63,63,0.01676540075060781
D1472,31,31,0.03359895635391209
D1473,32,32,0.03234114688229434
D1474,60,60,0.02157700758636562
D1475,51,51,0.06517630712872821
D1476,43,43,0.03643628710350632
D1477,31,31,0.1006284807132104
D1478,28,28,0.05522164803837227
D1479,62,62,0.04333778680878893
D1480,56,56,0.027296666695983064
D1481,49,49,0.007561540423766716
D1482,40,40,0.03918220594951766
D1483,58,58,0.05193721427498459
D1484,37,37,0.064675991550362
D1485,57,57,0.025029481600616972
D1486,71,71,0.019592028969131654
D1487,51,51,0.017687164813908057
D1488,55,55,0.03213929099210352
D1489,21,21,0.02812186867728384
D1490,57,57,0.051353260134011286
D1491,44,44,0.045856122346479976
D1492,33,33,0.02501103269117501
D1493,67,67,0.017254992685554832
D1494,52,52,0.010481397238780148
D1495,67,67,0.04035713640130168
D1496,58,58,0.08763525119147651
D1497,50,50,0.025338101661840657
D1498,62,62,0.03032040035618767
D1499,55,55,0.03887008367910897
D1500,59,59,0.017377648903356073
D1501,46,46,0.041851633564547026
D1502,63,63,0.05739641922153732
D1503,68,68,0.018972638732659957
D1504,74,74,0.04654479357303373
D1505,62,62,0.025755731542784037
D1506,43,43,0.017529051931754528
D1507,39,39,0.011167617558123755
D1508,40,40,0.04004490787347754
D1509,27,27,0.02025375533708591
D1510,74,74,0.051650349433936336
D1511,42,42,0.013331039409207225
D1512,59,59,0.012379493225319133
D1513,40,40,0.017051025208338778
D1514,55,55,0.03701580709371389
D1515,38,38,0.011283791496435611
D1516,56,56,0.02136804210564019
D1517,29,29,0.009752491751714068
D1518,126,126,0.0200941173981003
D1519,91,91,0.025413675192354383
D1520,64,64,0.02720582563479484
D1521,55,55,0.007812985406552671
D1522,33,33,0.010229133940425024
D1523,71,71,0.02171464813457945
D1524,64,64,0.03117247902043263
D1525,77,77,0.031572652218825714
D1526,65,65,0.048327703138469506
D1527,64,64,0.03748693181189238
D1528,55,55,0.04726283901531287
D1529,44,44,0.015273444593056788
D1530,62,62,0.04725922503207803
D1531,31,31,0.013546583525582419
D1532,77,77,0.020837469550016578
D1533,24,24,0.02384159177478853
D1534,62,62,0.019746483602610693
D1535,65,65,0.04156092114037552
D1536,53,53,0.06239754330273437
D1537,47,47,0.03649374774977795
D1538,65,65,0.04354553976777672
D1539,65,65,0.045601642858025156
D1540,38,38,0.05517184896085727
D1541,40,40,0.01575575005963634
D1542,48,48,0.04453064393624332
D1543,52,52,0.07652712812109355
D1544,68,68,0.042052927826253486
D1545,59,59,0.01863248420528227
D1546,28,28,0.04968933785343471
D1547,52,52,0.015467576236972175
D1548,47,47,0.02743707927813563
D1549,55,55,0.024936843973831935
D1550,54,54,0.02160866235165847
D1551,127,127,0.029778842914770877
D1552,75,75,0.03329696476063631
D1553,59,59,0.03762420647917548
D1554,48,48,0.044844829394071514
D1555,37,37,0.015474607789505658
D1556,63,63,0.05356296923811038
D1557,60,60,0.04803649948478715
D1558,73,73,0.016636645210822556
D1559,48,48,0.06959335194942058
D1560,75,75,0.024153378063009334
D1561,58,58,0.017906901443326868
D1562,49,49,0.053614993731929295
D1563,51,51,0.02072911077181762
D1564,32,32,0.0434271726538897
D1565,38,38,0.019500869692425614
D1566,64,64,0.030872068225061177
D1567,39,39,0.011887025788864341
D1568,49,49,0.021875052224881418
D1569,16,16,0.019595367778925316
D1570,42,42,0.02145171222714418
D1571,68,68,0.06929904914064589
D1572,30,30,0.05221074265928493
D1573,55,55,0.03191256062133763
D1574,28,28,0.04618764175197826
D1575,37,37,0.023659953280035024
D1576,61,61,0.039355502452959774
D1577,50,50,0.04631326936731266
D1578,36,36,0.06272554873826297
D1579,37,37,0.05137937931781743
D1580,62,62,0.012074386660369354
D1581,64,64,0.04725887754660796
D1582,68,68,0.03972253850780845
D1583,45,45,0.03378164977241042
D1584,73,73,0.04507354824151988
D1585,53,53,0.036079787211988255
D1586,31,31,0.0133235015513492
D1587,67,67,0.06115192374366361
D1588,42,42,0.09085044374836797
D1589,50,50,0.04828883823235066
D1590,63,63,0.020927645800993617
D1591,70,70,0.04760059598581898
D1592,36,36,0.041066223087004666
D1593,60,60,0.03834616325291384
D1594,61,61,0.03888738871789758
D1595,45,45,0.05632675477470168
D1596,56,56,0.01675096507894492
D1597,86,86,0.013401316015222467
D1598,58,58,0.059939163893423554
D1599,119,119,0.02944373223114105
D1600,91,91,0.02421450608504351
D1601,23,23,0.033339936555482154
D1602,24,24,0.026775264349253536
D1603,54,54,0.030428873552736803
D1604,59,59,0.030010612439370424
D1605,52,52,0.029000148017918514
D1606,61,61,0.0346743366221105
D1607,61,61,0.01984840592284319
D1608,58,58,0.06043909722255454
D1609,52,52,0.033988101861599306
D1610,19,19,0.11213323136191407
D1611,135,135,0.024421397732084293
D1612,66,66,0.03878216338500327
D1613,70,70,0.04634446781003314
D1614,59,59,0.020893469869768977
D1615,26,26,0.03828025162934499
D1616,58,58,0.03658667440565886
D1617,35,35,0.03143472573805167
D1618,55,55,0.01627719688014939
D1619,36,36,0.02491076706290533
D1620,68,68,0.024652056985777118
D1621,67,67,0.0247651013284071
D1622,64,64,0.015808274524786142
D1623,63,63,0.017187367611632785
D1624,50,50,0.05494338484659759
D1625,64,64,0.027785657067373567
D1626,56,56,0.07725079393449454
D1627,59,59,0.04866761416970342
D1628,60,60,0.06599882949955438
D1629,32,32,0.08898640546205284
D1630,60,60,0.03603475521069542
D1631,63,63,0.056887917761180816
D1632,41,41,0.02470900709176775
D1633,69,69,0.01127003384046677
D1634,51,51,0.03789510014126062
D1635,45,45,0.051040747172468835
D1636,60,60,0.02433507358603758
D1637,50,50,0.07193879760312684
D1638,30,30,0.014890328384983774
D1639,67,67,0.01017059390331016
D1640,78,78,0.0332914071000587
D1641,59,59,0.03023989858011734
D1642,59,59,0.03558846000209937
D1643,64,64,0.04888165347822815
D1644,64,64,0.06660310963324854
D1645,26,26,0.051583700540840445
D1646,65,65,0.01912577339195147
D1647,54,54,0.03123754439326494
D1648,56,56,0.03701656359058194
D1649,54,54,0.05417449746914605
D1650,70,70,0.037802197392652837
D1651,69,69,0.11020966478657317
D1652,35,35,0.012872198833190688
D1653,54,54,0.04033440246858648
D1654,59,59,0.03058513280763732
D1655,44,44,0.02535541895383748
D1656,57,57,0.03364775207203669
D1657,57,57,0.08490383349442544
D1658,46,46,0.06350251546746213
D1659,77,77,0.07632052047719204
D1660,61,61,0.01664004566685119
D1661,53,53,0.05632757920896342
D1662,68,68,0.022768733973584726
D1663,69,69,0.060798070604334356
D1664,67,67,0.011459819564131333
D1665,47,47,0.035378480825213374
D1666,66,66,0.027113475126438746
D1667,66,66,0.0407544172496385
D1668,39,39,0.019467547804456694
D1669,35,35,0.053604569990421146
D1670,53,53,0.026593581732565947
D1671,52,52,0.04702198218134626
D1672,32,32,0.06264383706400915
D1673,43,43,0.03981123578980737
D1674,62,62,0.046159056517058414
D1675,42,42,0.060949601451194824
D1676,69,69,0.08600486132299608
D1677,63,63,0.04829108147605447
D1678,67,67,0.013525724731289246
D1679,39,39,0.04907603024957544
D1680,78,78,0.05453197098785393
D1681,63,63,0.02692332272737414
D1682,25,25,0.02427206654830438
D1683,132,132,0.04322571923687684
D1684,69,69,0.04622972395386899
D1685,33,33,0.034532753124905155
D1686,47,47,0.04292662010819819
D1687,53,53,0.02972723778827589
D1688,28,28,0.06303290661591666
D1689,23,23,0.015258910123353803
D1690,60,60,0.03526429310356882
D1691,69,69,0.03691919902316534
D1692,60,60,0.01423088313180936
D1693,54,54,0.02480363515626732
D1694,70,70,0.028283927761720312
D1695,45,45,0.03331893592178154
D1696,67,67,0.04116757172824303
D1697,57,57,0.02785211559601115
D1698,80,80,0.05273445016722481
D1699,120,120,0.05994721048173723
D1700,63,63,0.03007017229229768
D1701,57,57,0.024080661975697873
D1702,36,36,0.035370731643205595
D1703,55,55,0.024470590978958245
D1704,67,67,0.022468082745579286
D1705,56,56,0.10174537160607457
D1706,52,52,0.021973210068031185
D1707,57,57,0.03581580194830133
D1708,48,48,0.060066629744522725
D1709,100,100,0.09696869279078016
D1710,54,54,0.021098483920497787
D1711,54,54,0.04165434666741107
D1712,55,55,0.027069736095301798
D1713,67,67,0.023490309837198634
D1714,42,42,0.010640448422132954
D1715,49,49,0.016780757464103045
D1716,48,48,0.018849239099578065
D1717,42,42,0.06754915665981372
D1718,37,37,0.027557530885326764
D1719,54,54,0.05835117484036889
D1720,54,54,0.04046733180623986
D1721,42,42,0.04704439088125491
D1722,37,37,0.05276583302564276
D1723,35,35,0.04754628369253271
D1724,56,56,0.015922126972452745
D1725,40,40,0.01740245777745053
D1726,65,65,0.05720779717359156
D1727,69,69,0.02277565432656397
D1728,69,69,0.02328563946618518
D1729,64,64,0.021078424935979743
D1730,71,71,0.0613966362402072
D1731,26,26,0.027349398586552096
D1732,66,66,0.052152835263505136
D1733,71,71,0.03630182987480811
D1734,64,64,0.02529229502456802
D1735,69,69,0.02588584476903126
D1736,36,36,0.026561003881224204
D1737,56,56,0.041026075974697186
D1738,69,69,0.035172847487793334
D1739,56,56,0.02925956679663838
D1740,42,42,0.015507310416179629
D1741,66,66,0.04389999702512906
D1742,34,34,0.010553671126933605
D1743,43,43,0.028393312773836478
D1744,55,55,0.08465375551915713
D1745,62,62,0.05722476211837577
D1746,58,58,0.03806131031495892
D1747,67,67,0.013382047704442887
D1748,45,45,0.1193535126789158
D1749,137,137,0.03575482147544455
D1750,31,31,0.027299472754114273
D1751,65,65,0.030827216872577015
D1752,60,60,0.07906763855252638
D1753,65,65,0.03163511737902173
D1754,39,39,0.02359947878046242
D1755,24,24,0.05766340030441589
D1756,69,69,0.022838294395996356
D1757,56,56,0.017583411060633783
D1758,72,72,0.10118735048613074
D1759,69,69,0.06314455088739619
D1760,46,46,0.07320987590790572
D1761,61,61,0.016676389126216266
D1762,67,67,0.07980503492306952
D1763,62,62,0.03855573999635746
D1764,66,66,0.06739312846218934
D1765,47,47,0.027657438724341666
D1766,41,41,0.016983176113074015
D1767,69,69,0.06894851175762433
D1768,72,72,0.012785378597222969
D1769,43,43,0.02989083493558513
D1770,42,42,0.014261686429029473
D1771,38,38,0.0182686590077199
D1772,42,42,0.045313249053427485
D1773,45,45,0.029685756484675304
D1774,49,49,0.022744983342597315
D1775,41,41,0.026069079192734053
D1776,42,42,0.03231273500619012
D1777,48,48,0.026401716386096036
D1778,24,24,0.04529864087402242
D1779,42,42,0.03167614423173913
D1780,34,34,0.09109943898257841
D1781,48,48,0.039737843361005346
D1782,53,53,0.02335347075924864
D1783,30,30,0.0913390158188471
D1784,57,57,0.027896859987767357
D1785,21,21,0.03903212677750274
D1786,41,41,0.09342638876400018
D1787,57,57,0.02598969785354059
D1788,51,51,0.0729347690812289
D1789,40,40,0.06161247148942153
D1790,50,50,0.06933967404265436
D1791,53,53,0.029314615806970618
D1792,23,23,0.024260023830309476
D1793,57,57,0.012915792960444462
D1794,30,30,0.09419613984255132
D1795,56,56,0.024596214057682215
D1796,40,40,0.025645260450233055
D1797,39,39,0.07440056474842535
D1798,57,57,0.062238585331789775
D1799,49,49,0.02450687635293993
D1800,56,56,0.029317213952296185
D1801,43,43,0.042122585452986534
D1802,16,16,0.04885126781764979
D1803,56,56,0.052732012475579806
D1804,50,50,0.0139236142754595
D1805,56,56,0.018190973882800995
D1806,59,59,0.0641722861021603
D1807,52,52,0.03284119894234696
D1808,54,54,0.07073471713130493
D1809,30,30,0.12128599032663694
D1810,96,96,0.030398670357210625
D1811,31,31,0.10162458514811579
D1812,40,40,0.021177167161204543
D1813,58,58,0.033858390890178384
D1814,39,39,0.038353652998050984
D1815,51,51,0.06021385539257612
D1816,59,59,0.020049499920124298
D1817,63,63,0.046259607193585
D1818,58,58,0.12286440968248157
D1819,47,47,0.019969548905343228
